path,sha256
evidence/all_strategy_gross_returns.parquet,42a65e8edf3e1d444ff6820c9c8c65fa4063d30d58eb0863def4dbed661bff8f
evidence/all_strategy_net_returns.parquet,2093cb34beffbd6d0bda641351c7627d480f73579232c7f68d54dacedaf4db91
evidence/all_strategy_trade_sides.parquet,7c5e887f59be35ad472d22030302b67457162344365b81753c39162e65593c47
evidence/audit_gates.json,fe4f046733dc7ae398a6870b36d492e5100c7bc08d9525984107b5e3cca62313
evidence/bootstrap.json,9363f9bbb5b313c8c5dc7ebd7580d5a637b49507cd4dd853c2930f71d1979017
evidence/cost_stress.csv,2f3bd7412fc9099651b70dafd43354ec89f49dbb056126a8121a5423c2892369
evidence/fold_audit.csv,4470200f27a97ddf61e9f3c2e35c05f135b2ac421c5da70d7607c169bb73c4f4
evidence/outlier_stress.csv,0f190d8a988ba500c53b200210e29f1eddabfe3da8f7f4e93a891f0cac7abb70
evidence/run_manifest.json,453e31355737df8cd2df9d3474e9669d21c0adb235b439ed0e33c22d52821642
evidence/strategy_registry.csv,9efda9587dd3bc1a5e55e22d19fb7182d218bee528cd6ebffa1e153cf1482c66
evidence/walk_forward_family_sleeves.parquet,d3abe50a3afd18ec99755744af16230666040210dc4c3ab17de29d3755beca3f
evidence/walk_forward_portfolio_returns.parquet,378801923d1932673d59595c823a88591aefe0908bc5d081b3727cec46a0f5c8
evidence/walk_forward_selections.csv,1ac9b68364fb0fb130dab1d8cfdede727ccbfedc82d2442400ef27efe851871f
MASTER_INDEX.md,96397f2a8ce55104f7a3ef54dbf875ad0a409a9edb765d8ef20b8371f4965099
source_snapshot/pyproject.toml,b6dae9803572631ffe7214224a8aa13c09fce0913af485fbbe3044c0d329d011
source_snapshot/research_program__hypothesis_registry.csv,769299f63a2b180fcf52ad24859b3c24f71419dc9e779195f8dd8e5a610ff306
source_snapshot/research_program__learning_log.md,fb55436d2a1f098799c2fb2a9a345e8cbb6c2646333600e91eeaa2af4c2019be
source_snapshot/research_program__RESEARCH_LOOP_PROTOCOL.md,7155dd3324028f8cd2704d7e9cf02eeea3aa1ce09bfd77db4af0e26782a5180a
source_snapshot/src__systematic_research__unique_hypothesis_factory.py,4463a57006d0ae2c65b995e1423073329bafc69eafc8f05a06108c94ca5da31f
source_snapshot/tests__test_unique_hypothesis_factory.py,c8e4a6aa95fbe58afbc72985aca7b7e2201f40b8b3c36b7280869d5eedd4258e
source_snapshot/uv.lock,fcf2f208a4f0f6b11830ec6f32e9a209c99bde8bd014c452ea72dfb760de4f66
strategies/H007/unique_00001/daily_evidence.parquet,7b8d38e1f46207a16cd729244199e137243663c1c84113b80e5cfe9fc2dd872a
strategies/H007/unique_00001/README.md,26ff1dded0b1e46cabca4f56e8be135466b8e8fdff1a6441673ec8c6955b5dd9
strategies/H007/unique_00001/strategy_definition.json,c83e0d1eae6476b0fad8f9f47cefbe7f543a0fd34b05ca4d3a5685cc85eaf397
strategies/H007/unique_00002/daily_evidence.parquet,bc151416ff6d2a6ccfc5c963f11556235566002db0a08b206a402e900f88f6f4
strategies/H007/unique_00002/README.md,a5b530ef09501da83400ae9bc3790fc322b085d744b51c7ce263f6ffadd0890d
strategies/H007/unique_00002/strategy_definition.json,ee790e0fb3391162e4b134891313edbec43c56b17e488b77474152deb7cb0af8
strategies/H007/unique_00003/daily_evidence.parquet,35a9a7b19f4269a0e645845ff47117a3d14409583d0f2e02c4acbe3e9ac53efa
strategies/H007/unique_00003/README.md,fd87cd67d119d571a0dd1107ade27f6a911df16792c407b9dfb64c5b554f72af
strategies/H007/unique_00003/strategy_definition.json,1f79fc11ab5efbec555be4df7ef3dc89741a473476f99b662ec1a70395a10ab5
strategies/H007/unique_00004/daily_evidence.parquet,464809c7f107adb5a5e47a5be26aeb6f4168fdb12836a692b12953f52681f840
strategies/H007/unique_00004/README.md,040ce81b32a70b415b13676ae467ebd8e838a3d9ce38637943c215d813571d13
strategies/H007/unique_00004/strategy_definition.json,13b36f0470c03ffb8f298704d51de0c506b4daaddeb2820b0d88d6b92b7f9ccb
strategies/H007/unique_00005/daily_evidence.parquet,8ed1f4333b35e6110fadfdc4cc6b9be4fc4cc894c4dc3bd36f9dafeb7dc21e6e
strategies/H007/unique_00005/README.md,0fb62d540a00c6e4a3ce2493759de9311f5b3ee677701e658ff746b57ecc1c60
strategies/H007/unique_00005/strategy_definition.json,0d60b011c262c1f4cf15fc7bc7e1ab8f5da4e9eab2f13e9197035e70a5c99943
strategies/H007/unique_00006/daily_evidence.parquet,66c83711bd61ebbc2239346925f325cefa597225a8136fded3bcd11ef78151c8
strategies/H007/unique_00006/README.md,428114cadbad329a5dd23abaf895401394efbf864cc4b195b85a31d3af5f5f6b
strategies/H007/unique_00006/strategy_definition.json,1e491e8d220a1d7d7ba5c20c709a24cc25e423d4cafe385f67d0384012341c33
strategies/H007/unique_00007/daily_evidence.parquet,d6d6f60327b6acf3500eb594173cae2a49ffcfa2ab5915c998f3938b9a586e00
strategies/H007/unique_00007/README.md,985739fc4d1a7a8d1bffe98c501faf2a82a65bef25246a9f8ad27e217cf8cc82
strategies/H007/unique_00007/strategy_definition.json,58aacf90278c3e9309192086a68c3047464645e41bb4e1b72141bc61750533b0
strategies/H007/unique_00008/daily_evidence.parquet,d8c6710b7a6c69c2a694038484a01e216f26be66015da17d74f65c2ac575bc94
strategies/H007/unique_00008/README.md,95a46ad610e930f8633df885041580971c5dd4a8c3e2572dd045a31340f25c58
strategies/H007/unique_00008/strategy_definition.json,d35b6883b9b18ba60936910411b6d8e1f5841b110cc0f59d8bde4fecbafcfb52
strategies/H007/unique_00009/daily_evidence.parquet,608ca4ba0e40a5754ace2efeac49ebeebc00fcfaaa882e2ce7909939db896674
strategies/H007/unique_00009/README.md,07ad21f91cadabf70e30c1a593222478824315da4fef47e511d1c92d2c8580a8
strategies/H007/unique_00009/strategy_definition.json,3c94224c31a5d7391d7d6b05e82ab42079d18fc52386ffd7f2732fd851f29a15
strategies/H007/unique_00010/daily_evidence.parquet,4cdc737a1033e31c006a4068143b6ec5014ece8f718b17f58994e0e33571362a
strategies/H007/unique_00010/README.md,a7486c22b432d08691837a983a43e190ec8dc947693e2905641f97e8bc6952e8
strategies/H007/unique_00010/strategy_definition.json,21ff648fe6ea7d63fec4160ffffa3d9aca3ca49dc86b6b48d316f6bec96c6c1c
strategies/H007/unique_00011/daily_evidence.parquet,968562696a3448108dbe62e5fb478da680f70c0491c6f8ad2dc7f352b7cd3f20
strategies/H007/unique_00011/README.md,16ba97c4f892ec37750124cc30d96e9c8576936ef54b0a8667b46a437b511968
strategies/H007/unique_00011/strategy_definition.json,3700d689d96deaa9e762b8f536be87273a85d479f15dde8b71abdcf9c5bd4a0e
strategies/H007/unique_00012/daily_evidence.parquet,737952606e26e0dfd80850b38d50735b413fc1da435b5b4da258792d011f53d4
strategies/H007/unique_00012/README.md,8ca31cab5d10a060ed7eea03be02829c0ca5e72cdc3945b0835ef22349bfc2bf
strategies/H007/unique_00012/strategy_definition.json,b27ed65c520b54e7c6f32f315cbb56b125c1e100cfeda59c9204546b36b20430
strategies/H007/unique_00013/daily_evidence.parquet,c6b17c242099e113f52852e427acbaa1bbcdadc80c105cb413d38bb8e20b7183
strategies/H007/unique_00013/README.md,b9a9ea524564d9920381751a3d05d4c5bc499eb49a6216f063806286c55869b4
strategies/H007/unique_00013/strategy_definition.json,d56cb8b5472390aad9333e4a892beab17d627ff263403cde91805be5d3d676cc
strategies/H007/unique_00014/daily_evidence.parquet,6139bba3874505ebba4f8ba9f79542d61996c428f72d16de2e39444cedaba0ba
strategies/H007/unique_00014/README.md,d54c9352a9106eb2ed03f422b45dab59e63caa1c7bcf1ec186edb31d4c3532fb
strategies/H007/unique_00014/strategy_definition.json,88cd665c9c61f6ef568a2f57ecdcd034e91297ca9f70b08ec5799fda63de2621
strategies/H007/unique_00015/daily_evidence.parquet,0c6b0301e3e7ec76ac00c5d44690f2bd3df189bfeffb03fbe22ee91c75d23a05
strategies/H007/unique_00015/README.md,6f256020ac85f34453136b25d3d24b259e12804be6e84b2f86a9e22c9ed35df9
strategies/H007/unique_00015/strategy_definition.json,f4140a97ad0464fdc299993d24124f0c07840a87ef5a6d7acf3df8a6b2f02875
strategies/H007/unique_00016/daily_evidence.parquet,f2cbaa5e0d12ec7d37419dc64473b3ce4102508967cc8d49546bfc258640ffcd
strategies/H007/unique_00016/README.md,0166fd86761f43cc90587e4487284415db60847bb5cc67f85402a4aed45a2ac7
strategies/H007/unique_00016/strategy_definition.json,f2ff4c6dbcfa663b5ea235645f48c58604a91df29c5ef43dfe52c575a66cadb9
strategies/H007/unique_00017/daily_evidence.parquet,137c92fecd124c33c28889e7576da3e275346eee07457b91feab334f6505195b
strategies/H007/unique_00017/README.md,d524589fff2d1e0fbcdd212ad81bb764439192bef1c1443b9a4973232119b8bc
strategies/H007/unique_00017/strategy_definition.json,1ea03c0fef793600d8bb4149a305fec0a8a3264576649fb9a28bc556a0643f14
strategies/H007/unique_00018/daily_evidence.parquet,d9b01b630638032f9d2895c0d16e331f2b061e76a3f0a338fc05f0b47d18acaf
strategies/H007/unique_00018/README.md,0e79fafb4fcd8bb41ca4e727ccd02d10994370079c82dc99fb42e54507e7b9dc
strategies/H007/unique_00018/strategy_definition.json,bef849d163df15d5795425a582dffd93181ddd2b942833b101f1205dd71209f3
strategies/H007/unique_00019/daily_evidence.parquet,937109cab8650c6e6b3809f31b239b1474a81bc432953d13f1bed8b633e5cdb9
strategies/H007/unique_00019/README.md,85c7b4a791ed25f05c8e018e0eee8b042015385960ba7aac62ddf1077a24f42e
strategies/H007/unique_00019/strategy_definition.json,911048db8c51c63397c0a97d5a98d2c4a3c32b91a112d3cafa42db0cf7c74995
strategies/H007/unique_00020/daily_evidence.parquet,e6843b6f098d3909467fb628542ffee4170ef70819b68050d0da7bb687e32fda
strategies/H007/unique_00020/README.md,75aa1c6ae88d5fa9c8621b36331e1d7695180c6f4d455c68ac6dbf14c2b3be2a
strategies/H007/unique_00020/strategy_definition.json,b92d2059ba40698150172ccf90780812b8dbbbe8228ef9ec9c724fa3f45d3dc6
strategies/H007/unique_00021/daily_evidence.parquet,bf3619277341233a3fe695589328981b9f0f6674cd296b466359dc3aaa90fa22
strategies/H007/unique_00021/README.md,5870a5b5cc091eb7be1712dde9a71ff3088e26346e43734da7c20695de35d2a3
strategies/H007/unique_00021/strategy_definition.json,9d16bd27a99633c4e9e19b50ad1b38a469b9ddcb51baf0bd3447fcfdcde0a265
strategies/H007/unique_00022/daily_evidence.parquet,b6dc1a0d29238b80eb5392315a038cf2b5ae7fa8a4e97ef73f3442a42857e983
strategies/H007/unique_00022/README.md,db6f348d5425fcf1816477d65f83fb947406ae6169dd10123fa6c95109dc8b00
strategies/H007/unique_00022/strategy_definition.json,3195de6fdc7322d8dc268107fe390cdaf37975b88bad535826792b9c4ccb6bdf
strategies/H007/unique_00023/daily_evidence.parquet,5ba1b728bcda2fc470d3593f5aa9a06712242af56801e2c92cdfb4b6824c7eec
strategies/H007/unique_00023/README.md,dba86990b8681dafb31e90907d0db7786de4d04450e964479002da2ccadfe153
strategies/H007/unique_00023/strategy_definition.json,9a617094984557778470a59d09c6f9efb8bc19480c6438bccd6939b260d49940
strategies/H007/unique_00024/daily_evidence.parquet,33fe222b715e3f1c398ac91b10afe6668c5cd745cdf08ead2462cd4592e11a09
strategies/H007/unique_00024/README.md,b7bd205cb233f37f9707c337fb8a7c958cbc037454b453968d43aad48d4e8f05
strategies/H007/unique_00024/strategy_definition.json,d0941a104fcaa8c705224379ad7e43f6eaab71544b11a148e84b722b097acfca
strategies/H007/unique_00025/daily_evidence.parquet,cb05cd04438b1010a7e2b801a8de5b3faddf9ce52aa07e1a6ea8cf0c5772cb9a
strategies/H007/unique_00025/README.md,8f5703aabc7823fac2c796a9c8a57f4d5ac1bbca33d2994a2c0ec0e54dd037d6
strategies/H007/unique_00025/strategy_definition.json,8bc4d88ee7082f9f7b081433f95ad9b0d26ce4ab8c3c3809685749046ae4793b
strategies/H007/unique_00026/daily_evidence.parquet,8e392f65bd4dbcd8507fd5653ce9bef99e9c04844a1b30e55ba2f2fd31a96e8a
strategies/H007/unique_00026/README.md,5d895b14381605b20489dfa596c115b6cdd103511e40edf659c04572b8326482
strategies/H007/unique_00026/strategy_definition.json,ac8e37ed41636965f1e1684358ec4832a9d2b8024e7990f5523b7ed9af05c9d6
strategies/H007/unique_00027/daily_evidence.parquet,28047843d90e868d8000bed85c63d3d67068ae6a9cc3e85b4327532de3d0e1ea
strategies/H007/unique_00027/README.md,a17a34a7f67aea96ae34e8ecfe719009a2d4980f297425f2e31665cf0c5774db
strategies/H007/unique_00027/strategy_definition.json,af35d6d459aeb6d0e987103d74690dbfe15ac72b3233bcc63a6e8d070ff9fe92
strategies/H007/unique_00028/daily_evidence.parquet,9e3a5cee2cd639ad3351eb5d0ec033ed16fb67574daa846cc13cc164650b99ea
strategies/H007/unique_00028/README.md,c8b658c952d639ecc89f3cde17455a05915d1add5efc5a9de269ac381bc4f038
strategies/H007/unique_00028/strategy_definition.json,55a941dde52803668e183f461afe537c28c7f53e21469213072ff2b6bc49e1ea
strategies/H007/unique_00029/daily_evidence.parquet,5eb2f74894634ee2a20421c23d6cdc820cc6c5ccf7550270d55c185a9a9333b8
strategies/H007/unique_00029/README.md,c04e73c376c98c9ec80027d422afdada13c21d421e434b867310735c3b065348
strategies/H007/unique_00029/strategy_definition.json,2509efe52e4b2817874309796c255f5930b3546979dfab3bf77e4fe54d56b1b0
strategies/H007/unique_00030/daily_evidence.parquet,afd10dafe492869d84d5e2819c8674de14345e4c2c2f6f57f745c7189bc0d583
strategies/H007/unique_00030/README.md,a6b1034b8177fc18c5d9d8e1d43eb33a4675e894ace9b9eea3bff1ffdf560208
strategies/H007/unique_00030/strategy_definition.json,d17f2e30ed18c7d625a1c19955dfd190870640f77d5cb1033e609c0172677564
strategies/H007/unique_00031/daily_evidence.parquet,a78c3ccb806d85bd9cb16f16e11137fe86eac4f4c64208a2fa07fb9e467d497e
strategies/H007/unique_00031/README.md,6da12331dbff50513bc1dcd97a331a39a79a1bfaacba087f0fdbc1b4cb9001f4
strategies/H007/unique_00031/strategy_definition.json,52c0eebac44afdc621c651250dcb8bbf24a89ca952fa0641dd93e65d12ee0ba6
strategies/H007/unique_00032/daily_evidence.parquet,ff521f64515f88a14720485413a809bb4bf9b07593eb45f41d5b59ad327b4b20
strategies/H007/unique_00032/README.md,48d987c7b2b4f4423a1ab134e33b2d55a6b9ce3e292c328eea43630ecf668b0c
strategies/H007/unique_00032/strategy_definition.json,5badc53b1fb3cbc07a6a95d05baeef9aab3da4d7d5fffeffe219c11f8c083b87
strategies/H007/unique_00033/daily_evidence.parquet,46bfcc1f22a36f95886e066cb4bd52f34e040ba98311db090b439c502b76e768
strategies/H007/unique_00033/README.md,e1a44a9d2e6945d5ce6cd4ea067080a4b37409ab0f74a9a2a0af421211c23f15
strategies/H007/unique_00033/strategy_definition.json,29d297d24dfa73c5366e55d57ce7f0513254d5885ad87573e19484f26632193e
strategies/H007/unique_00034/daily_evidence.parquet,3b56475cc9e1ef5c77425b93ce1d70ab6febbd842aaa788a50e4527453ee5261
strategies/H007/unique_00034/README.md,9ca2d459249ea384a551a6c94d506e752c9f3029db7970c16eb708a0ff959980
strategies/H007/unique_00034/strategy_definition.json,932ffd0888565c7e8641c320747a848c3552491703e14ce7a8f85202e7d05af9
strategies/H007/unique_00035/daily_evidence.parquet,42865e269aea1d698c77187e7ea4a5835674e10fcdcaa09a1f0ac306712782f9
strategies/H007/unique_00035/README.md,5fa02092f0e7d7e9f1d1d7978140d29903aebdb7b840d26d9383cc3a1aaff523
strategies/H007/unique_00035/strategy_definition.json,5851af1af8c6a6488ecd8f4fe8b1bd5308341b1f5d8787fa6fc29f722877c1a7
strategies/H007/unique_00036/daily_evidence.parquet,6a7a84748e619dc67ee53f54cd7b517096670c8e5f058eea3014f83e3d97b0ff
strategies/H007/unique_00036/README.md,3ca7246d83a7dc9927798dfe92afd5137b2dd456710faeab6d1d66ece4c0aa92
strategies/H007/unique_00036/strategy_definition.json,b6c08fa424ec248e7b725ff222ead492e178b73c4d24efcf4241306af7086dc5
strategies/H007/unique_00037/daily_evidence.parquet,17d4a51dc26e53fb4592a2f085b6236c3d48b7319c368a26df1d6a86ba2a2954
strategies/H007/unique_00037/README.md,24697080cf42ce8e7ef2917e94be4934f308199c02e99f3c134363930d80e202
strategies/H007/unique_00037/strategy_definition.json,348fd1ceeee4019221c8c3f4a844a53e3abb0d830241a0f39e601009ef349f75
strategies/H007/unique_00038/daily_evidence.parquet,e137488a557754f3c5cab7534ec479b0cb0a18f336553f808b842f3ae3ff4bc4
strategies/H007/unique_00038/README.md,3214be80a9bdc851b299cae0cc7e50e4a7b31ad9f87fb93bfd90985cbfdf7bba
strategies/H007/unique_00038/strategy_definition.json,a88c1490d4c126a48a6e6e33a3951812d626e7a3655f3f57ceb55fab20cdb194
strategies/H007/unique_00039/daily_evidence.parquet,e0516cd744a8ce9af1bfd73b6a4a435731db2e28b68719478ffffa0914124483
strategies/H007/unique_00039/README.md,1aa8a38ed5f5df071347cfa0bb2bcdb9d59a5b1f18bc80b77687d2e642c58dd3
strategies/H007/unique_00039/strategy_definition.json,b6db985fff433dcf043a334d7ceb5a6e8d8744366be83e87a231b679b3403614
strategies/H007/unique_00040/daily_evidence.parquet,422c234a9474d6c210553b216ebeb3545821db511022a928f96aca1ebe5f3d27
strategies/H007/unique_00040/README.md,8a91c53571959e38fa01aa05c643792990fcaf3e5456b894e0b8c90ed9754abf
strategies/H007/unique_00040/strategy_definition.json,ec1dcceef48d7b45492730d718c9f021b44c62ebf7f7780a2f6339ef6bbc91ce
strategies/H007/unique_00041/daily_evidence.parquet,bf39cf934532de727507e486d2e74a1fc6af6df225da9c82c73bfbd753a6177a
strategies/H007/unique_00041/README.md,fae5184f8e087867d5413ee4c69bf809ed26011aa2806c47b7603ebc0ae9cc69
strategies/H007/unique_00041/strategy_definition.json,1d2753f220f1e0cc52d7b9cf198b3c891e98af3f4002a979d04414a4e6bb00ae
strategies/H007/unique_00042/daily_evidence.parquet,085bd9916dc9f3893b3c46dd85c35a85f502030a8e4dd52bb76a2a525ea34141
strategies/H007/unique_00042/README.md,a460fb299d119eae697ad973f60b20d724ccc05c83141d5e7d55c173fe0bd5eb
strategies/H007/unique_00042/strategy_definition.json,9af62fd76d6e51348fa356e717103054dc830d5a418ef928f01ccea070126f67
strategies/H007/unique_00043/daily_evidence.parquet,cfa00a7c9690c0657e04ebdc077151549cb414279d14da7920680353955da0f9
strategies/H007/unique_00043/README.md,daadcd082d602c3eef475a61b1fbaac634d7c87dffbc76df09fdcf4ff217afaa
strategies/H007/unique_00043/strategy_definition.json,ed97670df8898e94e91ab3e73f00511666edad4b7c005abf0d000708913d5fc3
strategies/H007/unique_00044/daily_evidence.parquet,558ffa3feb12cf7ccb611885a9f5a36ae91bd58d7acf67ad47517cf4bf4ed0a9
strategies/H007/unique_00044/README.md,b68f2dd3ed6d1ecc991fc3933c3aec95249e766481a02b9c4dc3944a68f5ddc0
strategies/H007/unique_00044/strategy_definition.json,cd11e352a0368abcd4e078e927bdf55632a53b13f6d5f2822ed1ebfe6d6b2dea
strategies/H007/unique_00045/daily_evidence.parquet,3cd537627377ccaffbbecb7d1aaa001219e992264f83cd25a4f75c0e5aee1ac1
strategies/H007/unique_00045/README.md,ab2d75be02a9200b3d1111567099a133c6fe836249911882becab4259a84bc07
strategies/H007/unique_00045/strategy_definition.json,297e4e0fa6c9467fac37e4a7f116c3ab51285450702fc9ff0ae904bb70d4c027
strategies/H007/unique_00046/daily_evidence.parquet,7848ca37293a9434b8404594c5c4eafff6b9fd9a8b4dd765959a796298417185
strategies/H007/unique_00046/README.md,1a9aab4dc1bc357e153bbfcce4c14d0c83e91eab598cb91204318e875fdb5f57
strategies/H007/unique_00046/strategy_definition.json,7a17ddc5c4a83937f83624cd3c665027080f3e2a500d26f7ec0c10e435b837b2
strategies/H007/unique_00047/daily_evidence.parquet,4077db1e86b68f169d542d8af1e4df5d88e23190fc5e17a8ef8380592f02dc10
strategies/H007/unique_00047/README.md,b125e877008a57f4ec2ebf8355b217794dedd32d347c76a6e99139bf90dda516
strategies/H007/unique_00047/strategy_definition.json,18a4d1fe170c292c56e8eeae6ef430686be97e5b98e45879133f40f7388f342c
strategies/H007/unique_00048/daily_evidence.parquet,c901a84100119f5079bfc64603d49323a1486222249c4e0794b66558f02f7360
strategies/H007/unique_00048/README.md,e2f8b3bde4a7b65e5b8b2b5d2cbc0544451c7ba9bcdc4ac2f185349a0f4fa926
strategies/H007/unique_00048/strategy_definition.json,625aa7631b45bf79510851e9c8e4ae410a5b30f584dc9551e16ca6b2744330b7
strategies/H007/unique_00049/daily_evidence.parquet,c300d9f47c46e7c189af0bb16b047387930d13c70aad89d8255265e2d94a590d
strategies/H007/unique_00049/README.md,c52ca891b97c52435a505abe930047cc9a4aa9d4c5f0b9ebbeb21adf6b86750d
strategies/H007/unique_00049/strategy_definition.json,0af6ab8c4b8174040310d3476bd6ddfd0db9fd6343c6e50eb1c8a4363c55e701
strategies/H007/unique_00050/daily_evidence.parquet,bf72bb32319065eae46902bb27d734bf23d0021ef23c2b8dcf5dfc78cdb36e80
strategies/H007/unique_00050/README.md,3765d0c6b6395ef76da4b56c593ae0f069787ea4c26898a6823f5f1bf49bad3f
strategies/H007/unique_00050/strategy_definition.json,77841ea6d00cfb42e2f7299b4cd11393f8240a2a4bc22c07f7b9dadc9a7ef573
strategies/H007/unique_00051/daily_evidence.parquet,cfb37468a0bafe35f2b54906e55aeda9646075177064e1853686843ff32cced4
strategies/H007/unique_00051/README.md,03b238c797359143e452a7b1e2f310e8b3be0dcc116f14eb117b4b7163170978
strategies/H007/unique_00051/strategy_definition.json,b849d4bf511b7d90282bad0a61aa83a4b49008fbb2edce1f62afbd27567062b9
strategies/H007/unique_00052/daily_evidence.parquet,eba336083decc6e33d5ecd9677f79ea686a7d9bbe49f2089221513ead89ff5e1
strategies/H007/unique_00052/README.md,84ecc0fd1737790e6de1088043a4c373d2e9cf3868f1b4fd95a0c690c412f51c
strategies/H007/unique_00052/strategy_definition.json,4fed0148972f5fe788f9500cbf70d9520d43e06829272169f77340a65b4c78cf
strategies/H007/unique_00053/daily_evidence.parquet,bd2bb34770192f675bf6112e2dc991bef5d75adc30a9db9ba5a593b2d2fb222d
strategies/H007/unique_00053/README.md,8d49476b42e417c50625ab26897a252e5d9c459250d03601b245747177f2c1e7
strategies/H007/unique_00053/strategy_definition.json,158225c855a0659a6ecd069b16ec4f77f9066314bff132b37204bc2faef8984c
strategies/H007/unique_00054/daily_evidence.parquet,2310a43d1bd08aa3548959bf20ed3887b7cc6894ef8d6fd171fc1ce34a2c4f08
strategies/H007/unique_00054/README.md,252b50e8eb5a3a9c4c0c273afcbbfd931c13676970100ecd195b16d8dfec94f5
strategies/H007/unique_00054/strategy_definition.json,99743910beb0b67fe7ff4173b676c94b0325426dbfb881c57fb20885917d60b5
strategies/H007/unique_00055/daily_evidence.parquet,4c4895da4bd972cd3bf270fdc0236aab51f6d2ea4f9033c91105d840981185f5
strategies/H007/unique_00055/README.md,edcaf6a956140ac8609c70f4951e5e6c3aac86b344b6c03e13bc1437526f5e80
strategies/H007/unique_00055/strategy_definition.json,902644219076cb52480ba5a387ebbb2fad1cddd360a05734208b2e8bf9aa6b0e
strategies/H007/unique_00056/daily_evidence.parquet,95f6fba2a63a5f288d9c0b5b63d88ba8190d0c3e58d176a80d7a1459b7867b26
strategies/H007/unique_00056/README.md,362f041c141de1cbfb4b35c5bd9e2785814b0e0cecaf5213ad35c825ceab2125
strategies/H007/unique_00056/strategy_definition.json,739d96fa3836dfb45bec7097801d0330dc8366ca2760622978a4263cfa0a07da
strategies/H007/unique_00057/daily_evidence.parquet,e5e77d4b14e9a110baf1c8c1a6e18d0e8db0c92ed6fd91ae2858d9380747f193
strategies/H007/unique_00057/README.md,395274e6e56eda0d2a42734859419946fb9a950ca4f63a9eb5b8e5bd6cfea00c
strategies/H007/unique_00057/strategy_definition.json,20065d5c33b00682e9b158c0abe625bc7f6a323d84a3ba5c92bfd2f93da750c1
strategies/H007/unique_00058/daily_evidence.parquet,f676953e481ba94de0a557e4232480a4f22157c8941b0987e5f6580e1703703a
strategies/H007/unique_00058/README.md,b1cc79733e44e84fe3051b53a26367f2556949ecb04c18ba5f0d1a5ae823dc05
strategies/H007/unique_00058/strategy_definition.json,bb0913ea9333af2d9dfe673d883d6c2f3a2f091936a331f1ced54cd15bce5024
strategies/H007/unique_00059/daily_evidence.parquet,cac9da4487ee7dbc8c27c5a68455644aa891573b5b215f06e99b151c69a36d05
strategies/H007/unique_00059/README.md,43630db601a81d8c9c266f5e8c85e8e791cddc289b4ed3c58a06b1b60381ac9b
strategies/H007/unique_00059/strategy_definition.json,c2652ff4ce2727a9a591d2ec77d8a89e2e3dfe2634833917df6a1a995eef1d35
strategies/H007/unique_00060/daily_evidence.parquet,d27f647b4be9950ff8b2bd7e885e6f0caa1f74e45fc5fef72ccb7bccdac59544
strategies/H007/unique_00060/README.md,901945bdb7855a0c9c2134950f164fb53eba4c41e18b22349ef2c559009bb811
strategies/H007/unique_00060/strategy_definition.json,c35e2a15747e7c3f84e15630b7429c12d87afe1450069117bde974e3a5631214
strategies/H007/unique_00061/daily_evidence.parquet,f2780a24bd22a6906c7a730a9ff4ceaaadc4863138ed91a73e60d9e745fb30b5
strategies/H007/unique_00061/README.md,55f863e8d38289fccccd2e7e61ed87b95c6b46387a7e444648ecad5ffdfbf07f
strategies/H007/unique_00061/strategy_definition.json,2272d743c925d55217b54365b3d6f731602048428e17660c71bf393510f6e44d
strategies/H007/unique_00062/daily_evidence.parquet,cf52cf52eafdc04911986d060b4e7ef0da02673ecd13ed418e9fb8fb6e47c542
strategies/H007/unique_00062/README.md,06f76a22047c2ef7ccc35e7f3ccf0d873bac9ccd5bd41e8be71f13eca48f3003
strategies/H007/unique_00062/strategy_definition.json,29fa1b315cb499668c75f6959d6180e68c84bcdbe700b8e1e454801ade45ecbb
strategies/H007/unique_00063/daily_evidence.parquet,cc7e0e97c17e6daadee0ecb8a7a8ea8fc94652e05351455b503d14f41379fa6d
strategies/H007/unique_00063/README.md,24b27ae2cdf2badeb6fb3e49d2d0ad8f45d1a86264e91a141551341318b86127
strategies/H007/unique_00063/strategy_definition.json,c5799e9a46fb57d7fe960af38cada3132d5db8cc3de64789a7a3183f821cb020
strategies/H007/unique_00064/daily_evidence.parquet,66b793c31274c60e2add743b81505b43e191fe9fe98bc20b87256d68a6510fd3
strategies/H007/unique_00064/README.md,20f5a4558b264bdb21ebc5c34de69f8d5da456c6369340274560ba4c957d1b8f
strategies/H007/unique_00064/strategy_definition.json,37936f6c8bf16a65c4f5eda802b1dea71cb0b4c9250a73b3aa49b1661c71a9c9
strategies/H007/unique_00065/daily_evidence.parquet,2e4ff829628006b2bf0cc7c58bb5c8af25adbbd00583c56a0a8ed1ca027333da
strategies/H007/unique_00065/README.md,b6055336ee749b8e3d1f61935b8c605f44f28059d0d9f23a97d48c2d7d68dbcd
strategies/H007/unique_00065/strategy_definition.json,59dd0f8228717ca801273f8a6ca084b2f5ba5cbc47f1bc31dab76233d10d96e1
strategies/H007/unique_00066/daily_evidence.parquet,45005b958350c44c061f3af06ece647036f1d64aa8f59500241f72c30a17c27e
strategies/H007/unique_00066/README.md,95b65e279b9f3cdb6e545811c14bfffb67da16d40d454f18629f5e12a7141786
strategies/H007/unique_00066/strategy_definition.json,ffa363da8f52a53d0318028558c158ffdd4f5dbcbf1996bfb9c1aecafdba4e9d
strategies/H007/unique_00067/daily_evidence.parquet,0abb3aaa7da9273b62dcf911d69d28561e21aaee1837f4f2f7065c2891b5cf3f
strategies/H007/unique_00067/README.md,ac154296feab5412b46d07c7430dfe22f2c11c09d24111459f8d7092c9e41248
strategies/H007/unique_00067/strategy_definition.json,859324f3e2af69c026dc0d296873966cead7307686d9167b6d663ac63e662b99
strategies/H007/unique_00068/daily_evidence.parquet,5e305cb2cdfcea65c17ca656a55709c726baa25d34849b0d3fb991785590607f
strategies/H007/unique_00068/README.md,3d52bd2d631d0b91668733296f1db527e70812468a9b215db69d37a169abd496
strategies/H007/unique_00068/strategy_definition.json,85cf874affd46ec7e00c675c5751e9210509322c1d4730dfeab79ebbc70f8930
strategies/H007/unique_00069/daily_evidence.parquet,16bc18b30536afea5dac7edf1e36b57de5bd69ef43e5db9bb6e628f6d1bb8511
strategies/H007/unique_00069/README.md,071593f73501c23a1025d765c8d804dbfa1e80a60d99b3a5b1f7ad441fe85ce3
strategies/H007/unique_00069/strategy_definition.json,ce5bb84d9a00327fa6f672c3d72b4bd57f13f1dcc8147fd84b3232ff436e51a3
strategies/H007/unique_00070/daily_evidence.parquet,7c18e6369ac4009b3e83328dc4691af84d3246f74e93ce5d389317be0ce44761
strategies/H007/unique_00070/README.md,249a9b971fff6430ff884cac3f67c6d0a5fd28a4b8e0e979067c40ee0b55709e
strategies/H007/unique_00070/strategy_definition.json,0c6c49138bf38d860ba2f2b0f6b8832e82e4468f6b2c847729a37454e8ee9b2b
strategies/H007/unique_00071/daily_evidence.parquet,b31b9a08ac5034ecd347ea23d3023ddd825bc7177f7f5bf0f88c77a25136ac02
strategies/H007/unique_00071/README.md,9d8c9b2fe33bb9996b439ff67f07c23303ad7444bb47b19e965b8d2334a2b5b5
strategies/H007/unique_00071/strategy_definition.json,7d1f7e1d0e22dee92f48ed2eebceb8541d3dff03dda6ae1dbab21ec84dfec698
strategies/H007/unique_00072/daily_evidence.parquet,2aeabb444559948473925f3fffd31ce0e0d20ae38d14c743cdce46e78a345168
strategies/H007/unique_00072/README.md,b8401b98e9f70182c53fb80ccdc48380f02464f39a7c62f831be99735facadad
strategies/H007/unique_00072/strategy_definition.json,fba63e745fd448038d68cb2e94e1fc7e10079197532234f0e721417db2611a36
strategies/H007/unique_00073/daily_evidence.parquet,b57e2eb911d4dd39bf470bc3d0eabc1cdcd546661c0a5116787548f61dee84fe
strategies/H007/unique_00073/README.md,b5c9ff02eb502880e40ffab747561e4d05a6eaca24cc51bbdb05f4efe25d2bf7
strategies/H007/unique_00073/strategy_definition.json,ee18d9f540d443e8072d1fab385bb38398f1a45c2b004600937d37b6bc7c746b
strategies/H007/unique_00074/daily_evidence.parquet,4649412f312867f9bfc46faa41cfb5a1fb791da08a7ee8b3c6feb1731f5c9b83
strategies/H007/unique_00074/README.md,f366a7688506fc98d6132f563e7ea0a3485ae116640c9f6e28fa874b35c316d9
strategies/H007/unique_00074/strategy_definition.json,0a3ab4de0f27f49e9dc04c1e3383bda130cd2adcaa14fda92dcd13947e65e68d
strategies/H007/unique_00075/daily_evidence.parquet,5486bb6b10bbc241e83430613cee88f346e5fd87dc0e2067b0e62ad5389ee4e8
strategies/H007/unique_00075/README.md,f80154ec78dd9fe33148db0e71287cc660ce09dd1ba49ff5d119b880a2cf5f81
strategies/H007/unique_00075/strategy_definition.json,336bb5f686b48d03cebbbe664fe567db6941f985d4ec0b59ae7665bda19b59a0
strategies/H007/unique_00076/daily_evidence.parquet,7708a695f9bbadce037a40e4ce4b85fc9e33854504797107ee03d2b540f874fb
strategies/H007/unique_00076/README.md,98090717af1d3b417555c5a71a7074a4def15f71a858ab9901ba897cf387e904
strategies/H007/unique_00076/strategy_definition.json,22fbec39f76d2eea6daddd1145a6a6e931713571f50b924539949bce5c845c82
strategies/H007/unique_00077/daily_evidence.parquet,491627d37ec3da4f7a7cbe0f7544ca91164a513b37b88fb6cee1f860eb160177
strategies/H007/unique_00077/README.md,010e713c436288629c9e326e2a2de39957a1f4b9a10e5408a64c1148581ab3aa
strategies/H007/unique_00077/strategy_definition.json,5a1ba619bb66f213cc2dfa6e61d593bb0380df0cee39f11dc8150c8874bec8ab
strategies/H007/unique_00078/daily_evidence.parquet,da3f806142b1713869ec4a1cda99951f72127d8ca4bddd80acc123a883224064
strategies/H007/unique_00078/README.md,47a14515b6ecb230067b9437c2f8a1ff2a330424525973d6b6b2f82141ea8b41
strategies/H007/unique_00078/strategy_definition.json,115bef98a6eafbbdeafe2a59e678ee364604a1edebc13818df9f1856612646bb
strategies/H007/unique_00079/daily_evidence.parquet,e0fa13b8ba63ad2df55f757a3a8b88a8b2bb6f5c413792479320e11e06e44bc1
strategies/H007/unique_00079/README.md,e098174cf707fc56b571ed4e35b1b230e51393830b09758d61fa4647af7ed0ea
strategies/H007/unique_00079/strategy_definition.json,e2eeb0fec8c696a21c035cc37e005253525167520b49027c9595a5ffb1f31c18
strategies/H007/unique_00080/daily_evidence.parquet,0891eb3225ee937bc31ef803443b52fe0a4eaf4c24f94baaca1368d2240aa896
strategies/H007/unique_00080/README.md,aae1faf60836d6e6d9855a96d0243a185cf1d9d0755ed86d805bf02789a74d01
strategies/H007/unique_00080/strategy_definition.json,7e4749ff486c90d4a88634c5bf5afcaffcb86c07abe9fe306e0533d75d773aae
strategies/H008/unique_00081/daily_evidence.parquet,d79638d9938ca40773ce0d3c27094cedf1288bfb6e0e5eac22931c580147ebcb
strategies/H008/unique_00081/README.md,864dcffb50bc25174f5f983016dfffb31af52ae4b9fc29d0050a063abcd41b6f
strategies/H008/unique_00081/strategy_definition.json,5afa6b99255f2fd218992206d47d313e2e0c83d9b34ab0a6f272623ee011be11
strategies/H008/unique_00082/daily_evidence.parquet,3e379704b98ea772f588be61f1ab5e224ec62e02489dcbf3ebe177f13462d0c1
strategies/H008/unique_00082/README.md,dd1a2743284dd039868888793fd9a54ba8fd82cd4f85a04238a130195b99fde3
strategies/H008/unique_00082/strategy_definition.json,fee493d427f172a348d8e70347a866d8df374f85b54b04b5368276e3758e95d4
strategies/H008/unique_00083/daily_evidence.parquet,5bb06a0351b54baa15e0d8fc31f73f55447e3ce4aa476375d4a9d8aa0d5274d2
strategies/H008/unique_00083/README.md,074239fc9a6d7bade7d5e234c660eaffa2abe5198b195c64097aeb195c330e3b
strategies/H008/unique_00083/strategy_definition.json,c12406aa1f605bef0571165971677bb9086236ab808ca6f27afedb1e515918ab
strategies/H008/unique_00084/daily_evidence.parquet,605509e0e8c1b3ab8d61555e5eba81f32094e586d4c064befc1446444aa0fc83
strategies/H008/unique_00084/README.md,a9e2e6736d8b264c76620cd43e93341acb07f206979b9b10c6f93057dc55983c
strategies/H008/unique_00084/strategy_definition.json,7c7df53cd9e4c0153224ced27528574d153adadc5bf160a635d5c7e0398604d0
strategies/H008/unique_00085/daily_evidence.parquet,4780d5222502069d237f207c411493a8fdfb934cc6f67e0ddeca8490d175ae9f
strategies/H008/unique_00085/README.md,a50906c10a9a68aedf5a78f7d32754f594f7d5dde9ebb8553bc16cf1fa9aae25
strategies/H008/unique_00085/strategy_definition.json,fb5fff2f7f9ceeb1ce0f83abe86eace170cf320754925bf83254c786889996bd
strategies/H008/unique_00086/daily_evidence.parquet,e5f986ceaebcfba23cc08046fa91f80b4025d1ef68badca5a29a1b56126e0e1f
strategies/H008/unique_00086/README.md,e77e2cb8c02586b38106e477d62c1201e79d75cc1d83e5dde58a33bc2ab2396a
strategies/H008/unique_00086/strategy_definition.json,bd752378abfef2524d5d24448ff32f006ba16ef063f2019db4cf6798317f62ab
strategies/H008/unique_00108/daily_evidence.parquet,0e474991dbebfd5c0a55654bba2e1ae9b9e17e8cfde4e4d9fe7881f726fb16e6
strategies/H008/unique_00108/README.md,963ba0d32cbf5d40aca9cbc04852a7377276e85039c78637bc731ffb58dc58b1
strategies/H008/unique_00108/strategy_definition.json,021eeacc35470b11a9ad73350c411e2814b82f2ae04055869fb3b8cdf1c996f7
strategies/H008/unique_00109/daily_evidence.parquet,7614b1b208d0daa6311ef70414f5866de74eb6995c5e3de14b285b9a816914c2
strategies/H008/unique_00109/README.md,392b9391ad78044680b100b01470b5fab0a0bd22f66ce9e22ccc10323b7ede1a
strategies/H008/unique_00109/strategy_definition.json,a3f455c4f0c97261cb13818f749ef9d5097fc85b3eb4627403695e2c21dbbe54
strategies/H008/unique_00110/daily_evidence.parquet,7f36df1697208036446ecac5d03d0eeba4592b11b1d82c4f2600ee554eaa85ab
strategies/H008/unique_00110/README.md,38d01d2a2877c81a310c9a768dd112f52660d9073bb2480d25926a012eef00c5
strategies/H008/unique_00110/strategy_definition.json,27562e747cfb24ce957654d1e64e245c9513854c098d184dc21dee42f6add4c2
strategies/H008/unique_00111/daily_evidence.parquet,d1b3aa996f87b1136e77d8a809d4fc1078ab6dab86ebf70a0bd6608c9c2509c7
strategies/H008/unique_00111/README.md,c8e8655807bc5dc9c8b4ff65392c15e348cae958a236226b3c16e41cf471c5fc
strategies/H008/unique_00111/strategy_definition.json,7936e946215c013fa231ef3e7c5e3624fb92b3434b69f803f596add4cdf8a509
strategies/H008/unique_00112/daily_evidence.parquet,a58958ace8f9b11b824b74a954cfeef0a2b4a1c5e123cdb988f4947bdf828123
strategies/H008/unique_00112/README.md,fc3987ec5a1d596bcb56e6292123ac060408b7e52237547d156d4a97f8c56420
strategies/H008/unique_00112/strategy_definition.json,322ff9b36fa0c9016632be96379479d027278f2911e95e41d09f877fa9c08680
strategies/H008/unique_00113/daily_evidence.parquet,8b97ba0b8cb41c47f5cd70cc27eca56805050f3c4c0f2a627a5534ae221c3f81
strategies/H008/unique_00113/README.md,0ec8d8afcb9500df722715f2aabef35eeb2351c88fb89cd0cc8e64eba7069ced
strategies/H008/unique_00113/strategy_definition.json,0de33c76bab51bcb893f0f658e108b7bb30060c56de305b09aa6266754c56455
strategies/H008/unique_00135/daily_evidence.parquet,e2e02be310320d3135344d80896e9a185f9fcecab2d7ca02481d18fc9abd57e9
strategies/H008/unique_00135/README.md,0320769ca78b9a28d489e641683d999d70682cfa95e1869cf3be16b5072abcac
strategies/H008/unique_00135/strategy_definition.json,67ce3a92b5d3eca47e65d192a04112f7b63c69e0a72c749c143356fdae193a6d
strategies/H008/unique_00136/daily_evidence.parquet,94677ddc7d091c2484a09f5cb60cbd01ee7baa61c11c61a7bf6438a4931a4fa4
strategies/H008/unique_00136/README.md,4ac83ac97621f21a5ef0c25d08eba85e58695a2e0a7948f5e446c54132c4dfe4
strategies/H008/unique_00136/strategy_definition.json,6563e11b1ce4dae6a8179c0956e733c72e7ff8a6f89623ddd3a359a5a74f37fe
strategies/H008/unique_00137/daily_evidence.parquet,f01babc0bce88789dacc553736dbc01d4c0d3a8fa80ce13023e84c7d08076016
strategies/H008/unique_00137/README.md,734d4017826d6c861a38c237e51c4b4bf30ee1e86bb0e06d597d2e9ab6789316
strategies/H008/unique_00137/strategy_definition.json,dca0f7d36adcc7ff68f9b3b0e2343d3736a8d65da5e389dbdafb6920250638cb
strategies/H008/unique_00138/daily_evidence.parquet,fec9b8ab1e790031fdc0f20c55bdca80cfa2a02456be023bc4f28354946ebfe4
strategies/H008/unique_00138/README.md,bb389f0eb2fcb690cd103326b2f9390d2ec71cf1279a2872aae2f30041bfb4b7
strategies/H008/unique_00138/strategy_definition.json,37c4a9ad032024301eef9a0184e52c6787ad08ce7c2fb183986d0a77efbb288f
strategies/H008/unique_00139/daily_evidence.parquet,8092a3768ebfcdd5492b31229f32a7276543155876610373a20eb1b937778d1a
strategies/H008/unique_00139/README.md,c505b958e6a36c3b110a3d25637407cf9161f5e4bcff8e68e9edace7f6b7fa76
strategies/H008/unique_00139/strategy_definition.json,ecc32e2608ccaee857358e28a9b7a91c04c82247f88b1c07149844b36deb9a07
strategies/H008/unique_00140/daily_evidence.parquet,283e3d6ec5f55653e9b0ebe3489fadcc2129da89b9fc94650e4f155f7f2461f1
strategies/H008/unique_00140/README.md,96aaf8feca3e3697e8b9fbb83dc9e34c2c4c4aac8a21134875b7a6d8b1b6c958
strategies/H008/unique_00140/strategy_definition.json,98f07f1187443654610cdef8a1032737e922820932ae0c428144a62137bdab63
strategies/H008/unique_00162/daily_evidence.parquet,4982a76a658596a80f8057ba0072bab9797ecbb2e74ab32cb86c765ddb2f0d0f
strategies/H008/unique_00162/README.md,8599431514c73c647f21a87dfcafeff4bfb1731f7306ffbbcb444bed93cc0360
strategies/H008/unique_00162/strategy_definition.json,3a493c6b640985d913e01245279710f1369fdd03967a04e9310680fdb28feedd
strategies/H008/unique_00163/daily_evidence.parquet,2153f773b415e2efa8e55cafe745b7b74e9020ab601709fee0374561ed46f2ad
strategies/H008/unique_00163/README.md,3f032f5a6c9a1b7579efe681a9be831a7cc72189d85d51435377b962fd2b3365
strategies/H008/unique_00163/strategy_definition.json,5023556c05ff76a18dce22c95ac7ec7d471b6c5c0f8688a2ca5ab7e6beb627b4
strategies/H008/unique_00164/daily_evidence.parquet,f64effe1cb9d2307f359dd6ff46b8b2065121eb0e3596880716207f6385adbae
strategies/H008/unique_00164/README.md,77bc792a1dd1d78e0422e150630366b44cf86720c51adff06ea36e045d5599c3
strategies/H008/unique_00164/strategy_definition.json,b40137dbf9470b36ca4c828d22555d67a161e76790763a90dacaf7e4116ffa4f
strategies/H008/unique_00165/daily_evidence.parquet,936fbaf109d3763c66cd6674081a4795aeec2ddd560fff618ef11777131b38e8
strategies/H008/unique_00165/README.md,db6823360c48caad1413d49da3bda107a64d45370f438d90e34a2c568ff8eaf0
strategies/H008/unique_00165/strategy_definition.json,b2bf3dddfc64857a89f136d05f59edb508878801faec968f242168ea1add90a2
strategies/H008/unique_00166/daily_evidence.parquet,471e8e3d51e0c0ed5fcb52b08fe310825aaf15177f4e33eee44295698647f490
strategies/H008/unique_00166/README.md,fac8ea8ec9cb3e5ca821e6cc8ffc3d7689a2686d788eb851684bff5382b32d67
strategies/H008/unique_00166/strategy_definition.json,a20be1d814bbdbfb2d6d5a0c40e26424f4897e0f81cdf60fee4165d9b10e613c
strategies/H008/unique_00167/daily_evidence.parquet,08a75a9e88fcb016c4b7a5bd0cddafbb0f22a32a24326c9b1f6a3586e3730a43
strategies/H008/unique_00167/README.md,c08d4a1f41641189c188dc1172042d345fa381657d4b4602ee47c6d3e20476d5
strategies/H008/unique_00167/strategy_definition.json,1ca0e2157daa42898007a425c16d432306b9c5d8948c3db2046a70a99014a16f
strategies/H008/unique_00189/daily_evidence.parquet,1d290ae5ab855f3623e1593653c1e81511e5f37627bdc49a9c5e11b4c4e066aa
strategies/H008/unique_00189/README.md,2b577d9afedb72cf333da31dca24f969a5b699ccf0c2d829c920e420870ead1a
strategies/H008/unique_00189/strategy_definition.json,19fb560b53901dbaf66c5a9fb8fb2a33396231c1ea08d5bada3f30f1574fd1a6
strategies/H008/unique_00190/daily_evidence.parquet,30d58e5a722a3f22685beb4a770e9ccb8f5918c851e61c6aee5eddd4497f8524
strategies/H008/unique_00190/README.md,b6c06f406bea71af2995d1dbd1e1a916cfad174d1235ef8d50001a386f240575
strategies/H008/unique_00190/strategy_definition.json,c28edb0fb89bc38a44e1034e7dec3a7293731bc261e729ccd31b08e2f16b4d63
strategies/H008/unique_00191/daily_evidence.parquet,4426b11cb0119895069608dd5f073b5092d5108bc8eb8c67de65b0f3ad657ee4
strategies/H008/unique_00191/README.md,f05a0867cd2b0be044feecd09e59ec73582702d3bc10f5f8024fe037406dbb3e
strategies/H008/unique_00191/strategy_definition.json,9f9e58a9f268f8030825001d2b40ff74a9ea5c27084d35b4ee185b0a01167676
strategies/H008/unique_00192/daily_evidence.parquet,537c1bf2a4f678ac61584cd56afafee83fbcf31002e863dccb0808a78870e8c0
strategies/H008/unique_00192/README.md,612131f49b1c56f40b4ae1a902a116809bcc20b8da819e7650ce9ff468ca3456
strategies/H008/unique_00192/strategy_definition.json,f5b76dd7c6846cc76bcaa835017f8320a3c70ff3e70c814a3e1a10826d75321b
strategies/H008/unique_00193/daily_evidence.parquet,fbeaf3dbebc1fa92822462bab9231dc4cb14dee34782228d5a421b823d8cccbd
strategies/H008/unique_00193/README.md,168f6b2c3e27f206b860ad39d4b23fd8244b2a43e88f1f1773fbf29b0e5b4d17
strategies/H008/unique_00193/strategy_definition.json,20153fbb383bbc2bdcc986a07d78bf09dbcedd473001250068644501ccb4f759
strategies/H008/unique_00194/daily_evidence.parquet,9a104b79e6ab9bc0af3e8d8202a82812ec6c496dd1f1f7001404be0f8041018c
strategies/H008/unique_00194/README.md,100ab03ead341bec196124c8f0fdc452e0fa4d459e6e639d0b078e9e50efa018
strategies/H008/unique_00194/strategy_definition.json,849419ff7e971c30e445f9ae69262aa3145e85d292d1d6d053873fe129c48cb2
strategies/H008/unique_00216/daily_evidence.parquet,c7365f19758be456159d5be85543e7a7a502a621335418c6bb08691237232932
strategies/H008/unique_00216/README.md,71b6558026e7e837037e9e672a14f679b3d3d303ab58ac0b6edd25b8f566b239
strategies/H008/unique_00216/strategy_definition.json,8e353b37a8593cfec721252995256c0cddeb4f7235a151665956dbc15516d807
strategies/H008/unique_00217/daily_evidence.parquet,5b1a5d739bb6eb2d68b29ac0f018429b3c8aac46d0fe659a97c99e3d3660df4a
strategies/H008/unique_00217/README.md,81a98617a4998117a1684076aa595c2281ec9a4f8f1755238385384100476b9d
strategies/H008/unique_00217/strategy_definition.json,07eedc5ebb01f6f998b3db5f13ea90586c36e918c1fc1f117919a6d521b53c28
strategies/H008/unique_00218/daily_evidence.parquet,b05a4ce752ae1dfd1e8733ae957beaf08d07d47b6773ae9b5606e5e7ab5eb10a
strategies/H008/unique_00218/README.md,e597e1110a17a19776479fd85afaebc2e26a35ed9f9a60be775eee793c2ee787
strategies/H008/unique_00218/strategy_definition.json,1913e8bd1253280b1776dcb727655fb5a3f2ffe0c84fc847aba3339254d8a2e6
strategies/H008/unique_00219/daily_evidence.parquet,522f26d8d978daed4e5fa4685a71eb2f37eeb186856dd2f0fde6a47db7c635d1
strategies/H008/unique_00219/README.md,3fb28c49da682d9d849d3eec8e37a05f88b670dbc1e6ae32b1939860871932ae
strategies/H008/unique_00219/strategy_definition.json,f3637e0a8220915b7c647d20df306e06a3c115320ab841631f13491f2fe6441c
strategies/H008/unique_00220/daily_evidence.parquet,ac6b04189a379ed98e799d7f65ad1ed497c588783a6e4c03fc1a2033cb32e248
strategies/H008/unique_00220/README.md,16dfe2d5418cfd3a1874b9aaebea03181e38b33ae78e4f399c01a0a50d57b2d5
strategies/H008/unique_00220/strategy_definition.json,16a36e9f0baf287bf5da03e603262f5b448a90bd4e0956eba483b7da4983f759
strategies/H008/unique_00221/daily_evidence.parquet,06e4fd22314c5282699677cda0b0f2b0d8e07c2883d8f8a76c5c80ab7095a011
strategies/H008/unique_00221/README.md,eacfa51d777189813beac180ca70af7c0d06541c89da2e123773509e9ce3b522
strategies/H008/unique_00221/strategy_definition.json,70bfd216b1d14fc596c07ca1aa0bc62e89b063b65adaac23d54363e3059ba4b9
strategies/H008/unique_00243/daily_evidence.parquet,77e35daeeda4b01948439a70147c705c41b0871adc8116bd63f461fa69573589
strategies/H008/unique_00243/README.md,1d80a85d037bc6347e3171e49f346f93f02a31ec08dbb7aec401cec3da7bdd1b
strategies/H008/unique_00243/strategy_definition.json,85acd0a2169c38b2375f44bffd5f4f7660fc02ad8ef8a89d7e8ee101937c8564
strategies/H008/unique_00244/daily_evidence.parquet,d1206dadd0b05a5af574ae4b5efc3c5cc7961b33326555bfe35664d1d18439ec
strategies/H008/unique_00244/README.md,7aa61157ea9d61ccde3d84f854a06595967d5f99ebef6c9701680121aa15906e
strategies/H008/unique_00244/strategy_definition.json,9205fc162bc9023f25bc05f5ae2ea8d4fbe2eaeaf8d2aa0406eb465cddfc86ca
strategies/H008/unique_00245/daily_evidence.parquet,769335627ac3d28d940a4ead563f689f9fcb816c2a913e136b762eb8e42ff511
strategies/H008/unique_00245/README.md,470f60259ff58336501daa6c1f7fb8cd60ad3bc8319d8e9af5f2f47628cf9f22
strategies/H008/unique_00245/strategy_definition.json,052eacba0dceb185c6e7d2d5c0c303b541e53c62450e6e3baac3f5a00b883263
strategies/H008/unique_00246/daily_evidence.parquet,4df58f0792f04be09052d211cf4bd964dfe8ce76206c3cd90023a729ba8be3be
strategies/H008/unique_00246/README.md,3197cd0ec0452460a9aea98768ec076f68d418782b0231961f8548c0d586373e
strategies/H008/unique_00246/strategy_definition.json,fe9aea50153d2815086ec437d4a026e4b725ad5be0053191be3ed70e6d0e9ae7
strategies/H008/unique_00247/daily_evidence.parquet,835480d8b610be54c5f5f1e102b19bd65ccb48078cd266c2098b930ce669fab5
strategies/H008/unique_00247/README.md,dd2462a3fe44149540313a5d1f46cf839a4a1f0381e73eb623129d0e93197f9f
strategies/H008/unique_00247/strategy_definition.json,cb2a7b0ecb10e1231ec7fc1517e17829e93578031e116194d93afb092e7fedad
strategies/H008/unique_00248/daily_evidence.parquet,f8c6b8af6c3517f70785617183a4b2f972cb327e925f014c8e869830247e43e6
strategies/H008/unique_00248/README.md,04457d156b114745831262856459be71a98ef2902db058ed31dda2f775fbb235
strategies/H008/unique_00248/strategy_definition.json,1cd7644decdc5e3effe1f8c971bc8bd7a77de04989cb372f8bbf00f4e3d34be2
strategies/H008/unique_00270/daily_evidence.parquet,3135e2632736eee0f02850e66242ae90e5721f60b3c34771ef70f4f492194a6b
strategies/H008/unique_00270/README.md,028262eefae54972963b7ea6bb529e2f9ebc2971d121c625379f222d72cda1e0
strategies/H008/unique_00270/strategy_definition.json,5c59936e143cedb9e231502581cd1fe091c299f7d2dbe0ff0c3c5ad4d2f718cf
strategies/H008/unique_00271/daily_evidence.parquet,034765c57c81cf5846a367acebeb38106b4bebe7d72ec7b7b115f3edd1fa4239
strategies/H008/unique_00271/README.md,e96198c983306b102d54cc1809778197d9d789279db29a8208856e1be3d6136c
strategies/H008/unique_00271/strategy_definition.json,7c756b0da1b72e3762b641d9ebeca8ef65b5df62dbe6c10ad91e61d3c2dc19b8
strategies/H008/unique_00272/daily_evidence.parquet,3f0d23b1d88387c238b475f5c63309a9f3c06cf9c370db233de87cd89d9e73d1
strategies/H008/unique_00272/README.md,dbce75145c0a2c583db96bd2dd609429a2aaa82276200997c9b6ec2f2d93f7ad
strategies/H008/unique_00272/strategy_definition.json,ac9420658a74680ce31ab8a73003a10f285f634abc19d4ddf7859848eec7927a
strategies/H008/unique_00273/daily_evidence.parquet,c1054c8d04da816f3695b6bf20ec20411d65fa02afc7e3dd93601f661296cddb
strategies/H008/unique_00273/README.md,eb16235f166844ac05d18a50d8599bcbcd9a225254245f6004fed1aac0a13284
strategies/H008/unique_00273/strategy_definition.json,e90d0fa99bdd1d3789c4589cd9b22e718588a3a23fdeec45eb4c2394521a1f5b
strategies/H008/unique_00274/daily_evidence.parquet,5069044a351071929d4660128f167676d8db3fcaa92a316bc6d33a0104fa810b
strategies/H008/unique_00274/README.md,5ade7c806f49acf73b8c78003bf47d88feb2e6543da7527f095164b98b22a4c3
strategies/H008/unique_00274/strategy_definition.json,416eafd6cd73a8381684b1eafe65d46af126d441cbb0b32253bffd65f6f14042
strategies/H008/unique_00275/daily_evidence.parquet,420ab42144e45ed6371d511926f6397bd2e0cba25288521979990a9055f04add
strategies/H008/unique_00275/README.md,4ff56fa3150031ab438ca6848536f84b2a5de43dd8269e2b9d5d8d8078e4c60c
strategies/H008/unique_00275/strategy_definition.json,7835794e5a46751a085916894d9ee33cb8a74d0d0c92842e24fef28bdf8f7777
strategies/H008/unique_00297/daily_evidence.parquet,2269332096340dfd047920fa74bb68d2c5793c2748f9dd022b75e9bfde9caa1c
strategies/H008/unique_00297/README.md,6c59348a00279a944828c29849b65f613511e20f570a5467c932e7194fdda545
strategies/H008/unique_00297/strategy_definition.json,a8279b5759e273a7804a4e8bff9a5a1c04a44926e45a788a15ea454cc4c8b0da
strategies/H008/unique_00298/daily_evidence.parquet,d198ae8b8bb388119d75aa5d9b74665522db8030ed139e4bb0291f55eb1fba84
strategies/H008/unique_00298/README.md,ff5d984e99974ae91eb59f3669121caa62f92544c79734149f25ce7cfcef0ef1
strategies/H008/unique_00298/strategy_definition.json,82eb62f7bc4bdea49af997dc263f27089c44ba8f5dac3d02def8bd31e39ea63b
strategies/H008/unique_00299/daily_evidence.parquet,af048f914e8a6f6398dce276d1a8a257d9adf35dda368ad18a66728cbf80994c
strategies/H008/unique_00299/README.md,1886592af7892b594ab96c0890956efb025a4c521f2ec14feffb0d460d2f0987
strategies/H008/unique_00299/strategy_definition.json,2f65196cbd7b253cbf90a75951ce52f1783fb5f60a2acb6ddffcb658731941b9
strategies/H008/unique_00300/daily_evidence.parquet,a8fe6a3f1cbf71ee8dc5d754d8d372b9ef87c57f4633d310e50c771ef4ca1aa1
strategies/H008/unique_00300/README.md,1cc29eaad0b2fd49f91123c09d69ddddc6c608caa925ad2e19bca302aa733d00
strategies/H008/unique_00300/strategy_definition.json,272623f17005ffaceda65b50d66218d9a4be9f4f711de9c6aed06661515f10c6
strategies/H008/unique_00301/daily_evidence.parquet,2d34a80bee33c97fe242e4582ed99ff5d4faf8c3635e61e90030ba8238ec45d5
strategies/H008/unique_00301/README.md,13dbab714010d1cf67264ff10f5ef1604df63ea6d4e4c7087eb123d731006324
strategies/H008/unique_00301/strategy_definition.json,01e80868cfbf0ce88d0f5cf04d5d4f835ff9e4c812f2fd088e574640735f27f1
strategies/H008/unique_00302/daily_evidence.parquet,c28db5d621705e362edcd9e241c139ea822a16e8d886845a1d0e30868cdd26cb
strategies/H008/unique_00302/README.md,1a57c6dcd6494846cd5908d075f7801db2ccae3b9eb50b9c176fcf6667fd455d
strategies/H008/unique_00302/strategy_definition.json,a8a002f1f78ad6b95a78908fdd80562a3a49f796fa935a770470ead280d76610
strategies/H008/unique_00324/daily_evidence.parquet,c59735bc2559c703b65b8e3a1f595117bd2229d779fb61d6c6bc16fd34cbe76f
strategies/H008/unique_00324/README.md,37c25eefaad6481f96007e7ba1cd0c97bf28a6efccf6ebf0dd8d1716a6211841
strategies/H008/unique_00324/strategy_definition.json,c8c686eced41428083bcf408cf467786aedcddb71fa7c8a8e8231dc79d93eaa0
strategies/H008/unique_00325/daily_evidence.parquet,4b0f606397cbdeaa2842527f65bf4f3798eed5930b4fa6a8720302825e8968db
strategies/H008/unique_00325/README.md,43575491f9e7d2070d05d70f2b608d532cb82e491220082c9cd951cfbd07d437
strategies/H008/unique_00325/strategy_definition.json,38bc8cf700af6b0a1c3b6bbfd08665df4ff8034321cd66c0cda17446c253b946
strategies/H008/unique_00326/daily_evidence.parquet,a61bbff273585488fb82dc1f9242cf54507be8be1ca89b8659a43a82f2562978
strategies/H008/unique_00326/README.md,a4f46487cbf5f313b10e26e3e5fff319b92fe8c3e0238fc7b2619ffbbb66e5f4
strategies/H008/unique_00326/strategy_definition.json,778690dc58816156baa4a2c123f6131e99649ba0e8a8927783f262976fd32da9
strategies/H008/unique_00327/daily_evidence.parquet,ec2724dbffd94e773ebfc4a7684047d82918d317ca95542fc6432c4e5fe66094
strategies/H008/unique_00327/README.md,2a95f2286cc6291f14c935a4fe40bb92d6928644d5bb33d239416dea5d9877dd
strategies/H008/unique_00327/strategy_definition.json,d13ad7f0c3a47b222d94dddf7efed7dee369bc03d906cd12be4c950e5375e147
strategies/H008/unique_00328/daily_evidence.parquet,205e952aaf7a566b236ba7d2d5fc4ee20dabd5056dab6dc4e58731370e336c6b
strategies/H008/unique_00328/README.md,f19f6e9c4da3f9c72da394a424bd03b8756e38ae0283b946c3e72aec20baed35
strategies/H008/unique_00328/strategy_definition.json,cfacbfc934e6476c3fb2dbeee70a61f626be32d1997ed17f6da77c25872b480d
strategies/H008/unique_00329/daily_evidence.parquet,78f74256d960544c4e29b136c94dee2dafae736977484e118a93ab3eeddc062b
strategies/H008/unique_00329/README.md,db27edd26db7f340f5717db01036e6b3ca540b824de591ebfd83f74d0f869da2
strategies/H008/unique_00329/strategy_definition.json,0b7c745fa50d2a92596c10ae3b70594d9e9c050524a26d5eff53be4ec711d3e5
strategies/H008/unique_00351/daily_evidence.parquet,e06b5a622d327c956b04bc4ce506ae4f013402776ff93a9f22f8469da6744b30
strategies/H008/unique_00351/README.md,ef79e46cb67636652137574d128abcb5511ba226c5044e66bdebe7381e9d4a6d
strategies/H008/unique_00351/strategy_definition.json,7df9db32cb9a1a8dfbabeed33d5cb0e1e3aaa0a3b93bf3828ee0b202e9b81a41
strategies/H008/unique_00352/daily_evidence.parquet,2d86a72a3aca4ebac59a7bc30a353979eacdc22aaba0dc53aac2622316e2931c
strategies/H008/unique_00352/README.md,0a15ba80c79cfdaaf6b5ebb50d76c97d93870aabd64504ddf44808150f74fefb
strategies/H008/unique_00352/strategy_definition.json,13498749b32678463f1fcba15a5549d1e8d6b4d37d1a3c1cbe1792b7525bdbb8
strategies/H008/unique_00353/daily_evidence.parquet,526ed7f16845361f283455299b7036e80e8d2077026b65de0cac033fc22c8892
strategies/H008/unique_00353/README.md,8c4b036d2f6564a484048c69f4c7f6e1e9ac0d00e787d617ceba53340c7fbeeb
strategies/H008/unique_00353/strategy_definition.json,947cc8811cf5dafe7be83417698f03068143f95c5cb78e62fbb98cc9765b8e50
strategies/H008/unique_00354/daily_evidence.parquet,a0ff71d69597c706f1de9ba6b379d01cc8730d3db9f6afcbe40bf81b8613df8a
strategies/H008/unique_00354/README.md,16a97c0559105bb72b5f8e5b0d934accec42820b726c5916be69a9612555227c
strategies/H008/unique_00354/strategy_definition.json,a2a7851d35bfa5e758b33a527a458b50e765cae29314863de78a74bc459a6e1a
strategies/H008/unique_00355/daily_evidence.parquet,43805b9a891497bf9992736b82d5f6b67edf9bbf15efd5edf910291234456289
strategies/H008/unique_00355/README.md,c593845715559277b0a78d272a02bb853c2715cc53794de690895d0c8fab520e
strategies/H008/unique_00355/strategy_definition.json,80a4a3b2c37af08aad72bde849d3af2ce4144f3a3c11d3e1fe0d25fac306091a
strategies/H008/unique_00356/daily_evidence.parquet,26cdad9bb878bd1bf1763538d08ec08415c903ef902ef5ea00093ba936bac4cd
strategies/H008/unique_00356/README.md,bdad91682a657db9c4d95cef8c7192eb04546d0f4caf9c82f7d16227a4d3d2ca
strategies/H008/unique_00356/strategy_definition.json,990a6dbf2d6217b573c2a2cd18fab5df9317abc5728d7d76ea5f47de8853006a
strategies/H008/unique_00378/daily_evidence.parquet,26bc09e373a50d342df3e8afb92d396a6615dcbf5a896d5482a831ec0eaf7cbd
strategies/H008/unique_00378/README.md,75e8658c7a0ea50f4962ea4c2e9824abd5b6518f1771290c7abaae3dcc264bc1
strategies/H008/unique_00378/strategy_definition.json,4b528531fc666b963a7eddb9537a839bb20bd877ffccb766383b8bd48cd52eb1
strategies/H008/unique_00379/daily_evidence.parquet,d0c3c3f010e490b703c8f6f3f4ee8019dcb6a3baeae78c18246c023f7f3a9858
strategies/H008/unique_00379/README.md,8998397b23a9b08c6e2a5c231cad0c4a9a437573f7f6a6fc3955573610a52de8
strategies/H008/unique_00379/strategy_definition.json,f62e87392d9ce7a6dbd1ffb211758ff621ed955f739949414c3319873bbd4ed3
strategies/H008/unique_00380/daily_evidence.parquet,6c9fed9c2dda0015b9148da6e6915f0d17dd59a60e7d1b46f62e30ef56646bef
strategies/H008/unique_00380/README.md,1ebab812a01ab3ca9898a8bf15d3ad42c58f0ba1ce6af9ca925365dcbf90940d
strategies/H008/unique_00380/strategy_definition.json,fea3689d106bc1d08e29632962bf2937f37230bc87f69a435b1928f375ce0b10
strategies/H008/unique_00381/daily_evidence.parquet,8217f931aeb48e4418fdf31e37d53bf11f29abd4c3d05ce59973be832a58e0bb
strategies/H008/unique_00381/README.md,2b4a3eab18716dc2984bfcef10e285fe7a2489c3ee5d05b4cbe679a0f5d0d417
strategies/H008/unique_00381/strategy_definition.json,7f075f5ce7a898002a3a6637c4c16bbce1a70a697746856e2966940708aa6ec0
strategies/H008/unique_00382/daily_evidence.parquet,b0b85a14b000ce2d71be7ead6473b7a60bc7be26e3c7e867fc023254281654f7
strategies/H008/unique_00382/README.md,ffac3da5866eb250c0cc9478ce1bafdc7adecd0ac8aaf22e1ab38f06bc8a4f6e
strategies/H008/unique_00382/strategy_definition.json,e3a6670dfbb9031fe798b2d79d7e6e6627ff9a149864032e1ced013975c83cf8
strategies/H008/unique_00383/daily_evidence.parquet,bd88b840f0c7c87aebf52d30f0350d6440b448761a1a0a4f6c8fa4b7629ed153
strategies/H008/unique_00383/README.md,44afd131b7e264bcfe2c9a7514dc910cad64dc8941a3fc46712de1fdb1b9ba71
strategies/H008/unique_00383/strategy_definition.json,6de64cf4cbfbc680a28b8ea570f5c5a1d2cb6c6ed9bf3f21d521aad515c6ecd1
strategies/H008/unique_00405/daily_evidence.parquet,5d1f99131f73dfb9dc5db1d659e672d4cecc501d994a14987e4213f32e6139ab
strategies/H008/unique_00405/README.md,bb51ac931c1af72cd30f4b525eb6c09d92da6b6cb72bc205c362b5c80226f08d
strategies/H008/unique_00405/strategy_definition.json,f991732d8d87633e5eb6b53de7873cb2e755006949ed1f0e482626b43288a8ae
strategies/H008/unique_00406/daily_evidence.parquet,aedf3be6df77f4f61867c8a3f71c37cbeeee2c13b3e02adeeaf8bcf029dc3cc5
strategies/H008/unique_00406/README.md,83bca14106b96c95a282ecad68aa414d57a0dd243b8473c3dbf5133925570735
strategies/H008/unique_00406/strategy_definition.json,0a750bf5b87fd2c942529f8e702062deb4fda8825db4f25128c6fbea5bc66d93
strategies/H008/unique_00407/daily_evidence.parquet,7e23b71336dd7e31d0c5cce4ae6485e8c45cc99382faf05069d8472a475ff5ae
strategies/H008/unique_00407/README.md,14645b36af5d0cad9e311414c42fe73929b5599961b5a29032141787f1c844ea
strategies/H008/unique_00407/strategy_definition.json,6b1fe52ae812ffd5410f714d6dd2e38b0a1198048cec650d8a72f0c577730f91
strategies/H008/unique_00408/daily_evidence.parquet,beda320150c196dc6e00809e8ddc2962b62e7d4b2c4ef60a8dd59dfa13c963d1
strategies/H008/unique_00408/README.md,b60b3a0010822e2ec9243696f3711c6cffccf5c0a73fa7838c2909630750a96d
strategies/H008/unique_00408/strategy_definition.json,d0febfa9bdf55db93cf574b6a50012077d3c069636ed85f6864fafd9ce1bd9e4
strategies/H008/unique_00409/daily_evidence.parquet,5fc3049c44fc0d9a9d70914a5eddf0d8324702628997a09b32e65fba7338f721
strategies/H008/unique_00409/README.md,6e8417d6c53e8835bb46eeb8e4de7485020150fa8384363645bdf9c09c885d84
strategies/H008/unique_00409/strategy_definition.json,f4196e7a8856a0f76c1275c2700868c5f546a83d2ae69023582bb7fef434ef2c
strategies/H008/unique_00410/daily_evidence.parquet,61d250be244106e7d39015b326ad5dbcd19325ad50b3420fa5b5e339b4dc0e81
strategies/H008/unique_00410/README.md,24d572ccfb8004828dfdc0b2b8195415cc7c4fdb772a29cbb1af87de0a1c0f5a
strategies/H008/unique_00410/strategy_definition.json,7c0e16ac9cb0754a36197f7cac5cb97862c8a867478101cff7e1b24b4a19feaa
strategies/H008/unique_00432/daily_evidence.parquet,df6e4a944c35ca8c8a07974a1e9b9be7e1af57b3ef916895739f8d4182de0e04
strategies/H008/unique_00432/README.md,bb778f22a14d44264feede1151a13e7c4a713122f080832ef47a5107012fc938
strategies/H008/unique_00432/strategy_definition.json,7ce0e54d90ec75160fc2974335407431d8bc82f7268bcfcb145774a60bf5b249
strategies/H008/unique_00433/daily_evidence.parquet,4ea9c1f14f511584d8d6866b69d16cd5607822feab5937e008136131b9d86b07
strategies/H008/unique_00433/README.md,9182843dd5fc248cf416bd35d7493f11b9dbc835dd18989d1b73cd85a7361a97
strategies/H008/unique_00433/strategy_definition.json,0f9432297cf5a03e5ef4bcdaf03457a519a556d262d68e46a3b53750f0101f1e
strategies/H008/unique_00434/daily_evidence.parquet,f1ae14adec67994965f06f14c8c52624ad0d8c60c24a4625c7391a9859989c28
strategies/H008/unique_00434/README.md,5f4d90611e09622dd4cc6b37b3adb346215d6b5ada9da97bb6ff20cb5eeb3dea
strategies/H008/unique_00434/strategy_definition.json,1c023c5039e1cbe6a1bd4c49c9ee2ccb13bec71c9530309af712fee767884820
strategies/H008/unique_00435/daily_evidence.parquet,0a5a61f87ab7e5d3a38dd66cc260950b4cb21a1a20c2b9edb393ef3bbbc8a72e
strategies/H008/unique_00435/README.md,63f4c6ba70a7b4f84adce2d7175d22ed61cd6984061c22764fb7a369bf527090
strategies/H008/unique_00435/strategy_definition.json,2f0c7fae6f17a1a23b356f4f50ea7e90a66522c78033f1ab2c495a089913b4f8
strategies/H008/unique_00436/daily_evidence.parquet,c90a192f43992160ae064a08811f59e326f82aced135107b0fccb5c92cd68ea1
strategies/H008/unique_00436/README.md,1ea2df942c344eb4cf69668f2e9b880ef58291c99701bcfc0990efd3354b5579
strategies/H008/unique_00436/strategy_definition.json,03901927dd4763cec29f47639e72b259579a6fa55c85d16c14ef4e8fa0e70db5
strategies/H008/unique_00437/daily_evidence.parquet,26ece631b324722afd07ecb3c8564729eab7a7850f09cdb0cd62b08e70f564cf
strategies/H008/unique_00437/README.md,5e90c167232e53253cc5a7c6ba572f12e29f5a605687c4c3b7bdf62ad5884f85
strategies/H008/unique_00437/strategy_definition.json,1f44a7aea69e76a49abe240b127fb687295b223965c673446c3a3817ed52a577
strategies/H008/unique_00459/daily_evidence.parquet,0d8cb34b294b042e570b7738197eef338a08a6f60a69f5304ab55f28401fe4d7
strategies/H008/unique_00459/README.md,2b5bca1a493d81040b9c4f693619dc2c6608218d8f56bb1017cd01a69d6dc19c
strategies/H008/unique_00459/strategy_definition.json,c9f3e427224dea07b5056e28f566f9a5b1dea7284a96dc09c12fefc156442a78
strategies/H008/unique_00460/daily_evidence.parquet,b4cd7e385b2a09acc905a05f88bf756cb022ae7aa15600de3d7adf19146205a1
strategies/H008/unique_00460/README.md,b3b8693f3fcec55e4abbb92eff5ec128401d2ce3f74602f3edc4919153936d2d
strategies/H008/unique_00460/strategy_definition.json,4a6eed8eaff6e27f0db09b35b826596e5e04ec2054eda98075196985db05d422
strategies/H008/unique_00461/daily_evidence.parquet,41c4344b5bb807a42a3b16e26f650a578c2565dcc781972514a64c48e0e41b90
strategies/H008/unique_00461/README.md,850480d6f37c48c3d89d228121f61533bea71f3e8c7141038dd9aaf99fc6e985
strategies/H008/unique_00461/strategy_definition.json,692f6d5e48a2b3b183a5cf247a688e6895131d2caf234e2a0780f7290a9f1841
strategies/H008/unique_00462/daily_evidence.parquet,424734b3de7d8e3b0af8f4c73682825d6b52d3932f95902b2c930ca3d11e7433
strategies/H008/unique_00462/README.md,323b5695c69373056b42de81b22557fee98c6ce09ca5cd1e39e2c12a0709f30d
strategies/H008/unique_00462/strategy_definition.json,7fa390494643e3e0a07fae0118a5b5413127b2bf77bc875ec1c6a471d1c239d4
strategies/H008/unique_00463/daily_evidence.parquet,6dd81c1ac1259106ccf2da5bb768e07ffe01a55cac71690e253d72f80c3ab593
strategies/H008/unique_00463/README.md,b997b9cdeb2e5811ee01a1db7700fad0286d08bcce5a19b0867dbdb950ce4d54
strategies/H008/unique_00463/strategy_definition.json,ca73dc7d11fd3d58947647588f68208dd71d5837bf045fc5c5286d5e526ee0e4
strategies/H008/unique_00464/daily_evidence.parquet,7de90b946ad2476d95e1f9a13bdbd94b4e526f5fe3c6eab95631954cc655b212
strategies/H008/unique_00464/README.md,61961d32e018342a92734c0914900325febb4d0b011f0fdfde9ef76d825c295b
strategies/H008/unique_00464/strategy_definition.json,217fc5fc8db5e9d1876343d4dbaa02df79197c0db854938d1510501ad4756c67
strategies/H008/unique_00486/daily_evidence.parquet,b4aa152b62ddd3a339ac8902d0a102b12991294ac7b78f63d890b3238f897e6d
strategies/H008/unique_00486/README.md,e5293b3545e06bb6f727ad0a657efa3cf09fe91f5ab71082582636be7338d9f0
strategies/H008/unique_00486/strategy_definition.json,12ef5838f252762fd2e6d64be1cb78f57aeec295ca1d678b25bedcfb7020e636
strategies/H008/unique_00487/daily_evidence.parquet,7d29315245d377f6e917c72bc6f832e14ca9ec795295e2aaf2286897cd7ee661
strategies/H008/unique_00487/README.md,72850f767a103bbcc49dd8ee5909d4e299dca6f8a3c49b1be05a9e9b9bc7fef3
strategies/H008/unique_00487/strategy_definition.json,b4d62564afc8f62cf2659480738f93868d4f4b618c918fb1100e760a2bd9ac1b
strategies/H008/unique_00488/daily_evidence.parquet,ebb8429ba14f80016b3973bc3a1dfe33bbefa5ff10a8d914c6041dd4a68d1dc8
strategies/H008/unique_00488/README.md,653b38cc15f0a49fd7476d855267cf4b538b107fefe239cc10fa2c688d349afb
strategies/H008/unique_00488/strategy_definition.json,ffbacaf565359f2edc7a51f1217071aa48cd6598e90700ae11403bf13e547206
strategies/H008/unique_00489/daily_evidence.parquet,019823b2ee08a592d0e53212d52778f68e06078664c2ac9127caf101af9d050d
strategies/H008/unique_00489/README.md,9976830e9bb2a0020037b7f72679241a22f022bee8503b6d3964510904f3ada2
strategies/H008/unique_00489/strategy_definition.json,ca3876fc2b7b7c51001830640c274b8df6d21df31964264b8d4e4bbca04e08b1
strategies/H008/unique_00490/daily_evidence.parquet,a78dae4e3ae9d1bcdca3043732050cd5bb97e9edc26f4e74c1a58b0ce734aef4
strategies/H008/unique_00490/README.md,fb29864a8f26b07f46cbc45c83dd49f031d45e3344e95bfb12aad9059a4e5bed
strategies/H008/unique_00490/strategy_definition.json,ee8562521bf59dd8577503e030f0007623e3bf20145e6b875f69d4677ab55212
strategies/H008/unique_00491/daily_evidence.parquet,2a3d04165ede02fa480632f44d4d52471db7af525cf1aa34b286e8507db0bc4e
strategies/H008/unique_00491/README.md,29e1db23d52b97d9d5296830f5a0ffa3c2b1bd9a25c6e3d53f12bcedb5fe6dfd
strategies/H008/unique_00491/strategy_definition.json,b9d9bd051bb386672bf5b3226f66c3286164edefa43e1c7d40fcc623af74da14
strategies/H008/unique_00513/daily_evidence.parquet,82ea33d403233e1b6639e747d0f789d0cbf745c5de545271e2b8ecf7e7b36342
strategies/H008/unique_00513/README.md,4c5cb279c4d8e4e6032db082a77ed962b6615b1971fa5e50c39b75a21bcc0d20
strategies/H008/unique_00513/strategy_definition.json,da826f013cb7114e2afb7525542da186c2bcf7281cf19ff613d52ac2dab855c4
strategies/H008/unique_00514/daily_evidence.parquet,0dd370c20eb7a8c8559cacabe3fa2e01ffa3d82886f2be68a099b2e988e978d3
strategies/H008/unique_00514/README.md,00b05278e15ce669131caed402952edcb5c14b075006361fb00bb21015026eb2
strategies/H008/unique_00514/strategy_definition.json,cf1ec8d24de29351c1b1d9af6b4ed3dbb8ad72f26b889dc2ef4f57b8ebfc3ac5
strategies/H008/unique_00515/daily_evidence.parquet,d0089e83a062f56b2a29c9d24ee0776a6466f9e05fd5d04bf3056b7a9514cca9
strategies/H008/unique_00515/README.md,b29eb506bb1072f13030c3669eb612f44e2219be877bb3df858b063f15f0eed8
strategies/H008/unique_00515/strategy_definition.json,f314fcc434ecdf2cec034fc8c2cb69c20fd6f65f221b019662caf7ac04c6eaa2
strategies/H008/unique_00516/daily_evidence.parquet,17a25ca101dd92f318ae2e345c69e91cc559322ec66e1a12f192ff18a7ff60af
strategies/H008/unique_00516/README.md,efb54d9f62a51451d369fa1867ebf0f6408ed32bcf79456ae774f1a44ff716de
strategies/H008/unique_00516/strategy_definition.json,823ade5280300d24b694112290493a2fc012e0f4a6226e7087b38a6e9852fe04
strategies/H008/unique_00517/daily_evidence.parquet,d3f1b252ee01c0554256a13edc0c924a97d6dd913b2d01c0f899f606b4028178
strategies/H008/unique_00517/README.md,4effd1b5da8b64df25bc4abfbba5837f2f7c753df31a9813b1a07c37cabca346
strategies/H008/unique_00517/strategy_definition.json,5de8d97e787fb6b6f09f5a8d0827e2cbd349ab27f650028250205d04b217cb0f
strategies/H008/unique_00518/daily_evidence.parquet,c2db52d6b857c003c3bed81f9032240d457c0751892441436f100c30b61f81c1
strategies/H008/unique_00518/README.md,1e55bebe34693cfffbfbf12129553779418698891a21d4b676cb957950dac3b4
strategies/H008/unique_00518/strategy_definition.json,a40303160cddf0c6688aae0fffe562cb1c56c43d867166f0e044d106b474634a
strategies/H008/unique_00540/daily_evidence.parquet,0b790c5942e1258ff1eac59c15150cada1cb912df2d824003ba7cb4d70e601a3
strategies/H008/unique_00540/README.md,6fff1b4774441fca646c6a988f9932fb1c9becf406181f8b92f5ee2dde0d75c7
strategies/H008/unique_00540/strategy_definition.json,4a01696f958b35d64da2d6be47824c0eaa94baaccbc602fd8de158589cb09dc8
strategies/H008/unique_00541/daily_evidence.parquet,3476a9347b184af4000bdbb775c77eb49143fb195565286d72eca7a462170bac
strategies/H008/unique_00541/README.md,fd5c87f670fc6c60152456976dbaae75eda4d69a3ff32ad703628495838613b7
strategies/H008/unique_00541/strategy_definition.json,ee0e2fed9add89202ff98dfce8042b4b0f1268ce3c44a3e8bd5aa1930f396483
strategies/H008/unique_00542/daily_evidence.parquet,27b9db4a49f98626321aa4e29ba0a186aacddf43eec7296f2f53239e3df1481d
strategies/H008/unique_00542/README.md,238dc69a903f95f76819d44f01eb5ac028c4d6e55450be3a24faccc7ef7f1aca
strategies/H008/unique_00542/strategy_definition.json,510a6bcde0495ac8dbd3922d8f3336b8ab5072816643647274fa08c35552243d
strategies/H008/unique_00543/daily_evidence.parquet,0b0cbca395111e830c1f798a7539d8de604fffc0210381d7630f4ac7cf042a61
strategies/H008/unique_00543/README.md,16ac0ea2aefc46bc4bb20672b4b8cadf6ccef3ff65765607cbd6c105725ee499
strategies/H008/unique_00543/strategy_definition.json,932c6d3e8715ed957676190c0c426841cbfdf2507d05bfe1d5605004f7e16d04
strategies/H008/unique_00544/daily_evidence.parquet,1ac5c8207c4673117ccd22531d89bec03158020ee7c2db0e5af0a7e4635a9a69
strategies/H008/unique_00544/README.md,149ec49c403828ed3a580bc5aab84115e7458f973e914f00df6b2ccecf8bb12c
strategies/H008/unique_00544/strategy_definition.json,ffd767919dccf625f9b8697deee38eac243e9ae0e6703f0731d39cb9cdd9666b
strategies/H008/unique_00545/daily_evidence.parquet,61a935437259510450cb893aee581a54754eeffebd8adbad87ca7ccf628b181a
strategies/H008/unique_00545/README.md,1ead81d692b9c5d606c0fb012e299fa83bb27fb505c611d5a699593b19f6afd7
strategies/H008/unique_00545/strategy_definition.json,41b3cb5d1f24082341141922cc1ed346362d5e8f4f254ab556a02625b2ab2a3b
strategies/H008/unique_00567/daily_evidence.parquet,d7afe27f0e779e0a338a9c5485a58b8cf64c884cf86dc0ffb97b70ad3cec8103
strategies/H008/unique_00567/README.md,e0a75f3a608a9919bc3abe93100a0f27233cb287707c8dde0549d521adc0d260
strategies/H008/unique_00567/strategy_definition.json,515cef4769ff4e260abaa5d3bc8ff990a1b0a80fb8ccacb95c35338491293085
strategies/H008/unique_00568/daily_evidence.parquet,ff4431ef44fd9a9a4f9df9e716ec0566f98fd2b957c5eddfca176b4c8a245534
strategies/H008/unique_00568/README.md,e1a31599f575ad8e5d3072f0203747e5ea59bb171ea343b3a7d880b06f8194dc
strategies/H008/unique_00568/strategy_definition.json,a0cf79bb3b7df4ed1a0a980a8be77a832f09bda8f8690ea8fe07a84def1508b4
strategies/H008/unique_00569/daily_evidence.parquet,51533331394976b04f30bca4f85f36041f20fc9469833a6a572367bff05fc386
strategies/H008/unique_00569/README.md,6128f5762f6ffa074da5f403667f2423a557264a5cb2c4ffefa5960ae3e06127
strategies/H008/unique_00569/strategy_definition.json,47e9aec45b4a0a3b88eedd767a54969833a33f838ade5c00694062ffe64628dd
strategies/H008/unique_00570/daily_evidence.parquet,f69253cbda4641ae76430829ed07bc340a4c4c27e25c7d3fb34806236bc25015
strategies/H008/unique_00570/README.md,5a5a5233a67bc2f65e30255a0708b4184f75522ef4f29e518138ddf010ab5f00
strategies/H008/unique_00570/strategy_definition.json,66a8ae0075703e215fad73d82d27926ef3ade9264a4a94f8fdaeccd40d332d24
strategies/H008/unique_00571/daily_evidence.parquet,bcfc834edd80c8238f74ee50d6eeff2316785bc65fd161164f5bc6ddfaf8e79a
strategies/H008/unique_00571/README.md,8b7b2165cb1815f68dbe83ab896dd20b5c53907705d1f29e9e2c26e06e877ecb
strategies/H008/unique_00571/strategy_definition.json,0089b45f28eb2c3d9fa568fa2309e831739be2ba614d1416fc5bc6b842b59836
strategies/H008/unique_00572/daily_evidence.parquet,b463bcf2d373c9d17865ee24c0c856a42ad37991aeb74221070ef1aeedb34551
strategies/H008/unique_00572/README.md,4c7a4ab72d6db949022676cae2abcf994c53c0a1aba5ef3088585190f28c50e4
strategies/H008/unique_00572/strategy_definition.json,516d9fd0f1d4c4b42577c37847515d4a9ba3a3084e56b1db41c803ab489fab27
strategies/H008/unique_00594/daily_evidence.parquet,f1d0f2664ac2e1a4ee91d0fac55a1ab52644a4a4bd3594c58906c4bc077c1610
strategies/H008/unique_00594/README.md,b947d168e05253a5435fe535d52b302def94072bae69b3fefc7bae61f797698d
strategies/H008/unique_00594/strategy_definition.json,91d399e41883ec754a4d495a15a564a591501601c04fcc93f3fccf778cfee9cb
strategies/H008/unique_00595/daily_evidence.parquet,6299d3fe167240077567c5d0f284a201834ca65440aa3ec33d6bd2f8f4fa2ce7
strategies/H008/unique_00595/README.md,181fb20468fc0f44c06997bd013a646fab69f64b5bc413f365a7a57b080fcc8e
strategies/H008/unique_00595/strategy_definition.json,f3f36bc3e3ea2e00b07ac25ba36586618151206982d10bf9787a6ce877a017bf
strategies/H008/unique_00596/daily_evidence.parquet,663ad6d3cb961532aaf4ef32174f3b953d8b23eaa39f8f20403e5492c8df006c
strategies/H008/unique_00596/README.md,1221db9dea7e55a5328b32b3112f8132afe9512ab3fde153ad28d68d620432c4
strategies/H008/unique_00596/strategy_definition.json,ba1c88f371d2aa781c9db1682e46ced5fc158a6a50403ea1b0587ee726e2b623
strategies/H008/unique_00597/daily_evidence.parquet,b04bb84584761937163695d67ec6f8edc20b7e01c1f5d193184a024d5db4bd7c
strategies/H008/unique_00597/README.md,2e8b5f608eb0ab4cdf2f84aa72e71967e7b10911de1fc7161c759c44a664d674
strategies/H008/unique_00597/strategy_definition.json,52cf4adc4e1ed49c71872eee614d966589be4a9f719aad3fb9f39bb86bd11316
strategies/H008/unique_00598/daily_evidence.parquet,34756c02a431cadb086a5b1fbdd4e0ec43d20af9d81da436f4abf4279bc41d2a
strategies/H008/unique_00598/README.md,6c682f66edd50f0fdd7c58e523ed5113e90bb2803bee41df19a4ebe9e1b51f6d
strategies/H008/unique_00598/strategy_definition.json,dedd8dc7cc638567f14124c3288e19c4f4fdf7f0766df1baa078ca05717a7be1
strategies/H008/unique_00599/daily_evidence.parquet,07b7680d03e981fa1b0a1d185c12af82718013f791f0dc0054036fd1eb3f455b
strategies/H008/unique_00599/README.md,6ec219a971525c3e5f1df59172ab2c81b0328068120710e7e5cc1a9cb1d60a49
strategies/H008/unique_00599/strategy_definition.json,b9f6d7a794ebf053552be94b2ba2f10aa77b7b0ddeb2cc73188069f2a097a40a
strategies/H008/unique_00621/daily_evidence.parquet,2204dee91b140e880c0ce70836395b6e08d890370ced47761686f7e07145f77e
strategies/H008/unique_00621/README.md,90c9c8e8def49530bb9b64e9d9208f4b35ff101c5574fd704255e4f925e87679
strategies/H008/unique_00621/strategy_definition.json,ebb82c9d70e2e3d1d7f6a0994c04b517e5836f6bbc0c40c426ff829cfa2ff42f
strategies/H008/unique_00622/daily_evidence.parquet,d1b772c67e46ec78ba2b06cb4592e8dda6285f0703efa9ff958d629b93ae8b22
strategies/H008/unique_00622/README.md,d01ce56996b52eacaf8f13eced9d39b952855cdb90f68c705506a08dfb572315
strategies/H008/unique_00622/strategy_definition.json,70420595685fc835ddc45f52bc36681b4bae11fd8ecb2b10a15789463efc1465
strategies/H008/unique_00623/daily_evidence.parquet,d90d95a86d1f7d7fe8e948deb5f1f74cf4b71b8454657d6c6936d1409efb5b02
strategies/H008/unique_00623/README.md,0eab8b7b66834a149e625345238afb204180106cb4a9d8c19d3b23cb4b4262b1
strategies/H008/unique_00623/strategy_definition.json,77bd3ede9dbd15617f15fa9d53080a70e2debf4eb7de5288b0eab7fc68d39ab1
strategies/H008/unique_00624/daily_evidence.parquet,54982a172b97adf80e416358a8acfdf4678d0350b8d519a5ebb5fe31a52be4d6
strategies/H008/unique_00624/README.md,dd5862f17f4b095642a1839e681bd393a888d31baf0a4a694827c94747f95f9e
strategies/H008/unique_00624/strategy_definition.json,0864ef97f17c3f3c581bdc920c4d16bd45d5d95ad5a353a7f3e0b8948ea821c3
strategies/H008/unique_00625/daily_evidence.parquet,acb16cd3b07393e0d59973a0418ad606cc511b19a696c8bff4f6e47b31f40601
strategies/H008/unique_00625/README.md,19fed212569d9eb371409e4becbafaaff5726758e3d762a8044c0a3fc9e8c93e
strategies/H008/unique_00625/strategy_definition.json,fd637c16c9801e9b49e08f8ecf45efc5985f419f8fa8e1110e5f06b7ee4cfd91
strategies/H008/unique_00626/daily_evidence.parquet,9cd07187fc4912bc3cf0956a251f42b4d61b7f71e0f5f40ecb6d12a5c69867cd
strategies/H008/unique_00626/README.md,29ac9282396b97bda5b691d12f13e968e2f48ae5242b75405ed9470ef9d3fefe
strategies/H008/unique_00626/strategy_definition.json,f2f11fa03c0a93d4940133ca8d0eb114678d1522696e7e441b29df47f94eaf6c
strategies/H008/unique_00648/daily_evidence.parquet,79ef0b1e449d85949a5e185e73c5623eeb72dde10319361c3cd0c3b23d689cca
strategies/H008/unique_00648/README.md,ebdaaf42e4a778b8296599aaf12bbc3bab356802153a7e50f123b1e549263c32
strategies/H008/unique_00648/strategy_definition.json,fbcae5005dc34436fdb7d9e6f7c84875388809c44771198a67d6b8fbcbadad10
strategies/H008/unique_00649/daily_evidence.parquet,250ae75fc5f7a5dfe87948fe7d33efa7e74728e24de92430a258cdd53b571b03
strategies/H008/unique_00649/README.md,ccb1fb9d0626469ab6c99bc81fecb041355f61da93894ad8a0d7caba2895530b
strategies/H008/unique_00649/strategy_definition.json,38ed89f3ae43aa202fb496c4c8d037ae27dadf6d04dd47eeaa23ccffd4af53d7
strategies/H008/unique_00650/daily_evidence.parquet,eaf07d8ebd10e06f0930b7e0d29607952ea7ea2722ffb7977904d503cf1305c2
strategies/H008/unique_00650/README.md,1bf8009c981dde5c3f0d81a84dc68adb2fe8bace0cd2fa40016af775fcf6dc75
strategies/H008/unique_00650/strategy_definition.json,314c99629b6a88fb54484317fee1a4a6071db7ecd316c03d5c522aad7bce1cb6
strategies/H008/unique_00651/daily_evidence.parquet,137be81bf7c5f1d84c228136da80798a12898a63840f60d45dcd031718254ec0
strategies/H008/unique_00651/README.md,b17dae70bb2200bbc12fc5c8b594a6afd0f6dad12db9644e7e796d75fb39ee8a
strategies/H008/unique_00651/strategy_definition.json,07eab56ed3a22f43eaa288c119ccfead29de5061a1908397e9577602857c5f27
strategies/H008/unique_00652/daily_evidence.parquet,b7188e46ed180de5a79661cf661daa45766b53a0b00f95a6626f062d6181ebaf
strategies/H008/unique_00652/README.md,a7c2ed69fca94f4f133dcabd903462544102fc6895d11ce0da5c3ca010e45167
strategies/H008/unique_00652/strategy_definition.json,4bfb97b81c9732294bae5e743d9c1071f7d99227bd4ceae1e532cf957f7d63f0
strategies/H008/unique_00653/daily_evidence.parquet,3bd3ef037095f35e8105608139310a4be80188e8a0a45af8e56dfeae6b59fd03
strategies/H008/unique_00653/README.md,d62abc688f1683a0a2935200bdd163e1b6d7522ef95ae8575349255c7e47e490
strategies/H008/unique_00653/strategy_definition.json,06e1f044b0f5b5045ba9c2c37db7158bff987ad8e7a928a92662fe94cc7eca9d
strategies/H008/unique_00675/daily_evidence.parquet,59105c317123c34f84906ccb2f61cb778ea027f4e90e3a3f21f5503815ea1289
strategies/H008/unique_00675/README.md,d7f8f51a99e07133ccd476a375ecb3e448d6df4adc573abf8468105ca11b8553
strategies/H008/unique_00675/strategy_definition.json,e8838733fd5652e6b7621ea2cc7be391fbd5b3db6ab39f901412fe3381e2c496
strategies/H008/unique_00676/daily_evidence.parquet,421b53651a648643fdd9d2ca88850f32407c4b464f53ce4e3f347190b95a51b5
strategies/H008/unique_00676/README.md,acbfe0a2498d5893872b0c0bb618eed41b96ed5ac53913ff66155b49d689912c
strategies/H008/unique_00676/strategy_definition.json,c562424386da290845153974c940c344568fc02ca6f748fd5a0b7370ca4d5b4f
strategies/H008/unique_00677/daily_evidence.parquet,47af0a1d99ae9039e0bebd9ddb98eeebfc060350cd682ac346dd879578e37625
strategies/H008/unique_00677/README.md,849a664d1fa3d71fedb6aee8b91279b8743280c334d8ea737fb638c7eef67487
strategies/H008/unique_00677/strategy_definition.json,af9e3cb47805a8d886b2d42e78f7139250095d89a4921325e98e6fdedf835406
strategies/H008/unique_00678/daily_evidence.parquet,28e6711e3656892d740c0d36860a9127507cda9a5d9c69e65e7565adf112242b
strategies/H008/unique_00678/README.md,d987243553601b584f7966def37acb302996e398f3cb4b3d4703c62740700f8a
strategies/H008/unique_00678/strategy_definition.json,90220bde6550404d53872b1b7e1955a5978cfcfb6abce7aaaf9fd598163c05f7
strategies/H008/unique_00679/daily_evidence.parquet,5f690d790dbabd2ff920c153d7e779723ce1854c9ccb84680268d16914eb0813
strategies/H008/unique_00679/README.md,2b71c560cd695478152b5bec4938adcf1bd0f8a828d950d9c4f8710b24f10237
strategies/H008/unique_00679/strategy_definition.json,328a8efd8d7d793ee2d8b016828aaba91dbea74419ae626c4b1949721688dae2
strategies/H008/unique_00680/daily_evidence.parquet,796388e83b80cd6e93eeb18934e37dc1a6eb5e94c3d50fe1ebf83bd28d8aba6a
strategies/H008/unique_00680/README.md,d112334303b2953dbf513b11b25392f1d4b588fd4d00987ae596b5554a229f0b
strategies/H008/unique_00680/strategy_definition.json,c72b3a6e66e2a52f63f5d9ccd98903abfad4baa805a35746730786f50eed13a9
strategies/H008/unique_00702/daily_evidence.parquet,866a04ba579f55dbcb31d949dab57e6c9cf2a81bb2033244a1e799515879ae79
strategies/H008/unique_00702/README.md,08256ba2a1780ccf8de74b440290576b46b338b3a8f2fa1b1fbd6e3f8499b9cf
strategies/H008/unique_00702/strategy_definition.json,774fad769d9907c56ce560205de9876605b4ca645cf70978eead985a9cc96d3f
strategies/H008/unique_00703/daily_evidence.parquet,bda31d8c3cafd92a4c05c75f94fe6ca71f3211ec9e8e62e3423ec7c87aa5b8b2
strategies/H008/unique_00703/README.md,075cc780ff6d3eda73b66be979d17748a7490aadab2df32424b53d2f4eb22ac5
strategies/H008/unique_00703/strategy_definition.json,e6845c4ccc37a2996410985213c917951654974633346b7206fd20c274a486a4
strategies/H008/unique_00704/daily_evidence.parquet,3f34e0dad6fa6bc80c9b0ff4f3112217c9aa7590a0204ceaeaf45ebf21b9d608
strategies/H008/unique_00704/README.md,d17f3256f7032c5d52c30c7c8c48a8e6873a96bdec46d36aed0548ef9be43249
strategies/H008/unique_00704/strategy_definition.json,9dc1b1e48f2d8ffe390e82d500244e3e9d3b202f0b4e68bba6fc74f82a9b4aaa
strategies/H008/unique_00705/daily_evidence.parquet,0937a21d1661d5e40db1322b707af3d7ad36de592e5dce871408eac4cc9d9b3f
strategies/H008/unique_00705/README.md,7a349f7df87b01e34887f7ee0a153231622239e256272728067124342a724d12
strategies/H008/unique_00705/strategy_definition.json,4ffd132d953e58b73e7c9fbf55a159c2ea04400265a006aa7ef9e084f71ead79
strategies/H008/unique_00706/daily_evidence.parquet,d877d2ab5bde4bf905015af4913126d8b851256064ce47335d97ead6d0d4b8a3
strategies/H008/unique_00706/README.md,1c7fcfe92c595e89bee90f811996e61338ac4e4e8587720819460272eb4404c5
strategies/H008/unique_00706/strategy_definition.json,3ef1459648d5bc71f89a090218ca16fe8459c2f0d99b1fd91e46a918443b108f
strategies/H008/unique_00707/daily_evidence.parquet,fa3f0c86288cba1f6531315cc909c8634fbaae0b7a85f734e449e11a9a697360
strategies/H008/unique_00707/README.md,503bc509999ac68fbd476f4361ffd8b20b53c6c38e2aea170d17477b5e546716
strategies/H008/unique_00707/strategy_definition.json,0eb6f9316d7a3873fea21624e0e0d169d7f69c7bcdd162bfae2ab809d316cb17
strategies/H008/unique_00729/daily_evidence.parquet,bc4c7abdc40a4f9d383dd47f5b8bdd7bf050941bf52e02376ef17d43d7fabfd0
strategies/H008/unique_00729/README.md,2dc9a90545d436f9009627cee73c698b3a7d9789b66dab7bfda43e02943d7ec4
strategies/H008/unique_00729/strategy_definition.json,55d7f6dc3199016f481535fb929d01705b4261512cdbf48fd5fe0917fdd4d920
strategies/H008/unique_00730/daily_evidence.parquet,09b03b67d261ee73fa684c70d1bb61c1c2e3346f6056f3e691642931812e5dd6
strategies/H008/unique_00730/README.md,fdfd236142b210d80f6d01006a1af25467ae44cdd533ad8fb7f7242926a2d3ea
strategies/H008/unique_00730/strategy_definition.json,6b4f9739068f8a2e1cdedb7db23896425b52ea97b2c5142878bdb9acd92d382a
strategies/H008/unique_00731/daily_evidence.parquet,a150defe0ca61c4a9cfafd55f00ac7aba1d01eb9f4e8f66ad1dfdc5b97122e85
strategies/H008/unique_00731/README.md,14d30dbb324d2fbb5d4f25ce7f7bf1abfdb7f00e6ae2bd4cb48317e313c30842
strategies/H008/unique_00731/strategy_definition.json,969f56d64cebb47c64bb7fbef6606af5bc5d296bda52216575e3673eec2a3e9e
strategies/H008/unique_00732/daily_evidence.parquet,75fc077d356611f545a13b9b23765f9955190e2ffe8a6c3937b7a6518477c053
strategies/H008/unique_00732/README.md,3c02173afe330e893508f50c51d1a7250b95f7dc3a63c664a319ceff58da1829
strategies/H008/unique_00732/strategy_definition.json,9e9c3f74363f7d2c3f10b0b12cd1924c24c46bc229b10c771d6464d1b9596be2
strategies/H008/unique_00733/daily_evidence.parquet,bb5de8a89373c6f0b8b2793493fb06309df73a0a08bc381999e919e246508edf
strategies/H008/unique_00733/README.md,78e24ede546e9b8631d35eeff557bfc3c3ebcfdbc0e70f66302188b356847ac8
strategies/H008/unique_00733/strategy_definition.json,d134dc7dce97b12b6c0e889bdd1ed4424c8730dace8ae2f97f627f9ac72deb9b
strategies/H008/unique_00734/daily_evidence.parquet,82668c37e05cb2779d70e0c3c1d8afe071009390c7374f16225cf606ebd3a009
strategies/H008/unique_00734/README.md,039a0e9c4adb21a9877de7393dfb5c5648a3115c1687bf4abb71dcf9b32031f7
strategies/H008/unique_00734/strategy_definition.json,b53e01ceae87ef84b5ed257b655d03b694d45f9ca59c19e5f8bbc0e2036447db
strategies/H008/unique_00756/daily_evidence.parquet,d644ea519f0686acb116f77f880348cedd90c4f121bc23f7653f9ae4c3c45be1
strategies/H008/unique_00756/README.md,7b2fff88c5e086aac222770df768cdf7fcea71ecdd966eb04fbf55a103832c75
strategies/H008/unique_00756/strategy_definition.json,2705fe7ec5145a32788202dc5b26cdca6d62e5178cf177ad0ae5c3034376db41
strategies/H008/unique_00757/daily_evidence.parquet,8a88f5775efbaee678824b11e5d9bdcbd35223f55d8cf8639b8110d2afe11b12
strategies/H008/unique_00757/README.md,73d2c6284976f17553943366e1596de28c60d931f59661763669201317ad584a
strategies/H008/unique_00757/strategy_definition.json,3fc9d39f56e221e471d467e31a6b4ced0c7244f18daf66cace8850bcb7b1f4a9
strategies/H008/unique_00758/daily_evidence.parquet,71191cc4a30a46b8f0bd6220d3419236f10e4fe82e15b8707807a57787b05e2b
strategies/H008/unique_00758/README.md,9d8c8a1a39558366692ff888df8267ac41b9746959a8f6b40d0f4b0db4252e18
strategies/H008/unique_00758/strategy_definition.json,07592d828e1ffb251beb021852f0af1abc4de794cbbd4252e0cf3c35b81a8432
strategies/H008/unique_00759/daily_evidence.parquet,39cefe25c59254155e346e35a0d003ef076602df9e28b93a2bb0c14dc374b563
strategies/H008/unique_00759/README.md,23a69c4625fa44edca20917dd7edcb6ee30d8878ddb13e19e48e0b864371fc5b
strategies/H008/unique_00759/strategy_definition.json,56e9e4783e3043b50d8ea43b6b6ce2349fc651c9af082762389875632494b2a5
strategies/H008/unique_00760/daily_evidence.parquet,e87b8b666f71e11c5dbe644dde2dd9534e0b5b4513790a4ef82de359e7fe5e30
strategies/H008/unique_00760/README.md,605ca79e856ca80bb6c7ed12479c86d6790859a086ea33816dacd2dbed067c47
strategies/H008/unique_00760/strategy_definition.json,a977049558014764c97490a276d34c18f754e84b2a1cc27862f819d51f55c53e
strategies/H008/unique_00761/daily_evidence.parquet,0f39efcb7d2935c4d7d2ab5fba17cc1ff347ab70f5af28e7813a0a70086aef5e
strategies/H008/unique_00761/README.md,a75139bf6b7d7b3255e274da67079e5f644bd5c46fc544a4830dbceb60ee7730
strategies/H008/unique_00761/strategy_definition.json,8d181aca0aef26af824c6da3028a85d869907f3fa8848776727a2fbaca3bd692
strategies/H008/unique_00783/daily_evidence.parquet,cf65b2d4ae143ad696a48dffd326c9af8a38e4a15c0b5ac559c764ce0b63b8a7
strategies/H008/unique_00783/README.md,bddc9342b6c9c5f5059d4ac69111e5f9fce3255b6ad1c51c30096f7f1c5db96c
strategies/H008/unique_00783/strategy_definition.json,aba8e5a907dec95bf33d711bf905aff3a7f26fc0d54584c26ce27037b644b97e
strategies/H008/unique_00784/daily_evidence.parquet,e6a25a7161d9b3cc555d927a5f0bcacf5c5ed53e40715a567206c4b107fdb80f
strategies/H008/unique_00784/README.md,e6df82db4c3d03e37302e82fe847ebc7885b6670d96f236de08683f7523dc688
strategies/H008/unique_00784/strategy_definition.json,2176864ba7557976be2b91e4778373bc96ebe3c539f502b810b8770aae0ed109
strategies/H008/unique_00785/daily_evidence.parquet,bf32784b3e96e7c07b2e77e673df45301e6110fe9fee33338fb02dea1cbbaf74
strategies/H008/unique_00785/README.md,3d984ea215954f0b9b9079260885e9a077ca365ed294bc20addb2c834cb7aef9
strategies/H008/unique_00785/strategy_definition.json,450f6af973995efae69c8f5f2e21bfbdb6332709f3993191ecc14dd265374431
strategies/H008/unique_00786/daily_evidence.parquet,fff1e30d1ea0ca620730cd27c619cec3a4e25c78f27edf881959fdd97d5ed0d5
strategies/H008/unique_00786/README.md,b81d6b2ca2366961569aca133339e18bfc8486c40418567ce662ba2113c9770b
strategies/H008/unique_00786/strategy_definition.json,07f2c4497adfe3d86054f185c2da5e6dd6203e94d7ec10606b2ba0b597045ac5
strategies/H008/unique_00787/daily_evidence.parquet,ea7f6f91ff53633973b89d67a84ac5a34df49f055cdff0fa9b11578e5660efa1
strategies/H008/unique_00787/README.md,fa35de95c106f5c2542e8fd0a11828de8d239f2c6ce076932dbe41621f96fd9b
strategies/H008/unique_00787/strategy_definition.json,29a656ee4c441ca4807c67762ccc316228e64c40bfcbeef6f8ea737e85067651
strategies/H008/unique_00788/daily_evidence.parquet,18af1d5ee526e68d67346665d122d5b9d3acdb822d49dbcca81a5b88be44492a
strategies/H008/unique_00788/README.md,df026a655164931a3bc4dcd5f461c5f4547e3a1339ccfcaae4f0c3551c522d3f
strategies/H008/unique_00788/strategy_definition.json,f6ecaa2e31c8ebb81db7505c4f6ca2f6869d79171548ea91a7dbdb3c38d7e134
strategies/H008/unique_00810/daily_evidence.parquet,11eb1594039710ee8303347327eb44c24bb90430e52bd0ca0c5add9a8c727dc3
strategies/H008/unique_00810/README.md,d624bad4a4073444cd7a97294ddb8a1bbbcecfcd37b3487f5a3fee0659f8cc3b
strategies/H008/unique_00810/strategy_definition.json,d2529e86c81e91e637ad167c38927893045b99e0e974caf3183689682d634781
strategies/H008/unique_00811/daily_evidence.parquet,ed5cbe1e1c1783b34af58bead958218186ae6e4d40b70e16a64f3693ff052aed
strategies/H008/unique_00811/README.md,a8dcbf7478fbe3019e493704b28076a4360741dd972706a4f5b16d32e0013d2b
strategies/H008/unique_00811/strategy_definition.json,7cc48a8811dbd69a390e1df8a2c25003be43c7a5e4510cb867172e7efcca827e
strategies/H008/unique_00812/daily_evidence.parquet,7a86068cee52c2603ac2e577cebbec4258645a6c8ee53431bc02ee995d06cbb4
strategies/H008/unique_00812/README.md,add1db4218c037148aa5297d12faea539a8f2c5809d949e1aef34834ed614340
strategies/H008/unique_00812/strategy_definition.json,0382bc1075a602b9eee4448b4f2687cd76dba76164c10a7fd5af3c2b00eb5e49
strategies/H008/unique_00813/daily_evidence.parquet,0745dc57b76f615177d9e826f5fda0c786b49af06a4741899654a5b87f2276d0
strategies/H008/unique_00813/README.md,9a0b4e4aceff569c76c385680892083276b123bf214efc39f7a6acf7659c0be7
strategies/H008/unique_00813/strategy_definition.json,e487a344c7d2e9789c2422bbf7c9620b177976d218befcdf8874cb7d033d30b0
strategies/H008/unique_00814/daily_evidence.parquet,ec571e228c41fe86990bf200500ff5aa3ba470d0362ea740278a12fb46c9bdd0
strategies/H008/unique_00814/README.md,513137e6414fcd307073f50353458032eee5f5cc9f69226d101d92f9558cba75
strategies/H008/unique_00814/strategy_definition.json,bf1ed1cd41c23eff7bb57b9942386e7124ff4fba2c5248900a91ac6c615dff80
strategies/H008/unique_00815/daily_evidence.parquet,342f14cfdf6914b8071980eb99ff97eb6942940a4f3e45a7c9f57aee5bcb4e18
strategies/H008/unique_00815/README.md,2613f5ab49963e6d2075d91a2a7ca6bb8e7b3c7bacc1399a004a6089a86624b4
strategies/H008/unique_00815/strategy_definition.json,bc664e127a2f4852891bfacb0fd97e4b36a083c14411ec5786c0caa0f908f798
strategies/H008/unique_00837/daily_evidence.parquet,c9588f1a3e9f7a450295570c57cd72611190df8000bcf53f883b2ec5ddc520a5
strategies/H008/unique_00837/README.md,321f12b4fe270ba8d55f38a6a9f03cad39e5fef8dd9e0ef9fa379f980fe0650a
strategies/H008/unique_00837/strategy_definition.json,21bd3bef41c398be139fe05f145eb825c60505f7ffa1943e728a4106c43abbef
strategies/H008/unique_00838/daily_evidence.parquet,5d38dccfc75c85a3391f0f5cc97fd55af7d1d794d4108aae9e361cecf89b4906
strategies/H008/unique_00838/README.md,cccbe5386b68a0c0677c190b20e346d569696a231a4cc77b7f9cb4affdfb20a6
strategies/H008/unique_00838/strategy_definition.json,4c849b113a1a4c835f3446f5f35912cd77452ddc63250f55493b5e6c7ec98e6d
strategies/H008/unique_00839/daily_evidence.parquet,623bb2f5ba97bb95a086d650865143576545560cf89e3e89286aae4cc2ab4ad6
strategies/H008/unique_00839/README.md,d6141f93b079dada203010defc8727bab13c00fedf38d94c42e6520eafc65681
strategies/H008/unique_00839/strategy_definition.json,c871c94c5332791db34439ead89e28d81ffb9ff229f740a41ab8025f6ea90063
strategies/H008/unique_00840/daily_evidence.parquet,f9ac6b0ec2a1f16d3bc4e11400e015ba5d9be718571f97d4c9c6e680011062f5
strategies/H008/unique_00840/README.md,adef714a2c42b1d78e7c0c92930bb9acc1aa9bb8b692a6997ec61ff9532dad02
strategies/H008/unique_00840/strategy_definition.json,e611203accc67793930bd8686c00fa38fff248fad4127f632e25386dcb111ed4
strategies/H008/unique_00841/daily_evidence.parquet,19a4388053edd57fea32b0b1da1d27f9a22d8056e8832ce2e21d8781234e4f17
strategies/H008/unique_00841/README.md,5d6d71b42971d21933057d22608088ceff66061222685c334c5b85c4146aaf8c
strategies/H008/unique_00841/strategy_definition.json,1498ae26ac9f50b4b4b27a67e0d492ea65324217e077d18c5480051139c109d1
strategies/H008/unique_00842/daily_evidence.parquet,53554d5bbfb52621aa07fe6482333e73a0ed0d5d8af27933d22fcedb32973f9e
strategies/H008/unique_00842/README.md,1b6b07179ee369fa5473ceffb9d9d742300e8b9f5ed2a7557207553cf944f993
strategies/H008/unique_00842/strategy_definition.json,393ec4bc87b8c95c92e38e764eb04127f201c2d9280fe0f0159ce17b99ed3105
strategies/H008/unique_00864/daily_evidence.parquet,441d75e649f88253cc0a571158a748742ffe3cf57c77fcd10f326bf2cb89a919
strategies/H008/unique_00864/README.md,22d3f8456cc5d558d4a52434dbff8eded502d565e72d2eed2aed6fb9d1a4d5b9
strategies/H008/unique_00864/strategy_definition.json,9464f89e1f7b824dcd9e01b931303bb1e3df4b59f92505e95f39c7194875620d
strategies/H008/unique_00865/daily_evidence.parquet,70079f49a3c6d6844628a458feaa2a08372e75862481e80a6935516283239913
strategies/H008/unique_00865/README.md,46d5246ceec1b9450000431c43aa9539c3fef1e59dba10cb80400f435798af41
strategies/H008/unique_00865/strategy_definition.json,3344b46ade855ddb4a8d47a59fdbbaa0335434fe66a78c588bf956e1f69044f0
strategies/H008/unique_00866/daily_evidence.parquet,11b1f7073fca3197c77dbe00450a915abfffdce81c20821ae13078361e09569a
strategies/H008/unique_00866/README.md,85ec0ae6f247ada9b2ac5c24eed58daaa4cabba69dbe6926bb466deec1e81479
strategies/H008/unique_00866/strategy_definition.json,9444575709a6563107a5f54cc702ad5939a98c54dae078eed5a3dd39266f99ee
strategies/H008/unique_00867/daily_evidence.parquet,ea19abe62383e72e5478867a4cb3d49f5bf18a242121c2b9b3c0386b5d9b968c
strategies/H008/unique_00867/README.md,31655d31403518d405e4b60a2fcf3cce94ac36486bcb6d48edac3a923fbc5107
strategies/H008/unique_00867/strategy_definition.json,1580b81c508b1814482a9454225ca7c9c8e89b844018fa5fac56309eebfe67f5
strategies/H008/unique_00868/daily_evidence.parquet,64b88f75f295f6d522eeee8c6216ba992c4ad3473ca2f9e18430077a23d6dd53
strategies/H008/unique_00868/README.md,b29a062dcbacf40aec3e201908d2185cb19b7eabbf17827ffdfcbc8dfde20eea
strategies/H008/unique_00868/strategy_definition.json,8e4110cdd5c722d3dad7070d41190ccb416f7c3f51459a533f96d4bd22e11318
strategies/H008/unique_00869/daily_evidence.parquet,1b13ffb8f08e2f91ce22a0ac3bafeb610372f6069e586d5eb6614f240c42e772
strategies/H008/unique_00869/README.md,3ac982563a9deaf2b9729d2bcb13508c84bce3ca42d054f9f71b51d5505e8489
strategies/H008/unique_00869/strategy_definition.json,4fbc62bc5f83541720c672d23f8acec5e104532b2ef910390150204f79d8ad14
strategies/H008/unique_00891/daily_evidence.parquet,7f084a9216a2fe4d0f33b4e4c319deedadc924944314b9690dcba852c9a628de
strategies/H008/unique_00891/README.md,9067c84990f364830f631e1a6e6dba571fc48e01270043aeee01e3dfb940f01e
strategies/H008/unique_00891/strategy_definition.json,3ac7c45cc5dd3192815e9682282b5c3bb6162c1d915a61fec99c3f3aa633a56d
strategies/H008/unique_00892/daily_evidence.parquet,a00b984ded5053accc76b2286b13c30143fc009688021d41296a7bd6bbc9eff9
strategies/H008/unique_00892/README.md,b96f69b7d4f68ca464ce738f8c0e6ee528398ce50ffdca0f1bc99121ecc52f62
strategies/H008/unique_00892/strategy_definition.json,d87750c1b814cdf84ef86f3cc855f87ac37ef30b5a34c0c9adb9e50ddb433558
strategies/H008/unique_00893/daily_evidence.parquet,a313f69f6ab29c5a81e37e4f3e5f7351ba74a8d30efa0c544e9ed40eed6c932f
strategies/H008/unique_00893/README.md,f0882699ae82fd96a533f129fe597f46c818ed8ff5f19bb00f6528b96fe5f14b
strategies/H008/unique_00893/strategy_definition.json,9bea31ff6e930bb67b7734403d7d9d143dc479d562a78a7019346d59da2f1c1b
strategies/H008/unique_00894/daily_evidence.parquet,a7bf2ede84c523eeb2e5d9f24d873b3126764194c97411471a5a0fee469dba89
strategies/H008/unique_00894/README.md,7517ad32e43c82c02938103126b8692287ae747ba0e00c3bd34613a5214f28c3
strategies/H008/unique_00894/strategy_definition.json,120fb435490d74ec9a1648488bf2693623d6e7e98e951078c541e45513e5e792
strategies/H008/unique_00895/daily_evidence.parquet,328d8d6944b554bb16bfe9e8f4a3dba1ff3d944159653e11f855b0ea78c7c094
strategies/H008/unique_00895/README.md,fed1e64e6307d19ac4cdaaffa581707129122ebddb5b1181c128410cd78c37a2
strategies/H008/unique_00895/strategy_definition.json,20e42f8ee22a2df8d73dfeea1198aeb4339db809e9d18ae292e0a11f04c2c745
strategies/H008/unique_00896/daily_evidence.parquet,0db9a87a343a9a0ae2adf685d6bd9103dc84fbe0df94b9943a06e7d3dae23209
strategies/H008/unique_00896/README.md,10c81f7f1e7fa39b9ed04bac7c990dfcac8b1ff9e9986bac89ee01ee3d986bef
strategies/H008/unique_00896/strategy_definition.json,f8461d95c4a252faa50fc1f14d6067f3e2ba9d1fdef5652a8ed8cd6f516193e9
strategies/H008/unique_00918/daily_evidence.parquet,e05c8667bff3755d91ecdfadea7f4c7cc26b1b44bfd434f3177a60e22bcc6c7d
strategies/H008/unique_00918/README.md,ad8b0dd8e144d8d150d0f7c214235ac8b35eacd74bb0cafb7ff12705428e6714
strategies/H008/unique_00918/strategy_definition.json,e0f265f93f92619259c3442fef8266295febf0f2bf6ce17ced77958855b3ef01
strategies/H008/unique_00919/daily_evidence.parquet,da2602c03f6448de92b037a2439b362a17c6622daa37bb0b6d95e9ab165d38e7
strategies/H008/unique_00919/README.md,b82dc214a30f34ccab8250495c12de0590c8b4624505a6d8deb6a62acdb536da
strategies/H008/unique_00919/strategy_definition.json,7d0fafc5dbb7495604581226b31b7e3e82c144c28566e90f9c754152638f0ff8
strategies/H008/unique_00920/daily_evidence.parquet,7a532e9a87d62bb8537d9b5e5aa9439518f6c5b6d5387e698d76ab9acc8b7723
strategies/H008/unique_00920/README.md,c9a1c6e38f9dab2b3dcba1e9a846f392055d808dd80b26bc31d0252d710dbe90
strategies/H008/unique_00920/strategy_definition.json,1c84d8a37fe55fdf38cfac0aa00678df4782cc13f805438ca8883ff4f7bf39de
strategies/H008/unique_00921/daily_evidence.parquet,155de1f6bf6b5a681915388110d53da490bcd183ec523e2456788c444313911e
strategies/H008/unique_00921/README.md,ae1e249a975cfb35af13367a6fcb87fc1772db1402fec49584d47a15b8668be5
strategies/H008/unique_00921/strategy_definition.json,49679f071d7bb9b66fce0c494fc333dd292ca952b1e39395c09c2d2afce87c0b
strategies/H008/unique_00922/daily_evidence.parquet,5258c80d74a225dd3c03d15af114e77fa1caf8f1aa5f354e65fa51b226861839
strategies/H008/unique_00922/README.md,84f509a906885cca25b39097cbdd4d0b74bbe5d3167fe19c78ef823aa55ac13e
strategies/H008/unique_00922/strategy_definition.json,76836af6de5d377bad2dfabb1f9c3459745fcfc06a29919a84e1a1d9cf87b82f
strategies/H008/unique_00923/daily_evidence.parquet,22998bfbeae3d0dc0afd1dad36db82ea8a31009775ab861ebbb35d062293393c
strategies/H008/unique_00923/README.md,5fccaa3f4a99a9274fd1b10d5b22c6927eb0b9e9d1dc8238ffd85df43d346208
strategies/H008/unique_00923/strategy_definition.json,71c27101c83cfbf73247882a59d07d77d06c86823d2615708698636272d1e717
strategies/H008/unique_00945/daily_evidence.parquet,0ed03d7a6193b2fba017be872da50428198c3556c858ed806d609dcae45bbff0
strategies/H008/unique_00945/README.md,1185c510de9ee133cadd716fb71f2a813302c1169c3b973a392fad03d0b3146d
strategies/H008/unique_00945/strategy_definition.json,b144e78a6b3430ca176e0ec39cde31189cfb6d1a1009c920d99bbb10a104c662
strategies/H008/unique_00946/daily_evidence.parquet,6a0dbb9d2ed0553bf6e0007a05a52c34d6dbaa8a119a2ce01bbaac5676b345b0
strategies/H008/unique_00946/README.md,d05b06e7fa8ee324b44b788fdc26b07ab767a97e4c2d2fe5a5107a1260d4befc
strategies/H008/unique_00946/strategy_definition.json,af8260f150bb89340bf3b3248702e475a91845acf2d1bfdbe9f499729311d7b6
strategies/H008/unique_00947/daily_evidence.parquet,daece84850a081a2a40ca41f26fe2766cd558853decd21882d86beee8844bdb8
strategies/H008/unique_00947/README.md,65742c4117953938905f17451cf601a5cd31143dd6216aa13d86099facaa6e55
strategies/H008/unique_00947/strategy_definition.json,b599e31e9a945adffc5f53a7b97722bc7abf67a7cc91c8b905bbebb8493b3cd2
strategies/H008/unique_00948/daily_evidence.parquet,8ed0d5e3c7d34fc8d8324bb36a0f3b17f3cb4fc4c79e8fa8c300bd41e700037e
strategies/H008/unique_00948/README.md,9c6d6bfab1ead72ff39d07432a5f6c91abbae01f60976bc17b90a51cfb7987ed
strategies/H008/unique_00948/strategy_definition.json,79ccd790d5dbc60699729652983fc93ddc77a4ef3b0c05c84d341d8390ca2549
strategies/H008/unique_00949/daily_evidence.parquet,5a6187d21da9e204c621632a7683442591db3510bcde8bea6c4eac07ac286035
strategies/H008/unique_00949/README.md,dd74a3611c6662867822df94553f385e97cda05a36b8be04c36a9003ea373451
strategies/H008/unique_00949/strategy_definition.json,6902dff69f367ce417e58f74924c4b9e642fda5125054f9694e97bb0893a85b0
strategies/H008/unique_00950/daily_evidence.parquet,f27392056d9b1a4422b20a4779c1ecb9a60f7636082652db5b7641ec8b5b2cbf
strategies/H008/unique_00950/README.md,bb5ed9406c3459e60562d2d4a8b474964d20bc9f1dafc6909278e3eec11602fa
strategies/H008/unique_00950/strategy_definition.json,fac259d77cb9434b4a222f07d163381484cb0faa17c9c33d9ef5e8b38e333a06
strategies/H008/unique_00972/daily_evidence.parquet,0a389317fbd80b807aff0ddc76ef3643c155d4a305cdcd5e4efcb166e070a6fc
strategies/H008/unique_00972/README.md,69293e273d6658a8df57006df54590cb8fc37cf3eeaf01f1221eda95ea1a9ed7
strategies/H008/unique_00972/strategy_definition.json,e3a75cfee0a8c47cef24da3041d04a0b547d09c3a8a449dd325ceb1e6f37e3e7
strategies/H008/unique_00973/daily_evidence.parquet,94cd67e2ba4279400a811201e70061118802ab5b4130e444b5bc15d5a05dd560
strategies/H008/unique_00973/README.md,28b48b715aeb3afc0202862c01d0261f59a1165cc8951155c3a1f0112bf71fec
strategies/H008/unique_00973/strategy_definition.json,ff4906e50b3faf326c1011765577a10ab99f1801bed33917eb45fd4346da7a03
strategies/H008/unique_00974/daily_evidence.parquet,ca66d5840e5e68b4c6b9ef153771ba3605d45ea1954c7dff3853aaf808d724c5
strategies/H008/unique_00974/README.md,c70d5408e5c88b842f3e921b3a55c641fe2790f4ad035e1e6a6511a80cba5837
strategies/H008/unique_00974/strategy_definition.json,1f3872c8fe140194d1a277b84c33e687b3e38ab3f51d51147b7c19e15b2365cc
strategies/H008/unique_00975/daily_evidence.parquet,160f6ec489ee6ffbe25e8f08ea2d092400b51806c59c7ddb086c8f242009bcc9
strategies/H008/unique_00975/README.md,d15601701f6ce1f57653ec552ec93c7eb2e003fc5adf712840a0ddc848f85da4
strategies/H008/unique_00975/strategy_definition.json,871384d8ed6ef4e5e00410b6a34c4cb8735199ca79e0a7c99404d48a930bc5fe
strategies/H008/unique_00976/daily_evidence.parquet,6b5dce2d8906e36cbe3297871d07cc880c44f159c0f214fd88422a96b3debe6f
strategies/H008/unique_00976/README.md,a53ebdcac9866619477b952da7d18648ced6bb17bc2e28a078ceb6857c111894
strategies/H008/unique_00976/strategy_definition.json,37ba764a8d25339e2eef9c284838d6bfef981192cd9d68ad6bec4c3b0975d80c
strategies/H008/unique_00977/daily_evidence.parquet,b561287dcb4247ca3e7756535f1eca8b19183083ba5201bda884ed303beefa23
strategies/H008/unique_00977/README.md,7485aba2504b420decc926a71d21f78b14da1521763768de1a909f07f1079396
strategies/H008/unique_00977/strategy_definition.json,2beca173a062008146e7592d9b7962be7ad2fff3315008cfc95ff797571b0716
strategies/H008/unique_00999/daily_evidence.parquet,a3771bd551920abf24d921b1d20907cdc7f0f6a2666c3684e7380a15dd1616e7
strategies/H008/unique_00999/README.md,34211b053e8e6863f53f62e31ec539d8bd35350afcb357ce665914d3727bc347
strategies/H008/unique_00999/strategy_definition.json,e73534a13988b765aaa8321423ecaf2a22c0cb0c27057db0bd401f72ca4c1d75
strategies/H008/unique_01000/daily_evidence.parquet,e0991475ed9948261f063183a7f63fa1ca320ebbecd9326fa35dec84c3a2fec4
strategies/H008/unique_01000/README.md,afdabd6ea142d8d5bea39a329d4188278bd44465c9235fe3e817f4fd2c6e67b5
strategies/H008/unique_01000/strategy_definition.json,39ad972162ece50a8f01c1b631b2986f1a84611c829f67dcc65a39345f0a1a0e
strategies/H008/unique_01001/daily_evidence.parquet,33077d482353e63c39446f71778e2c0599f02d6fd2c3406664ac6e83d9501c02
strategies/H008/unique_01001/README.md,303f2c1eea6c08f652e99f4c871dbf763490a2aeaf3377171076a6755634d623
strategies/H008/unique_01001/strategy_definition.json,952d4dd7223b7c7a697dce9c07cd716384c2aed047801c1e84c10dce08f4faf3
strategies/H008/unique_01002/daily_evidence.parquet,796f5026c6de572e845d453e00e10322b1d82cb00b8e924d7af76d0a76762603
strategies/H008/unique_01002/README.md,63d5e8d8afad744c1f412934f2a9b5f9bf7486d02b75669b403057a1e7f4992b
strategies/H008/unique_01002/strategy_definition.json,62bdf1ac8bc0d59e210aa7e690ea67681a84ba3bbd65ace8ede1006f5c20d995
strategies/H008/unique_01003/daily_evidence.parquet,cef455fb5c63a608a5665a162eec2748618b1a9fa71eca50b6b6af1a40f6331f
strategies/H008/unique_01003/README.md,bec3e279d92b309a69ceaadd4be3912d61789677b9df5e743ec2033a79247c07
strategies/H008/unique_01003/strategy_definition.json,1e02a73c5d00d60a4b91440c9e1cc382cbb583845f964d877aae5e8d89b78e6f
strategies/H008/unique_01004/daily_evidence.parquet,f9f14c2016f2cbf7fb78e188a31de3490606babe749dac6d1351a442b96da829
strategies/H008/unique_01004/README.md,1d3d5f3edeb708250ef044cc8251aafe4db8254aef8db16a2fff0e07ef3945c8
strategies/H008/unique_01004/strategy_definition.json,8edb4746c4f0bc2a14961c3c590841e81db6bafb624ccdd93bc9d46956015774
strategies/H008/unique_01026/daily_evidence.parquet,17dafa1f8a7bb861f9dedeef290cf4b04e89cc2dcd464a989073d272d5fa7380
strategies/H008/unique_01026/README.md,33053148c5c0ed36ce9e5979b2105081b162780851897941f1090007602e46e5
strategies/H008/unique_01026/strategy_definition.json,0fc18e359046bf56e9fd97056cc9517a282c4005d11f5cf364f516fe90ad798c
strategies/H008/unique_01027/daily_evidence.parquet,1f0d1982ee9d5f1a3698c18fd1d0e6d5e3ef060a06845af10c17f9bbc1ab48b9
strategies/H008/unique_01027/README.md,9e1c55ca1b60441a2a06a49edafa66ab0ea00086a4abcf5f46e23333f8b5f146
strategies/H008/unique_01027/strategy_definition.json,74c2c3d5878a01d86fd6b6c2806c8708fd7ff7e7f20d780519942251cc10bd5d
strategies/H008/unique_01028/daily_evidence.parquet,3eed2b13d3e98b0aefca5605f10754f11dbf089d8d6b53963326012e5eb10ecc
strategies/H008/unique_01028/README.md,24a7016f111968ae65be99d380b3b33ae6516489641b2b3d187463d3975bca5d
strategies/H008/unique_01028/strategy_definition.json,c6624a8395768ce9cda97999c27ca1a49ef189a1ccfb7e56f007895b3e9a0852
strategies/H008/unique_01029/daily_evidence.parquet,ccff359425320a02e99ad6807ff35cdc9984cb4a9b4538566e201317c95a8a72
strategies/H008/unique_01029/README.md,f88dbbc8ba4acf392a2f22f46987ec0cdaa35f98959a248ff7dd782eac2142c6
strategies/H008/unique_01029/strategy_definition.json,54d68c73705d9c3b786343e3fa297c84379df1666ab01353d491638c30b2dee4
strategies/H008/unique_01030/daily_evidence.parquet,366e99545361c262706e7657aab412903f459f546a549490b8c79a0543ee9059
strategies/H008/unique_01030/README.md,3dc66ce35049ec1dd1207ec0edb5626b0dde14b48c731efd1609082b92d64ab3
strategies/H008/unique_01030/strategy_definition.json,138d5813374e9feb3e0faecc53990fa946e0b909879997eaf4b859f9d6ad4e4a
strategies/H008/unique_01031/daily_evidence.parquet,510a24e562f9e05d3275b90bf41a0b852b35022149e8306bc1183e853c0cbdd7
strategies/H008/unique_01031/README.md,6d1beb52c2ca48c6fd82e25bd18bf9a506ee2d5e532416205a90f804978428af
strategies/H008/unique_01031/strategy_definition.json,4d716210b5a2a3e23893a87c41aef605e56e719189a485b2d906fa57a49c66f3
strategies/H008/unique_01053/daily_evidence.parquet,ff23394b48b27e767c882415869317b05fab59ed424094a5812784448cf4eefd
strategies/H008/unique_01053/README.md,83d191fd2a2c80f928a4d8c98ba4851dbb5800edcbb85191b0a5231d870a7781
strategies/H008/unique_01053/strategy_definition.json,45970e02863f11a29e3d6a9e7077d77995ec6bd645a481de557b547141173a4e
strategies/H008/unique_01054/daily_evidence.parquet,09229e7cbddcf2393b9b10efd8fe1f55020080d5d2f882a42c9d8f68d1ffffc3
strategies/H008/unique_01054/README.md,e83a9ca49cb3510baba508eae2c75c6a9a24258fa25db6f567b04a888dbb46ac
strategies/H008/unique_01054/strategy_definition.json,a6c004a3f6fc6b394a7eef2deeaf1d1596f740f2be9034063c7bd511c537c43e
strategies/H008/unique_01055/daily_evidence.parquet,2ee3fe44628e0dbe481dfddc93cff308dda66f2b2d0ae32344c493ad6bd5759a
strategies/H008/unique_01055/README.md,06e6dd2bb7a9679b15cc173d3dfc811dbeac969f95f25bc5119c127de0d6d49a
strategies/H008/unique_01055/strategy_definition.json,99bf935c6a1ffee797e0941d0e2b639afbbe3aeb7dd7be877f24d24ef6812b5a
strategies/H008/unique_01056/daily_evidence.parquet,006f7984ecbf68d9174b2722ad845576380564936c8918de081d3c8f5ed70c5f
strategies/H008/unique_01056/README.md,3dfcaa7b426ad8d9942cea42c229abe84b7961b3882a9e7e4b64d5d1e90067f7
strategies/H008/unique_01056/strategy_definition.json,7883189b8059b7afd958881e21db5466dee9be2c8f167835ef108c1f027adf4c
strategies/H008/unique_01057/daily_evidence.parquet,84b7863f95efb40f14ee07a452df43c47cdbbe52ac3a92729d6165aaf3ec7647
strategies/H008/unique_01057/README.md,40bf3ced1693613cf3d4ec1281fa5d8bd4691e595a4e08f517c3201091fac785
strategies/H008/unique_01057/strategy_definition.json,3e48daba0c0f299c0505dd74b650019aef138f7c5df9dc8315f0ee92487dfc96
strategies/H008/unique_01058/daily_evidence.parquet,a10db9410064a82a1e870ce7286d0d9d5aa27bf64ccf17098fc5acbf452cbb20
strategies/H008/unique_01058/README.md,d2625601ca2527a08349114b2447d3a9abadafb0f871a0cc021bb09a74974d8f
strategies/H008/unique_01058/strategy_definition.json,5468c5a1a77d6100633c9a4df5ddf12c8abbbd150b1a481a6eca9004f2afa16b
strategies/H008/unique_01080/daily_evidence.parquet,09cc1aea9d0b428a8e65c5eab67f3faaad6c5231cf95d512dd896f2c143cedac
strategies/H008/unique_01080/README.md,3603f91f5d0a86da8ac669118c8ea8b853cd8be7a80965867ecb54ea136ff164
strategies/H008/unique_01080/strategy_definition.json,02d1457fee19eb24baa8fab5d9cc24efc1acc5ba7804bc1ad7d481b992f7c4c5
strategies/H008/unique_01081/daily_evidence.parquet,fb9ab5fb96a5779849c72615f9ea8997a8c686d3b566d675662e81553def5440
strategies/H008/unique_01081/README.md,30958692d20cd7667036cbcf59042dfe3cf4e8e98319d16b072e6684fca0bec5
strategies/H008/unique_01081/strategy_definition.json,e387a516586fd347e0a3ec1da14f5f1564ad2da7963a9c1d688f3909dd297e6e
strategies/H008/unique_01082/daily_evidence.parquet,623b9a7d9fb0ef025e3b208d7b8b86a60b2c0e8c9de5be063e9ddfe8b6490c6b
strategies/H008/unique_01082/README.md,1ecfa4a01f76056bb5a7c4521ae1744d6a484454bb8ed320bf48e599cbb0762b
strategies/H008/unique_01082/strategy_definition.json,3b63ef8eaf80ca0d65772f8d6740e9003e2a629f95344e792d7237af00ccb557
strategies/H008/unique_01083/daily_evidence.parquet,aeebdc0da04b07e745f05c023b1be5b9def6353496f78af0c053bc5d7274643a
strategies/H008/unique_01083/README.md,8b54ad1afd2d81b91f5d6a4fcff5350742fa06d5ca0aaf2b2c767e85ea95c093
strategies/H008/unique_01083/strategy_definition.json,33f36496963c07305d99bc2a98d3e4f6a6a5e84244c1ad91eb57277febd7428e
strategies/H008/unique_01084/daily_evidence.parquet,de893d96f3c2038be19187faa225cc15a6070de07c1c8dd12a200432ae1e76eb
strategies/H008/unique_01084/README.md,415019695bf582849896afae036196e866fd535d14c0a96d261fbce2abd541bc
strategies/H008/unique_01084/strategy_definition.json,ae80ec12040db957d5cc01e513e1a0f43195898d6e50fee7e9d6a8fe5499e3f6
strategies/H008/unique_01085/daily_evidence.parquet,ab9d5f6147f0d5586646981481fb6029d02517792626e8d5d3068db2b3f26fd0
strategies/H008/unique_01085/README.md,c95f300385ee607873e74a29be0c8bda10b405e942e305958ed35f3c070e0993
strategies/H008/unique_01085/strategy_definition.json,ce774447447dcb00976fa374e31a6ece122563617ebe470d708d1ac75568ef8e
strategies/H008/unique_01107/daily_evidence.parquet,7850b4181be35dc703cc4bb847b4319454f8be2e7feb680c24ee2fb10250904f
strategies/H008/unique_01107/README.md,fe8946c5f6298cf546c6b7d8b8319fa75885b4a2cea901aefd91f20afa974f94
strategies/H008/unique_01107/strategy_definition.json,c1cc73245e2f5321fa8a0a99fa1eab95947a04b47ca1331c9d8b29cd63faa308
strategies/H008/unique_01108/daily_evidence.parquet,5bd7d83bfc0dcc068ac71c5ad1c98e68a8775a09e38d882f7bd1b6da9699f12d
strategies/H008/unique_01108/README.md,bdf86ace7c1594028c1426a5d2a8ba6d432985d0291134a365f724e4fa8f88d1
strategies/H008/unique_01108/strategy_definition.json,e1c2fb3806d998c4a53fe1ea3e1fa1ccbd4a11eceed6e059b3854af609dad287
strategies/H008/unique_01109/daily_evidence.parquet,ba2049b566c433aca3b5faa2460087d59980ddae7e7c45f3fcf9b6a17e08ac64
strategies/H008/unique_01109/README.md,026d48399defbb179b661586562828931089ecdd0ded1ae9f20dcf7031cbb2b3
strategies/H008/unique_01109/strategy_definition.json,844ae7f498a98f872e9d5e05f8ea83dff1118094526358c1a0d715ab4636c9e7
strategies/H008/unique_01110/daily_evidence.parquet,24066cc9a30e10bc8b453fbdd2f4a4c487ab720e6de2b5a6ab43e1c938cea8c7
strategies/H008/unique_01110/README.md,f4d78e2e1812e85198775e2ac78c10891f3d7692519f432ce36ada317f7966ae
strategies/H008/unique_01110/strategy_definition.json,6860371c6a903cdd221b0b741ca92decddb9791f3eca6b34c389ad302092c978
strategies/H008/unique_01111/daily_evidence.parquet,e27cda2daaf07d90ca5dc4d1ed795d6df802943c6db14105ecbc61c5563a4fc2
strategies/H008/unique_01111/README.md,187ace36257c41ad00886c62880ab797e4454491ce3bd7dc549af5338c105cd2
strategies/H008/unique_01111/strategy_definition.json,69979f39e58559f64ef61da6922ce9b451e099b71afdfeb3b020cdfc0163a4c6
strategies/H008/unique_01112/daily_evidence.parquet,dc352eb5c839a73860008a4d3c24622e11dc0607938e8e72df53ebd9b1347b41
strategies/H008/unique_01112/README.md,fa158f130f0cb091d8c44e403d0642ddbc07066e5a6b2112926d618c39c42a8c
strategies/H008/unique_01112/strategy_definition.json,ed8efc1274eb4dac9cd83245ee9a493c991e6d320c5275d8c412820edd580e2e
strategies/H008/unique_01134/daily_evidence.parquet,37d984054aa28b6b613fffcf377d670101b36c8e64bb431dcf5d58755871b634
strategies/H008/unique_01134/README.md,830b5800a867318af73cff9976838f90aeff03b36fda4a096232a99c3f3d9856
strategies/H008/unique_01134/strategy_definition.json,2fc5e88c91b9285155d8b79166c7e7b567c0b1c774b674098b0d4fb9b48ef5fe
strategies/H008/unique_01135/daily_evidence.parquet,f1662dafcee51b81457af6dfa2735211d42c9134425f46a9f9d8852e94eb6944
strategies/H008/unique_01135/README.md,07005323edd4d60cd0d99c3eb4fb0f9439f735b8c95eecb1712f51d7b32e8db5
strategies/H008/unique_01135/strategy_definition.json,35e689988bf27626b783753d9262e2b82ca8614ab738cc205363cc1c04ffd436
strategies/H008/unique_01136/daily_evidence.parquet,f3d51ad92e740a4e112b46009f53fda630a676a0cd70e8916195507d9bc6fb07
strategies/H008/unique_01136/README.md,c0e8f63697d4317d5fd3cfbd926697d302b3ca4c7db1cd460a94fdd6b438c2a0
strategies/H008/unique_01136/strategy_definition.json,6ae5fc3f128667b1b0231c538beb24d449d5f13ab3e9438540f142bdbe5798b3
strategies/H008/unique_01137/daily_evidence.parquet,c52de0c14a769101449b9dfe352c419bdc7177b9cedc3aba68c3cdc4e5ac9dca
strategies/H008/unique_01137/README.md,e6dfd9a71eca839d1edcc741db0e84ec99f917bfc49943d29d0cd099dc446750
strategies/H008/unique_01137/strategy_definition.json,67a52b3097060afb3f66679099a7c2c0ef0bcddebdcc56d034aa0efda00d6b7a
strategies/H008/unique_01138/daily_evidence.parquet,3b6c54f6551836d26838fa6eb49064568dc3ff02145991afb27d3729bd653611
strategies/H008/unique_01138/README.md,f041eed2b9d026716e9184afde9c58da7edb905e9cc45d8f165e625fa13bc8a0
strategies/H008/unique_01138/strategy_definition.json,b167b49ceb86ba3f83b2c64403fdadee7a6564dc8f69b31306d5bf1e496352be
strategies/H008/unique_01139/daily_evidence.parquet,e03cd133f5560893065dcbc3ed8a87c7dc40d1d012a5ca373f9025a071ec85a3
strategies/H008/unique_01139/README.md,b282d72f67188ec885b2ae605db2c3c381c68370b1027d062cec4b8fa32a6a42
strategies/H008/unique_01139/strategy_definition.json,ffc55fa21f25a621dbec25709076a2bdfa624931eb711fb3febe555529f069a3
strategies/H009/unique_00087/daily_evidence.parquet,dc9f3ed63c133e4f1a4fc628122d15b19a36c5cc8e996e52ca0e7925429d1d78
strategies/H009/unique_00087/README.md,26516933fb5f67be2ac6bd6d708c52e3d07f3a2e26b64155faf6fe756d275916
strategies/H009/unique_00087/strategy_definition.json,eabec305e740269893a91dce2c74e2d08f829a5140bf5a436724b16381a87827
strategies/H009/unique_00088/daily_evidence.parquet,fb5676846a73fd3bea30643db6c31e8df17927d32fa63b010dbaab64663af3c0
strategies/H009/unique_00088/README.md,fef64d43595d0d3526086dbd1e6a5aba7cddd821c71833eeeaf00cce4b858de6
strategies/H009/unique_00088/strategy_definition.json,0556ad50d18f888658384a5bc4c7d4dfccfa815f3da2127bc36885eac294de14
strategies/H009/unique_00089/daily_evidence.parquet,871fd812e56b1417f77599b0b15837b96f3c64f09f2b5d54d32ae1b656642f01
strategies/H009/unique_00089/README.md,474268ffc1a76eebb517cfc95657969400a1ea967234d0ad73f439e6eb11ec88
strategies/H009/unique_00089/strategy_definition.json,561a057f5fe104e4c6c21aca699cfd07dab2233474d5184460022993afb73fc1
strategies/H009/unique_00090/daily_evidence.parquet,be322fd927967f2a53a473081297c2bf61dea10c115416907cf44db792392a1a
strategies/H009/unique_00090/README.md,595eab560cb6fb8fb1838d3d7106262ceca953e4c7bda1459ed9d45b91e112c4
strategies/H009/unique_00090/strategy_definition.json,5802d75ebea6dad5c6b2c8ed9798bef42c78d2cea9f6749f5b97ab2d089b3a1b
strategies/H009/unique_00091/daily_evidence.parquet,a18e59a6bba2d7d79d1774b0d724009c40477ad6456f6205ef2f478a06bf61d4
strategies/H009/unique_00091/README.md,fde38bffcc1ca0254b8f2be1c00b7fe2dcc19d2e33ba1e669de28da723630c88
strategies/H009/unique_00091/strategy_definition.json,55bb63559523dce465f38b2ed7b413293f7b0ea7c74661ccaf3352e654c23dcc
strategies/H009/unique_00092/daily_evidence.parquet,9b2b2ffce01cd8238502c0a0fd8374a5fae327ace7d2b0880311f64319a08240
strategies/H009/unique_00092/README.md,6e8f6a3319415c5acc3b28e727699b24e08edf98f63634cf93554b87ba78d375
strategies/H009/unique_00092/strategy_definition.json,786eb0d16ca116fe84ec7b4cb8d6587d63b8c7032e5d4dfb817549c5af13d638
strategies/H009/unique_00093/daily_evidence.parquet,0eed01c2dd0b8f48e63224b7e303f436f70e917992a34504ed46e4f123e70db1
strategies/H009/unique_00093/README.md,d4f35e96aed713abe8e250b943de2be4494ded985f0a382e14dacdafe66b31f9
strategies/H009/unique_00093/strategy_definition.json,8702fef2495006838e331718bc01860689a453742aa6537edd654e0e73e4cdbc
strategies/H009/unique_00094/daily_evidence.parquet,8a976d40c274ca615f7e169c29303ca2364b3213ae65fff1f3833ba56536ebfb
strategies/H009/unique_00094/README.md,ddb420e564e7dff61191dd118b02e9dfdace482687138f7e31a942e4c98ed65d
strategies/H009/unique_00094/strategy_definition.json,aa9b6a04d70ab26ae5be232640cd59999424d659a11207084d16cbdd048523c6
strategies/H009/unique_00114/daily_evidence.parquet,f5b81800597a59bfac0ca18a79b42fbe793e08c00488b3989124d920fb0e4f80
strategies/H009/unique_00114/README.md,7f194000dab26947a9ecb166a6278f86f3e0dad9f25a780ab070ff382448ce73
strategies/H009/unique_00114/strategy_definition.json,87d470de1c5ae1782844d0ed1638dab821e757463e9f2a2e16fb587d0318b4a6
strategies/H009/unique_00115/daily_evidence.parquet,b7e4700217439cb61aa516e44b48b46dc0e0d3e3024beec11e6a201ea6ec5719
strategies/H009/unique_00115/README.md,1db91ebaf6c5279520775a751be0f4894c16ea3c323fe874c38acf64b7ad4390
strategies/H009/unique_00115/strategy_definition.json,7315a77a609d64470dcccec9d38d54ce578e2273166b2c08830302c350e85a5e
strategies/H009/unique_00116/daily_evidence.parquet,55189e57b6472dbd46130e96afab7b5be79a134b579a0790f82d9606918200fd
strategies/H009/unique_00116/README.md,e3e2744002fbfe9e9bfef6914fbf906c96e415d70270c74f0afe855d5bd13e13
strategies/H009/unique_00116/strategy_definition.json,e343db5b24d8efcbf2c637f33ff6841c387a860e9ee169e590fccffe02c5a362
strategies/H009/unique_00117/daily_evidence.parquet,423f19ba984f23681be71eb20ea179027228f2cadb03e5757e67372ad9bb80c9
strategies/H009/unique_00117/README.md,3092374f3e3276ec64168ec8b55ca9b4307a0c3f07cdb86c14e3ce44d290b858
strategies/H009/unique_00117/strategy_definition.json,1221ca3fa5d5bf4dbd2b99fcb4f60aa24539cb4fc80b03b6f6e227e6876c07b1
strategies/H009/unique_00118/daily_evidence.parquet,b92a5dfc518cdc376d34ac2db72b051ab0629d1ed5267d565740e14545cce445
strategies/H009/unique_00118/README.md,2a60e782e60ba03094820a4d6b3ff717e1cffcc092546be3918ee09147d77737
strategies/H009/unique_00118/strategy_definition.json,74d8598e35a88742555a146b78839555041d80403290bbce808a0825c666c6fc
strategies/H009/unique_00119/daily_evidence.parquet,cbeb7630bc0345d0a7f77d73d53b74c89e61c9fb14d37bd76d2075300f25b476
strategies/H009/unique_00119/README.md,45b5f632af3a6c3120492be033d13a3604c639fec35d307106427b89b97e0901
strategies/H009/unique_00119/strategy_definition.json,1b148df487920c1d573698f968c1f3cd7ec5d7ee4eb1b506f9d576d26c1e9a9e
strategies/H009/unique_00120/daily_evidence.parquet,48e3f1a905fd789d210388a4ae401b52d6c7e3fee34d2b5ae084983c3a1ec15f
strategies/H009/unique_00120/README.md,31521487eae31e0a49da4f9e089b66ec16d19e502773f48670e0eabdadec0c84
strategies/H009/unique_00120/strategy_definition.json,5ec4e1fb7659b1d248dbe8e23592304b9db731b48ad0923c1ae0246dfa262113
strategies/H009/unique_00121/daily_evidence.parquet,3aa78f4dd93de67d9fd6e0f8757ea565994bee69b35e137f9abb3bc7cb5a4159
strategies/H009/unique_00121/README.md,8def3d44f7a3f7e4dd2c06401b18c5c1ad7625791040d8642555960b1846f0a0
strategies/H009/unique_00121/strategy_definition.json,33cde3808ff93e8dfb65be2a2c872e7d4c7f68eb5ad81e6e8e32d137ca7a14a5
strategies/H009/unique_00141/daily_evidence.parquet,cca8a8def2f601bf5d71ad50488ba59024c6799d17fc08b0c3f9e0df79b8bd32
strategies/H009/unique_00141/README.md,5dab1519e757b91e329cbd176380eb1c5f3947611fe2b31c61c540c676ad8ae0
strategies/H009/unique_00141/strategy_definition.json,0ae59b35d42bed714f51c45e8f5d80db330fd37717edd418f397cbd987780c31
strategies/H009/unique_00142/daily_evidence.parquet,ba87d890f21cd710f65bccb7b2df90034859a9556a4eb43c9b006c8601f67e74
strategies/H009/unique_00142/README.md,7741f1a82aa85a78c64984a5c36c4682de324809ed48599ab7d39e2afb83e733
strategies/H009/unique_00142/strategy_definition.json,c2238488152622ef1bb383d410f55f70c64d977aa20c221f04ed1026d6f86483
strategies/H009/unique_00143/daily_evidence.parquet,2d075ea3dfd596258509a67cc69d648c1ec3935c74ffe4cd1ec6908a1793a9a9
strategies/H009/unique_00143/README.md,75d7139f417e8e7773548531304a83230bc08ed225cdb84f578f5d411a2984b0
strategies/H009/unique_00143/strategy_definition.json,a2719ab6af1f1e5741720182e9020f79ea83eeb5e6885fedd5c8bb7c4a6cce61
strategies/H009/unique_00144/daily_evidence.parquet,1d2a63fd1c042f3cd6cbf5a38920cd5460f9cb87dd56b7b8ff3a6397c93ba6d2
strategies/H009/unique_00144/README.md,afc28ad45e66d86defa2e8f8a937c4dc6f881cd57bf8f02dbb9819e4258c3a69
strategies/H009/unique_00144/strategy_definition.json,7bacadfb6bfba8ae873b0e0a28106f4cc8ce8cd0864332c160acc2b48bb1c57c
strategies/H009/unique_00145/daily_evidence.parquet,54d86e1114711d437c85c95099ee1e2b23e01d188964fdb691fe2ae9db59ecc3
strategies/H009/unique_00145/README.md,ebae897050d2cf3054f5ac1d2bd015b273cbb310b3f66c53fb0fd823059041b5
strategies/H009/unique_00145/strategy_definition.json,f3c55cb8d7ed128ea680f124c600431d13f80efa6eb7732a5bc60ebc9bf51b31
strategies/H009/unique_00146/daily_evidence.parquet,52cdf136afc9e55743f626d276c2832d4bc7b0b2fdf94cda5b0ec1572f2db02a
strategies/H009/unique_00146/README.md,6816e23c3108efbc6036ee9ec5217823bc9cd79af6936847bba0b77a3bfe3834
strategies/H009/unique_00146/strategy_definition.json,38f07643717b754c21b5b459b4deff41756dc1baad964be4bd69d7bad4743a10
strategies/H009/unique_00147/daily_evidence.parquet,b084c0cebcbb24bbcb4f74f79a8adb2a79acb3534e86af13380115ee7579646e
strategies/H009/unique_00147/README.md,36af0bb3aee0783fa6fd92dd5da06d11ddb99bb5eb180771b567e3aff12a090e
strategies/H009/unique_00147/strategy_definition.json,db8f6b14463678dfd5e7443bc7418519f4c6866d6caff6735b00cd9a83907ae2
strategies/H009/unique_00148/daily_evidence.parquet,8df0617b6d2725d17f02e1f3c3da60744d4ae48360ca61d52ec9fa78495cbe78
strategies/H009/unique_00148/README.md,17b5f1140cef72b00715c7984e6f821fe6aadf58de0e5367583ec0a0706cddc3
strategies/H009/unique_00148/strategy_definition.json,4e847ebe100b9a187088ea70b31e478b83b6a65fab63fc4b95d623905471d96f
strategies/H009/unique_00168/daily_evidence.parquet,6e66de1e7b4684165f107e4c0bf7749b4c7e17e27ad571f2e624a540ebd7d839
strategies/H009/unique_00168/README.md,d504abd3710161706fb00e191722c30c5d927f656425fcedc425929b99616a47
strategies/H009/unique_00168/strategy_definition.json,c873a596af7738c4e2760429446426047365d2dfb7bafedb96ede6f0a7d2259e
strategies/H009/unique_00169/daily_evidence.parquet,f8a80c94ac44df5e09cc4b95d249e65c3ff9fc545beb2909123b8458a45fe0b4
strategies/H009/unique_00169/README.md,82718303879bcf3251bf127e3315dd83f7f3f1c941fbede48dd37a340490ea30
strategies/H009/unique_00169/strategy_definition.json,39cc184bd74ff2034fb853588ff6658c7d9e3889efe67f29e822a65affbbbd87
strategies/H009/unique_00170/daily_evidence.parquet,0a723b2000d2638b9676ed9bd636174f11e55c8d4225a14e92502b0ffcd3e361
strategies/H009/unique_00170/README.md,bceb0b20084658d64bb63847e1b052f404fb03d28146b33ebb2860f5139604e8
strategies/H009/unique_00170/strategy_definition.json,fab0d2521f29f3295a1e9e55b2acb8796afa919f6331322f943d9ace0cc6f813
strategies/H009/unique_00171/daily_evidence.parquet,2c9f5812d496640f6f7c1c22d743e4aeccdebbe93a483eb82e7216af557a88c5
strategies/H009/unique_00171/README.md,ea266f62a64a7d37d1edb4eb2daf206c84c0d223088d9afcbeb2a4c679fecb10
strategies/H009/unique_00171/strategy_definition.json,fc7d8094ab4300fff1067c8cd93062b8aa2a3766794ca1b6667d3ce01d19b014
strategies/H009/unique_00172/daily_evidence.parquet,51cb93a2830eec9dec0a87e1093304621fa32c2daa567789fe424952c08c762f
strategies/H009/unique_00172/README.md,6e1fea2cb443e6b7ae28f91f79f48d1cf4b3013832378d59bb10308beaf0e0ea
strategies/H009/unique_00172/strategy_definition.json,c53dc38763d9afd36cf270c6faac091dc57e9145faba58b452e2c64aee743a12
strategies/H009/unique_00173/daily_evidence.parquet,a2b26b90febde4bf46a0b5c2709f06e3d17a8e20694430e8e273a0de61057563
strategies/H009/unique_00173/README.md,eeb8789824649bcd914b07e95aa97564b3b70022632fc8e640be399920177f2a
strategies/H009/unique_00173/strategy_definition.json,1b8f102bb27856f903bcfc0b80f366bbd1d8eeb3c446f85e097aedb383f2664d
strategies/H009/unique_00174/daily_evidence.parquet,9ad0a13bc5fb9c5a39355638270cc5b29f5830e5e3bd4b2d65e09b06a54672c9
strategies/H009/unique_00174/README.md,2ad420bf1db135285ce62e588f29fb823970ebf8673ecc3a0ed0c3c685009fbb
strategies/H009/unique_00174/strategy_definition.json,64cd924aa4b7e0c586802ab6005758d7b9324f9057691681c36bfba547d2fbb5
strategies/H009/unique_00175/daily_evidence.parquet,605fe630f777d3f513646993780b7de81f1fc164c877ff792bf9eb336cabf317
strategies/H009/unique_00175/README.md,698461eb4f8be208cd9e2a6f9457e463ca64e75452ac03cbc116e672d3637b32
strategies/H009/unique_00175/strategy_definition.json,565660944fdfbaf6f75a195ce333c92d91f1c7804152881dfa630f3047b22c7b
strategies/H009/unique_00195/daily_evidence.parquet,aead88ffc27a44e3d553ca418cf1d5f4dc7b23dfe035dfbc0d4364a8f3730b50
strategies/H009/unique_00195/README.md,213ef19e2993471d36800dd4db90b1bd87e6b96ae6b62723506341acaf6b519c
strategies/H009/unique_00195/strategy_definition.json,775b8c90772ebfb845fb12c716c93bcd1e876e16b75d544b827b3ff8879d5f36
strategies/H009/unique_00196/daily_evidence.parquet,7e5dd4b08dfec9f73b77bfea3dc8d3417e339db285ab8eaf75e8cf80f8769f1a
strategies/H009/unique_00196/README.md,2a88cd8619452bfad82b43c4b0bc874f3ac3fac500b7aaf38d1c1694151c9001
strategies/H009/unique_00196/strategy_definition.json,b1b138fa6c54f42cf6233579a3f2aed44817ba6c9e58e3a7775fd3cbeb1c7882
strategies/H009/unique_00197/daily_evidence.parquet,4b87f6d476ccb493df2b301e31001ef5e8ad8081676abb81782f855116bfdd54
strategies/H009/unique_00197/README.md,bc050c122a2a55643e69b57ed854b2a6ee9e8748f9801997deaca719b44e4eb6
strategies/H009/unique_00197/strategy_definition.json,970fca954ebde62acd082cc44bf025c5c182ea30b858fcdc36dc31a26c2b2b3b
strategies/H009/unique_00198/daily_evidence.parquet,d3779f6a0ceb94e76617225d25842ed1d797929a488e0e7b8c9f51f1fd2d81bf
strategies/H009/unique_00198/README.md,10cebf36c579c7ca4218ff51fc9b8ce63992710ed98c61aa8f7214fb784599ce
strategies/H009/unique_00198/strategy_definition.json,1719aa94d3839164869f1a742f3acb2011847f07695968b1edd189c1702f0edd
strategies/H009/unique_00199/daily_evidence.parquet,e44a0777291a077ab23182ae325d0f1c98fc4e8781df579c37be5829164165f1
strategies/H009/unique_00199/README.md,8708b0465e8022ec0c000081ea5e2bdb950e2c30e80ac2069c391546dc3d6846
strategies/H009/unique_00199/strategy_definition.json,6f2a5c9939e52ec06f18d62deee0ac49b72237fbdc28e4c8136e41218cb6040d
strategies/H009/unique_00200/daily_evidence.parquet,513c9f3cf737aa3cc642073649e69e7f465c52bde54dbda04a6f3f57342222d7
strategies/H009/unique_00200/README.md,7692950f04dcb2788776b30dbd9c7c4177aa94541b6571b6726e707416aea6eb
strategies/H009/unique_00200/strategy_definition.json,7c915db312492123d3a656ff60ea487be6fdeb9e481c5a031744642722b2fd8b
strategies/H009/unique_00201/daily_evidence.parquet,d7fb36d15fe61c7f0afd48d4c16b9428934e1fbf489e3b2f44365a848ee83b5b
strategies/H009/unique_00201/README.md,54c26c22470613d921aa9152606d59ab8b030d11b10b8cdb853bf58158e640ed
strategies/H009/unique_00201/strategy_definition.json,c8220a02508a99c52884c102cdb77407c3f335164da9d12f4a1631618aea67d8
strategies/H009/unique_00202/daily_evidence.parquet,aa6fbf901e2b86488bc7ed1e1330f52eaaf44ef59476be1587f540ecee612afd
strategies/H009/unique_00202/README.md,a8aaedd36a55aac05d5a427dd8041b8e041b9ca10847948ae5c71d2bcc1411d1
strategies/H009/unique_00202/strategy_definition.json,c9cf6676d82966b29f558fa2358bb824db4420f0b8d3ba3989b7c159a5f31594
strategies/H009/unique_00222/daily_evidence.parquet,e8da9d3e659fe03b7b7a6d463e5846b6758e1aa92456b1236570d0d946423d5a
strategies/H009/unique_00222/README.md,9d803040a3dc783a5a4258caabbbc920efc36391fc611cf953fd77f04dc20d1e
strategies/H009/unique_00222/strategy_definition.json,20a287f6dada19a5475f77bf22bf52fd1b06c6c2f8bbb2f61cc3e584c1821eb9
strategies/H009/unique_00223/daily_evidence.parquet,d54fcaf3d3f06a9e6ec2e4e9600a789fd6e7615cdfdaec4c3a18cba9c8cb8e44
strategies/H009/unique_00223/README.md,35f6a589bd8b0933f45acea332155a3fa6306cb05fa9587db4fb8cb26fa10082
strategies/H009/unique_00223/strategy_definition.json,52ba5f98c42e16533468aa1e4c9d0ff13d2d3c09a6c97fa42193100ae75edea2
strategies/H009/unique_00224/daily_evidence.parquet,02303a493b8cdb1f424c52fd02cca66a2ed1e23057ecfea80b4e403181c336ef
strategies/H009/unique_00224/README.md,37d65b6d30188de800ae59f199b74fe46aee7cfe578d416912c7882b9fb5821e
strategies/H009/unique_00224/strategy_definition.json,66692484f9f41d3225f3b64edc5fdfb5e3b20d9a34d191e38d00578238e3b0d5
strategies/H009/unique_00225/daily_evidence.parquet,b8eaa4658b6cd9e01d6af9f1109056b639304d88f2c38250147c57e2564544cb
strategies/H009/unique_00225/README.md,6ecc141f94a8a3d7b62c7c6516346e686f889a827eeda93001be1ea7ea09adf5
strategies/H009/unique_00225/strategy_definition.json,3a0c8978d2070447d8f318a283b2b019ced2dfd4181bbe2c85560e173927814e
strategies/H009/unique_00226/daily_evidence.parquet,f8161472a87946349b55db14f3f0271db529e96793a4596ec67e00783b7a823f
strategies/H009/unique_00226/README.md,ece41e3cf51937eb1eb867cac5e5f6683c4023368b226634d1a1f6f69c495cf6
strategies/H009/unique_00226/strategy_definition.json,be7ce519aa4a50800d2d973ad7eb3b040339efdff4303eb05737716b3e996118
strategies/H009/unique_00227/daily_evidence.parquet,9addf4b40516b3660fc55d9d1e9399011d95e39a794008aee5bb6793f3d0f060
strategies/H009/unique_00227/README.md,668d05d263c9a68557aca2a8619c05bee1c42518ad9c1851eff6c977eb28f121
strategies/H009/unique_00227/strategy_definition.json,4b5a3fa16317667549c982eb677c439e1e856a5a91b05712c5769807f9b6dd19
strategies/H009/unique_00228/daily_evidence.parquet,da8c2f01add446d7bcfe61936f4ea0cdcf47dbc3b72b0926fae678e87fbd8e30
strategies/H009/unique_00228/README.md,a742b42658ad67e1bfd107ac498dcdce608179db9be64cfe7fc8a7981751ef11
strategies/H009/unique_00228/strategy_definition.json,24ac561306964aed43b345b6246984fa7f89c4ec0a87b79bcfd3a14c5b2cefea
strategies/H009/unique_00229/daily_evidence.parquet,e74ed4689cad7ab658a072cbec4780029172800a9bbcf2fd2622e2c1fb64de87
strategies/H009/unique_00229/README.md,e86ba50f42c1c861289d82a6b192dca176f58a4e36c18889ae78e86cc2475d8f
strategies/H009/unique_00229/strategy_definition.json,7df87bac8e00b524dcc205a52f89d105049b54d2ee98070aabbd57f091977dce
strategies/H009/unique_00249/daily_evidence.parquet,788853204eec11aaedc109e353f6d0bcd4d1e0b13ea1e2d59d4bf805da507ef0
strategies/H009/unique_00249/README.md,d6e07b01990a6eb1b5ae5dffe990db521c42da7072f9ccb7b2ea18c42b767d4a
strategies/H009/unique_00249/strategy_definition.json,c37593c20d896affb202778a544d4be98b97d597b7ae780d54796bf1f6193409
strategies/H009/unique_00250/daily_evidence.parquet,b7f74c6064794a73eb546517e6eb8fa04dd14d20e3d7d9bac35282f1d5b2f2bf
strategies/H009/unique_00250/README.md,121e1f9d5d42634f709f1ff28e103d94612e866ebcab4850929925d01a45e77b
strategies/H009/unique_00250/strategy_definition.json,ffbc65f24a6307aa82911826fcd4745bb0037da90ebd761f53ac331b0060f2d5
strategies/H009/unique_00251/daily_evidence.parquet,f7c3b2e6e97e51031bebb8a22691a5546a6322e2832ff8492f8846cd88dd6847
strategies/H009/unique_00251/README.md,a4629aca62d377a23045476815337e038369768041b5ed3b424d33ca6a40942b
strategies/H009/unique_00251/strategy_definition.json,76d09964e7e6764838adf571fdac317675613434aee4c6ef61982fc47b225480
strategies/H009/unique_00252/daily_evidence.parquet,1aa02bc5027db3afd92f5c11ac4caf7994f95d33f5c15881b2f5309596b2593a
strategies/H009/unique_00252/README.md,e9993583674699d12a9d3c377de395ca47dac49e2826be38ea12d7e1069e1c86
strategies/H009/unique_00252/strategy_definition.json,0a96ff2156ea0a79f9ee611d33031f94e274313e0206fa1cc9ff48bef04ef754
strategies/H009/unique_00253/daily_evidence.parquet,89ddd1769468df6afa2118ab19f9ec0b4842c55ba82a610ebb6e0ea0c75c6838
strategies/H009/unique_00253/README.md,334f5c8e9736aec10602dcd209d70c7f4e786af6c8335e3ac90e0ea4b29be3ee
strategies/H009/unique_00253/strategy_definition.json,0607297c235902d501080c8d64d13ff86b01eaefff388687001e4f9e7990df20
strategies/H009/unique_00254/daily_evidence.parquet,2333a632cfc066398a84a762136a807dbf3476378b1fdc34c5aff8c0ce889a39
strategies/H009/unique_00254/README.md,af10ca29493a201e175b8be97c18ecbc908eb4c859da3a74e031469a287a7f0f
strategies/H009/unique_00254/strategy_definition.json,3ecf60bb96e4f3649572d78c761a50aad350d829328042de909bc0648a72631d
strategies/H009/unique_00255/daily_evidence.parquet,dbed4fd0d90b1c77accf0c92e4b576b318aaed1b3b31f0fe62a1280df14a8d1d
strategies/H009/unique_00255/README.md,8b7e7e4ca8de520a0ee6d539ca1dd394a1e8ac3a2c8140f9f9022dbfe1dd7cc1
strategies/H009/unique_00255/strategy_definition.json,16dbc4e3f0612baabf6819e94e5c4679617b2450aa42dccfd3350b74585bfdb6
strategies/H009/unique_00256/daily_evidence.parquet,c935368df7470233ed3941e8694ae7a2d0d0ca0fdb2b4159b9ae0ae502abefd1
strategies/H009/unique_00256/README.md,7e75e40a88d6f16325e2b8aad3cacb6e655b233d0e50e6cafb192e86be3a48ba
strategies/H009/unique_00256/strategy_definition.json,3194bb03779d4ed544ac3db9cf0d2cda2c0682fc606709369058e9c3dee9f2cb
strategies/H009/unique_00276/daily_evidence.parquet,3b75e8be0aeab5701a75bdefb7855565ea742d41a438deb28000134d8e074daf
strategies/H009/unique_00276/README.md,0984fbd1b5af7711f1cd850e3c7bcc5e19e2c04296cc9fa75382ff8b39626e56
strategies/H009/unique_00276/strategy_definition.json,5f7f2a0fe29ff7420a02c2ad2d97c44affbf5731274c83ff3c0ff9d5b0476322
strategies/H009/unique_00277/daily_evidence.parquet,d5c9f85533fd59cf43479c16101147d63de71832ee24b3f0c2df0117233bd0bb
strategies/H009/unique_00277/README.md,afde7d32a49ded9526f1f78004f24da7994d5f67d9be5d68d42053c8388078f1
strategies/H009/unique_00277/strategy_definition.json,bd0aa762bc19d91b975e7f7b22a41b97c6c7d99acc080fb8a62f1b28b4415f81
strategies/H009/unique_00278/daily_evidence.parquet,b40f022ee70b376bc3830b4c8aaf6734e6b4623a9f16f8c79ecf144d04653648
strategies/H009/unique_00278/README.md,8eec4ee7fb8c55a3b7a2cd639a653f0af85b0727937a3f54bf50748ba2a15cd5
strategies/H009/unique_00278/strategy_definition.json,ef32746cf1d58d5917f93a21e24a56f2ea374643cc8c73b5ea6d063271d6644c
strategies/H009/unique_00279/daily_evidence.parquet,00acbc51bc4a89b88f09fda7f92a7c8139259c712298d3cc62ebd87562605ab6
strategies/H009/unique_00279/README.md,f757e784d8dee93f8360437566041eaae149a2b3dda29db1d1568252be8d2b6a
strategies/H009/unique_00279/strategy_definition.json,57bbc82004150700110883a2eaea9ed8da928fb090398cb304cf5c11a14b9890
strategies/H009/unique_00280/daily_evidence.parquet,9ddc3ec168338c9388fb59966eb6345c5856b94bb1c6fcc1c4948c72eb559ef7
strategies/H009/unique_00280/README.md,d0dff21c824b080a51b904b43f93b4076cc617cb0e268d684f0f359ebfd73a5f
strategies/H009/unique_00280/strategy_definition.json,e9f5516494444b041cff1c7dd9b49ae86081dbb4d79dc4358d28fc90bfb73f67
strategies/H009/unique_00281/daily_evidence.parquet,033744466887ff7ce3343ab3f34e5010b0a0825cc2db2d12f784edd5377981f5
strategies/H009/unique_00281/README.md,f0c77e35cc5981c0c3e6f7439b8915e12f32aebaaf914f66df929b275af50937
strategies/H009/unique_00281/strategy_definition.json,a4cdbc284dc5dd0061b845987158688dd83bce51fcf7ae2d007e864d05739881
strategies/H009/unique_00282/daily_evidence.parquet,48980a3675038e93bd646574b174ff46b3a611fbb85cf94fbe6a1d1c23b7009c
strategies/H009/unique_00282/README.md,826a5cb1bc286cd432c3f2b7da3bd9ffeba93e7c93a583accb5e56a0f8e46dd6
strategies/H009/unique_00282/strategy_definition.json,4ac74d09aa19ecea26c335b5877837c8acbb829477c852da7285c1d32a22ab3c
strategies/H009/unique_00283/daily_evidence.parquet,8fa21634c92f47c692dbf00988f62b78706fa07b6014a01da1a8587ba01d7117
strategies/H009/unique_00283/README.md,623df1c9225746919f9d98bd2dab9a5dc82a7d8342d8e211e9cdd6ab1e604325
strategies/H009/unique_00283/strategy_definition.json,e89e8ddb0284cf4fdcf6f744174acf0ecae07af7202f251dfff870baebe75207
strategies/H009/unique_00303/daily_evidence.parquet,8fcc4290df9dd773ca76233a6204176c208ea3118e188d864e33bde588fa03eb
strategies/H009/unique_00303/README.md,de8ce28e47e2c2db80b9f7a3ad918e20fe2b0516cce47cb8f64f745509ad4f8b
strategies/H009/unique_00303/strategy_definition.json,1f32f9632d062f7db5136fe0e97d879793f26d19d495189f5e327224eb067c67
strategies/H009/unique_00304/daily_evidence.parquet,1e241536dd67790d0ed28cf2d5b0f6bdff96f42059d96325b9a3c83658b9c267
strategies/H009/unique_00304/README.md,d952982d2b58b078452a190762d5462b8a609f5614e43f08ca43d66275b5829a
strategies/H009/unique_00304/strategy_definition.json,7367c2856c4a938f2fb66c089f98b9627c4e9a8f76e61ae9701e86fe6242c4d0
strategies/H009/unique_00305/daily_evidence.parquet,eae810a5b044788341d163a1b28fc4a49347fb91708725939b7d655b3f5f1b57
strategies/H009/unique_00305/README.md,e107e8792356da1b03f22ed9487ff44423afb02bf3b70d865fad568d016bcd4b
strategies/H009/unique_00305/strategy_definition.json,b6f7bdd824f569b3b8a94bafc709371fa2c82592620c2ae5d7002ec1ba8a3058
strategies/H009/unique_00306/daily_evidence.parquet,77dcfe09c885a6c3c7a865c4ec2e01ee39cb8053470601ff525376848c282f0e
strategies/H009/unique_00306/README.md,46e50656d6958c011036bc5df23ad5b7ef298f029f2a53b1647d6ca295a7407b
strategies/H009/unique_00306/strategy_definition.json,43a3d592ab55460cea3fc79af4976c46f241217182531d61e4d7695802d15ca5
strategies/H009/unique_00307/daily_evidence.parquet,8d60dfd691fd83334fa0f36d70f4376d2199e9367c8c584d229cec39dcc4c8f7
strategies/H009/unique_00307/README.md,46ab40424c6f8bc5eafab1fe4f41d706cd887ab76a81317cb92eb0559e1166c2
strategies/H009/unique_00307/strategy_definition.json,2c1d6a4882b711707b8328d847c5662cd878912ed5a25a1287ed1efb6463682c
strategies/H009/unique_00308/daily_evidence.parquet,de85b4ed4dcb3bae5b0ed65667918bf54dd0eb6fa423325651276d1e22bcd3aa
strategies/H009/unique_00308/README.md,6f48f68013c6649149c1ab2d4046687068dbc6a9b18099e6a894006b383aa0e9
strategies/H009/unique_00308/strategy_definition.json,c48454cb120645f8598f2a26e61896668133ffbb8a1ac486dad718848d54d0aa
strategies/H009/unique_00309/daily_evidence.parquet,620e52f65ada0022570defa5eb71d72bb0677911c4828fe2703eda3dacaf1322
strategies/H009/unique_00309/README.md,2ab16041eaf07d0929618e0003e6f8845941b6a091764715c546a61aafcd0225
strategies/H009/unique_00309/strategy_definition.json,3dc8f445b8d89259d493789c553cb235dc988e0c19749fe4d6268f3ce180df2a
strategies/H009/unique_00310/daily_evidence.parquet,895fb6a2ad04215607c2ee81395004a142230596c1ef65915ef78746bb4e1a6f
strategies/H009/unique_00310/README.md,4a13f67b20707240a9278d38af51885f13249bef1b296867c91d953108abfb90
strategies/H009/unique_00310/strategy_definition.json,c3e0cea5c50cac4a14886e6e0a0f99ce43284c29a3b46913ba482ba47882027e
strategies/H009/unique_00330/daily_evidence.parquet,7fd8a34155e3b64be9e47817f1c24e985f16db6922eb6809eb34d1a062b7504a
strategies/H009/unique_00330/README.md,fb12309f1af1302d85746dfe2511001385c984f6a1a0798a43f883538e1a13fc
strategies/H009/unique_00330/strategy_definition.json,435cbac4809ef8e2331ea24beb766380c476edb0dcec9aa097cff7f93f0a2749
strategies/H009/unique_00331/daily_evidence.parquet,e03ee1953695d5b39536bf16eab2b71b685b71eb2a7367ecf6f1c5f59a07611f
strategies/H009/unique_00331/README.md,a482f6052ae00ecfa1b482ef4aacf978bcf3ce7ac59abf1d1ed7d100b1c9c339
strategies/H009/unique_00331/strategy_definition.json,8c03ccaf99544acb51de2dffc4a4acdda96e1bc68e499f09b08e7b2b21d8d685
strategies/H009/unique_00332/daily_evidence.parquet,0e6eea6b8db8bd53129a529513a799f1c7a29b7be2a7e7329a4492f9fc8056f0
strategies/H009/unique_00332/README.md,9b62d313017a8345c9e9d969d947c862b34edc587478ced551a5e3d818d79acf
strategies/H009/unique_00332/strategy_definition.json,0611de1dea5e59117d20b0b8d12b52c5feb842218262238132a2bd421d2686f9
strategies/H009/unique_00333/daily_evidence.parquet,c6c53843eb96f2b1b9419ed39c9af4649e49faba5b6adca47f32059cf4075134
strategies/H009/unique_00333/README.md,c197d9e192ee063b1e7101bdbd6c9e70c7032d585138b8992915a4e1a122f95d
strategies/H009/unique_00333/strategy_definition.json,7af826c34f49db755af445ad3696462a65450f4beed8f37efd63f43aef4b4be4
strategies/H009/unique_00334/daily_evidence.parquet,e92893d36398ebefd96095d073b60f499eb27dec63642448923a398e3134d9aa
strategies/H009/unique_00334/README.md,e3b0a72951b2d5c123a5879d916f1c456939aa21725397d0b0508add26a558a4
strategies/H009/unique_00334/strategy_definition.json,b9b8846ec95ce85ffadfa1e0f6742222005539806faee550eeb22c388980f7e1
strategies/H009/unique_00335/daily_evidence.parquet,4d31ce7820d5f567def158b3a00fb875a6f9aec532dcea44053776aeb09fc516
strategies/H009/unique_00335/README.md,78e09c2f3b797d1fb6507b7029131b20d70ba316b5d54839a4b598acbfbab8f2
strategies/H009/unique_00335/strategy_definition.json,0fc9426f84978e123ff5bbf7dcdb813c5cc96e0cc73c9bbc3b81cc17b13ba908
strategies/H009/unique_00336/daily_evidence.parquet,0a43fa2103f23c692a1fbad7143bfebbe8acb4a5f71bc02b5b0274308c31f2c6
strategies/H009/unique_00336/README.md,50f8c99fdf2e14c966dbf2d5a24435dd8c2ab32cf8eef0f1d777b7225fd34ee8
strategies/H009/unique_00336/strategy_definition.json,df3ca33024e889061b05c7843c6eee69533fda2b4ad40a2dceb3d2305b5aaa41
strategies/H009/unique_00337/daily_evidence.parquet,26d7dce4d9b841c6eac3593b23cf0ccdc9dcc59d1501776f129502e9461e33ec
strategies/H009/unique_00337/README.md,0ea6b38f97547db9bd8a36da5a29f5850f5f571828b72f49ce9363f0954dd43b
strategies/H009/unique_00337/strategy_definition.json,5bf7815e3c738e06582a5e1cb5e66ec78bf1297cefc6b3bae7d51add4a23327a
strategies/H009/unique_00357/daily_evidence.parquet,484913f8278209227b906830dcfce119432a0f780b051bd9ccd0ba1dfe85d778
strategies/H009/unique_00357/README.md,37d360caafe8534c0a523381ac325472cf3ddb26fba8cd99a2deb1b54d4f1931
strategies/H009/unique_00357/strategy_definition.json,c3d1903e15be1b9f7dd35b94aee973bd3c7ef15416380be9520d86d7056f353b
strategies/H009/unique_00358/daily_evidence.parquet,67463c3e2f5cba33207c615a36ab0e86e04d322cb75e4f349c69b95ccedd778a
strategies/H009/unique_00358/README.md,f8ba4efe8b37bd8be57e5a5f4669c2cac12b278cb440915e7ea74c836711ec76
strategies/H009/unique_00358/strategy_definition.json,1c7beae1a7523a8dacafd9547e69134d31963854d992384ebb9940e349470d6e
strategies/H009/unique_00359/daily_evidence.parquet,0d53ff960475a848cc6cdbfa7042108af3f2085f32a9dda3fda03fc9e1a2b143
strategies/H009/unique_00359/README.md,6166ab5d5f7422d38e67bd1803884e1f00e0b1b2f19934b4a096b14d17fd506a
strategies/H009/unique_00359/strategy_definition.json,bc3b85dce595eb48133379b1e26dc42883c6fd31c468dcac1b9d643a942d8b1d
strategies/H009/unique_00360/daily_evidence.parquet,3726a14425bd4ddcc94a78bd367e5f2f9e544046d29116d2ddbb3f0d00037e14
strategies/H009/unique_00360/README.md,a1941eb8c047ec9a8429ae7e3e075b182e09862daf61c9b84dd0710190d6d7e6
strategies/H009/unique_00360/strategy_definition.json,52322cf1647eb16416e26047fdcdaad0b9ccc5fa1f91b2678483052377e7a6a4
strategies/H009/unique_00361/daily_evidence.parquet,cc04efcb2a728c86c0c37587d6639e6d5839d51de19598780170b0e759f72746
strategies/H009/unique_00361/README.md,cf385723bc1a5b8a7b1594ac65eb72fe92fd51006d29cc1b6b11cf7f2e6223ad
strategies/H009/unique_00361/strategy_definition.json,4adb5d8ece88485b367f5f54b5e94f5c014252e13c27ee94714fd5a0250a5b58
strategies/H009/unique_00362/daily_evidence.parquet,9dc3f7bbd93a9dda3d12c326ef03d386952e6be46ba8a2eeb01585f586515145
strategies/H009/unique_00362/README.md,3e4181e17d2be038d2d344f747ab7daa76dbabe8599d0777cbb5e18be02b468e
strategies/H009/unique_00362/strategy_definition.json,f12f57d89b82a2bdcffd62b181f4f9120cd3bbed3624282a4f9d292893733183
strategies/H009/unique_00363/daily_evidence.parquet,8e25961cb79e3bb3ad660aaf343919777d5aeadf08bded2176c214636e8884b6
strategies/H009/unique_00363/README.md,3aff22a00f1aab300236709b0faecf6e501ddfc00bc35dc53f9ab50672515e2a
strategies/H009/unique_00363/strategy_definition.json,dad4dc16f222123a14bbc0b8bb8ad7051de97978fbb56ee621bcbfc6f9692d14
strategies/H009/unique_00364/daily_evidence.parquet,52055235e2d2531e7558ea9b3d420e62bf59d57a7370be184f0b57e541234c74
strategies/H009/unique_00364/README.md,1cbc709a62684089a54700fdb2062084fd2743f7433120ba6250cd17cbcb8182
strategies/H009/unique_00364/strategy_definition.json,fcd89ddf05dcf6097f7e268e508f04712abea1787b4d33297563303a51e0f0fe
strategies/H009/unique_00384/daily_evidence.parquet,b866ffbc49f2d0ce7e5ba0c19444f6340b0388f97a2a5daa47d8134380bbf6db
strategies/H009/unique_00384/README.md,38b7a697abdbc2153574c054e7475f843946bbab5b2a57e929b083c569243bc2
strategies/H009/unique_00384/strategy_definition.json,409a442ddd55b86ce5f901748429608ace3660e14203048c504f0574c27ae1a3
strategies/H009/unique_00385/daily_evidence.parquet,b8c61133924c9ed679ca268443e1940f80d7a9794a8ad4f8daaec8fd48082a8a
strategies/H009/unique_00385/README.md,f05743aa51f5e52c902ed265a531251cf51d90e333bc2290411f494b965aa2fc
strategies/H009/unique_00385/strategy_definition.json,3a3fdfab1f0d07bfde7913488313040bc0ef2a617a79f706293f104d4bdd9b01
strategies/H009/unique_00386/daily_evidence.parquet,5520de896e86d1c849869a4d41c5441bd73f6aae2ca7edb8354b8528a258f910
strategies/H009/unique_00386/README.md,54bac315aaee8b00af0547324fd568b3d30911ff910b22c0156a4f85fff42f70
strategies/H009/unique_00386/strategy_definition.json,e3b7e2f44a1b9a035cb3924d1cb1e5dadec7436c916a7b54dadc7f0664250565
strategies/H009/unique_00387/daily_evidence.parquet,7297ec96687d36c72eab92fd8ebd763de564392fb7a9f2267d9375d0bda1d12b
strategies/H009/unique_00387/README.md,3baa9fc50cf1e520e8c8ee2ad56d7a1587860b434d771f34c232a7b3ed5a1c92
strategies/H009/unique_00387/strategy_definition.json,40f3ae95e1a2baa3df566019597697b0151774ac741f2f9e74ac8bd3c73b58c1
strategies/H009/unique_00388/daily_evidence.parquet,9c4b3968602032ce807ee39b22f8b662467221fa3abbf518d2d50f51407f80ef
strategies/H009/unique_00388/README.md,16722cff56063372b65f20d0f2e10a8b035e130616eded7b10d20c8c5e3473bf
strategies/H009/unique_00388/strategy_definition.json,69c1cd1e0d6153320d4a2a723d4dab3af8a53d4e86c97973857c048335e95dba
strategies/H009/unique_00389/daily_evidence.parquet,b00a80329192ea8b3bf979d7ad9966abadbe6ea460d0bf489ae922ee4ee53e65
strategies/H009/unique_00389/README.md,6d327ed35baa0b98c3455b6ed92db65cf801aefc487583842426761a3e1daac7
strategies/H009/unique_00389/strategy_definition.json,d4c64b2103c0475cbda092fc4b6da91be1e30f04924747fb7b3bf15371800e86
strategies/H009/unique_00390/daily_evidence.parquet,9f19a4f213dad130c64bbd87aeb6fb55fb43ac6fddaa382c17de51b5178c9559
strategies/H009/unique_00390/README.md,2d97bddd4b2dc98c26ddf6c48f58e87b20409218256f8448f71c8f18a3f44caf
strategies/H009/unique_00390/strategy_definition.json,89d03f17512269d256a1213f8c07798b335ae2f95bc4ccf21ef7746d306e9767
strategies/H009/unique_00391/daily_evidence.parquet,32d1747cba89d752db0730a0dd4eba77f2cbe9a9a45a2d6589e019bfbf720776
strategies/H009/unique_00391/README.md,98b859dc666a603eaf85fa031685c45c9437395710b30583488a95fc121bf221
strategies/H009/unique_00391/strategy_definition.json,3578881ec2616f809e1142286ac33c74b9fa5b5178250b643d776450a46c66c6
strategies/H009/unique_00411/daily_evidence.parquet,398322b429d20a97c3d1db9b2e30d33b912729c6194b7f940e1f7c086d4fcefb
strategies/H009/unique_00411/README.md,9561a13135e9841698201af26a4e9de5d57332c231c12f7c320e64b5eafb113d
strategies/H009/unique_00411/strategy_definition.json,d214d55b10e2155c4fbff75279a006e7936df3236c0d9a5091a1d9612f62f585
strategies/H009/unique_00412/daily_evidence.parquet,d9fc93ed009bb397925a56600eb1400f992ac8c4cd1d4b1ec911628946bfca08
strategies/H009/unique_00412/README.md,37e70d81ba0fa23e3088b99749e2a64c3f77aaaf6b5d6d80b678bf78bf230e9c
strategies/H009/unique_00412/strategy_definition.json,ced45f7c64894ca92b43fd1ecb83ce398167451903c0ed604dcce24efd583734
strategies/H009/unique_00413/daily_evidence.parquet,ff0db5ff972e143beaf786c5071c0b56bb0286a2345476671b5159b058909c3f
strategies/H009/unique_00413/README.md,0fca02342a8e337edc4672a2e832095f8fb9f0dfb8ab10c19119878de45f75a1
strategies/H009/unique_00413/strategy_definition.json,9b7d94dbac32e5e4e3f0e5ebc867e32525702afe12e5e228cca6beb7553b54a7
strategies/H009/unique_00414/daily_evidence.parquet,659493552d610e1910330b500d21896184785e823bc576397e7ea39a89525393
strategies/H009/unique_00414/README.md,0f8af0aaddb5606e388598b9edcd90c407491a94c097ce9d85b6145edc674af4
strategies/H009/unique_00414/strategy_definition.json,2d8ec91842da2c43508fcaebc11ecefa06cc123a2696b32adf27136a9ff8dd8b
strategies/H009/unique_00415/daily_evidence.parquet,dcc0610a534e6c022f3fa6bf1450c77d2e943194fcbd3863e7f8486dabf68d14
strategies/H009/unique_00415/README.md,fbb480edd08e6a426c182c81e1f13c9a7b1fed0f7847bc038ee6bc66f7e184c0
strategies/H009/unique_00415/strategy_definition.json,ce552165832db8c212cbac31f62da5293004ba791595524636562f2ee7fa3726
strategies/H009/unique_00416/daily_evidence.parquet,9881e0e7bd7e702e24b20287a65eb2af3f76134fca5b577b9563728526be9530
strategies/H009/unique_00416/README.md,03d92dd12a6ec0accdbb0d599d576580f7d2c445c80de44a13e7dfeee851a32a
strategies/H009/unique_00416/strategy_definition.json,a720b3745c31c8d8831dc5029cabde722f686872353a5dab61cd50ef9e514a5a
strategies/H009/unique_00417/daily_evidence.parquet,29133d09c1d110e72adc34e614ae07846258dd22e370e5981cd6afc9c852f9ca
strategies/H009/unique_00417/README.md,06251b6b2cb682316fdfb4ef75b6ffa25e3390bbf5a64d391afdc132dedcbbaa
strategies/H009/unique_00417/strategy_definition.json,9d0829c89479f5bcdcb0dd7ebc52f4988a90e8d624a2c39869c0239d6f0dd38d
strategies/H009/unique_00418/daily_evidence.parquet,ccc314006eed185375a22327b6a763865cd47422b6987b1bd55ae94d1fdc4c1e
strategies/H009/unique_00418/README.md,acc28c47b092c6089b2d6ac8ffd754092cdd1cd2f205951e6ee566f0a6911d4e
strategies/H009/unique_00418/strategy_definition.json,eab8782dbef059e42d0ecf691ed8e10924e6456feac19e78e46abc5bb082dc45
strategies/H009/unique_00438/daily_evidence.parquet,9ee9991dc87ffa94b5782b520e54db53fc6fc735e256636868983a661adf6621
strategies/H009/unique_00438/README.md,d2d1d3b0d26e48a10ba64113c7d14be93a6e8d5071b8a54c4e64dfa609b35718
strategies/H009/unique_00438/strategy_definition.json,a7b3ba3bb230dd825f5e2e351825954855413056dc22b9d7c933a6f087916f10
strategies/H009/unique_00439/daily_evidence.parquet,0744b032db1d1753bc57a65cf98ffe5e0e95f7f4c2e90a42fcd386db28e0e676
strategies/H009/unique_00439/README.md,bb856a654fd2fcbee69b6c60aced75102a4308aa80864cd989b270d0d9d3f589
strategies/H009/unique_00439/strategy_definition.json,8c6667b73a2cb33d6e360e037533c097522214d070cc8b479e9e292fc19ccc16
strategies/H009/unique_00440/daily_evidence.parquet,9c76e6991867dcd8efddbd6202fb51f5bcf74b80d51843be31f76519512a13f8
strategies/H009/unique_00440/README.md,9521bc8b0350ec8c0ee9b55a87a7127cc69e7b1ee727328b278bcd60114e3d14
strategies/H009/unique_00440/strategy_definition.json,a73e3c877d1fe9d454084506651eb651638bba478f21a01a9ca170b96c5f9a18
strategies/H009/unique_00441/daily_evidence.parquet,2d97dde9ebe450d561dba0b374473bb78555c69ae634fbbee94e0080124227a5
strategies/H009/unique_00441/README.md,894bf23da96098e24e25214dee7631a34dafba5db4f8d454af063b9d21ae6955
strategies/H009/unique_00441/strategy_definition.json,61936c70f5b47ddbc6f04303332f9f02b193652b63e6182194208ec8519c50ee
strategies/H009/unique_00442/daily_evidence.parquet,c359641e60df387f370524e7a2d5a0ce9eb3996422643a99239dbf5160b76eb3
strategies/H009/unique_00442/README.md,f69ea16a138d8c33f592af2419a99c2176c074d8d4ab76a2cb8a68fd0dd2bc67
strategies/H009/unique_00442/strategy_definition.json,791f7e631021f547a96688414cd9220efd457a2839b622cba3d05ce79f0597c6
strategies/H009/unique_00443/daily_evidence.parquet,526885afbd620754ce7156fed1f6ca78e3794ce2c8ce97cb07a9488d37356b56
strategies/H009/unique_00443/README.md,ff56a0f4e6651431004237f97172d772558706ac6c8090039e2119fc008b5233
strategies/H009/unique_00443/strategy_definition.json,f7393da0b8535b215df41e208145e1b1079ae6bfc834cdb2dc9db239c719b092
strategies/H009/unique_00444/daily_evidence.parquet,ec26d1eb5a77a6e2d60e20f6a871ca77593b30383c872ecfe7e64b5ba2f3ef09
strategies/H009/unique_00444/README.md,7b3df54f591b2a30b4b46f2740dd135ef48f157be69e134bdb57669906c1afe8
strategies/H009/unique_00444/strategy_definition.json,2761864d2240a2cbc685d9dd8debd7be0f88cfc51fd72e3902573118ac9e9250
strategies/H009/unique_00445/daily_evidence.parquet,71a9f9eb948db8bc268b5b84831b55db7a44ab2bc69ee1a8a418dafff801e37b
strategies/H009/unique_00445/README.md,e9dd1fff926e621303beedd78629731b84cdb6c6890f7d053e09f6fe30d5a0be
strategies/H009/unique_00445/strategy_definition.json,f7a01b2369f8c286a7b2d3562272f2e26b9023dd9311c0082dd443d62f477005
strategies/H009/unique_00465/daily_evidence.parquet,caa173710abfb6479d982d8a78ea08f85ada32ee962b8aa6251e740b0e986556
strategies/H009/unique_00465/README.md,ee91a3f781a10a67ab29606e52e08c26bce3ae614e3e9e34a7ab999d945b05af
strategies/H009/unique_00465/strategy_definition.json,13674762355dd0287301f5eedebfb242a9f3b69e920fdcf1dacd5fd45b1bcd92
strategies/H009/unique_00466/daily_evidence.parquet,30db75cbd68322b636f2a29233545c004c32994bb9672ca991cdf4e71183ad00
strategies/H009/unique_00466/README.md,8fb095b2af94eb6d1524fecd825accb9d29e3a8b173d3725fc0fd9f3f77682ba
strategies/H009/unique_00466/strategy_definition.json,e5e9a1ec258b6e7de3e80e0b349bd8fb5b6b289bda8fcd7497641ccd98e5359b
strategies/H009/unique_00467/daily_evidence.parquet,d1bec8acabf276246585c66acffab2ef6baeb9c26f8bf239aa639966fa85406b
strategies/H009/unique_00467/README.md,a80eddf877d7157e2a3b92b76e9385eb155a90608766df931dcd4666c1fe164d
strategies/H009/unique_00467/strategy_definition.json,84fd8f3bcc1e4aa27a88a3aa77e1e15f9714ae36988647ad2be3654859b64927
strategies/H009/unique_00468/daily_evidence.parquet,2348f9a69a586bc680facba5aa56d11f62af64671f366e7577a33b02f85a7fae
strategies/H009/unique_00468/README.md,1ae094f6e4e815cd670c56dc8da35cde457cfb281e8b3fbe4dc80f8719a6da39
strategies/H009/unique_00468/strategy_definition.json,f3000f688abc96f04a46edaef4aed3500d11cacb42644bf7139768c5a16f60e6
strategies/H009/unique_00469/daily_evidence.parquet,9871c1053708d114371ca9116fd3221e7affef308801de4d3623874daaeec2a5
strategies/H009/unique_00469/README.md,cf65134f9947afb7a97aa61972969a0163ed3746f095522a39e9bb698c152a3e
strategies/H009/unique_00469/strategy_definition.json,19dc11f9d7ff35add93bec397c38ef1fd99dc6fd815fe31642c4d6c4f3ba1d97
strategies/H009/unique_00470/daily_evidence.parquet,bd04dd700ccfb3aded682418aee31af6df5efc304ed0d250272fd1648ac79f83
strategies/H009/unique_00470/README.md,9804d186acebfa547bbbe82d827e081ada5392a8831e932713740b39cd6fa96b
strategies/H009/unique_00470/strategy_definition.json,e4641c3dd1490a2243ad4eb9adca3ce888f2e78dc6f552628483d3f4663afae8
strategies/H009/unique_00471/daily_evidence.parquet,9d35bf870bb9732159bcaffeaa877dafee90a2d65cd61b2809a0e79acf9fcf04
strategies/H009/unique_00471/README.md,a592cd9d51a5f5202bb56966ec67f9cb3e00361378080e881c0f4ad000a41824
strategies/H009/unique_00471/strategy_definition.json,4b83959c70389a30699d18aac7011b3878e61493b6e6dfd90d45956683b37925
strategies/H009/unique_00472/daily_evidence.parquet,b6a496dc5468bf2c913885bd94508d139399cea2a3a2364e47df5cfef8058d3c
strategies/H009/unique_00472/README.md,550839bd506780f2a6489648ccbaf3f6098461dc9d343c1235e1aeb1b37fc197
strategies/H009/unique_00472/strategy_definition.json,880e0a3570896374d0e0d1347a00edb11f28f995518436a282051fba5e29ff20
strategies/H009/unique_00492/daily_evidence.parquet,67d27e8fc855fc1abbe503461cbcd18b4ed00cb6b89d0b27651b89b1c6fe5dc0
strategies/H009/unique_00492/README.md,09bc7e58ca5b94f71c2e6aaa187284d3d46533d21cd8dfe17315098f019ee9a8
strategies/H009/unique_00492/strategy_definition.json,5dfedd550ac4ed83077b428b585fbfcf1c71c666b116703f2f0ba4fe64235548
strategies/H009/unique_00493/daily_evidence.parquet,c67a6a43189a2f01f77ecebec598f538735c07a11f3e243226ae1dae68cfa804
strategies/H009/unique_00493/README.md,d89186cce0137c50e28c6d6f07fc4e32bf53978c0edb91d0ceb96bda82f18a91
strategies/H009/unique_00493/strategy_definition.json,160a63a675f32359be304b730dba30872091b2c167cf3210d04c803745700fbf
strategies/H009/unique_00494/daily_evidence.parquet,f226fbcaeba0e59941cf196e3c78553a1e7bce76766be32fc79405381815503b
strategies/H009/unique_00494/README.md,8b53f6f9d0d5753c821977f5c6f34c43a5d6664e9f7453a3752917cbf8508654
strategies/H009/unique_00494/strategy_definition.json,a23163b1d25c1f20647b943650a2df724d38d13413cc8781621fb83ba09d0e2e
strategies/H009/unique_00495/daily_evidence.parquet,17f2dd4de34bcad124e22cd942c29c1f290eb1f6d3c160900cd5e40aa31291f2
strategies/H009/unique_00495/README.md,db32e1ec3dd08e6eef4ee4613d3cfeb41b03956d342459ffee149a995c69297a
strategies/H009/unique_00495/strategy_definition.json,4e3bc7a7d4994076aca9bf1d8d3f4928b252cdbeb28db229d66fc75951a9d620
strategies/H009/unique_00496/daily_evidence.parquet,4231d9053ca60d4fb5ecb965504a153bda40d3bea5bf1992cf0ebcf1ab46c782
strategies/H009/unique_00496/README.md,0d13a41a28db97e8acc4b7ec56e46dccb890121932e22337294add87984ce644
strategies/H009/unique_00496/strategy_definition.json,c59e906bdb77722c87adb4b6df7eb6d26b5ca2cf0d8068b491101058472c2697
strategies/H009/unique_00497/daily_evidence.parquet,5835032e406f268d0a1d94585b1f05ce62e3bdec3497f1d343e980718ffedc00
strategies/H009/unique_00497/README.md,e4a59ebe1062e10ebfcc780d56384d4a7a273871aacd6a9db0e3d836438e4d16
strategies/H009/unique_00497/strategy_definition.json,89c190be36ce86fd59a2117e1a1fec7b4866b99340b8a172ae9f9acc4e2e988f
strategies/H009/unique_00498/daily_evidence.parquet,c4405df0a477c617e66b2ba88dca8318379fe9fceecf1cba528d3f26b02fa0e1
strategies/H009/unique_00498/README.md,1f2b5499c4e21b58b7d8a0d113fcee86d095c9f087a0dc668b6a0f12b2a939e3
strategies/H009/unique_00498/strategy_definition.json,590e4deb6d63f99df4fdeff629527ebe547d160be36d1ca01577402eef713a3a
strategies/H009/unique_00499/daily_evidence.parquet,e33a477ac6322f579dd1afbbdd57dee793be1d6daaf9bb6c25d052be621a2327
strategies/H009/unique_00499/README.md,d11b7da279c6589378562b17f5cfa9a9239eca2b9966f89406b9f05b3e33deb6
strategies/H009/unique_00499/strategy_definition.json,67104f83c44c009801d601f3ba833cab3b648dfd21ad3fa0c800ed9e3ea13722
strategies/H009/unique_00519/daily_evidence.parquet,0a775126947666308a568b2147bcd99ae0af60c758caf7c99de03216d581490b
strategies/H009/unique_00519/README.md,9076944888d4f5c3aae08764f75046aee7923a699596127e5fe2884f6137465f
strategies/H009/unique_00519/strategy_definition.json,852603c1f3eaab7593dc813e75f239d8d4550b5b77355564c885de34f5d1ffd8
strategies/H009/unique_00520/daily_evidence.parquet,d425feaa4de930ad6ae79dff04dcdb9431bb3ab30c85f62d779e013de4da03b4
strategies/H009/unique_00520/README.md,0039ac612d9a4451c2cc9709a8488f35ddadf4e229e15fd73387ad7408624604
strategies/H009/unique_00520/strategy_definition.json,3d358b0a746638aa51ee8dc0beddce118b721cc83c070c0e35f7674c23636c78
strategies/H009/unique_00521/daily_evidence.parquet,239ad9c66dd7239187fabab290b263bfcdae206da7cbfa2edc87260c68847393
strategies/H009/unique_00521/README.md,7d3577fcbb204d6e9bd8aed644f12a08f316ded9e6fd474cd90c9dfb1da3bde2
strategies/H009/unique_00521/strategy_definition.json,64fd86c20b4e2e98bca7ed5c77b51b962d66ecab7f93e1ce00fc8cba04695a87
strategies/H009/unique_00522/daily_evidence.parquet,205b0a7f45abaa8daab1bd7a4ee10b3f33f084029f9c8052ae3f498642760efe
strategies/H009/unique_00522/README.md,559515b2456360d6fed844f3038d895a5a1659d0927d3aaec3a5de4c97c5e232
strategies/H009/unique_00522/strategy_definition.json,2b8b3d8bf8d102e3ebe373c5a49f455fb725c804744270e564aace504f6dddff
strategies/H009/unique_00523/daily_evidence.parquet,366e6c4f5712f184845688594e9e7ea7518f63344076350eed8b2df8ddf1f970
strategies/H009/unique_00523/README.md,552fc669c6f96a9af5390e08c12f133aba7de0d55abcd8ca898b3e67bac3b4ef
strategies/H009/unique_00523/strategy_definition.json,3d580bd9a48f01c81b7a051dd23b58d4a61607d2ab376a41143766e11b8d8320
strategies/H009/unique_00524/daily_evidence.parquet,69f7299e05bcaad99719e3c4de76b80fc42087177980b7f523baa6e92103d9c3
strategies/H009/unique_00524/README.md,35ed331dbb924137ded37ee371363db4b11b7624d7a44cb82de2aacca1cc9450
strategies/H009/unique_00524/strategy_definition.json,28e2b1e6a71800d8570c0f254b8da7684867faf0fe8a35641154156426f5cfd7
strategies/H009/unique_00525/daily_evidence.parquet,eade931a901704d1cef600e7d0f055c67752ce3867ac612cb9f702cb2bd0990e
strategies/H009/unique_00525/README.md,9b44e0a6d29a4a30db10b9ff847791c570e598e1b604c46f047027318ba87368
strategies/H009/unique_00525/strategy_definition.json,0eaffe1ea05f4e08f680707693a16e1f2c253e3ab8002ef5201fbbeab40c4c4c
strategies/H009/unique_00526/daily_evidence.parquet,03dfc67006a164131238afa7f888258a616e747405e1f0839d432ea2f4a5ee48
strategies/H009/unique_00526/README.md,946f0831db76e1955b0c3bcead1970dc4f1b47d17a24868562f99d97047987b9
strategies/H009/unique_00526/strategy_definition.json,b38f2dabb903b71ed522b5ea0135ab6cfa1ccce354a567a5136264b80fc28cd4
strategies/H009/unique_00546/daily_evidence.parquet,b60d6e49baecf0068e93c0b7371e8d3f02138d89e338256973299451f6e5e326
strategies/H009/unique_00546/README.md,4a3704ad0bcb828d8b97b4188cadcf79d27a1536c7bcbf3a97d9b6e85fbd0ccc
strategies/H009/unique_00546/strategy_definition.json,8553db675d76732445c9ddda2729d71a528cd8e5222997c72616355ce0a02266
strategies/H009/unique_00547/daily_evidence.parquet,b31921ebdd69b7d6d714f45a97fe7e5a138137222365b905ae57f1d5dbba9e82
strategies/H009/unique_00547/README.md,8758323c6810b403a983d2a2a78ef2ad8560cfc82b177d9b5916e891f2f0676f
strategies/H009/unique_00547/strategy_definition.json,770295cbdacdc58dfed1294922c762852ccb51369577e848adc11bf876975dd1
strategies/H009/unique_00548/daily_evidence.parquet,1ffb3ca8e9092df0b2fd62775e12a62c74f414c166ebd0151136e3d796737a4b
strategies/H009/unique_00548/README.md,fe00e9cbaffdf801a3392d6341d89f8972d3a76e46f1d6826f96e79f0f5d8c70
strategies/H009/unique_00548/strategy_definition.json,aa533264c0e338d9982907b145aa88ee30c5cca98ba9b3533fa6710d81b392d4
strategies/H009/unique_00549/daily_evidence.parquet,1e3dc35d8c1ba360f129ae9ac79b9eeaaa8c79fda4040ab91792f7ce585ad67c
strategies/H009/unique_00549/README.md,55144f390b9698f94efe670c25c3e9ec78366a48b2eb1fdb67d6a64b9192a6db
strategies/H009/unique_00549/strategy_definition.json,9a5145e1a3ea9c5c19df6f50527ef934a3ba2b609098748ff8c03808e21ef936
strategies/H009/unique_00550/daily_evidence.parquet,dac4c49af2981ccd3f92371a5a79e5b20a5babaa250f45d28fa9d7282ce33062
strategies/H009/unique_00550/README.md,ec1c2c0b841e6b03c61a0b619998faa0c201f62d1256479b6a7870e5d9922fb6
strategies/H009/unique_00550/strategy_definition.json,73a7a0dd7dd977cf3f8f9426dccdbd73fc550644cad4b95b0d58f9e55dd2ae09
strategies/H009/unique_00551/daily_evidence.parquet,99adf1650739c2d4c7b9edb2dba03d25d94194277026b02ad6da0031fdea67cb
strategies/H009/unique_00551/README.md,425c784e497d0e55a98ff8a53c83dcca4d3574da27663c700a5160d09fc84ed1
strategies/H009/unique_00551/strategy_definition.json,e183fd9ba551c85a175f0ac0a0f5f5d62ca665027fb482edbc81c2fe5c1349df
strategies/H009/unique_00552/daily_evidence.parquet,798c1db5646edfd71daca9ee57288db9c659b3231344f22aec3c4b9709c0da24
strategies/H009/unique_00552/README.md,1bf1ad0dc31e27bb8e65f09ae5c0695fbb610c98d9a7417393d0f97350136666
strategies/H009/unique_00552/strategy_definition.json,66346ef556edddd115a1cf94ee909530f1e655779805d5394b57199fd6ed2f92
strategies/H009/unique_00553/daily_evidence.parquet,3826e0ae6c9d4b7e5927b1e8000501ffef140aa5c31932971b9bab3cb71ecbce
strategies/H009/unique_00553/README.md,0a5bf89604854c902cf956ed78022d04a814d78ec21f3f03fecf3b0c74364ea6
strategies/H009/unique_00553/strategy_definition.json,a79929198442a63e4fe0f68f23c55158f635ef249766a9277d086045fc9e76b2
strategies/H009/unique_00573/daily_evidence.parquet,8d652b8a15cea7df55866ab685002fc586bde78d6bb4041b7f0ac4f50fdd6751
strategies/H009/unique_00573/README.md,40d0d638f19102100e8ae91e97c73787497df0ad71d618f715b12ee0c2a424e2
strategies/H009/unique_00573/strategy_definition.json,20b57a06f9ad6f243912d2c911722050c93c19a503dcb27930ecef7ae23e2fa8
strategies/H009/unique_00574/daily_evidence.parquet,fd1f76a980a0e05773086b8fbba669d4c51cf96aa9d83a4a5d3ae3096eb25aef
strategies/H009/unique_00574/README.md,c2cdb221c548e669541aa24d06698889678888b5d004ec9a2509126becd64d28
strategies/H009/unique_00574/strategy_definition.json,eb2779fa8530dc52def067c64f4e3a4109c9d682a4c6f4b312f7167f322b7ac7
strategies/H009/unique_00575/daily_evidence.parquet,ff1b8e5a5c1e1c415365e64496a6e2287de7a36fc0a7e7a59f0e88366d2d3877
strategies/H009/unique_00575/README.md,d481d379324162fd11b2587648933cb352eb44d4493d1a2c3ff7489bca850e2d
strategies/H009/unique_00575/strategy_definition.json,eee105e3223248e16e663e484e7abdde2c31143f664734d6962744c6eaadf0a1
strategies/H009/unique_00576/daily_evidence.parquet,d3d729de90da83188f696d42597be6eb242aae10da5f175627703f80864a2def
strategies/H009/unique_00576/README.md,0e7d4dedf3f465dce198c8c1d0f2255e9a99b2ef93c0603b7c633210dadaeed1
strategies/H009/unique_00576/strategy_definition.json,d3c5a84ee126c37d44cd135b238b740a283a5b078116d20a081fc94d0831e8d3
strategies/H009/unique_00577/daily_evidence.parquet,130216dc5813b2f10f4dcab15a8a97f681e87743a52ec491a161011cd22f80ca
strategies/H009/unique_00577/README.md,d9baf23ef898b4dcc3dbea97c7628bfc845cf7ebbecd08093e706b3cb6a76758
strategies/H009/unique_00577/strategy_definition.json,87772e85042862255905d7438b14b85705e946d0713a28ff2b16badb052fb8d1
strategies/H009/unique_00578/daily_evidence.parquet,e5d7b85b21b4f1be5a019063b03afc874c5dff40108b129e983d8caf48aa2f4e
strategies/H009/unique_00578/README.md,d94b72455188e47d4b93afb6d275f133e7290649a705d88c7649950b62d0ad90
strategies/H009/unique_00578/strategy_definition.json,57a9249f4611f9126788efed2ac0b41c9be3a524527e6ff09df65fa75ba3dd2e
strategies/H009/unique_00579/daily_evidence.parquet,584141997020686237beb01b3380b700ea7887b37622ff5b10afdcdf2e55d377
strategies/H009/unique_00579/README.md,2f9f836aac912b958988ddb94e89a6ca7aad3442edabbb21b0da45e01953e038
strategies/H009/unique_00579/strategy_definition.json,fb38c8b1385049e56008b795a64a404e3c027586e77b3b718813761bb5b9eaab
strategies/H009/unique_00580/daily_evidence.parquet,75ba3dfaa16d995425ca0fc975b3e684b887ab21ff9b02ab452b4cbf139cd86a
strategies/H009/unique_00580/README.md,d4b9b164ff30f54b2df8a13bc302c1db92edf1abc09eea678fea5622d840f2e9
strategies/H009/unique_00580/strategy_definition.json,519b2415fac48405d4c6b7e156ebeaf7162ef75fb8ea1090f0630d8af01ac8b2
strategies/H009/unique_00600/daily_evidence.parquet,0082b68647c67ce192e959725d061dfe039295a961b5a43dfe64e9dad7ada759
strategies/H009/unique_00600/README.md,11c291b9718fad14cc8e0d45b31705de22c9f981dc8abdd90ac7cb7519c3ce28
strategies/H009/unique_00600/strategy_definition.json,7646a273dfd2390551ffef6cb53f97471f548261ed7c3e087a95e60fb0c94255
strategies/H009/unique_00601/daily_evidence.parquet,bfb1b6ee8598dcaf55497dcc3222c84450f963a6849e46ad53c8bcde2d664811
strategies/H009/unique_00601/README.md,cd6ff2be9d0c8d10d67de3664338047d720008aaff9ae5b2448ffa7c01cc936d
strategies/H009/unique_00601/strategy_definition.json,74d66b41cc4ce221d7ee51eebfbf079c13610ef610b6211fc4891e484552302a
strategies/H009/unique_00602/daily_evidence.parquet,22df2d3e3e1e746a2b33d01d88dda822421482dac8d515e5bd4958fbca1e2ac0
strategies/H009/unique_00602/README.md,b8c81b7513b7ebd50be6240880e72d00c25ec26f704d3efdf24cdeb39ad32eb4
strategies/H009/unique_00602/strategy_definition.json,20064d737f4a76934cc9d3a43d6fbe642d40e919d4aa2af9fce414004dfb587a
strategies/H009/unique_00603/daily_evidence.parquet,d03f03eed87900e7dc80bfa59090f0ee4fe88a1e47a61cce1668eb67dab54a5a
strategies/H009/unique_00603/README.md,08281fe8f9bf88ef099d22862e399fa5269a3fc9314c87433f04c2ddd3069b65
strategies/H009/unique_00603/strategy_definition.json,cb963154a91c63ab4e3baf81d1a4574dae694203575cf940d44df355b1866ea1
strategies/H009/unique_00604/daily_evidence.parquet,8c29569d171f7104a54b282865782161b9463f4ad23e81280e1d47dc2ac80117
strategies/H009/unique_00604/README.md,ab18762aa9a5e741a97435894c906f59cd00d552b540d273ce9303668b3aac51
strategies/H009/unique_00604/strategy_definition.json,224859c9f9f6e64d735066773d318c9a9213cd32ece0d1dd447ca2c4c2b65c1f
strategies/H009/unique_00605/daily_evidence.parquet,cd1eeba49a62e61f7a8cfea1e34cddaf04eb53f5207c6ed98dcdd5bc2ba10eb9
strategies/H009/unique_00605/README.md,a74da4ceb24493eb539adf0c70d1a7704fbac2a1c6585fc92b5e941679444bc2
strategies/H009/unique_00605/strategy_definition.json,bfa963e8ac33a907993a9791ae33abbfc8d0f2c00271ab3c29ec64485f102085
strategies/H009/unique_00606/daily_evidence.parquet,8e14480a03c9e533457d863d84413bfddd9ff5e4651efa2f18cdba9823f8dc87
strategies/H009/unique_00606/README.md,1efd789783be08daa63603f834b8213369ffeb56de85a9306d0d886746d956a9
strategies/H009/unique_00606/strategy_definition.json,82a73715fa49ee3c6d4951fa7dc79e352ae7b81b5bb6ff02805e6031614f47aa
strategies/H009/unique_00607/daily_evidence.parquet,707165dbed00f79679ff5026ea4222787c594cb50ff2d505b9e924e330d8a513
strategies/H009/unique_00607/README.md,dc2be4c24839c5982d6a86725dd7e33360ccdd63b6fbbd796c64ef5143152bf6
strategies/H009/unique_00607/strategy_definition.json,6f9532653fdc660c217d5d65bd69adb4f3c24c33ccbae98cc31ea40e623008d1
strategies/H009/unique_00627/daily_evidence.parquet,26024ab95b8c522cc6faeb3e59a0e18d7a4bd2090b1f4a43adeb328f30b8fe41
strategies/H009/unique_00627/README.md,2b86c47b63b3f94d3c1b0923c542560b7b30453bc122e7d576dd5e9c1dbe8986
strategies/H009/unique_00627/strategy_definition.json,252a6f03f2d2f9f65d328d09c98f8a8554286b7ca56fc9cb18d60cebe3ab56fa
strategies/H009/unique_00628/daily_evidence.parquet,328b39d3a3528d54a0e7d7bf7b50c13c2e5a4d76855bdc13111fd239c21feca3
strategies/H009/unique_00628/README.md,e617b475d3edfbe956f92ca7e9d8dcdd9b163316cd6d09cdbbc13d16c1113085
strategies/H009/unique_00628/strategy_definition.json,74c106a7d0c32bcb50f0542a7d54cd5bcd5d3843263b8ac00ad818dd36ebddf6
strategies/H009/unique_00629/daily_evidence.parquet,22341567aa75baef08251a01b45ce59e3a967297aa032196aa5005dfcb19b62f
strategies/H009/unique_00629/README.md,6d34a02456ae24bfee8f6946d5a902f1581d0e2c567bc70646b161857930ccfe
strategies/H009/unique_00629/strategy_definition.json,c3a81168bfe2ad61729ad2095c3087c93344dd01ef0cdfeb4487cef4ced5f153
strategies/H009/unique_00630/daily_evidence.parquet,5db6464cb1adffa67543a010aaa14411c4f8ed48fc5618a554f840a34280fb69
strategies/H009/unique_00630/README.md,3938ddfdd994054060f8d46006d034128974dc24dda03bdf1321c9770b2f5aeb
strategies/H009/unique_00630/strategy_definition.json,1c1d178d8a05fbaa19f2b9672547c7d3c7c75c1ec6845c3be42169b5159a6af4
strategies/H009/unique_00631/daily_evidence.parquet,16d33cc9a5ffa7fcaee5b1333f563b9a3d1d29f7a5859028727cc11ed75a2717
strategies/H009/unique_00631/README.md,cada7aac6cef231be39552f3a7f4da3dcf8e5cef11b449dc3bdf153723120da9
strategies/H009/unique_00631/strategy_definition.json,d60bf725d4dd75eb88450b10bb6e51cc6729ad9cd3f8b3a95bcd684960f7530e
strategies/H009/unique_00632/daily_evidence.parquet,894416656b45397ff70db697f8fb442231aa30a1007132666cd229a4894a4bea
strategies/H009/unique_00632/README.md,baa996b8bae66f4763b377db928ea05858af20b22b50fed6ed7dffa0fbf61aca
strategies/H009/unique_00632/strategy_definition.json,923b67f9259aadeab7c0410983f5a9951c79982da0514fa556d734144daa61c2
strategies/H009/unique_00633/daily_evidence.parquet,d63e4e693e527effad4f00012b355d344c335956606cae3c05d7586d2c190581
strategies/H009/unique_00633/README.md,a48b546c6f4c4193d18192cc2225ef502dd960f7df0cb0cd90b9779b9a359f1c
strategies/H009/unique_00633/strategy_definition.json,24c37cadfd9461d9e62844e27ae469405e50265c4464e964321bd2fbd0ca6797
strategies/H009/unique_00634/daily_evidence.parquet,06d8667051992b26aa6562195b64ca8e31791b10bc57dd7fec2f73e114459e83
strategies/H009/unique_00634/README.md,23becc4d0c154bf03cdf2edd0fbe05802fcf31e25026cf4a87fed95112c30ece
strategies/H009/unique_00634/strategy_definition.json,ced3ee300a99570fc31e7659e7882b4315bcae66912f56fc5326a7458da12606
strategies/H009/unique_00654/daily_evidence.parquet,fc889089eb97c5458772fa34038bd291a169c6de9bd11d372097f427d7ff80ca
strategies/H009/unique_00654/README.md,5378e38cd1ed571c50f6ba6fb95b95f09c7bad52e70c6b41359fea3b5c9f4438
strategies/H009/unique_00654/strategy_definition.json,068a716049b72ced76107ab90186f30c371745c2e72bf44aebae115d0464a417
strategies/H009/unique_00655/daily_evidence.parquet,e6e5d4348ec9974d129ffd625c8a9fc6da9c2cb390cd1fbfc0fccfe241931bd3
strategies/H009/unique_00655/README.md,d57abdd05fe434dfeda164f7bfe01bf9aa7d4265362541eec54f1b51f431055c
strategies/H009/unique_00655/strategy_definition.json,d001146781e32d282660ffc760fcb6bfa8ca44a76e98a5c2c552f9ac28b1ec69
strategies/H009/unique_00656/daily_evidence.parquet,08967ad53e706c12902ab18f761d472544bdece190144a207d8c00bf499f7358
strategies/H009/unique_00656/README.md,1866d598d8bd16dd7a7e299d858fa384631c18838797951ead0d30a516598786
strategies/H009/unique_00656/strategy_definition.json,b84e8a69794273f9f696e45d29349629db463d1992552b7e75c9b37cab8d273c
strategies/H009/unique_00657/daily_evidence.parquet,50186455939bf05885d6787af9a3571ce2c936f92bbba3cc00287c0f719e4a1f
strategies/H009/unique_00657/README.md,2651cdff7855829e4ce81309081acd1aaf6140dd11d62798ce3a0f943dc70642
strategies/H009/unique_00657/strategy_definition.json,5b90cf845d053e62518971e4da28be1b90834389d4355da50a3ec9a3f2747682
strategies/H009/unique_00658/daily_evidence.parquet,7fe98e7269452a3983fb4af7aeef6036752cd45247a97c6b1519c474ae060104
strategies/H009/unique_00658/README.md,3d2abc683cb3ab9ca39d75fa533bf468f7d8728a094efb8dfd606199b0b1337d
strategies/H009/unique_00658/strategy_definition.json,2a85368f62e9220928fc7ca39f6229a75ec49962f9b97b554468390c60da44d3
strategies/H009/unique_00659/daily_evidence.parquet,6dc652966b1053ad63ae04365f1294f2a3c5aec2f6f19b81a63d362773e2a5c2
strategies/H009/unique_00659/README.md,bf7ab921d21a6cc8f6b159fe997f0d539837c468a7a17b8c21ba1bddcd724db0
strategies/H009/unique_00659/strategy_definition.json,f61cb4b062382beadc02f310c075ee3c984a100cf12201c0774094917004b4b0
strategies/H009/unique_00660/daily_evidence.parquet,9d73ff3cde3feb0bb0568e06f130ddd8bb821bc3c9dd40a143ab91835fe0c7f6
strategies/H009/unique_00660/README.md,18adfc9074f4bad8ef76858d24d26297d3a600710dc0dad112097228660b701d
strategies/H009/unique_00660/strategy_definition.json,b0f2bfa97b1d7e262628708ec84d4e64ca2ad8b2f88ff651724bc844c9572d79
strategies/H009/unique_00661/daily_evidence.parquet,fde5aaae36d44e32e0f79fce672fa3b0a92aaaaa4e8b1b495c64389aea215ff4
strategies/H009/unique_00661/README.md,253d42abcfc30709e11d5b880e027a19c3cd29639b628b3669224a1d201f132d
strategies/H009/unique_00661/strategy_definition.json,d119e74a8c7072283176cf92eb25ee871e6675006f63a7db64056a7913be2925
strategies/H009/unique_00681/daily_evidence.parquet,ff0dd923f1e6639afe0e506615bbb91f327a6dc0347486024086a652ce67fc94
strategies/H009/unique_00681/README.md,d8a77ccb63666413ddc7e29cf66f68091ca30c78a2da56f43eefd9c796e27763
strategies/H009/unique_00681/strategy_definition.json,b08e37a685d9e44b520a1b1b86a0d43d084602179dc036454ab5cf2c75d3ee73
strategies/H009/unique_00682/daily_evidence.parquet,653ef1c79cf7e4c8b3b1465552c7da242dd5a1ed40b335ba861cd27463864e9e
strategies/H009/unique_00682/README.md,fe0ed1eed828daa50848903f826a93ab3bc658ec428e16e0426d1c41c81859eb
strategies/H009/unique_00682/strategy_definition.json,72508b2c98e3f0bb84f3ab1b07bdb1e6da3fdbfe73a317d19b231c8d682b959e
strategies/H009/unique_00683/daily_evidence.parquet,c75fa9c8b04750610d0e9cd8e4de91cbedb348ef2aa52b44b7f0886aa46c0d17
strategies/H009/unique_00683/README.md,2a989405445c1e3f8794838f79cf100439799fd8a815c14e87e93835bca7f147
strategies/H009/unique_00683/strategy_definition.json,08702667f6133eba8b92d1717d3af58cd0ffc16fc355073463f27d6f5428e37c
strategies/H009/unique_00684/daily_evidence.parquet,9a4e4e3975f8391c3c7c43baa97db1d90951d5b59094528b52cb6ffeabac22e9
strategies/H009/unique_00684/README.md,eab3aab428dd3128494552dab9c5c8463b5fb185ed82f9d976e90d11bc8b61f6
strategies/H009/unique_00684/strategy_definition.json,98d76f2dbd8318b738408d13bac3123b7e6b7398607d55b85646d71fb5393888
strategies/H009/unique_00685/daily_evidence.parquet,bda53b50143462059762c90e23485d3f135cbd0105f330da70c760ce13f5b815
strategies/H009/unique_00685/README.md,f400cca142f263900547024c16a15c201e62c59842f260bc3388053a29c1d592
strategies/H009/unique_00685/strategy_definition.json,9b8dff074745ca7f838f33f701ab9718962dbb16d3121aa6ee837e6459963616
strategies/H009/unique_00686/daily_evidence.parquet,74472c2998508af31f8d3389a1d0eb5be9bdf3cd0d3368093f926d924953417f
strategies/H009/unique_00686/README.md,5f09a70b373f83814ea5a3e34719fb046c6d312fc1f6ef25f64199a457551cfd
strategies/H009/unique_00686/strategy_definition.json,5c9477f1c3942c81bf296c6d695e7212b95ed4c9a71d72c925196c6c1ce76733
strategies/H009/unique_00687/daily_evidence.parquet,d666245c344856fc16d95a7977fcc784070b2cfc04a2c98bb77221f3223cbbb0
strategies/H009/unique_00687/README.md,5120ea4329072b2d75708ef6943911f70bab44d8c64c2fa9012e8f4a29b7dc82
strategies/H009/unique_00687/strategy_definition.json,8d6eca1bee865d310b5929d47cc2bdb18072d0f5a5b4063ae5dedcdcca1d2a1e
strategies/H009/unique_00688/daily_evidence.parquet,640eb25266104cfb85833fb23a7ddcebf98a2a504ea82ffb1ceb749e6f649498
strategies/H009/unique_00688/README.md,312982cd8d096581a20b3928d0fef851c81d1fff953f29818f1e18218c2792ed
strategies/H009/unique_00688/strategy_definition.json,b005dbb0736bc026562903106b0633238f26ab8711c5d438aeb684b2fd842dca
strategies/H009/unique_00708/daily_evidence.parquet,8ff0f657b1217491c772fe054adb22259b2d1d30157b06623156b8b8d1a311e6
strategies/H009/unique_00708/README.md,1f129c2e133640afbb7443feefd7bd8561041ad459b7b20d64b00144a2300517
strategies/H009/unique_00708/strategy_definition.json,06b6861caaaaf0ddf0b04e72a4f8bc67cbf5a9b2ce6db0965922f522d3ae78cc
strategies/H009/unique_00709/daily_evidence.parquet,92edb1ce4b929ed919615d90702901fe8fed959a4b588dd65ca4fb73d1ea6e0c
strategies/H009/unique_00709/README.md,ce4030d0bb0c600410bef70cd32cb3e233a4e03b8a30ec7842455e7f42b62f48
strategies/H009/unique_00709/strategy_definition.json,0915c2b6f6cc5c14c69649baf786a12279ede591dab0ef6e43647d76492ac604
strategies/H009/unique_00710/daily_evidence.parquet,e44d24b493c6cee073084917b961f3ab02c1fecc1d728fde94cd4039408e0dee
strategies/H009/unique_00710/README.md,33abf2b85d63ee0dc8783a4ef9e08e7022e658a89be50f508040fb585ed5b572
strategies/H009/unique_00710/strategy_definition.json,55a00b18d7e285e5713b63e0811352ba7935e9979510929a86afbcd949bdaa8a
strategies/H009/unique_00711/daily_evidence.parquet,b7cf73e7815df96605e1c3232d4ede3feb72b29949fe7e914dbc9ce8adfdee46
strategies/H009/unique_00711/README.md,09c556c48ff89b830134826a11943b92e361ee7d0d05b7e2422e83383d021272
strategies/H009/unique_00711/strategy_definition.json,a67567625a0587b856c4503e235d58f6ef1209e3ed8301df3c080b86b9720871
strategies/H009/unique_00712/daily_evidence.parquet,6c738714586f7e411e8dc1cfbba6d4568bf9be94a37f4afd56f5d0ca26882c2f
strategies/H009/unique_00712/README.md,15c0a1f21f67c9c01af3b6ee3ea9d46e7dceecc3560e81f272f868195a21b220
strategies/H009/unique_00712/strategy_definition.json,5db76e1ceef7607c93cd2142025f82d1f0d2658ad93b2932237bd3aee55fbcd8
strategies/H009/unique_00713/daily_evidence.parquet,f6d9eb6cb818b4e2437d6c7dbac6a932aea343d7a5eea846aebd3ff9549c21a3
strategies/H009/unique_00713/README.md,5a77728eee238bc2589c3dbaf2d35bc1fe732828c0e04e98dd1588c803f809d4
strategies/H009/unique_00713/strategy_definition.json,d890159f266d892f27c410e74cf6133035e44d28c73032ccf34090801c1d729a
strategies/H009/unique_00714/daily_evidence.parquet,84177bdae36e6b15d359ed3148126e23eea9521169598c93f82d61217b0b3a5b
strategies/H009/unique_00714/README.md,9d8081afc088b93bcbe0c8c88e7971997e2a16fc19d0f94b11242db067c9d2c7
strategies/H009/unique_00714/strategy_definition.json,062e66b0c454740773f16c2af9d000a6ec261045c78b1af745c876b6566902d5
strategies/H009/unique_00715/daily_evidence.parquet,e9bea9edbf3b08f01bb1a4a381359ce1b9e0d05e9f0ac741a69ba6962b778203
strategies/H009/unique_00715/README.md,2e277ef9a99f8c2128f031bfdb4bf93de3dd25a0c0b23e1769d352f8ff73c2fc
strategies/H009/unique_00715/strategy_definition.json,3e7202865d91f717b62249102ccf8d53b7e7883cb04bb4954d0da390bf0757e7
strategies/H009/unique_00735/daily_evidence.parquet,6eb72257ff1a6948df3a05dfefc98309f4998889684ae2c7a7d82645fff44852
strategies/H009/unique_00735/README.md,8dcd31e07f35148504803fd0d187f805100766e0a0238591afd4ffa73b1ff490
strategies/H009/unique_00735/strategy_definition.json,a56b3e6d5d9360cb3c3106b6fdbef3ba9ef0d8536e2aca6a3e45795dd4d824b5
strategies/H009/unique_00736/daily_evidence.parquet,93e3d3bf9bee97009c9e162f5b6e7e8dfeaeb1737f85837e74813b3035af4e4e
strategies/H009/unique_00736/README.md,0d3a8720a81f358921acfa29d0bc5f969d4e761458cf7fd778e6926d0d422cfb
strategies/H009/unique_00736/strategy_definition.json,e1a0cb5d2876819c2410e427d4856a2d47a5100186281cd6f33a03605f782bdc
strategies/H009/unique_00737/daily_evidence.parquet,5d3034c985df284c631208711245aacb041e03b67c64239c89cd2ba37eb540e9
strategies/H009/unique_00737/README.md,47aa24a2bebfb6a7741d1fdbdd7ab77fc19c9bc7e0b1174c520947d787c8aa49
strategies/H009/unique_00737/strategy_definition.json,8554023d6cc0278a82b5e9acb4b1ceababa1b6d66228ddf329a6cbec1cf967bf
strategies/H009/unique_00738/daily_evidence.parquet,04c2057336142e8f614c48cb296b522ec2ca1b7519cac42e1b7bce914e1bda4f
strategies/H009/unique_00738/README.md,50988ff56949925c452e107854d3c0b86e55be2ca85fd9d6a4f50f462fcbea50
strategies/H009/unique_00738/strategy_definition.json,b8065cd76834602a6cc068598e69432bfd3cb579048c90035112e7b1e7566c96
strategies/H009/unique_00739/daily_evidence.parquet,e79583687ade9897f5fa8a7d3c7c762738db833110c550b6b4e1651140f25601
strategies/H009/unique_00739/README.md,71b062397ad4a8c8295ed6535bb826aaa1799dcbdbfb7886c0547cce50aedaa1
strategies/H009/unique_00739/strategy_definition.json,a48cc61ad39105e75b322c7724255cbe5e9899d0cff617b4b9726a811b8404a7
strategies/H009/unique_00740/daily_evidence.parquet,8d9e02c8379aad21194c8c75851dd21757f2810e4b4a4595e535babaf14d8201
strategies/H009/unique_00740/README.md,db33871458f0c649ddc8f13c19750f9b26d16bc391f6ffd2083b8dcfc349be0b
strategies/H009/unique_00740/strategy_definition.json,9f6fbd9ec47d24a98e97596561e8f4e80a7df57c36ce96aa275b6ef22115335c
strategies/H009/unique_00741/daily_evidence.parquet,a2be9fe61cd6f8b8e18ade0b4455662988f4b1189a781a21d33114b08581b203
strategies/H009/unique_00741/README.md,89c651292e0d93f2b4baf3fa458d11033b552958b96be5e87c720a83bc4d4c3d
strategies/H009/unique_00741/strategy_definition.json,91c7fe0e0368ff99b4072e0542b74b9ec04f550e32918ba3b146334598c858ca
strategies/H009/unique_00742/daily_evidence.parquet,6e43bf42d1ca1066517d2017af3b913e7d775a5b491030e206e96503690ac91b
strategies/H009/unique_00742/README.md,008c43d2e24c479866aa495a1d417fc1a72778d144cb11b1467784881d6064e4
strategies/H009/unique_00742/strategy_definition.json,4529ed4f4303da8cdf470493b4b9a68b513ed68bfdb1876c1c7cc0e14cde29be
strategies/H009/unique_00762/daily_evidence.parquet,1c157328b35b718b1d5c321e547a466904edee12387dcf03ff368a5fb7f4bd60
strategies/H009/unique_00762/README.md,8a9b24616621739b4fe436ae0f889877248a149e82bc01520b208d09f283dce3
strategies/H009/unique_00762/strategy_definition.json,c9cb087078378a0035e13bd1930f62be261db45d8d868165dfa2ced7d29182a0
strategies/H009/unique_00763/daily_evidence.parquet,305282e6307887e9126a888fd29c3a751fa40117244341ae68a8d92c4c7e3162
strategies/H009/unique_00763/README.md,1612bcc601067ea4a78604d2e764f45174ac976c1aa067efb695cf0deec6d2ce
strategies/H009/unique_00763/strategy_definition.json,7a145de8c79d39ad8d07b517dfa874ed3d66f43dfc593096db8750b1707d16d1
strategies/H009/unique_00764/daily_evidence.parquet,d7bbd5327f633665691bb1722c71d4b95ab8e600a5e41d76d6f51ef15d06c41c
strategies/H009/unique_00764/README.md,61d60d2cb30adae54a2c7fb15578bb8c83956ac8b40b8c4edd260eb6b3704427
strategies/H009/unique_00764/strategy_definition.json,872fb5eba4f755f33d61da1becec69d0a23f4f5ee2bbdbd185c6bb160fa86dd3
strategies/H009/unique_00765/daily_evidence.parquet,b7cb2813c3b5efb2a79f4ca1e225fa491e8bab8e9242975c734ebaec77efd4e8
strategies/H009/unique_00765/README.md,5fb0915d7823c14734dd0c2d0ff3791bdacbbc57de34869e4608b8fd2d5ec8d0
strategies/H009/unique_00765/strategy_definition.json,90c3342cbee7e7c1c4e4a12dc84bfb02533ba0bcc0fdcee1efa15c84ab8391b0
strategies/H009/unique_00766/daily_evidence.parquet,32d53c6aa1f7d4d822c04e10ee6733152e2243cffc3b8fa9b9ae25becaefa0ab
strategies/H009/unique_00766/README.md,752a86335db87d4aa1e393b20ca24b904edc73805107272f7a7689c4919f19b5
strategies/H009/unique_00766/strategy_definition.json,d56a9a82c63dfdd6cfa511d1fc02d0b065cb60187ac070224b7e5266f14c5358
strategies/H009/unique_00767/daily_evidence.parquet,8c7e18a69a9e7ffcbb6e20e54fa8051c913e09d1bd1ccea9dd91c14334371772
strategies/H009/unique_00767/README.md,66e3911882cc0e9277e19b62b61ba3ff6043466eab6fdadf3792ce0c3f54324d
strategies/H009/unique_00767/strategy_definition.json,f664e61577e20e254f43c2ea9c397e7a0c108a1e7eedcbfe55a36012bbc88280
strategies/H009/unique_00768/daily_evidence.parquet,9fc9e06689b75ac9c2fcbd9204baa04c609f702e0030e33bd312ad616bcaeb26
strategies/H009/unique_00768/README.md,9372fc830ecb39ba5957715d9e3c803c599d9caa2d0c2171cd455d2c30663091
strategies/H009/unique_00768/strategy_definition.json,cc44b434346c08914e4198f0f719e08d7cd98706e1a70c37c117c0384169c35a
strategies/H009/unique_00769/daily_evidence.parquet,d3a2340a5ff1cba1f73c9b966f8a74ebc7192fcb6bdabd414b2d5d4ae603d99e
strategies/H009/unique_00769/README.md,f2f123c34b7653b3958fda04cde1ad72629a4f6a92a27cfa16d93fcca8c0cf2b
strategies/H009/unique_00769/strategy_definition.json,5b14084f0fb69f403e839c1434e643a3dca8b227a45abbc9db6ea87e4c29bbd4
strategies/H009/unique_00789/daily_evidence.parquet,a997d912bc42ff4737e2860588db9483d940a28c4c1d8f31d10213a4e6600400
strategies/H009/unique_00789/README.md,59a6e1bd111292cd846363f98b196b1515300ee5fbb48af889b68ead50ad05ca
strategies/H009/unique_00789/strategy_definition.json,4d6fd54e3b5f8d78d234c8158265131c5388c6dbf4a1a4c4940e119b0d312ac5
strategies/H009/unique_00790/daily_evidence.parquet,1883c1344182b07cb7e07bff66f088e910b4c40a6b721e0177c52daed1c6e6d6
strategies/H009/unique_00790/README.md,dc8f68c74a013e6f228f64e01079c5994417ee7fdc2ae71cf9a2e1b1e4304707
strategies/H009/unique_00790/strategy_definition.json,09d6408e8112f3df21b5fd4b0a6a8ccf9efd4bef514ad48409ceac04d33632bb
strategies/H009/unique_00791/daily_evidence.parquet,17b1faaf4b747c46884aa2b6226d7dc8a65bfd42247824e8bac1fb3d279c3f06
strategies/H009/unique_00791/README.md,d28644992958cb3a95cd192bf85f1dca46cd32007d67a9a763638334c3d6f7b6
strategies/H009/unique_00791/strategy_definition.json,f10ccf079879b5e6ecfef76e706773255193b0a6128916e362741f27a8008e4a
strategies/H009/unique_00792/daily_evidence.parquet,96bb8adb80be9d82ade66243d0427a7ccc5db3fed12ed8b77cac332cece2046b
strategies/H009/unique_00792/README.md,345cf3d7a4748438e91bb30935dd96dff72518056d5296db9b52ed1c4064b8b3
strategies/H009/unique_00792/strategy_definition.json,ac559f170871c1635a9359613256e52875be1e01adf0c9d8d805f2b5095624ca
strategies/H009/unique_00793/daily_evidence.parquet,f2ebb310e00a3bef38b3d92094968493307f7920b3bd80468c4edee5b3b92194
strategies/H009/unique_00793/README.md,301ecc080fd1e3fb7fd889be41d93a8767ba5267d42eeec7559e23d350e28351
strategies/H009/unique_00793/strategy_definition.json,575be912e8a34986ccbf9d92c5dec25f42ae46afbe336ec12d596d7e4fd95349
strategies/H009/unique_00794/daily_evidence.parquet,94db9df2059bed8d1e78ba2138474f0ed4e9b274c8ef9cb3761471385eb9f6c7
strategies/H009/unique_00794/README.md,69cae416bdf6de7ecc47a8894b3d5e17f5340f8aacbb8b284ea1fb9191281a48
strategies/H009/unique_00794/strategy_definition.json,49da2da2feecf8b823b68dc0061d0262c159cc5a05fe0bbb0db38f687deb0051
strategies/H009/unique_00795/daily_evidence.parquet,4b0b611e43855a475eb1dd099460b179f9f3ed404202d32a4eb7b7089f1c78ab
strategies/H009/unique_00795/README.md,2685e52d75955c6bb040c3fa3a5dcc0c62ec91871de56293523f5d8f6185446f
strategies/H009/unique_00795/strategy_definition.json,8c1d9f8d21747099f5d0416e702df4ad8066dcee3bec5b52591c1208eba43471
strategies/H009/unique_00796/daily_evidence.parquet,7a06e4002ae74e99b0391b376c7d09c07e627238b3344894ee096969fb5e5c90
strategies/H009/unique_00796/README.md,c4b3a02e6f00040de1c09616a8f916038b33b60fc8cc875b80761901fb6a4291
strategies/H009/unique_00796/strategy_definition.json,53c0a5b94c85d4e5e7165162cbcd110d0153a8aaa47bcc125e501b2bf576fa5f
strategies/H009/unique_00816/daily_evidence.parquet,4e7562a124bea9bdd373e3bf56fe23157bd4db69264b5b3228b809210bb0b509
strategies/H009/unique_00816/README.md,049ffda7732266862a10392425a9f271aa503fb62ed8e05cd3086f820fed0965
strategies/H009/unique_00816/strategy_definition.json,bc2377b4edbe95bd6ade1c8778e0aec4159ca559b05a107d51b34e7a20eebbf0
strategies/H009/unique_00817/daily_evidence.parquet,6fef03cf74426717b583f29f5ee0bc5d28878912db31e4a891b46b4dd116354d
strategies/H009/unique_00817/README.md,23a9736c27dbee52728d3a8b147b1430030f1d18b6f9ffa8ec856e0f06daee3e
strategies/H009/unique_00817/strategy_definition.json,070c8ace33e93b5672a8e84956695aec535032d7652d756cb5c9baa3fe39fffd
strategies/H009/unique_00818/daily_evidence.parquet,cad58be954a25ef475f2e3388172e49725c73b81f539f0b08a2417eb19c6a028
strategies/H009/unique_00818/README.md,7cd766c5353dec2d944362fae3a9e1e4716edcbfbc97cb3541944935ae4b7d81
strategies/H009/unique_00818/strategy_definition.json,630121115757b8ced96c320ccea44b31a20189d4859c892d36c71796c5d02c70
strategies/H009/unique_00819/daily_evidence.parquet,df8c278830a74983aa7a2a5bdc0fde79cbe315b30dd32177ff18e6093178447d
strategies/H009/unique_00819/README.md,faff6324d8ef0867befb0ae91fc703ea938ed99207435d507ccbf1f5c1e6ffa9
strategies/H009/unique_00819/strategy_definition.json,a06c26b845500d442fedc0833cb07fdc204ad358bd53ae40f38ce62fbb37bce2
strategies/H009/unique_00820/daily_evidence.parquet,3f0331739beaec5eb7b1525d5d6b66cdf89242b43d2dcddaf7e47c5d92d5f2e8
strategies/H009/unique_00820/README.md,05f25d408167ff154d5727ee6dbae7987c59f989ec4798bc7e17a8c7b4827f79
strategies/H009/unique_00820/strategy_definition.json,b0c9a7ec473cb5042cdb4911894f50ec3ba61eadc5bca70d87145b0b079d5d25
strategies/H009/unique_00821/daily_evidence.parquet,bd601f797d65b024e6a1fc311ba93fab3e54965f076f8d500738ac22f195fe2f
strategies/H009/unique_00821/README.md,f05908a3acb82309b7fcd44cdb0b5bdf717b0ff9fbfd9e2d293c6c7442024419
strategies/H009/unique_00821/strategy_definition.json,2112dc0e229cdd406371dfa3a9dfffa28e114d7f61b36c4e842f4e55d1820ce8
strategies/H009/unique_00822/daily_evidence.parquet,384833f76ecdc7a66acb24432cd0202f1670dda3808c8040f8ddc4ff9a8bddfd
strategies/H009/unique_00822/README.md,7d66652257054da6235be8e81090bcbef4a2f65568ccd6f254edbb00fd999fd0
strategies/H009/unique_00822/strategy_definition.json,c268fb58822c6c3fe3e323fa6eb99b00528c14cbdb44bdfec40fa196b2cc5b5b
strategies/H009/unique_00823/daily_evidence.parquet,f6ad3f082537f461a6a97dada20628b0d1c798a7530f67575836b0ff58389b04
strategies/H009/unique_00823/README.md,533bfb05963e605029d49323cd274d17e0aaf6fe466af3640d389788be2fd9d5
strategies/H009/unique_00823/strategy_definition.json,c2e2a7c0cd98dfeaa221c16df7702c54b88716c0a7f224980be878c673d06d65
strategies/H009/unique_00843/daily_evidence.parquet,a0bbf3ed0503f3abaa3c80160b82c44bd227c3e01d6d859487a1eec6e9a92b87
strategies/H009/unique_00843/README.md,072a321eba26504b3b6491edc61c974f52726e31ef2f24342b5b25ebce68ad3a
strategies/H009/unique_00843/strategy_definition.json,dd7980a573065bb09729216a7f2ebbf4ff08e1b009b9342450026d5ad8a55c31
strategies/H009/unique_00844/daily_evidence.parquet,8660d82396ba60b4dd4cadef1ddaac1ce8bbe12c7da4da7cdaf870e7bc591603
strategies/H009/unique_00844/README.md,ad65e7e6b652e3592824f327fe18fdcc3bf703859f300a80de85120389934362
strategies/H009/unique_00844/strategy_definition.json,37d93319c0393f9126f8f4bbf090853ef69a4a4233ee4dc60026044737749783
strategies/H009/unique_00845/daily_evidence.parquet,3250ef93449188265c1f1c3a2acd200693b0124126ea5b7b9d57f51d0550afa9
strategies/H009/unique_00845/README.md,41a486629fe9582099b1c4aad1ceadf25da67fe4449dce05ea65b48e784d906d
strategies/H009/unique_00845/strategy_definition.json,595d0826e602011ccb819f5adfd62f7405a6ab017db60c4d256fd30ab4a69e21
strategies/H009/unique_00846/daily_evidence.parquet,70a322de0a29b5f3b403185637575dc253eeceff898c296a06180b820032f884
strategies/H009/unique_00846/README.md,1bfd3aab11bea49808575b896373e1e3f89dd4a95c35d7c2f90ebee779934f1a
strategies/H009/unique_00846/strategy_definition.json,c18a2a49dce080d6189b56c163296ed533b63a608f4c3ccc18a3811b75e95b6e
strategies/H009/unique_00847/daily_evidence.parquet,1961565ea8f67be6d497e605813fdb95ddb317312704ff9c4b63fb9bfe4c5e0a
strategies/H009/unique_00847/README.md,1b50a472ae16d5392bbeea8a425388849969af0f7c2c6e8418eaf346819059a0
strategies/H009/unique_00847/strategy_definition.json,51a8f4d9c521c6acf9d01af2615683ea87559fe2c0e0a56c305b7db0c0e0f9d2
strategies/H009/unique_00848/daily_evidence.parquet,386efdfec143c4d2159676ef5a3a2f8c920938047f60736c05ce7a396e126349
strategies/H009/unique_00848/README.md,1e95b3f2c1fc01ed3e811cd068274e335bdf24bd85257cb691a1e63eb0879ce1
strategies/H009/unique_00848/strategy_definition.json,62050d7a4650791a4ac8579932fafb5816e2f6fdcdd52a76dd47167140b2aae9
strategies/H009/unique_00849/daily_evidence.parquet,1d88621df866cb27905816903d86ccac6d4f4756b75a1a43a8411e1f08076b47
strategies/H009/unique_00849/README.md,f95bf808e3b5db64392f69b70775417a31233c75a7ff47f12fb616b8fe749e58
strategies/H009/unique_00849/strategy_definition.json,aeb3e1b0d9ed6af778c9f1632e3cd8eb7bfad18764751daa6fce02390f10cb21
strategies/H009/unique_00850/daily_evidence.parquet,c85496f4dc2018c7514fe573986204e430de89b2ab024fc3b0917034b4c8d14a
strategies/H009/unique_00850/README.md,06c22d5d6cde10ee07b6ffb92bbc3ec88c389574a6e17dd9286c1b3ef00ff454
strategies/H009/unique_00850/strategy_definition.json,90bfc8614d2c68cd9314989c5394600d896beeef5b0ecb4109117e9a95c5e7f8
strategies/H009/unique_00870/daily_evidence.parquet,b2391fd103c2598056105927f6fe18873c90a5934d0efc546ed469cda235080d
strategies/H009/unique_00870/README.md,dfd79af14cb781983999485a9b2f703435af981e1632db912ff56c60375dc056
strategies/H009/unique_00870/strategy_definition.json,0070af1ec681782d477aee84b2807173c13459cb2361067cb30cbac026c65dca
strategies/H009/unique_00871/daily_evidence.parquet,60c21154ae7ade023393be7768dc5c3d8d805f03712a99f4a93a3e63035522df
strategies/H009/unique_00871/README.md,6728ece9ac3cf262c0f2d71290b61e7f4cf1210c506acdab92f7968baf4f5344
strategies/H009/unique_00871/strategy_definition.json,21955c7a0116530b643fdb044da3ec9bd3a1db93ec22f9385ccec922db3996cd
strategies/H009/unique_00872/daily_evidence.parquet,49d8fc0093f974d29b63106107ea83ccb2aa25de4575f1b03bd006eede8899d9
strategies/H009/unique_00872/README.md,6acc3594349a2d528dfa39e362d0bd62be386876fa474d608b16359523aa731a
strategies/H009/unique_00872/strategy_definition.json,b0d1797e8da7c2d08847e110a4fe496a3de8611aed98997918d780e74147b485
strategies/H009/unique_00873/daily_evidence.parquet,62e71ea77b4a775875109b26c6e1e308bd47653ff93e70ff2cc84e6a5c1ee990
strategies/H009/unique_00873/README.md,60b6d11a580bb8e713cbc9062829c8d0dab2322b5ee5dec7a871268815a1b232
strategies/H009/unique_00873/strategy_definition.json,4cdc3323051a44cc20dda7e0637d22889ad0a423a30d6eb71f475295068a7804
strategies/H009/unique_00874/daily_evidence.parquet,3a78ae85c5d3aed2ce7dac7193edc4a8891b913a685a6585daeff8f64ed62420
strategies/H009/unique_00874/README.md,9219591aad3733b7b38210c0962dfeed1beffb3667fcdd1b2489d4cdb4f6fd93
strategies/H009/unique_00874/strategy_definition.json,aefdaa90df7a7511ed22f98cfe05566a36bb81aceccb39d3f9d88b53854b64a9
strategies/H009/unique_00875/daily_evidence.parquet,e8c314d4a39697c8b4a3b9ca169ff8b7f6bce220cfe194bdbfba9e022188d410
strategies/H009/unique_00875/README.md,7366a5a922ffd62a9f5d6dc66d9932a4078c6035a4a9eacdce96fe3cfff5d470
strategies/H009/unique_00875/strategy_definition.json,c9c079faf05d9e8a61b684c2a249ad9af69f1f933f9fc0588bd9dcdd0c7b3b64
strategies/H009/unique_00876/daily_evidence.parquet,379cbf8162c56be3a7d631bf5969c9f37192281d37678035a4fa870f83c8fd3a
strategies/H009/unique_00876/README.md,2c42db0e3e9dcd875b596717d5e9de20f7a04ba05acf2fac0a07bf4b40278715
strategies/H009/unique_00876/strategy_definition.json,95633d68cf26b8bf2fb45e974ce6e6ccd6744190564d722182f52521106a834a
strategies/H009/unique_00877/daily_evidence.parquet,bcf267550d716cf429c2509052a29291ed3d9eb226e409212ee016fe498aaf70
strategies/H009/unique_00877/README.md,2c2169ed9df8205085aaaaabae57080d17d5f041f4a2b19f9c745a376da659a4
strategies/H009/unique_00877/strategy_definition.json,30fad6cfa6c745052361af3776fae0195177f307c44e8e58664567e8c3652637
strategies/H009/unique_00897/daily_evidence.parquet,3ebf676e946f09a41bfb5205dad49a6898f9d3d3d8f39fb86ed7468fa3af20db
strategies/H009/unique_00897/README.md,35a9998e04c417fe4b731a7c99dedf459c8498bdbc1beea8b4f514a7065c185c
strategies/H009/unique_00897/strategy_definition.json,199e066420d5ba36aa1ea7352c442f3facb32b9229dfde54135c78edca35ac3c
strategies/H009/unique_00898/daily_evidence.parquet,69701abe718e95ae142028f5a8ba2a9dc0b2b4e316917b65569d3b34aefa69a1
strategies/H009/unique_00898/README.md,9c327e74c018449d841077cd826753aaa5c89239326b28e83553f959ecc09efc
strategies/H009/unique_00898/strategy_definition.json,d39042a546248a79750035c467c24e9d405f4859d69c8369fe24787b7ff1d8f3
strategies/H009/unique_00899/daily_evidence.parquet,726e215b7cf4169bbae07cf42932b57748fa90b96c8b796d4cfb4564e0f1a533
strategies/H009/unique_00899/README.md,de4def677e18717686f6fb823fc0f1c70cb50c24ef7ee40aab69a74f6c19c548
strategies/H009/unique_00899/strategy_definition.json,81e4c8c91900841b930bd4ceb3dddf49ae946a3c47f02b817e5f9cc358d4e0a5
strategies/H009/unique_00900/daily_evidence.parquet,e7a94a91eca110872076d7586f6e357eeff452ae5f8bc01072ca5535f57dfb0c
strategies/H009/unique_00900/README.md,80581ccf86b9ff20892ee4c01dcd92d750f51fa1816f04d9a515627ba2738071
strategies/H009/unique_00900/strategy_definition.json,167b4ef1226b2a5d21514c7731883703002df697a5f3fb29d8e1f53e180d9df7
strategies/H009/unique_00901/daily_evidence.parquet,4e5e8432c31719d7f1a290d429f74c06bd34b29b746756b182ec9a5a1ed5e8f8
strategies/H009/unique_00901/README.md,e2812233818597d713e13c9726e869d5a5f5f8cc6153a25e70ffe8206092dccd
strategies/H009/unique_00901/strategy_definition.json,61b7170a27222741fa0fcda745e8f077b4242a1931b9434a6697a500c9180e50
strategies/H009/unique_00902/daily_evidence.parquet,a744bd8e7140188896a0c6d000ffa6f2ca89e766ce1abbb24f6e04f789446eb1
strategies/H009/unique_00902/README.md,02f99c47f4100f7a5d12be7d1aace087ab2dd516b98f7159c198621e1719cf06
strategies/H009/unique_00902/strategy_definition.json,75562228d270bc16f82b445e648ffb7658651a13910819c0f7385dee8beba686
strategies/H009/unique_00903/daily_evidence.parquet,38604aa883964d34c3bd03a032bb587c96894b8f9702625ad4fb5ffd78fb0d19
strategies/H009/unique_00903/README.md,0ff47c0daa6932a41908a5c89bec1b32be2fa7ef7a56aa77f7595c1586c76a27
strategies/H009/unique_00903/strategy_definition.json,3af3f6252b76a4f17b638e48519221e4611690693772209a3e2124c6acb39813
strategies/H009/unique_00904/daily_evidence.parquet,7aea9839cff5898f4246f7c731b40073dbf2d6e2dfa24ae5aac2960a353cd9af
strategies/H009/unique_00904/README.md,89550a114266e4448f9a897c0377e66086afe0687187036653ea35f0f097628a
strategies/H009/unique_00904/strategy_definition.json,c397454a4cc2b70bf8dc66691caaa3a95ab64709d5c5424053b4077802834b8d
strategies/H009/unique_00924/daily_evidence.parquet,c0aff0512ad8b441354206665aab5817823c720cae9b7acc89517adee3a8271e
strategies/H009/unique_00924/README.md,01a37acc2f72cc94ffa1ab8b57b694b686c12a6cb69d20e303d5b61d46322be1
strategies/H009/unique_00924/strategy_definition.json,8aa7743d3604b9ec7fb26fc99c44f81255bf212815c304a8306dc19c286de10a
strategies/H009/unique_00925/daily_evidence.parquet,a713e9b13bfd64a852cdbdde7604798b6865931c110a13c4d950675358243d1b
strategies/H009/unique_00925/README.md,ec3949f2b49d0c7f693f9a1e249f9fecedfea0e17f3402b48d368bd943d35020
strategies/H009/unique_00925/strategy_definition.json,10a26334f596f63c592063f5f4aafd4c12f5b7159d9106cb2759b27e1917e86e
strategies/H009/unique_00926/daily_evidence.parquet,f64ca7793ce52a8fa8b9391b39582be2e89c8d37ef9278d951600e27d2bb1a1e
strategies/H009/unique_00926/README.md,6d4e197a329d4ee4dc9a13eb0a6a07ac4635dff6ebca9e0bd2e5ac7b08f52a3f
strategies/H009/unique_00926/strategy_definition.json,6aee7a5e36c9501bce1bee97472f32085344d941989d4154634e8c94ae58fabc
strategies/H009/unique_00927/daily_evidence.parquet,9290fb852ec3678d99ce9b5ac4ee139ce32bb63055e167a483518fc21dd047df
strategies/H009/unique_00927/README.md,be11d4628390d9b2330e826bab1683dc3b50710fe81da152e6f348ce3f55a06e
strategies/H009/unique_00927/strategy_definition.json,e6f5fbca7a5ed7f0dfeec86946f2e1902ff09edc8d6d18cad24091d8090d1653
strategies/H009/unique_00928/daily_evidence.parquet,bfee2b1ac0301ca1bf98833c22aea7006865ff1fa2ef20aca35b8dd334261189
strategies/H009/unique_00928/README.md,d74e8f2155131ed5bd4987b9ee361825bae7414d4dd988231143873af2dce911
strategies/H009/unique_00928/strategy_definition.json,775624ed5e1675ba5395678f6c26ef0f42c9a7cf21e81e44d3585c35b837c0b4
strategies/H009/unique_00929/daily_evidence.parquet,61a6aa871bfcf46f58ecb977930e254c3f2c36e444ed53c3ff6562c2aeb54778
strategies/H009/unique_00929/README.md,37104a9c9e46ce5604af432ec01ec752d44ced47463e667621f65302065e8459
strategies/H009/unique_00929/strategy_definition.json,7b7d14552df46da3ad18a930b68c87a4ab94120f6bd96f679bcc67743ba560ac
strategies/H009/unique_00930/daily_evidence.parquet,83384f2b78f715eae349988e7ac2465c7a866adbdd36d96d603ea7368b86105b
strategies/H009/unique_00930/README.md,e956912daf58d6fe7e6b42b975773895014ef68142fd83c60534ffe2f559acc6
strategies/H009/unique_00930/strategy_definition.json,a95525367c7e450729ee4dbfc445f86de0603cb26bfc6471a4ea8fa7eb541d70
strategies/H009/unique_00931/daily_evidence.parquet,c8343a231d7a491cb2f472c0ceed1365bddb2810e28dbd4cc3922e1e42f711f1
strategies/H009/unique_00931/README.md,c7e8ecb7305e24e95d35876250bbbedb14a912b107fe59b5a30c36477e280812
strategies/H009/unique_00931/strategy_definition.json,f218b31bbe0472f2139a7e698634815873a003e2bec1ef3f03083911592c0fa4
strategies/H009/unique_00951/daily_evidence.parquet,fdc8b7ce52593e7b17376b1f6dffb846b1a5a22d1dc43d6776af13e415aaa471
strategies/H009/unique_00951/README.md,e8116dc005679e91cc41712e2edb8d00c5469adb66dba72a6c014a059e31ea93
strategies/H009/unique_00951/strategy_definition.json,70dea815729540b36fb5b8bcb494ad60f17bd842a97b5097751d2239ee058ca3
strategies/H009/unique_00952/daily_evidence.parquet,10dfd97dbd4c80cf012d9657425ce20d861878da9eac7e62981a345d06bedd62
strategies/H009/unique_00952/README.md,38d73d26fdde215479fca7d60c5b406d92c2ab91c30663030f13b1843307b72e
strategies/H009/unique_00952/strategy_definition.json,edd798251c6e6ab2345cf3f6341ffe9c93a72da96aded161d13ef8042b20fd4d
strategies/H009/unique_00953/daily_evidence.parquet,fd0c0850c4024a7b7c7519d5085c5c6a850a317406787c42432ec51cf68a0b6c
strategies/H009/unique_00953/README.md,d32e8b770bd250ab4290e0a42cb6d12680046a99e95e86fa219a2105f02f46c8
strategies/H009/unique_00953/strategy_definition.json,c1c568046d82244e1a357c761cd7ee78de2016a51007d7f3fcfdfcc46fb0d330
strategies/H009/unique_00954/daily_evidence.parquet,b73ef7c87160ecbfc60fe1ca8c45a04e2d1713a5c8288958861e188d5dc31241
strategies/H009/unique_00954/README.md,0dafd38c29efdd6ce6a12e1976b723acc2a5144f381c0a16ed9d4c7c95d678bf
strategies/H009/unique_00954/strategy_definition.json,c28211e558dc27704872a715fd3522bf8f03be197b16edebbb0610c3efb9c4a1
strategies/H009/unique_00955/daily_evidence.parquet,7ada03adde88fe369f0a76dca1bee1f16f336947e43a6e68907b597188dc7853
strategies/H009/unique_00955/README.md,c495c4585801c7570b404a2f61ad3bb43efb54d16b62d791a6de3559eba25ec4
strategies/H009/unique_00955/strategy_definition.json,278a4c8760c6b5f8780bfbbbb87f1ffe20aa6175f3dd2ad0716b5ade5fc3c14c
strategies/H009/unique_00956/daily_evidence.parquet,532a19cc136fb3ac95778173295113c2353e8cf22df6054c0ad240398608164d
strategies/H009/unique_00956/README.md,661d8dbe48f4365d0986b2341ff478b49e177679099800fe9ccff03fb3f08e60
strategies/H009/unique_00956/strategy_definition.json,eec221ca6fd5434822cba2d9a6778a58f6c504aabed2c7a0ed27c77577a244ff
strategies/H009/unique_00957/daily_evidence.parquet,cc8da4e916ba1a5f5e20ee7cb85d86281d4b4b95e335c7957c7f89514f60117f
strategies/H009/unique_00957/README.md,c2e55d6b1b7927801a9939e0fc7f352a7ffd7f7a90ed1bf5a1edeb294c935b9a
strategies/H009/unique_00957/strategy_definition.json,f10785ca59048d9e62a68cda2ac1da05352a9c76275eeb48c8a8c4a2de5d48db
strategies/H009/unique_00958/daily_evidence.parquet,1c0429dfbf40aeba8d88c54151dd64977efa60fe3ed7ed5d77e55ec05d4b028c
strategies/H009/unique_00958/README.md,96a2aaf7b3bd838483d86f13d6f9876cc0fb8532993ddab762fac030fb42974b
strategies/H009/unique_00958/strategy_definition.json,5cf10e9992587f1100f1b9d4891e5ce729224d9cb126474ffc65c299ed7a9bca
strategies/H009/unique_00978/daily_evidence.parquet,6d5e28b444a94ac32bd147946c3d3c7fbe3cfacf5880ad8fe77e3acdb5ea3d0f
strategies/H009/unique_00978/README.md,15e38431c5059d6878563d19a421ddf867a09c2c781b0d2e79534ef82d83d354
strategies/H009/unique_00978/strategy_definition.json,4c397ae629b9fabe6c035e7e53be932d27e041c31a415ff97c0f6797f88e6eb2
strategies/H009/unique_00979/daily_evidence.parquet,db87da3ce1710490660d3935724c85d477663a1806da1858ff48f584fe7914c4
strategies/H009/unique_00979/README.md,df82e067ce76bd5856c4a1e17f4d4a5699a602e201df966d3f4deb908a8b3471
strategies/H009/unique_00979/strategy_definition.json,04841276dd6ccb7ef61097c0b1d9f6be85b4fc352e914583aad33a39765d8780
strategies/H009/unique_00980/daily_evidence.parquet,f30026b79e3ac702621e5bddb635bf20f3eae2f470fe89ca73769d5d56dfb74a
strategies/H009/unique_00980/README.md,c2c33dff78578e2c3736576442fe82d800f40ab4a5978c1cea3fe80b0c42352d
strategies/H009/unique_00980/strategy_definition.json,9dd176feedacf88479f9f59f5f2460ae695b8762bbb5c8bcd5fcd0648886403b
strategies/H009/unique_00981/daily_evidence.parquet,7558954a881eb81ade8098befe28889c9b49e0519c28c4b02b85ad845ca41ab2
strategies/H009/unique_00981/README.md,853d02f786f6161d1221e9037c11f807584ee8b8d3cf475a076c3eb2469b2464
strategies/H009/unique_00981/strategy_definition.json,93262163c5328ff6be52f1c1eeb8632c1a0919846d68d2a724d85b700de007de
strategies/H009/unique_00982/daily_evidence.parquet,e141e8cdae9521696c2a8db554f497a3e6ddc3fb4d400ed21a658a15b403ce2b
strategies/H009/unique_00982/README.md,3ccfaf29b74223dcd1b0bf53014449b6d13e8604f8ee552c714445620144acd0
strategies/H009/unique_00982/strategy_definition.json,0e847a98183f5139202eb58e1fad125a7d8d9216eefe9afc59c17d5a965bcfe9
strategies/H009/unique_00983/daily_evidence.parquet,5831b26f6f833b64f09b0e1c17a20ce8da0675679c8926a8816e84b6b6345e6c
strategies/H009/unique_00983/README.md,e02bcab1f9d5b343965517c11ab9e0dcc0c0157dfdee2a13199cb246f1a255b3
strategies/H009/unique_00983/strategy_definition.json,c0ec1a1626a49d97b7b0755e86bc39596d9631936e2d002598ae576b342e7679
strategies/H009/unique_00984/daily_evidence.parquet,9c9bc6433dbd5ba251a5ae088752f36288d3ddd88bfa714bed099438f6e40d71
strategies/H009/unique_00984/README.md,b5871a047a4dbe7326b5a3b4a09ad196d96d4406ecba0a0cb798754eff243da4
strategies/H009/unique_00984/strategy_definition.json,0f9472dd3a96f528a3889e9bd7d37565b022d14fac6aa6d785dd1901ef96a4e2
strategies/H009/unique_00985/daily_evidence.parquet,2e976c9f135955e2c129071c84b465ce14ccf6db93f77563d2b47587709f22c2
strategies/H009/unique_00985/README.md,d8e7b43595bbe8f75541c3a3bb478d8de6d316ba3f92d6bb0f053fa27c38a792
strategies/H009/unique_00985/strategy_definition.json,5f2e7b6643026a1bc2f36d67719a499c76adbd99f5cc8feeabd7ecea581eb074
strategies/H009/unique_01005/daily_evidence.parquet,1d0543534f683a57a7c192a394f57d7efad6a7dfa0294f25d712641d46b8ed12
strategies/H009/unique_01005/README.md,060e4d590f5478729023dd0aa4933d2b44a67b53140d2c80f3896ae32828b3dc
strategies/H009/unique_01005/strategy_definition.json,2e7c806ac2fda6245dd826dd35c661df8077c3475ffbab9b044f2ff25ebdf704
strategies/H009/unique_01006/daily_evidence.parquet,60237d3c921d219ff0ea2da3eaf8f9a56600378041a99e96d861c0c1c2ffb53f
strategies/H009/unique_01006/README.md,c58841540993b9578873ef8947ef196ae7df7641eccf1f6a16ceffc5558f425d
strategies/H009/unique_01006/strategy_definition.json,503e6857692f2ba9ffabc20ff3532e145273367d053ef987ca5f77e5458828e2
strategies/H009/unique_01007/daily_evidence.parquet,aa2f664d41dc0680908921fda6841f0edae17375e03e14ce25b45279e0861cb1
strategies/H009/unique_01007/README.md,8b9a656956aaf39f6e625d3971493c475cc625fc7bbde50e98bf85c3e2a39ffe
strategies/H009/unique_01007/strategy_definition.json,a44c269affec1e95202def12f3f566fc40ffe4a0008406b41ba97a36242ae998
strategies/H009/unique_01008/daily_evidence.parquet,d3d8539b06d65e4e31d956cfa8b96c0e46a724b68b13758416919d244ff7b52f
strategies/H009/unique_01008/README.md,e86cf8dd9219ea3453f5e41957d623a456ce9c680d6bb6192ff97005ae42ae9d
strategies/H009/unique_01008/strategy_definition.json,4ced1b8679c0ffc3f1e94da5d40ef5f25add28ccf06239f1fa5f60b7938768e4
strategies/H009/unique_01009/daily_evidence.parquet,c63d4157e96b37a2223f3d3eb2d1f2d003ec334f2a01a8a37e038f6f4d1449c1
strategies/H009/unique_01009/README.md,bdf899d19752413d1ef18b56e05f829b597a358c6ebeac4b8423610a583d2598
strategies/H009/unique_01009/strategy_definition.json,b2d147a53f59ca2ca920f8b64ff13b2ec8c62b8e151303cf960fed96792e8adb
strategies/H009/unique_01010/daily_evidence.parquet,12bade538e2382cc3662be3680c0534ee5ac5e64e97eed71623d7d65b237161a
strategies/H009/unique_01010/README.md,6e6bf7dee6f8a8e032e9e13543568cd3da8ce23c27f3f381b536bbde4eb5dcb7
strategies/H009/unique_01010/strategy_definition.json,40fdce80245415ed682a48f26554152f83ce31700ae485d837cdbca8f48b3e90
strategies/H009/unique_01011/daily_evidence.parquet,4ec071298ca34ef51e3512447996b2969cdc9005e1b42f4938510f68f50ef818
strategies/H009/unique_01011/README.md,7e28ba0312fff4d00309eb149b11619d24e9111d96c6453837e9771410ec6845
strategies/H009/unique_01011/strategy_definition.json,55139a0136ca5a0d04466db61bdb9f663890d880c4db19c2c5486be60066ced3
strategies/H009/unique_01012/daily_evidence.parquet,e1a6ee2c4ebcde28a434f2fd32da0693940456d1e804102fd78cdc711eb07c6d
strategies/H009/unique_01012/README.md,5b539402e2792e2ce4c11893d52f13bb0fe3aee66914a32833e2680da7d5a5eb
strategies/H009/unique_01012/strategy_definition.json,efefc89766420161cb299bda8c635440b4d52e5ca31f559eb7730314f255fc15
strategies/H009/unique_01032/daily_evidence.parquet,188c9a0cb001524503e772e357f04618373fa25ca8800c0b10f4808069874e9d
strategies/H009/unique_01032/README.md,4ae4b6c0c37b3dbd031594ad86bfbb78d1454ced6db76693feb9cd5da5a7215b
strategies/H009/unique_01032/strategy_definition.json,2b1e51a37da4463074ae0bd2425936b47a9b1061f28d6197982b8e5432aeee61
strategies/H009/unique_01033/daily_evidence.parquet,4afca7857d4184756b8cda1f02a56c30089378ddc45eec628c01f0df94fd5f05
strategies/H009/unique_01033/README.md,20450c84b41e36f8a0c9339fce4149df916eac37ca503d7a161e47391f4b9483
strategies/H009/unique_01033/strategy_definition.json,047ef5053a0ee01bd42f0e719c00fcf762ba4900d00655fc9e96c22ef284e9f8
strategies/H009/unique_01034/daily_evidence.parquet,c80fb593e5b3ae9a9aeadc1cea4e0cd756d6c34c1f8160b72ef0cacf90deeee3
strategies/H009/unique_01034/README.md,4b02542002e1a1d96707bd5226bcaf9df380b3ebdec1a7e3adfb407a15a58a83
strategies/H009/unique_01034/strategy_definition.json,c310acabc3bfb3ada8b5c182ee776ed5ad3a12e6e7a76afd05d4a63a84acc0da
strategies/H009/unique_01035/daily_evidence.parquet,366a0c2dfc6c7ee8c5ef1704920a2ed909f10d1a23b5dbda5e7d08bf4d618ebc
strategies/H009/unique_01035/README.md,42a7983d1d5a1ec35002ae2b2145f44c104686cbf32527055aec0b1f48978deb
strategies/H009/unique_01035/strategy_definition.json,fc75562897e560738fc1dd0e132d2723a5f6f3f845a05ace8adffb63ea0127fa
strategies/H009/unique_01036/daily_evidence.parquet,3a9e25dc77b24eb216894501d4de6c93fd6a8f7ab34a168ac39e50ea09ddea45
strategies/H009/unique_01036/README.md,8a28932e674bc7dbf1b7d2bb6c0cdbed505190f1346945cc47de4d9325389b2f
strategies/H009/unique_01036/strategy_definition.json,6212d6341f5bcb4016b2e7f0e59681b7030908c61f123f9f29f838441a3054e7
strategies/H009/unique_01037/daily_evidence.parquet,a0447d9cf08bea60c1ec990f15c7e36c675d6e8b6bed63e1ad1b204b43561b9d
strategies/H009/unique_01037/README.md,d09c1dde90d25bc4d17d82a4f82a16fbc64cd496c583db7c30300ac8e655e707
strategies/H009/unique_01037/strategy_definition.json,2252c3ba473ca5b14a489944492396dd273458d4b2163d24dc6b991bc4a41da6
strategies/H009/unique_01038/daily_evidence.parquet,b52c26467b3af4947f7707a7a7ded9fb72f41d8d1f8c83be4e626fb1fd13e873
strategies/H009/unique_01038/README.md,b501c5c9f28cdd1b67f6a88f44490ec14e7ffd16f3fa745bf6f63e10472e3446
strategies/H009/unique_01038/strategy_definition.json,7670aa54b8243a16c6ab4a2ad180b22e089e0545395c421948f6b183db6cbbe1
strategies/H009/unique_01039/daily_evidence.parquet,52bcdef436c0873b9db3c183683b1a4f23d1c1019a5501cfc219bd4abec61930
strategies/H009/unique_01039/README.md,bc9eaf7678bbea19817fb2d8bbe390683dad5ce294f31b14ac5a34b47d4316d3
strategies/H009/unique_01039/strategy_definition.json,437081cacba907e92933316a9050d3d3b0364cda666ea8e28881cbe8d5fbac00
strategies/H009/unique_01059/daily_evidence.parquet,b67e34058fef3adb53c424a7706b1d3793aa9188e7aa37b4178290a4beb4a869
strategies/H009/unique_01059/README.md,d79f675a7a670e6caac48215be52c38bd9d65a1fad75d1137152aa7465dc0b26
strategies/H009/unique_01059/strategy_definition.json,0e18125edc39db5eba0bd9d536e47d1109e8c2eea5675189f06938f072c6b944
strategies/H009/unique_01060/daily_evidence.parquet,8fdfa3927c7db6234cb8342c758535ad914c1ea6c3764ac084c92b43fcc2d39e
strategies/H009/unique_01060/README.md,e1aebbce68eb306cbccdc067f71f9a6704399b9a677b2a0d1bb7e91da17aecd8
strategies/H009/unique_01060/strategy_definition.json,97e5a9cbc584b35b3638358a78572c4c41dc3825f1b1af641dfc516bfd3ee0d0
strategies/H009/unique_01061/daily_evidence.parquet,58e4f3babdbeaa033bc66afc28814f663c3bdba17274ffdf84e8f554d678378c
strategies/H009/unique_01061/README.md,d6b7e7d63d181e126b5c8e7fef4026474a191b5f766e32114b645bf8a9a53515
strategies/H009/unique_01061/strategy_definition.json,8e2f79c188e688314d503d271cc21c4698fed2a77e3acb5b1ba65bd10b9f68c4
strategies/H009/unique_01062/daily_evidence.parquet,b0b4cb1b4a436eada52edadcbdf5ef037f07e85f182f4c65582f58bcfd1a0904
strategies/H009/unique_01062/README.md,17103e1f024aae5151f20b956c68f66c863aa9d04ba91183d175442fce6efe8f
strategies/H009/unique_01062/strategy_definition.json,ca9952904edd47d1f8d8fb78cc03289b53e304ef86dc8e5f5a1ac3fca33ed67e
strategies/H009/unique_01063/daily_evidence.parquet,10077b80149994801e7986a97650388639416b2dffd14723d20f9d9fd0f0ce12
strategies/H009/unique_01063/README.md,669308e8e62a5505ec7675f73928aa62d9c9b88b22bc585349865c58298a0671
strategies/H009/unique_01063/strategy_definition.json,dd557f390c383708b2fc276711acf62656b437b7f25c61edb7107c9a051576a5
strategies/H009/unique_01064/daily_evidence.parquet,3a73988dbb792f970d5d83b6df5f418e78b0234c1c23f3cc7777fc5a37e025f9
strategies/H009/unique_01064/README.md,8f9476805a223411a0483cd2f5fa895619d1775e1929e2bc92d71f71659b1d34
strategies/H009/unique_01064/strategy_definition.json,5a9f84d3348437f35200edde190de0d5c32019700cef691ec869fc107036fd3d
strategies/H009/unique_01065/daily_evidence.parquet,da7b90d86bab9f4e2ffdc0876035e64755b5128223cb3cbae94d352239c4a48f
strategies/H009/unique_01065/README.md,e749e4a2c43e0dbbca5b2cc04591345677b45c6d5e93e8ac0c801d038c4c2cb8
strategies/H009/unique_01065/strategy_definition.json,4e74bbdd4a5b3696313c7c7b8f80b1235c6cdbf53504f98f52d993220a193025
strategies/H009/unique_01066/daily_evidence.parquet,dfa288716cc708e440a38ad39d1595b67a7eebcb22cbc5f2043d960474318d17
strategies/H009/unique_01066/README.md,fbc39b6e83954663a5dad3e66c5899356da8268ba12a6f2db9a406e6039f0870
strategies/H009/unique_01066/strategy_definition.json,ed35df265423285eb336a2056a951056bce01c9557e0a4fd890837ebb60c56fb
strategies/H009/unique_01086/daily_evidence.parquet,787fde7593ba917df5b12071e453372ee0b640631b12ab4b206f2d177af4b2e6
strategies/H009/unique_01086/README.md,688a5ff48a98249efc468e24f7220f2f05431ef0387adca37014d7c5e0b1d768
strategies/H009/unique_01086/strategy_definition.json,845d4dfae9ba6e17a250eccafe790af7b11ed217029d14a2ff631e435b280e4d
strategies/H009/unique_01087/daily_evidence.parquet,f50dce875f9c9e8147c1896411db79fae727f6f18df51dc00dec150037b31ac2
strategies/H009/unique_01087/README.md,9e6bf232a4c77484bea32ae18d5e751bf9520bf4f350da4edabf9a104385371e
strategies/H009/unique_01087/strategy_definition.json,789e10d4586bc18f038fd1f3a790bcb62e534b819ad356f022ec2f5013e6677d
strategies/H009/unique_01088/daily_evidence.parquet,9f529309f8fd550a6511d8af4a2688931bdd7247b445f7bb7db7506ef3e551a7
strategies/H009/unique_01088/README.md,5520a1ac94dc20deed01447f85c82a1290c7dbd8a268c683b95dde934a7242fb
strategies/H009/unique_01088/strategy_definition.json,7d0c72e559da1cbf758ef7b8c3f8714fdcb8179fa5125c275d1d746038a2e67b
strategies/H009/unique_01089/daily_evidence.parquet,0da7365e5622ca3caacea7d6aff89e0e8965948fb17c3cc471dbbbba5db31443
strategies/H009/unique_01089/README.md,5e7b46f3a6afab6f9293bad29348882deea8b4cef1ae158c89782871c4649763
strategies/H009/unique_01089/strategy_definition.json,e5b0f18ed097fb4f5a98e627ce40d8dd02eed3d0a7b70422d56b674a266f4dfd
strategies/H009/unique_01090/daily_evidence.parquet,6c3858522abe9b5ed90de2e57ee3e7bd1fda03f21684be46796934bad4ac26ea
strategies/H009/unique_01090/README.md,9911f9ef46ab18c1625d5afe8e715f82a5975b5e45ea69c51498f515c85a9ea5
strategies/H009/unique_01090/strategy_definition.json,8e17c9bbaddd2a53bc63dc1906ef5a759fbf2f8d5b8740a0e1c726b7689fc8c7
strategies/H009/unique_01091/daily_evidence.parquet,89012a99cf63a2178b4d166c0aef68ba0bd1fff2d529b6a7eafb2a32464f7ca0
strategies/H009/unique_01091/README.md,e9d12302b8901701fac844f971b3e72e16fd7908c0b7fa6266f6727c10739035
strategies/H009/unique_01091/strategy_definition.json,852c8cfe987c4fefe8bebeaaf513fbc38e570d58585de5cf4b86e4db0eea396c
strategies/H009/unique_01092/daily_evidence.parquet,8ad9356dbb4c04502c335f0f60d6f90144273e7d5ecffb4427358399355af3cb
strategies/H009/unique_01092/README.md,c80e97866a01d1df583320c49313d8cdefc8d68359c329e8d7313c92acca073d
strategies/H009/unique_01092/strategy_definition.json,93eb9a5cbc1efd84ab3fbdb5ecc7e327957f78027373d0ccdee28e537fe116a0
strategies/H009/unique_01093/daily_evidence.parquet,2386c1d9749f3e056b255f98247d68d7360952099d86b2b114964cdc1b0a865f
strategies/H009/unique_01093/README.md,43736bed281dc812f8d41f1f8196c6500abee7257bbbf720fe77efd2bf360e4e
strategies/H009/unique_01093/strategy_definition.json,41d40312a07ed18011d0900b9427ff7d8149e5fb53afb9e1e1981739b3d79974
strategies/H009/unique_01113/daily_evidence.parquet,834273cb0b9d7868fee6bf9379569f80d5887ffb6f460aade811eae13cadf495
strategies/H009/unique_01113/README.md,cc3150c2167113a09fcf177ab7dd418058d5f276467c63687ad92b2c1c26884e
strategies/H009/unique_01113/strategy_definition.json,8de885d13512b160abe46c0c2e5f6d0c94c7647c67882a6237f4e3d9c42c4b18
strategies/H009/unique_01114/daily_evidence.parquet,990179aea23b98d5e0057a9504852e4ef27a2af417d7854c8c75eae78514fc71
strategies/H009/unique_01114/README.md,9b866dc9e25820044c3e81b12a4aa9fe30f2d9c2cdfa86c61a7ed2e86a56b4cc
strategies/H009/unique_01114/strategy_definition.json,80714f18f3b4519cd3f34edf3ef3617436e42756d71cf23fbd7adeafaa5fa306
strategies/H009/unique_01115/daily_evidence.parquet,be8f760458b0219b5dfc359148e4b249f4bd90c502abfc78d778800e7b879ba3
strategies/H009/unique_01115/README.md,9a0fad215b8a3e6c3ebe23c2c576e29d18b5c5635fa0a6cb6f5c4ad7b4f2f8f4
strategies/H009/unique_01115/strategy_definition.json,56c074fdecd44533b3fa8ed9681121bfefb6f92145a45fcf57f076f546e10b03
strategies/H009/unique_01116/daily_evidence.parquet,dddea37d641f07036973ae26622999c4402900bdcb04e64f5fc3f8c7b472ac65
strategies/H009/unique_01116/README.md,89d3feec4ae8d919c2303b4b04b0324bc1d9d2f98143e4feb484bce2185a24d6
strategies/H009/unique_01116/strategy_definition.json,036d8a4128ff258359c19637bf1f5a865dd5960ec80b33f3129e2da21acd21a7
strategies/H009/unique_01117/daily_evidence.parquet,3a56a61663b416413918e86f74a549517b2fa4f96622c834387c9357f1dd7d6c
strategies/H009/unique_01117/README.md,c7178a3e33d3d217dc084f12cfc5ccd70239444a566bc4750a2a660d91af0c7d
strategies/H009/unique_01117/strategy_definition.json,3c6495403199af7709338dac464b939a84e496419109135896a0857ceba8c9bd
strategies/H009/unique_01118/daily_evidence.parquet,391b5b0c5ef5b7e655b4b40b2122242ed377989eef73ea2333f6559f14f4518b
strategies/H009/unique_01118/README.md,2282e138ec1056fc4795563b916b9268830e70047186cf832b3c2925667e37af
strategies/H009/unique_01118/strategy_definition.json,061f624ed6603f8d059c36dbfafe55df9db0ad3eba4e2d45b43fcf97bac43a9c
strategies/H009/unique_01119/daily_evidence.parquet,cfe0c0892f44f66121bb21a13de5950b2d21fc9d4038277093b81c61bdb56161
strategies/H009/unique_01119/README.md,1488a9e3311c25843fd2e02cb531d86bd754631725998ca2a982c827c9a0b50e
strategies/H009/unique_01119/strategy_definition.json,d1cb13f29ece3437a0407161bac449c356ca45b14bb53e8de87157a8d0589a3a
strategies/H009/unique_01120/daily_evidence.parquet,73bcc75f9ec6d0c7b80373f26e671707dbea86b1b9918e2dddf965d7c5871c5d
strategies/H009/unique_01120/README.md,e6dddc9469e859d4a1148bd470dd1b1f1a67d07562746b77ef97f42f47f3eaef
strategies/H009/unique_01120/strategy_definition.json,c04beb2f22ebad523c169c5f06d90334c585671277b4c4abbb5adf84e18f5f74
strategies/H009/unique_01140/daily_evidence.parquet,dc02cd5a27bf9138e14e95e56cef2b5630ad89beecb2bd44a4078a3308efac62
strategies/H009/unique_01140/README.md,8d0ed2e6a7917dabd179c8890797fde873037434e855f46da65ab49132ad5fe1
strategies/H009/unique_01140/strategy_definition.json,886a026dc794f20e92242a571b1c8fa460a0e813c77f4d7378a2f0d6fd70c824
strategies/H009/unique_01141/daily_evidence.parquet,9e38e9c953a4a9ccd6d5eef5c8715bca4e372175e06ec4029bd199ad4702a122
strategies/H009/unique_01141/README.md,b9fff14acca2cb2f307b9ec1f1023b119d196bfc18cc66a5b65a29a8e607a603
strategies/H009/unique_01141/strategy_definition.json,50bbc0eb4d4564a640cde6b485fe436733626d3e3fcb5bb79768dbeded8dc596
strategies/H009/unique_01142/daily_evidence.parquet,cb9090916d7b0bd5affb5e14d578e5472a401a9a201f71bb6770c0bda6d22c1d
strategies/H009/unique_01142/README.md,95fb798798378416164cb9e040c65130808894f3ab5e8af8def58f0e439ca2ee
strategies/H009/unique_01142/strategy_definition.json,7858ce6f2e9deebcf4320274ae13fd949324021d421e1a281b858dcb6bd6fa02
strategies/H009/unique_01143/daily_evidence.parquet,57973c9d4e220bdcad9a25ed54cefffcdb3520523503b717999e2fd56faa548c
strategies/H009/unique_01143/README.md,8307f37c62a0229d0470899ee9ad67b0c188a9adb319e038c6291357cc12a28f
strategies/H009/unique_01143/strategy_definition.json,137545058dcf25f682a8fd52afcdfe5932a3cb500deb9dfa99da7415bd430ee1
strategies/H009/unique_01144/daily_evidence.parquet,5b1ecd74238cc09f18698702f23b7c8ff069c0aff9ed508c23d83d76e78d8e47
strategies/H009/unique_01144/README.md,46af56735f255fda8f2f0eae6df4139b4676573d715be83c408b0fc9cfd778da
strategies/H009/unique_01144/strategy_definition.json,f21c68167dccd29b0f5eefa385c6620ebfff17ca27b7077df24169a103689690
strategies/H009/unique_01145/daily_evidence.parquet,5efdcb03ef08ddad9648ee3a8af246b2a5b3126b2fb03916e9cb73f1309127d5
strategies/H009/unique_01145/README.md,c0dbb93d6cd58f5c07b1d1a5f81281498b445ea1f6cd7f13071a1fd3513bcec6
strategies/H009/unique_01145/strategy_definition.json,a8d03305d17169f37ec1ea198b8f3ae5502f522fd6e0d2724c38be2bbd7cfd1c
strategies/H009/unique_01146/daily_evidence.parquet,e4355d9c664903bf01460d7b34d01fa22a693bf65ff1a8bb5c2e99c925447261
strategies/H009/unique_01146/README.md,9d1baed0007b9e45b31f59910925f1d92a1df685e6dfc39c3be7fb218d412244
strategies/H009/unique_01146/strategy_definition.json,0be9b20baf1041c1232bcca22d29ab95e68c5eff967db22a5b6c890fc8257160
strategies/H009/unique_01147/daily_evidence.parquet,5519be688d7731bcf18f309ee20e828b60f187ce3cdcb95065b85019cca11757
strategies/H009/unique_01147/README.md,37bf2cd052aa99056e733dd10538219a9b392c875bf347a77f99870f8f5474d9
strategies/H009/unique_01147/strategy_definition.json,f9b0c7b60f78763eff4295ae5ae488bd5b0a3e9cffff198f4e910d444d5df7fb
strategies/H010/unique_00095/daily_evidence.parquet,5c001674af1a4bab21cce8a38ff2a77bb7cb36aa4ea4747a5151006420ba4d56
strategies/H010/unique_00095/README.md,af82149184f44751b8910e419b5e884e3ea6d5afb360adbc6f7eb477f36edc2a
strategies/H010/unique_00095/strategy_definition.json,67bfd05e882480eeb6023476cdde477cc761729972c2ff061959d38fde0989de
strategies/H010/unique_00096/daily_evidence.parquet,64972c4e71e16aaa436b95a1b6e859306c68b5e364862821e1be515790898309
strategies/H010/unique_00096/README.md,adcff5702bac0e25ba67cf8d52364873f30205b926e8bd3a8a1a0e8c1d7f7201
strategies/H010/unique_00096/strategy_definition.json,66fef6500adfb0ea3a0aefc1abd573bdadc470a5301f2131d4d4fe7eb59674a1
strategies/H010/unique_00097/daily_evidence.parquet,b8ebdcad751629d7823ed6643fae05636adc9fc76fee1a5fe9a07d180b35b9b6
strategies/H010/unique_00097/README.md,b2b27478827ca476c72cc77deba2b217c47480f25062d8a41e7ac37ad8ffe03b
strategies/H010/unique_00097/strategy_definition.json,6404e03553674fcf4b383bd4dc8962cbd2c260c29a5bed8f005ebcac3d4ab6df
strategies/H010/unique_00098/daily_evidence.parquet,98f5d0518a5c955d4d4f03132eab587fabba7588de564c3ed0bee9934ddcef83
strategies/H010/unique_00098/README.md,66c491580fe2b0c8c9d3a68df46d66f8eb7a7c57bdec9f50740ad757339bca0d
strategies/H010/unique_00098/strategy_definition.json,b6d1c424546ccc6ca733c87f2005fb69bedfe00d030b6125189332b0f091dd5f
strategies/H010/unique_00122/daily_evidence.parquet,6dbfee41f904bd9fa1cef73d7ff40df9a973296246add500836489f8c0387ec4
strategies/H010/unique_00122/README.md,74013d319ef06a4ce61be86c514a702c5164928ef4d48fbfa710d47e60e64a36
strategies/H010/unique_00122/strategy_definition.json,6474250f8a5a7c25cb5ddfc550f328de6a573dbd28e93ccc66344a500d55c6dd
strategies/H010/unique_00123/daily_evidence.parquet,f5fe43ad151e076f90c10ce35062419229dbeea9d8d7bdc7de3451697f69f6da
strategies/H010/unique_00123/README.md,7d0d5f21e89abe794a956f28d782c3619e85e4ed67e46f27491711d1311d9ebb
strategies/H010/unique_00123/strategy_definition.json,494ed65acf701ad01c159226e6e15d9ab78bdd079535ebc6ecab735cd65b467a
strategies/H010/unique_00124/daily_evidence.parquet,e7d94b644503a5951992c3e4f03c3bbca1c24c2542ee9690d0205471255e4ff3
strategies/H010/unique_00124/README.md,b04f9339c25d9e4f6bef6793f4976af8ab18bf9622a5c68befc331e21cf0025f
strategies/H010/unique_00124/strategy_definition.json,6bca584cb34097033d746106ba1c566dfe8aa259615eb9f980f4cccafa3c92d0
strategies/H010/unique_00125/daily_evidence.parquet,175f4e7f2ff4ab3cce83eb0c53267b237ed0c7f820bd7f9bf7124a0848041bb3
strategies/H010/unique_00125/README.md,d137017430c4a6489a091293e6f832d8261c3f3ba86b3a91d729f6e3692ea377
strategies/H010/unique_00125/strategy_definition.json,9aab41dcf4cbfed52cd27105b3f4d3e21427eea1f838beb0f5b32c5642e21521
strategies/H010/unique_00149/daily_evidence.parquet,45944557e51270a6cd0ac95c0f8b28dd551fbefbcbc26511ea01b8b6b3c36735
strategies/H010/unique_00149/README.md,e6438c1494197f6714f3c06bded0db3b1ad1a846d99c5761c3c715a43eef9eae
strategies/H010/unique_00149/strategy_definition.json,590f4f7cb734234ad39e0f1a5fbdc84948dac8089dea67e1992fc07820b0bd60
strategies/H010/unique_00150/daily_evidence.parquet,42ae48140d2974d40cbdfae9965a765ab074b0efb7b4281fb642058f4e7fe3ef
strategies/H010/unique_00150/README.md,94de0f5cf9a33eea3e14512593fc8431dbbe3887b0f7e24b88016f2ae0f4bd2c
strategies/H010/unique_00150/strategy_definition.json,36ec0fdf609f8eeb194ed30d370e091369ece2b0518e79c4d1d38ce2591f168a
strategies/H010/unique_00151/daily_evidence.parquet,d253f7296f434da2692fafb679e85ac6e970e3c30c2a9b2e5b4b177f86b57620
strategies/H010/unique_00151/README.md,ccd34af0c0eee8ab03952ad21a82a9586232b31f6e33c2d5faf8d753817ecec9
strategies/H010/unique_00151/strategy_definition.json,b881c9510b93f3abc3c355d8370905a33e98f3dd572db27ed49223fa285fa600
strategies/H010/unique_00152/daily_evidence.parquet,285580f103754dc8379744a34f95fb9ce59f2e3f9b8a4254da4df8bb1610c0f8
strategies/H010/unique_00152/README.md,959b9f4136087124c5c229f4e95e9f7b8a8b66f9cbe41d4edbb67fe8ed20a101
strategies/H010/unique_00152/strategy_definition.json,dcb2c543454cc6c0b8f5ec96ba28b2a06a9ae3b15744c5b4126682fe79f570c8
strategies/H010/unique_00176/daily_evidence.parquet,ce02cfbd3d935268f8e8b86cc4b8062bb4a4350c27573441be94b42bf77a95b8
strategies/H010/unique_00176/README.md,917d9643a8d28fdef6988070c23b4240e6ef0da2f483e130c02a2d56aeeb9b6e
strategies/H010/unique_00176/strategy_definition.json,9f5d2ea4a838829daeedf7b537faf56c72a3def32c8a4127c622746c8787e3aa
strategies/H010/unique_00177/daily_evidence.parquet,7410df09c5c01ec94f362d01651be71482a3096704cfb7ae849342ad0c0c1c9d
strategies/H010/unique_00177/README.md,51bd4e8127c2fdf39cf1f283af762e73b78acd52f03626c0e060b327969bd7ff
strategies/H010/unique_00177/strategy_definition.json,67902f4592ffe04f860008ece2cc6f1972d5d3101856aa493bb82d0c000cfbaf
strategies/H010/unique_00178/daily_evidence.parquet,a25c735c2329075fa559178eb475c46382a7580c934160b8daffbdcb1382ebac
strategies/H010/unique_00178/README.md,bd2f793b57609b914fb3f3abe25fb43e246296a98d0be6d3f7d6ebd2782178c8
strategies/H010/unique_00178/strategy_definition.json,9e5fd9afab459dc2b06ab040ab92936c61538ad1f0db4e9f7c5f3022ff395d71
strategies/H010/unique_00179/daily_evidence.parquet,26e894f683eaa5364ea79873f0c148b34457b8fb6e567f3f283c46097f45ac18
strategies/H010/unique_00179/README.md,8fff8b14376a106862f2807066bcf5fc394ae71a6d0887ffcd146264bc3b97a4
strategies/H010/unique_00179/strategy_definition.json,4f663a76e179772568d2912ac5c8d74da9cb2097c82c532935083d89cab53087
strategies/H010/unique_00203/daily_evidence.parquet,492bba7bcbea3d3bc6ed82c60b576cfd226aae35a0524c6daebacbadabb1024d
strategies/H010/unique_00203/README.md,2e671c9a4fb5a5b64baddef5ede704300ff0988bddc40639e3fd6fe3428301d4
strategies/H010/unique_00203/strategy_definition.json,fff15c18b9db39242bdea03c06f121ca29fa9b31ea92bf088e8e486f61a57641
strategies/H010/unique_00204/daily_evidence.parquet,c73b341c173573b26c849d7d4e995262f255ac898dd54508a2f924a95944861f
strategies/H010/unique_00204/README.md,cf8c02ef4162d6a5947c5af1382b01ac991a56d158cbcb9c01c790256dc23ac3
strategies/H010/unique_00204/strategy_definition.json,c9c04332fb33d02a496bffa9bbcb80abac2ee5768fc9fb15a972b6336404fa81
strategies/H010/unique_00205/daily_evidence.parquet,3fbe6cbc04b0c423fd233305a4264aaf2980c2a93ea5af18adde443ab6d86331
strategies/H010/unique_00205/README.md,ea0a3127908d902f3623f943173bcd89d4aca71459eb7e3b57b108a14e8fcb12
strategies/H010/unique_00205/strategy_definition.json,03401fe1f5a0f2801fd34ac25288eed8d171ea4a63aaeb1410011eb1ca38f5ee
strategies/H010/unique_00206/daily_evidence.parquet,d7635b385214b4e252b716514fc67254044d8d575a854f1b2ec3e5d7d1241944
strategies/H010/unique_00206/README.md,57899bb54f433dfd648f1fb21a138f470cbd788c3f873673046e1874e566b80d
strategies/H010/unique_00206/strategy_definition.json,a3a8b5d269288f45fca311cbd283616ffbc56f420346a6f71c8ec68d13da8461
strategies/H010/unique_00230/daily_evidence.parquet,31ea621cc7460e39bd87f6d26021e95e1bfedb31a89b740ad30b143960dd064b
strategies/H010/unique_00230/README.md,6313239718fac2999b7f757a599f7e8ed5a24d27de243b188db136a2e14aa2d9
strategies/H010/unique_00230/strategy_definition.json,40c649846975cb11ad9d544f695df378cb01bae23eea229b8ecc650fb2727f5a
strategies/H010/unique_00231/daily_evidence.parquet,8d537f62f10f1a9c4ca0fcfffbf20cdf04cf377e687c7101ae479ca535d365b3
strategies/H010/unique_00231/README.md,538a6371d5f683115df9899e745ea90aec65e5eb5ce28ab64b88b84f5bd2fa2f
strategies/H010/unique_00231/strategy_definition.json,d6f9f9a30d60f17ea446c7a7bdbc09126e3265aba1792cc6b9dfa95472056562
strategies/H010/unique_00232/daily_evidence.parquet,d35865bfe50e72c042fb02177deb31612cf4af0ed3eaf56a1719357a556d08be
strategies/H010/unique_00232/README.md,c28da503052740e0707825eb00632d710152bbb9a9b0848c89b06fd9a7a18ef3
strategies/H010/unique_00232/strategy_definition.json,363deeff1e3bfd7cc95edc7ad580e221c203b3ae754b4fcdd3e9c84e9d0d9f24
strategies/H010/unique_00233/daily_evidence.parquet,42682cdcbefad74fb24062ed41a0f0bc3a9eeddbafead13527d41ec121c8b554
strategies/H010/unique_00233/README.md,aa9d90ab56bc8171bd36b4e8ed4a59ca0dd26abbd1a8d2b6858fc58e2941ebd1
strategies/H010/unique_00233/strategy_definition.json,a857c630eea55c77c4825f9eaec0a893ed34c83a3895a418647a3e6b95b22c4f
strategies/H010/unique_00257/daily_evidence.parquet,cccd21eeefbc033a8b3fe6b51fa5d6191840de978b5261be67f08226ac3f7bbc
strategies/H010/unique_00257/README.md,d73d7f37b70f35014ae18babae114e7196c203894f3f9f45e92079861399e670
strategies/H010/unique_00257/strategy_definition.json,cd57628ced89055980735be2d01ba0300bdd8899654884c93c528b0c669ed826
strategies/H010/unique_00258/daily_evidence.parquet,22b4b63e5270195ccd56cba80c85bca79dc0932799467c8a445793a37b3069f0
strategies/H010/unique_00258/README.md,b17862f02963c773616dffbb52eba7b6f60de05b1fc2640472b0de5de9dfd388
strategies/H010/unique_00258/strategy_definition.json,b14148378039bd90593362433fcc7f2277f11b88871e0d6b8202a28b38eca564
strategies/H010/unique_00259/daily_evidence.parquet,67edbf6b967b919d0b78626993218342bb7f2b1003f87c7ded8511da23ec4583
strategies/H010/unique_00259/README.md,e60659bf3be5762553cee230049bb56047610ea81cae4452992d153c6236a313
strategies/H010/unique_00259/strategy_definition.json,674c2ccf96849dd32def3f24ab574f5ec15939d923a8d1395a3194119675956a
strategies/H010/unique_00260/daily_evidence.parquet,5561fac8a04b37595d5dc31a8f9fa9e496d2c72b4fcdf8755b0452b3d6073320
strategies/H010/unique_00260/README.md,3d749aceb6e41e025b9f7c88513678a6ce91367a98d4b71ea679fa46e8bf0818
strategies/H010/unique_00260/strategy_definition.json,61c3e336abd729785044163e005daca37fe209e9c20f8838209d3df0c4357a55
strategies/H010/unique_00284/daily_evidence.parquet,a0aaab9a860dacad9ec255237d3677b7495e6871c07028e567659f5ca8da82ae
strategies/H010/unique_00284/README.md,024a28b21738db610cb904b22fba3476d7a487fe133fa4fa168e9b10515e069f
strategies/H010/unique_00284/strategy_definition.json,f922aaa0cbe41083cb24105cff5831b586a23d6977754a8b393ffacc0173e40f
strategies/H010/unique_00285/daily_evidence.parquet,e6fff891c65b3ef2756cfdbe672fa2615ddf59b85911dc75a25be32ddc73b95b
strategies/H010/unique_00285/README.md,bb722e6f810561dce6d84acda53452aaaedf82179ac6c888200f741e06558b73
strategies/H010/unique_00285/strategy_definition.json,39180087f504f7b22165eee288b104f8fd54c6c7059dc34ca811782260117a85
strategies/H010/unique_00286/daily_evidence.parquet,bbc8369cfaa1e18e4590d815235c12afc175ebab257842ee26d62973647a7782
strategies/H010/unique_00286/README.md,dc207fcbc92831b89f373aa78e98e80c94e063a1dee6d4801f0191556c5cef68
strategies/H010/unique_00286/strategy_definition.json,e08e13656d208289fab9b8ab674d90e4177794a1a33a8994b3293ed49c81aee9
strategies/H010/unique_00287/daily_evidence.parquet,86771b407440e2b4c91077d0c735fa0c59105b34300b140a621c07290def79fa
strategies/H010/unique_00287/README.md,1dfbf735c961cc36578e8502b61ef1733637864749c7ad598d952d0d814fcb47
strategies/H010/unique_00287/strategy_definition.json,29293db861b052e8a2a2609475bf8adbdda65ae828fc8b627fd393f2820ee4d8
strategies/H010/unique_00311/daily_evidence.parquet,292566e73d854773ada9f0609a4a262e75396081a368b5eb05fa079a2cd2c56e
strategies/H010/unique_00311/README.md,cb2995b0e83efea4fc9a4e6e39080d5a411ada9493077db99ecaa6c728563bf6
strategies/H010/unique_00311/strategy_definition.json,1807097f0801127c15857c523d52ff48ddab4b0e67de889468f1d1d21f175cf9
strategies/H010/unique_00312/daily_evidence.parquet,fb1033128704d319c99774e8b8ad2c00878b55c1de28b5e6693c48f8c85b1670
strategies/H010/unique_00312/README.md,88bff31fcf644445f176c21b4349e89ba1db23d61f4288ff2b09cbd428d897ba
strategies/H010/unique_00312/strategy_definition.json,0d34d4285049ea737d6b3b86cebefa1c9870450702ac6aee759420247a54d476
strategies/H010/unique_00313/daily_evidence.parquet,0e1d728e6eafdcdd3265330c8dd8b36f3349115f2979b15fec540c6bc2648b59
strategies/H010/unique_00313/README.md,13537486ccb1cc28f4c6f4e84c191fb6a01659751ab7f8ddc5bfc69bd7d5b786
strategies/H010/unique_00313/strategy_definition.json,188ebd26453c043e622d05c5e5fa5182c33310a68013a33929dcaf8c716f2819
strategies/H010/unique_00314/daily_evidence.parquet,a96436462e63b58c0d33ed92325c3fc20ddc5c2bf0927a4b9ed967c0e7cf9189
strategies/H010/unique_00314/README.md,f3bf67853ab22b128e10897f2639f6f22fbe726c316031b54b3b34db88743569
strategies/H010/unique_00314/strategy_definition.json,3022c9fe6abcb79f5a1d51abeef05ac8954e8118b57e9f15f7f9f4b794b032d3
strategies/H010/unique_00338/daily_evidence.parquet,00b5d15cbadc947dc4d86b2ba28323d26d8a436d4c911aace9cf285950371776
strategies/H010/unique_00338/README.md,51e7186f2ee52b2042cb2ef6daf9825359e6e1ef53e817898c5ea0526e49c42d
strategies/H010/unique_00338/strategy_definition.json,aa4a8a9d1fe055f14a9173c9253f8728349bfb13a4e0481ddc85b2cfe89c7dca
strategies/H010/unique_00339/daily_evidence.parquet,1e39c622d05cf98d6e5a7f99a7f2bb0fd5c9c0999c7f7c3cf3676cce773cb89a
strategies/H010/unique_00339/README.md,8f307f679c51e9e59dc8ac2996dfc3739918be9d9d3314c57e16acb19eacc41e
strategies/H010/unique_00339/strategy_definition.json,4acddca71ebfdd4284658abce84e7720cb459f41b345c566a5084a55148b6de2
strategies/H010/unique_00340/daily_evidence.parquet,b92437197982db5b79b29d2e48585efc11dc1f63d12856d1aff7c088172ab7b5
strategies/H010/unique_00340/README.md,d3efe3ad725d88b0930c029a505606939dd78268d435f2e3ab93c48bb461017c
strategies/H010/unique_00340/strategy_definition.json,73e8e3c38d1628a00d2ba6f2b90255e6a219c7d4b8c82987d67d796de9e55fd1
strategies/H010/unique_00341/daily_evidence.parquet,78fd0d908755aac0eeb0bd6308dc8347904d8d5f68ded0fd3720ca6534b6a677
strategies/H010/unique_00341/README.md,1e6d0dcbdd5f41cd794d7361dbcb69f7877570fdf3bb886ed3963138958bc74d
strategies/H010/unique_00341/strategy_definition.json,52440fe92859e3cfa851dfb7d209ba758d5504284a03d1105f18c87325559f35
strategies/H010/unique_00365/daily_evidence.parquet,8453859a4c3bed360103793c10b764820e20d41d7adb49c5a2c91d27ee996228
strategies/H010/unique_00365/README.md,14b4ba5286adfa0808da74f478dc69e2e4554eda109375a10e254a4f8abfbcfc
strategies/H010/unique_00365/strategy_definition.json,bcfcbcd4852e438605fb1181651898fc121133a67d227bda19e3a8ad4b2edd63
strategies/H010/unique_00366/daily_evidence.parquet,67da5016ffeae82feb7134f634043a4532602de88f01bd7b6285bb388deddcc6
strategies/H010/unique_00366/README.md,ff4cc784863b103026fe53fd83e4e3129aec9493dd6776d7b5e119035389416e
strategies/H010/unique_00366/strategy_definition.json,f266365cd471cb6693ef8ee5cc6a46ac2c2068ba5d51d7e24485a6a35dfca8f1
strategies/H010/unique_00367/daily_evidence.parquet,c0d5dbe214e608641a8b4f02227d68b1769b04e793994a154539566cd0e81be1
strategies/H010/unique_00367/README.md,5ea40e9bf3f269c17f094e9878409772ee832a8a9f0b20c934ee1a86039686da
strategies/H010/unique_00367/strategy_definition.json,e8540edf3ed29ec45958ed5d17f3ab4c3c18fc7b5dfcaf8045d6a9a95b04c651
strategies/H010/unique_00368/daily_evidence.parquet,d15a7f603bdbb63502fa287cb90256da60a8b79082c31c6cbbb4bc0c6fed4b37
strategies/H010/unique_00368/README.md,5ff2506ab56d123fa9782ff562fdadb58e5c5600bb0561860395f1b9dca1fc51
strategies/H010/unique_00368/strategy_definition.json,e6c57b184c8559d6c3d3195118ca79c7099edcd0ded9cfb2f6acbf4f43c1d37f
strategies/H010/unique_00392/daily_evidence.parquet,bdc288087114c418a887ba2c6d7bf49b58115eb20f26c4b04ed98c9104fc0d80
strategies/H010/unique_00392/README.md,a6d9657c59858757c4dddd5c8537863210ddb9fcaec52802a238790eca64d67f
strategies/H010/unique_00392/strategy_definition.json,d26a878d381cb2d1a8843e84ce2d03506f90feca77a9427cc49bbffe8ec09bee
strategies/H010/unique_00393/daily_evidence.parquet,2b0b96e2857640f328fe94bc3740d4a6c168b89a7222e545d7e787a108e409b1
strategies/H010/unique_00393/README.md,b7de7ead5e2ceb8de608fd5095348e0830e95784fa48e00506fccde3917a2994
strategies/H010/unique_00393/strategy_definition.json,f84e6ab7620008c13f763bd0e70e3bbf4eac0f665aa2f9af66787c177814405c
strategies/H010/unique_00394/daily_evidence.parquet,05f1a3a466bbb1bb202689ad6035ec60c599797bad9442e0b14857bea091b5fb
strategies/H010/unique_00394/README.md,cf1d6c7ac829dad73643339ca3f283333b91492fe5c36af0b5a3b48d5faecf7a
strategies/H010/unique_00394/strategy_definition.json,5b682c938b05f4e771256757526c14ac8a15fce700fc188f853da0b086f07310
strategies/H010/unique_00395/daily_evidence.parquet,636dc4eaf1e1cbae3061ea9b4b63597f0a7e00f1ed30471dc87419ec7d0c29ce
strategies/H010/unique_00395/README.md,00e68aab29df5e2b5764f4ff56d6cbf160f20044851f8bc21286e6ac5a51d41b
strategies/H010/unique_00395/strategy_definition.json,f1322b18e74d8d5b6bcdc205cc88243cccb154f39fad30850a63f120c2f9bcaf
strategies/H010/unique_00419/daily_evidence.parquet,a5ebecf853d10b2e7bd80eed759545ea726f0930daf12535ca83162a617fde6a
strategies/H010/unique_00419/README.md,a2f7ca99b196cf267f2ad31460553e496d1cb71ddbae0198dad84bd15576cff1
strategies/H010/unique_00419/strategy_definition.json,a21c34d6407e6307183f3beae4bb95a367440469f494c33186a17a1c5a8d0e54
strategies/H010/unique_00420/daily_evidence.parquet,ed5eebe3644ccdd86a0e41e3ee7b01ca2b4dd4bbf23f08fedee58db3d8dd7cc4
strategies/H010/unique_00420/README.md,6229d1914b8a331444472a9f4d6be9f32170618fcc3f26c8c5f783902b781530
strategies/H010/unique_00420/strategy_definition.json,48cd5b78e9bd776caa3312192f0072e4cf71d8daee621ed91891611deaf6d258
strategies/H010/unique_00421/daily_evidence.parquet,7e4708de4c423e4434a52d9a664459a5c1edd3dae51e06947ead01fa6f085468
strategies/H010/unique_00421/README.md,107b40280d497b44fc1efe852ef448e0599faca54441287e77f61a406a9acc43
strategies/H010/unique_00421/strategy_definition.json,72003351580f4f04e1c0a518b36bc3d7001fbc5a2355d639d582121a2c772280
strategies/H010/unique_00422/daily_evidence.parquet,fff9f5c5c63dd4816b498ffd545cb397b21820c292fff3df643b617fb8946ff9
strategies/H010/unique_00422/README.md,1c983ea5c772d9d2dc69b7196b54e0a3b2a8fdaa2b6fdf4967f5b676a1bd6dc4
strategies/H010/unique_00422/strategy_definition.json,14e43753a85d64cbde4322daae56aa4aff7e7f9cfdfe31da39092401e04856ec
strategies/H010/unique_00446/daily_evidence.parquet,b8a2b0164fc9ca45acb0c52b302006612ae110f1a4979d8f73865a6c8ca0041d
strategies/H010/unique_00446/README.md,105df2d9b032b8b95c088b0363f872c1dd0970fb47f9a322ab2965c2a3e7ce50
strategies/H010/unique_00446/strategy_definition.json,3bcd21c7eec307a67bb6bd9fe8955aed91e4a89cf826a92b166dc476d034913d
strategies/H010/unique_00447/daily_evidence.parquet,93b58368b01f5ad03d8a250b58e239aada242e99f813c20802d88a4447771c12
strategies/H010/unique_00447/README.md,86df51821a6447ad189aeb4cc7d44af651f6f50db2ec1b463df0d4ed7699c4ea
strategies/H010/unique_00447/strategy_definition.json,5e396cda3dca4d352d727110a02f3825053c347082e250c05882236d039bbf05
strategies/H010/unique_00448/daily_evidence.parquet,faa0da01cec8e44c013efeba14316e70dcd33347ec202a860dba1f3dcf55f1ee
strategies/H010/unique_00448/README.md,f98a7a1bf71501f2cbe4d17d7e15ac70c2e7947c4b94b98107f6e990ccc850ef
strategies/H010/unique_00448/strategy_definition.json,24eaacd3f69820627ab8d631e7cb505495fd75bf1356e3788b70ec62ed02ee24
strategies/H010/unique_00449/daily_evidence.parquet,8b820abfa34bec0c9295d99028fd5c92114ca6bf2c7ab202dd5e7aee71f6f530
strategies/H010/unique_00449/README.md,a0844effd90a7ac41ab965da0b8d270dd8c26508e6e7a192f0b06f3b66f5f32c
strategies/H010/unique_00449/strategy_definition.json,95ade20c83d855e60a848fbd20603fe5d13323f7adb0cbdf1aa5221a4c371c2c
strategies/H010/unique_00473/daily_evidence.parquet,c75a6e44bc1a8ff9af8286836a1479d8f3b7023caa8dd2ed0ee349704ca5c6a6
strategies/H010/unique_00473/README.md,a52ad07f30c1a8abe28b6c983977b2eb07658c6cbc1600f1fc154432301caafa
strategies/H010/unique_00473/strategy_definition.json,670fb2fc0a49fe3c839b5ecbe2cd7c4c12604ef449cba2b8f9988676c2c3c83d
strategies/H010/unique_00474/daily_evidence.parquet,ea60f1a3502475136c8fabd4b06fb5ffc577eae8519f97616ce7ebd299606c4d
strategies/H010/unique_00474/README.md,cffce50df8831758b72b7827eb81342685b827a5d935d4668c6a77129817c062
strategies/H010/unique_00474/strategy_definition.json,2a812be9434feb9f8fbaf6efc59c8dd79fc82cf9e3423ac5100820537e8ef614
strategies/H010/unique_00475/daily_evidence.parquet,ff434bb5b1ab6db75ed423b6cda1f287fb63789a93f14f4ca041ffe9801b130a
strategies/H010/unique_00475/README.md,8323ecdaebd88fcd5187769c7eab9d20bf1666fc5603021451a4edcfee01e356
strategies/H010/unique_00475/strategy_definition.json,2572ea76dcdd01873505b00f7628bcc57087d8f72b19c12d4f7581fc93b5e595
strategies/H010/unique_00476/daily_evidence.parquet,553ce1f635680472d06fb7f9c3a83cc587eff084a3d673f3272dd1647ce7b2cb
strategies/H010/unique_00476/README.md,935f87e767fa5d92022af1e16f4139ed199be86dd30ea752f221be692711afa8
strategies/H010/unique_00476/strategy_definition.json,11c921208653efeafa42a6a31537b0b2f0442acb6e8a21fb094cbc382d1d84e0
strategies/H010/unique_00500/daily_evidence.parquet,0a7209bd550a746e7c242110835365135a319b642677ac1b788859ad609cc9f9
strategies/H010/unique_00500/README.md,6cde1cf68cbfe239feb21f73239c2d210369d843e3a979197043c0564ad40995
strategies/H010/unique_00500/strategy_definition.json,fe80ba8820c12c3bd49a86536f4e3ce7fafc94efc4476e5add6743a1d2a0bfc4
strategies/H010/unique_00501/daily_evidence.parquet,c866428823dc2cc2bf609d0366ffdc74c3bf257c6ba42b3a1f0222f0e446dca4
strategies/H010/unique_00501/README.md,ad6e52262211b43f41b083a8b2e50c6479542365f38127ec930489fe9fd69592
strategies/H010/unique_00501/strategy_definition.json,f46bd702789631818fb5e4d31c5730edda210a10b041da4f394d4277bc810312
strategies/H010/unique_00502/daily_evidence.parquet,993c40c3c4d43de903352fb704482cd9ab9a531b1a3b0c61cba517139d96620c
strategies/H010/unique_00502/README.md,26a35d55b6e735b68ed1215454e838b8e0d10e6340d183c3d2be416e9f3f4bf4
strategies/H010/unique_00502/strategy_definition.json,6e5bcb558f43367c5e4e78f71fe8edd3a70a359bd6e0c954de58e116f1413496
strategies/H010/unique_00503/daily_evidence.parquet,d3586132d1b7991cf943d4db7eaa9fe947ad572c51f7aaad178ee65023b663bf
strategies/H010/unique_00503/README.md,636e893a15d5ce38b90b9b9f653689b4e3c39d7b5afb62fd1dab0398c148ee8d
strategies/H010/unique_00503/strategy_definition.json,dc9a21149e7188454582cefbe5439db0b5d4ec41cd9ed405b9739ac144649b59
strategies/H010/unique_00527/daily_evidence.parquet,7975e6dfe540910a86cc53a6ce21bafcd4bba1516d0cdbb70263f96b9041bb4f
strategies/H010/unique_00527/README.md,01949bd76b8c8723a93242efefcce668dfa3056c6f5cd3887582073864721915
strategies/H010/unique_00527/strategy_definition.json,d4d56170a6a16772f02134c2b667181c28cf102a883420a4a54546bf775deb67
strategies/H010/unique_00528/daily_evidence.parquet,84071506e28b1eb508d484494f49482aec32b42f514f6cd3fce5a3a5f51fcc22
strategies/H010/unique_00528/README.md,e74de740a0394cddf6765f58eba0d3b9cf35e323f431c5061bdb153e2c74bb83
strategies/H010/unique_00528/strategy_definition.json,689db0e13c448a2bb8377d9fa0e5e5f18a6d8fe169abea52c9e89f7305c4d3f2
strategies/H010/unique_00529/daily_evidence.parquet,16ecc0ed674c2ee2e32f24c8b85c5c1951c01867623f8d24010a44278a7620e6
strategies/H010/unique_00529/README.md,e469c96af558f14856a7f5cad4d4b286abbefa39dd6bce704d0ded26b1b18993
strategies/H010/unique_00529/strategy_definition.json,1b5f85e233a87823449f0f46b5eeb6fd75f8096d05a947f858c1a21dfa12fb51
strategies/H010/unique_00530/daily_evidence.parquet,ff6fe5e38b544a0096231c368bdd1ddc2ffc5a1d76b102b1f0fcb974c31487ab
strategies/H010/unique_00530/README.md,08d5b44eb466f8afd5e41976cd08beaf663abbd299207c537daa8a0d0c75359c
strategies/H010/unique_00530/strategy_definition.json,fd2d379bb159ec33dd79b11d4de6b7f993dd4cf82c5d9894c2132d32999e9693
strategies/H010/unique_00554/daily_evidence.parquet,663e192779ed9e12795c9a6930d40c567b2c9b6b66f6781c69d61acf6a012faf
strategies/H010/unique_00554/README.md,71e249bdc9965fae8b5b731374ef213e0d1b8345170988b6aed1715ec913c4dc
strategies/H010/unique_00554/strategy_definition.json,a3ae88ee72292d990ab4317d85c292351934c3705c730e6e49d5d9663b1a2d13
strategies/H010/unique_00555/daily_evidence.parquet,1e3d14a4f4502c2ab5a36fdd2bff0830b9ff7e419795258d53ebcfef7ca7329c
strategies/H010/unique_00555/README.md,2c95c1a8cf78541f53151c6563db02c632ef0d880c1be4506c41234d5c86416e
strategies/H010/unique_00555/strategy_definition.json,e2dc5369aee20e1b8a374d3bbfbb90453a13652fcf15103e7cde77cacb8fe37c
strategies/H010/unique_00556/daily_evidence.parquet,1c72513361a8ed82bcd9584fcb7297062e330b24fca4a8491986bd6f88c767d4
strategies/H010/unique_00556/README.md,3c510a7d30b5d8b42144f6cc191d4ddd1b259e83bdcd5d5ecfc3dce7a3ed616c
strategies/H010/unique_00556/strategy_definition.json,4d15638f16e95d9e1b58a136ef34af7a4321115b4c5604690ef44ffcea0207d8
strategies/H010/unique_00557/daily_evidence.parquet,7c165cf14f48d8e35b7c9dda0966cfa7f54068f96862e4d298e5622505248ad2
strategies/H010/unique_00557/README.md,328e889c3bb523b2af468476a61ca69506c358af1233ec3cbc2301697e3698f8
strategies/H010/unique_00557/strategy_definition.json,7ddbe541c84ea13bf390380988652c58a7c8a06374c48509fef559b03267234b
strategies/H010/unique_00581/daily_evidence.parquet,3b3b0636c2226b56a8d47897a3b4c3d818cd775a8bb7f6cf8eba30f4209d8cc2
strategies/H010/unique_00581/README.md,428a0b1949a54f74094162edf49bd228187064759e6f33cd63f2abf68f931720
strategies/H010/unique_00581/strategy_definition.json,a96cd1709fbeb61cd8ea7dc7319bf8e8d5265b8b72c6425c1d82c8fb15face41
strategies/H010/unique_00582/daily_evidence.parquet,7e45b5460bc2abeaceef4f89e6c12bbafa2ba809bf823a3c8d0c877b86471c97
strategies/H010/unique_00582/README.md,0922d618fb33fb1678cf8dc567ac0dc86a0f07a9eca641f678a09169bafcbd48
strategies/H010/unique_00582/strategy_definition.json,8d586c9c174ddb1136f9578c8ddf04f8dbf3469f81f3cf266911288681743555
strategies/H010/unique_00583/daily_evidence.parquet,24d76608e05ed3aacfe105eba9c30389d9c7f20d6148e1065b375ca5989c73c5
strategies/H010/unique_00583/README.md,5c707a39fd176d8445a2812756c1ba9e0e560ad2cc25ed18b100ed03fc7655b8
strategies/H010/unique_00583/strategy_definition.json,d9265bdb308db6f4927390fb68cb71f5024499d11e5037e43e24fe606d3a47bb
strategies/H010/unique_00584/daily_evidence.parquet,eaac270bca75a0c8392eca24d2d6f02c8ea95b3885c3565dec52fe5638a58d6e
strategies/H010/unique_00584/README.md,3223bf76b404f4b8a409666426da288aed7505fb5ece335c87daad0621ca2e7c
strategies/H010/unique_00584/strategy_definition.json,45ab442bd5b000bbb3e7fafcd357869b8f9d6a46a7f9b188e3b24b3d88519b92
strategies/H010/unique_00608/daily_evidence.parquet,21a697c3368e99b1b3c40e39c28a5113ee8ac0267d9751192ba88071440c8b0f
strategies/H010/unique_00608/README.md,c365ecbcacc7fc6fff3e33ad74ddc0fd103d9361314ba94bef18d1c82805e5e1
strategies/H010/unique_00608/strategy_definition.json,7605c91424f694cba17caee4ccbe9a636ad468ed1fd00194577d476b28e3874b
strategies/H010/unique_00609/daily_evidence.parquet,271ae6a7ab14b136254d705d9d3ddd48307f8fc8e1b094edb87e4a7522b812f3
strategies/H010/unique_00609/README.md,c4ec05e0a7d40003984257cc15cef5c304868a774c21c6bf5529a9d1e0cfbc1d
strategies/H010/unique_00609/strategy_definition.json,3cd75ec78bc57b5696c4ed5bb4d4a68ea4e0e1641fc3341713198cb6f4bbf936
strategies/H010/unique_00610/daily_evidence.parquet,2657f49583394cf55af99f2ecbbce3260344021ac7967c1b531fb201811428e6
strategies/H010/unique_00610/README.md,010650646cc08ca48746efbaaaae1c8d1bd8db225c8c0a260d566fa1d377d9f1
strategies/H010/unique_00610/strategy_definition.json,830e8fd892914fcf034ba69c66892d4ca18c7c6362bb7e8997c9f844a98e8c0c
strategies/H010/unique_00611/daily_evidence.parquet,7c3468930470a8674c1dc6d8e4379ec9f119aab526af94cf549348d3d78d9524
strategies/H010/unique_00611/README.md,5ce26e3b34b5f03fbaf9ae9a06c8183add20a02f6f2a2b7997d89303aabeac71
strategies/H010/unique_00611/strategy_definition.json,be76091307aee3016751e5c5d1106f9c80294be30584a0860b0e4fd52f52593f
strategies/H010/unique_00635/daily_evidence.parquet,fffead9857e0b4b8190f002577a527c837dbfe24d8e65046ffbb1801a04f484d
strategies/H010/unique_00635/README.md,04a12a3f170187f45464ccf4b61813945feedca98d518631b74c63304649929b
strategies/H010/unique_00635/strategy_definition.json,119956638d6f8820448ad0b6500f07c5f571a61080b8a70f87e303578f7587ff
strategies/H010/unique_00636/daily_evidence.parquet,db92e85a7c327e56d580fb8019259960c4e7d3ed6267707dea0d9300c3b657da
strategies/H010/unique_00636/README.md,67e73be6337cf8d35487eaf73a2577ac42b489c17e59dda92b44168808f6fd94
strategies/H010/unique_00636/strategy_definition.json,c973eaeae3661788952cea06b1905f5d25ec262cdfa22a93f78ae75c1ded8b1d
strategies/H010/unique_00637/daily_evidence.parquet,bb461189f7580e101d913c6a9982a54dd8ca126ebcf7aeda0fe266e058b6f052
strategies/H010/unique_00637/README.md,f063da35203974564e0504103652d50bf554af3e63ff307c4f1ac3ad129de0f8
strategies/H010/unique_00637/strategy_definition.json,04b74659da94d2878e706609c30c8babfebb5fe7b1a19750fe552984e89b0e11
strategies/H010/unique_00638/daily_evidence.parquet,301ef70ec7ad87454561c158468bffc24effcaddd69866e2161f42d069a68f13
strategies/H010/unique_00638/README.md,04783dd6f9dcdec9cbf6c296a011347cce5301bdc27b31ab21e233a658626b84
strategies/H010/unique_00638/strategy_definition.json,e912f569d2554f18bd056fdbb548977f2216730a46045c5c6519ca8ce8f73eee
strategies/H010/unique_00662/daily_evidence.parquet,268af337e678767536be676246726ae13c6b51f19dd68c990cb7dbafa714a2f1
strategies/H010/unique_00662/README.md,89fd8d77b8d1fd1426a0dbe1ed12cf190006211a8b5943359a9a9f810924e943
strategies/H010/unique_00662/strategy_definition.json,2537c712423c9deaa3c30d391e572849467428b570bbcca01dff9c88fd4a17fe
strategies/H010/unique_00663/daily_evidence.parquet,585c5ab2be393101d9a0084695231b88874ad9a90a8e0b502140caada84586cd
strategies/H010/unique_00663/README.md,32b5fefc776d16cf7a5e26ea1660971010587e337a5a7468ddf52d1af393e599
strategies/H010/unique_00663/strategy_definition.json,ab7fa6fc25a35672726a29c080f6627f866df555e760702b6eb10f523c56b847
strategies/H010/unique_00664/daily_evidence.parquet,e137b4bf3098959c126acf861df573867821911d039a7a7f67aad1ebeed4badc
strategies/H010/unique_00664/README.md,0fbb650b9b682f4d08fa4fb48b366e79b2e6514218647fbb3d2518497ebf970d
strategies/H010/unique_00664/strategy_definition.json,9ed7f3a87f0db337a050349e632bbb73a5e7ec4e837285d68de080cb29f15298
strategies/H010/unique_00665/daily_evidence.parquet,a5e435f9d899dbd23a8c0e32a9e79e2660897b8d0a51b6b10fb946c322d44764
strategies/H010/unique_00665/README.md,4d76583f9c7c7ece64adc073ff449866c3066079a0c86d9f13b1873a540399a3
strategies/H010/unique_00665/strategy_definition.json,0559b6b37f5418d1726ac69ae676f87de975da2a34143ded5fe23fd651ad4adb
strategies/H010/unique_00689/daily_evidence.parquet,b2ecea8e4ca8d9c18eb701fcc2e9fa57ea0791a7dc3d6478e8cb78ef53e38864
strategies/H010/unique_00689/README.md,241c2f289bb11749503b5baf5b8a76dc470f9e3b86c7fecb6354f3f53797e9a4
strategies/H010/unique_00689/strategy_definition.json,050198e228c4fb095d952466abc22c1315d0e9a4590173e6726274a557c1d1b4
strategies/H010/unique_00690/daily_evidence.parquet,361a99508ade620035f7e4b3b5c0f09059e9fd1b12c0aebcf7720c2e622b7ac9
strategies/H010/unique_00690/README.md,5e14713bd1d2601a746d8a093b8891d63f9a1fefe106015de12e01737d04efdc
strategies/H010/unique_00690/strategy_definition.json,9183e1fc9fff22c7a059caa60d3381c3f96deedd2a54be8726dbf5cb31ff1abe
strategies/H010/unique_00691/daily_evidence.parquet,a1a0d74469d27a9a06f20947c008c98fb9465dfab994554a8550646f10959b98
strategies/H010/unique_00691/README.md,b6628c6a1e359f77e8157a00c674923cfe216be6a88628d9fa43202bbe0115a7
strategies/H010/unique_00691/strategy_definition.json,115651c84ec66b93a387a72530a4002d8fa25dafbb35f728cb282f94115d68ca
strategies/H010/unique_00692/daily_evidence.parquet,e33dd9115889738114d63fddf84eb3fddfc313044616189cd6f7cb78173cf6a4
strategies/H010/unique_00692/README.md,53127bf79062fd2a0428963deae54e8f5b6a4021162c2467524e52c023c8bd88
strategies/H010/unique_00692/strategy_definition.json,83e72d72b3609bc4bd3477cfe70888e7f0cd98b331ba0acae00739b9d0fa142f
strategies/H010/unique_00716/daily_evidence.parquet,961172af717dbc13cd4d9f99dab30f0dbf018342f57caf8e4b592b18e0396d4b
strategies/H010/unique_00716/README.md,38088c1b6b8d72d1dc4a1ec881adea7bd99421f41e3b8e76959f015c8f94b388
strategies/H010/unique_00716/strategy_definition.json,7b89cb05ee98630ada9d23ca1169061a0602d4375ba6115e1226133c0bb0c914
strategies/H010/unique_00717/daily_evidence.parquet,1e4001e394483e6145413df978da30e533f7fe02bf820969b429e6cf97c703dc
strategies/H010/unique_00717/README.md,63884ae54f952e98bc4ed50fa40a88d2a567850876ec91dc63676ff71c4cbe16
strategies/H010/unique_00717/strategy_definition.json,b0cc08cad224f5e93c09a1703c121f20ebb2bdb98a1414201e1e274a059a8b3c
strategies/H010/unique_00718/daily_evidence.parquet,8a381bfa5e9166e3b4a578d18234268b60ea9ee6833aee78c50d98d6c8dcb6c7
strategies/H010/unique_00718/README.md,f2c46554e93545f8dd74d56faa2f612b8a27b0ff3e56313c68ad11d2d0af777f
strategies/H010/unique_00718/strategy_definition.json,71bbb25305e414ec0291217c522599eb27081163ab837b29ffa51238c4b47a80
strategies/H010/unique_00719/daily_evidence.parquet,f5d265be9ba65cefcf6746fd67c79a1d6e29b8e8db6a3c169f61694f7c7d2114
strategies/H010/unique_00719/README.md,c99f6fb73e35d55fa7c54dfaafba8f5fa2153a0f653b799369e9c7c6a30492d8
strategies/H010/unique_00719/strategy_definition.json,6182a1f16e56f3fe7e7515e1bf5d14f5a3f438b0b990e242493082c9c3f33f32
strategies/H010/unique_00743/daily_evidence.parquet,4e74b9ec0d29610f8d84b37bb28f4b4aedd6b1aca1b6d48dbd9907af987a9a5c
strategies/H010/unique_00743/README.md,d819f96d908715adde1c7613cc82fc7fc79db14e55f5c4c6146f7f4c875a721e
strategies/H010/unique_00743/strategy_definition.json,9973b25af5740317a785dc5ff06d0ca1c61a70556a615a2d16839bfae3c10565
strategies/H010/unique_00744/daily_evidence.parquet,2023ed41d8b0009c4ad80acf507fa2cfa4bad52d6e0172ef58dae136ee37dc2f
strategies/H010/unique_00744/README.md,19515f783f8ba999fe14679a2c9dff4f96f4b6b8877236f63bf57a2baa9f2c2e
strategies/H010/unique_00744/strategy_definition.json,9d5b635ab1b8d58a1e1f68b45691dfe2ab4ca767a059de69fc5dbc92da72a505
strategies/H010/unique_00745/daily_evidence.parquet,aa3e67ea401ecf0925cbe8dbdba1b87354533ec7de03bf2948d5f1b8c4e02c2f
strategies/H010/unique_00745/README.md,ffd21ac1bf3772d825ac7adb6d868833f47bebe96e71f3ebc2cc4b8b9b10a726
strategies/H010/unique_00745/strategy_definition.json,77d2f10e30f2b5fe53c56398345f4b05ea064f04f2d16281d97ea1b706b43211
strategies/H010/unique_00746/daily_evidence.parquet,8c6cfea47284ad6b90999049f5357dea222b3ae4626d07be7df397e93f71facb
strategies/H010/unique_00746/README.md,b65c4978f9e96715d66b2e43224acc413eaf23fe16693567b944bf2e940674ee
strategies/H010/unique_00746/strategy_definition.json,58f7aa339d64843448e1e8b0ec5688323214929e7013564d100d33d82e416b5b
strategies/H010/unique_00770/daily_evidence.parquet,7b90d6261f0571508f8ac679c6aa50496b34bea4080821a59e50b6bc452e7eaa
strategies/H010/unique_00770/README.md,fd3017685224ff64dbdb218ee89cbd10d84b60dc56589940dd59b7694b870dc5
strategies/H010/unique_00770/strategy_definition.json,5366127158d04febb8cceccdac2c50468b3bd4770e5c1042c92f4155754f0c4f
strategies/H010/unique_00771/daily_evidence.parquet,91df8733121ad8adc40072dd4497a6be9b70eb7f072c9f86a70105219e7a8993
strategies/H010/unique_00771/README.md,7f34f4032bc59ea711d81327e4eaef9c5a392f6217e89d54521d29b409d84646
strategies/H010/unique_00771/strategy_definition.json,32f8f9f1a09ee68e08b4e2f669b6d85d190fd9df30c362c69634eefaf2fe938d
strategies/H010/unique_00772/daily_evidence.parquet,9a5ae3379f9cbf81d645e81c3a37c4ff697cc4004fa62f76ee1a0b7defcc8e92
strategies/H010/unique_00772/README.md,023af73dd2d3d178bfdb3bebf85b1310d7a1d71742627c5978e723687ec7b567
strategies/H010/unique_00772/strategy_definition.json,172ddd5b1543826a03d2fa385b00158439ff87e9350727abf5bdc8cfd0afcd30
strategies/H010/unique_00773/daily_evidence.parquet,b8bdc76f7941f6028f0a5691f464fae5f94135b364d1fae6218b38c713f10f5e
strategies/H010/unique_00773/README.md,db08fcec6067551d757c76725a7d4ed8b16bf593c58339cc8a12bff1a597072e
strategies/H010/unique_00773/strategy_definition.json,0fdf0e337a45daa8b7ed8b8b6cfa2ccd9f0f29f7b3c909c57c55d0f0f0855b30
strategies/H010/unique_00797/daily_evidence.parquet,0f6e1a3709e9bda2875ef45439198aea915a32a43f111f44529f3b0713de6747
strategies/H010/unique_00797/README.md,2488b4355a41eb5992174913b5fe568d480c52d7fb8276c76fcb548a425e720c
strategies/H010/unique_00797/strategy_definition.json,cd350924639bdc4485bb1f0895d63d87418d6ee9fb25337574fa2af392f2cf12
strategies/H010/unique_00798/daily_evidence.parquet,fc5da94e65f8f00ef3f9b7ad7ebdc4edb1e97f5027a88225591408b6a34a79e8
strategies/H010/unique_00798/README.md,d974fdf05ad524763b1e623a20315c75e7ab31ea12c52b7cee64eefc7cd44769
strategies/H010/unique_00798/strategy_definition.json,5d0f28a9d4f3480ccc072755b5eb23cd0fbf69e2781076963fb1ff9ad4f90c80
strategies/H010/unique_00799/daily_evidence.parquet,12cdc6e30306a3dbc7268dcd5cc85cee5969de99ab26d61b963c2dbf33281549
strategies/H010/unique_00799/README.md,5567817bbad17320830c02aa035757612d748165a11c6e88066b5faf94a23a34
strategies/H010/unique_00799/strategy_definition.json,a0d8e6409e909fe45c7e042c3e3834bcff4b4c28148aaddd64f4a5aa8bb4fe99
strategies/H010/unique_00800/daily_evidence.parquet,d62f3e6afe91370508661f2e691c099851dfd9fe0374ddff3cb527d953b01cf6
strategies/H010/unique_00800/README.md,8ccc25284c54d777c6356bdddbbc8e530b309716f4aef027337a4c0bcd5bbb93
strategies/H010/unique_00800/strategy_definition.json,9e5e3b2fe359036552be029f1b83436d362222059412a5a1f5f33dad1cd8fc7a
strategies/H010/unique_00824/daily_evidence.parquet,1e0ae322e65a6c3fbe30b709b7fbff44dc1190d9ddc25d3d083eb89f5150338d
strategies/H010/unique_00824/README.md,ba2030df3f6c06cdcb3cdf205f91cf70623e044803c947a527a4e81e3c90a463
strategies/H010/unique_00824/strategy_definition.json,c6fdd30f4d10b76320c4ae0b0f95a9d585bbd33f2ed8a6ce690b021bfa8862c3
strategies/H010/unique_00825/daily_evidence.parquet,a1972dde14639d650f4abf0a0a8abcecbbf7ad4341788a8aefe9522890e6aaf4
strategies/H010/unique_00825/README.md,9557c328759ce8d2352f491460fc47a353c8f70b3bb4a0e6e79f0fcd791c382e
strategies/H010/unique_00825/strategy_definition.json,fa8225905987507eda64cafb6100ebb67735812d1bb6d8e1d1bafc6c3b15ab12
strategies/H010/unique_00826/daily_evidence.parquet,8154fff75d7c6646cffb8146e7f564d75b46ceb0c96dbc11d5e7b48c24c03f40
strategies/H010/unique_00826/README.md,03e300c0a2f485e6760243925f938855600557a0d3bb8539dda4a8954296847f
strategies/H010/unique_00826/strategy_definition.json,71b974a60e372c12d2aa3610da419294125ac98c044b6848f35a467b266e6ee3
strategies/H010/unique_00827/daily_evidence.parquet,6c670a5ce6b19efb3ffadc58f45b325fb625cee77a473217f05ca9ab587fa122
strategies/H010/unique_00827/README.md,6ba6abdf26cd23a480c5beb53c04acd161b3a70742300d283d515a08257e6c0c
strategies/H010/unique_00827/strategy_definition.json,9b9607b130c6ca236a8f8a37550345ddb79bd2fa8d9c704683bb743753473393
strategies/H010/unique_00851/daily_evidence.parquet,27147373398ef6351e372a246429a1d9533a0dba6213aa3a138f228d7dfc4c44
strategies/H010/unique_00851/README.md,c6ee52c2f52cd30addb4e130a7c5d87558cf88202112281fe5a4c0dbe88679c8
strategies/H010/unique_00851/strategy_definition.json,23800e25bae95a89ae1c5a7ba5e594b52cdb0aede2950ec90b35655261129ca6
strategies/H010/unique_00852/daily_evidence.parquet,77c62a9cfb81bcee28602e3e59c910b2bf8c01660695edb1b80abe1d3d8309b2
strategies/H010/unique_00852/README.md,1fbd7464412c4e35241afc29a42a95551a73ee1e15eabc71d07b8fbe45b4d617
strategies/H010/unique_00852/strategy_definition.json,7a92e5e3fd013af85bfaffc702722fa6a010332a2e9fc39d59eb51127b64f0a6
strategies/H010/unique_00853/daily_evidence.parquet,897b837b7e52b30ac2f49c8d7c273eb4e914e8ba6dd701e39158e457adb4a694
strategies/H010/unique_00853/README.md,df54148680e7c4342bc979c2815445feac9657fc6a4b39b3db8405cc84daa1ae
strategies/H010/unique_00853/strategy_definition.json,b0a71af7aec5dc0ce336556effbd46010581685e87b00a9411c33fc19bf08be6
strategies/H010/unique_00854/daily_evidence.parquet,2fe6af808d5f4b7e1f2f13b173840d20364524f1813a51e7bb0bd7f1add60051
strategies/H010/unique_00854/README.md,fb6d71906ab957232f7bf21cc7e5f6e7f9ddd35ec167e26224ae4668f3e2b27e
strategies/H010/unique_00854/strategy_definition.json,59702e838588f78b95e855eb543007b12737d0fbe183afdbed7c0e7750693f12
strategies/H010/unique_00878/daily_evidence.parquet,178771fee8a2faf1679264192b8e19bf42228d0f88b5eed036be087420222cad
strategies/H010/unique_00878/README.md,0ee85e19127394e98ff4032c4926322edb1e0b111ee806b64f868092e9fd6adc
strategies/H010/unique_00878/strategy_definition.json,b80207dd76439cd3ef193a06d68b4094c1416ed34dc738737b0c2b31bd40a907
strategies/H010/unique_00879/daily_evidence.parquet,436ed506f5d9f27232d33525e3a5d93ed71b68ab8a064d8a17589f5380945787
strategies/H010/unique_00879/README.md,33564fca807123b433bbf8738c08baeeed05df7def4bf9c278458eb5dd7095bb
strategies/H010/unique_00879/strategy_definition.json,3e5b30c3ed8cdf6d6d735dfd351c4058f3029afc47364f7cebbb4fd9d50baaa8
strategies/H010/unique_00880/daily_evidence.parquet,1f1be790c11452fb44ae06424e78b58f8edb95145e45eb3cf555219264321f9f
strategies/H010/unique_00880/README.md,9c6c634bc937de3dc426a6d0d696f171cb861031bc6b6cb5089206bd17557f86
strategies/H010/unique_00880/strategy_definition.json,2c892c1884c8608b4adc5d76407f53588fc88ceef51c2b99bc32776573dbc95b
strategies/H010/unique_00881/daily_evidence.parquet,d07f3081427f22b77aae8ae87b4bab6f587e53aedd81a7244c314aa5df3bba3d
strategies/H010/unique_00881/README.md,2f8e7e59135f43f07819a52476a5e5d46d5374584bb70f698813e2cc8263ca87
strategies/H010/unique_00881/strategy_definition.json,7de5dd0eecd32ecf78ae49345a8fe362e3e0696e1649aef4714d37c4837df079
strategies/H010/unique_00905/daily_evidence.parquet,8bc7ed6e9ccb34ab2668f7c44987e12ea9c2454dcada1822ec5c373733192c4c
strategies/H010/unique_00905/README.md,d83ec0c0535f2634ce7344d00bd6caf42f9f75be9cf4183224a280dbd73a488b
strategies/H010/unique_00905/strategy_definition.json,ba190a51f68411a7040c878e5cf45576bc0587b8a24d867a10a2ee134c952d5e
strategies/H010/unique_00906/daily_evidence.parquet,b3f38ace28a68356ebc3cd98b537cd07cbddb2d9dde11e3b987465bdbfbaadca
strategies/H010/unique_00906/README.md,e2ab7edb310f1dd92b78e5086113de4298ff649e81999be7ec3d12b6a5b20c32
strategies/H010/unique_00906/strategy_definition.json,936773d154a2a27574aa5252ba0044e8b0dfdaa1f9866eba5dcd6d150d987e09
strategies/H010/unique_00907/daily_evidence.parquet,7af8b4d5cf37ae607b9b2f51a0c413dcf9e997fb61297128c5fa65e1dfc9293f
strategies/H010/unique_00907/README.md,eea1ec2cb0b664656186a567470cfaac6d8cd889cee6a825fed95c313edf234f
strategies/H010/unique_00907/strategy_definition.json,6528d6f1bce252be7cc68be012d1449ec0f7548ea0e13ce4b639313c082f0de1
strategies/H010/unique_00908/daily_evidence.parquet,a747ceec5a7a3ca1471bd3206299026dd4f3ad0ed8b86f4a72abc3e78de20e4e
strategies/H010/unique_00908/README.md,dd82bc0dd8a89ca61ee7cb968befc5052dc89c0571eb9cb672eda06e89156715
strategies/H010/unique_00908/strategy_definition.json,77f7c66a0468835018a39944230889db8c537326b218dd23b7497c1a3aaa3949
strategies/H010/unique_00932/daily_evidence.parquet,95cf669d52b31e9d4a3c4701ce67f24597eecc0838ed53c541c6d33f56694260
strategies/H010/unique_00932/README.md,2c90fb6bdffd7c323bf972ec5e1fde25e3336e0673b722f1106b3f4a11f44c12
strategies/H010/unique_00932/strategy_definition.json,096ab62eaf82d7b8212bf86d639c8d298c5bfaa92b60bd52047f1577bdad15a2
strategies/H010/unique_00933/daily_evidence.parquet,390bb90d1369c021803f7136610a188df8c57e3bf5431080b77c0c6ece6449c7
strategies/H010/unique_00933/README.md,319a2c142f0585d71f74b6ca540d04ff2121334a0c3b65d9fa1b66e251bacc82
strategies/H010/unique_00933/strategy_definition.json,b72a69fcb6f7917584f79953462a82c75aa5ee3c93ac591f697d0bf7eb0ea2a7
strategies/H010/unique_00934/daily_evidence.parquet,30762ccf80c9ec9ca666c1c9646f20d6626c4ab86332da973c2a577310094484
strategies/H010/unique_00934/README.md,edb87fb3fe3570ee0b5157f96295509b6e3227f3e18cfc6dffeba3d13d8dde95
strategies/H010/unique_00934/strategy_definition.json,8b4d746fc01995ae4dd2112dd37f78ebebc0f7b2c77adcc64066c2fb32adc618
strategies/H010/unique_00935/daily_evidence.parquet,6aa1f6380e3a606b944ed5828569d32e6f0ff252603aa7fc71f9c662f6caceff
strategies/H010/unique_00935/README.md,bbb9a2985fa1267be980c7b38d3c78747976c11cd9907df12bca4fa2ede06946
strategies/H010/unique_00935/strategy_definition.json,e9651c591eebf43e8ae25f3f5d7ea9e19bba605c01ee3ff9c5397f3e22b24842
strategies/H010/unique_00959/daily_evidence.parquet,054e17748a6996d72443b73c13cb7f3668cb19975e47a6c40940e8ee89961ed3
strategies/H010/unique_00959/README.md,4a4d398ab1616c9c6251771bc12af9e2ad60246de837f7ad83ff72a988dce20a
strategies/H010/unique_00959/strategy_definition.json,de12fff063e24767b7f1b853bd26a72c2f52259a056935ddce27022f83847c88
strategies/H010/unique_00960/daily_evidence.parquet,1cfcd674520ea8c8b9d094c5b37fbfb489218a2058548ac95b2911d844b7e110
strategies/H010/unique_00960/README.md,38b0bb245ca48852c268cba5a6d0a02bfe3c9a4a4a6593d9fcc54833c66f68c2
strategies/H010/unique_00960/strategy_definition.json,843cfaaa4629d7c51c50d2270ec192270287ce69c9ef634068ed32f6908cd49e
strategies/H010/unique_00961/daily_evidence.parquet,eb05c7456835e45e76562caaa0f3938bf36ae5ae6e680d72ea23d9cf52aace4d
strategies/H010/unique_00961/README.md,2c2c8ce27a82b6d2c9565ec0fc4b37a1a3d26f8776c8851e8f9065651ff3cfa0
strategies/H010/unique_00961/strategy_definition.json,be244e6f6305bba15cc8a192b9f0290ea9d0de5abaa49ae3ce8d6cd0d2f1bbe1
strategies/H010/unique_00962/daily_evidence.parquet,bb6d92bcf7ce0890759aaf917baf5f8430e50fc2c21e88c51213d5fc9a3c7b38
strategies/H010/unique_00962/README.md,d9feab58977452b690e14389c52518fe01d6afc25a549c17f1c96ef6ec95a8a8
strategies/H010/unique_00962/strategy_definition.json,566d40d7972bb6a171617a57d6f0422e313cf6fb568335f55ebb6ba5867eed08
strategies/H010/unique_00986/daily_evidence.parquet,90aef846343ae1ec16bbd6b860012ad2b4b292a2213309b8ba5a77ba1ad78bc8
strategies/H010/unique_00986/README.md,90c9778d31ebb06cf5a6e8f6e19481e29702902cfc8bc5198af273fd6e27d18b
strategies/H010/unique_00986/strategy_definition.json,0e6a4848aab708af4e1eeb63e08b028fe3a7e1328f1842309f70fa8752495138
strategies/H010/unique_00987/daily_evidence.parquet,02c2e21580e822e2e165c3afd78d5335212e090bd9e05386b633618f4b84c6a2
strategies/H010/unique_00987/README.md,117be92df9c19066f4b2eef7a8c86796277b00caa28a1e0afaeaa50c033fdaea
strategies/H010/unique_00987/strategy_definition.json,b050721eed7175cbd88516793fa3fc9aa498f31a6fc8aab62d9f1503881c60b9
strategies/H010/unique_00988/daily_evidence.parquet,21af9d147dbddedd9c7533c9954edbd8ce4fed624ceb4a7d33076772782a96f7
strategies/H010/unique_00988/README.md,9f5c0c66710fbcc633c989743b72a8ca141c5e8c988c0004b86085a743f12d9a
strategies/H010/unique_00988/strategy_definition.json,2dccee3950aa34757c80accc625dc92600b3bc59521f12fde919533c16a18571
strategies/H010/unique_00989/daily_evidence.parquet,2573099179f275b7294ce3f7ca36d6a882537d673a4b1fd2716f5ba49cb26330
strategies/H010/unique_00989/README.md,86d749e9dff125fed7e5d1b7a8c145fae2b8b1fe182f1982a4d6fc028ba5ade0
strategies/H010/unique_00989/strategy_definition.json,5839fc9927627e6066e8f19c2780be3260fb5f120018dc767e9451fc281f1560
strategies/H010/unique_01013/daily_evidence.parquet,404a8f9f01e1a3efc23b3c81b222d4f594cad9446fc713c2c6b93999f41cd16e
strategies/H010/unique_01013/README.md,3c86cb3487c05105e8f749fbd9209507ea9dc95c5ec2a0c2022f237bddf96a3f
strategies/H010/unique_01013/strategy_definition.json,1c610b1c1be1871153d7e5bd0972b29f5ad8c088727f6170d86cb14938d84370
strategies/H010/unique_01014/daily_evidence.parquet,42de3557740645efae8a5d15600e6cac1f4883034f6d6f2d321716c81fc91baa
strategies/H010/unique_01014/README.md,91b6c31b1d606e1f8922327406f4b9502e263b4d4e409360433b939f37502c6a
strategies/H010/unique_01014/strategy_definition.json,61cb8e2ff5dbd60745c187fb193e002e1a87d4e6ef51ca444f8e679107fac5fd
strategies/H010/unique_01015/daily_evidence.parquet,07f1b9ccd72f31993782f375dd777a22d0b9b4e688c653816fba3c38e15047be
strategies/H010/unique_01015/README.md,43935600d78d2c41d81971f2189579a7dd285d7ff40e06e705b76a5fc6369742
strategies/H010/unique_01015/strategy_definition.json,a4de61b69d6ea1d4deb3f3d1d978a64eca3f5f582dbb12aca48183680fa354f4
strategies/H010/unique_01016/daily_evidence.parquet,444c0d73a1a71bcc35d0971f751abd6ca03f384ba55365a2657a22499fd52f7f
strategies/H010/unique_01016/README.md,833289a4d8d430c92c9b7ccff3d4574b0eddadb399c44f5f2552495b58b87748
strategies/H010/unique_01016/strategy_definition.json,344c640b0bc9ee43d3894ccd98d562b1f90c718b445e4c5fa232e0aca46cdecb
strategies/H010/unique_01040/daily_evidence.parquet,47ba5249abd4170bd32726f93b0b83c6f72c015f744ba70f9214ad28d1f0ae01
strategies/H010/unique_01040/README.md,b447d0676f209d5d769db713c37658c775b78f9a747183c80d27301936ae0649
strategies/H010/unique_01040/strategy_definition.json,3a3869849394fb41a7eb256b060faf5a3d02e6d547fc67cb6d60b4d4e02811e8
strategies/H010/unique_01041/daily_evidence.parquet,8fbb9088c18ffb3951c0611764b29025cf88c4927f48bb9e39f8a5f5efe7f0a4
strategies/H010/unique_01041/README.md,a86ecf27e0b46a8c5c55b252ddbfb80bdd16ac2b8cd7b12c508adcac62ca9cd0
strategies/H010/unique_01041/strategy_definition.json,3c52229cba48d44cc9695202b48ad910e0c88fe84c9e11d6e6f08dc7b9a4ac01
strategies/H010/unique_01042/daily_evidence.parquet,1f978d909fab63c356eb049e8f8633645daebfd6af2b190e6efad3b4f425969f
strategies/H010/unique_01042/README.md,a7ec65f6d67870e961b4d52df10962cc5e4394ac6cca0c9d3bdb7d3685f93a05
strategies/H010/unique_01042/strategy_definition.json,576eac87861a0fb4c4cbc0f7f80898a9fb1db2e15377d3ad3856170a42b49c07
strategies/H010/unique_01043/daily_evidence.parquet,4eeab415e894f112bb8ccd5e2fcf0317bf9b3d2b3585c614e4163b01add7727e
strategies/H010/unique_01043/README.md,bbe21ea43fbdd2af5b2e1d86cd0391bff0a39d3bfa4da3e94165c81b9a4310cc
strategies/H010/unique_01043/strategy_definition.json,9dca40ae3b9711819aef6c3907cdcc567f8f35275da34702def4f0929ff71424
strategies/H010/unique_01067/daily_evidence.parquet,87748ef1cb53fdc8796561c84fb8534e2e76f0eeac1f16c0a2c8f4f110096b3d
strategies/H010/unique_01067/README.md,4b9dd273d729a4f3f9e19760c4863a82574243b162597a4c5b585104c82c5a75
strategies/H010/unique_01067/strategy_definition.json,5f745f7ce7844371ffd97a2cc6a16fad1a2b5a627212fd71ecf2044f930931ca
strategies/H010/unique_01068/daily_evidence.parquet,2b5fecf47b1c394809e85a21de8a98c942eae63d677928ae7329dd9ef734d747
strategies/H010/unique_01068/README.md,6c046a93fced95c6890535227e887d0b14d9440cad4de4b9076aaac3287d409e
strategies/H010/unique_01068/strategy_definition.json,420bcdf2adfd4a16246f3d31cb70ae4ceb0d913357b86ee65ecfa20b2ede31e0
strategies/H010/unique_01069/daily_evidence.parquet,2d40f8d080b71d3c0b3b06df8b90d77d721d00ac9ea091934bb73b9d514fc05d
strategies/H010/unique_01069/README.md,626c370ddeec735c91ee00662ce299165208c483f289b9b6acce2d1743eacec1
strategies/H010/unique_01069/strategy_definition.json,cdc30205817b4d153ee1061217ac9874a22cfb60aeea23e2586ea26c7275567a
strategies/H010/unique_01070/daily_evidence.parquet,d35f6253fc3649ab33cc926dcd48c5c2352aeae0b364dad2d1b2f03e4e32a7a9
strategies/H010/unique_01070/README.md,1da12d05b3185ecffa65b09e443b38060795fb171c9e3ace4d14028444b97ec7
strategies/H010/unique_01070/strategy_definition.json,c00a0c93b140fb68a3af5d8c347070c5aaeb9f16b3df1ab76f089f09be31a04b
strategies/H010/unique_01094/daily_evidence.parquet,8fe4f5d6e03e3914964bf6f9ebe72615884c320a461e944b64322db8c46281ae
strategies/H010/unique_01094/README.md,114e7d8c1faf74a2aeef0eda4429785d4d89499a868011d11e31b9ee42a5b1cb
strategies/H010/unique_01094/strategy_definition.json,d42c317add484e724833a1901ebdd6980f719a0f47a27bf04f60beb842510fec
strategies/H010/unique_01095/daily_evidence.parquet,259fb6f6067806c07ac8e61536f088083b5bd418d6e442d9a6304de77abdefe0
strategies/H010/unique_01095/README.md,2c4dc72ed695cb2d8ce4b74751ff2063f5af53818c5e3b95a12aec2b6915f382
strategies/H010/unique_01095/strategy_definition.json,044e29126860e68337f97ddc57b4b17dd1fcdac6c9d96b3c1c56da3c11f2aa5e
strategies/H010/unique_01096/daily_evidence.parquet,4196b2e583182d65ecbe8c679894ba057510beb9123344da4ba0c64a495d83bb
strategies/H010/unique_01096/README.md,9be042da044035c924431e94322f4bc23295bb26faccf5d6de83ccfa23cf376b
strategies/H010/unique_01096/strategy_definition.json,67e513a8e5485c38c48fe9ced8baa3e3cf020e5a3d8574464e16d2c613e0bf86
strategies/H010/unique_01097/daily_evidence.parquet,ccc13696cadd2b108fff40161d5c129936e2a1768ac812078df190a16741bc43
strategies/H010/unique_01097/README.md,da91a50311036eeec371fc860cbfb5535a047bbd47b002b617e92e2b48cdc39e
strategies/H010/unique_01097/strategy_definition.json,2f4114c30df4afd7ba70253f5de5a3939841f872deffed2536487e27ecd37788
strategies/H010/unique_01121/daily_evidence.parquet,f4570a1b7eff6ae0f29747073381d435a5a313165fed2a73a37d6f8cfbf582c1
strategies/H010/unique_01121/README.md,bafb6544c24bcf98128cff9417a06093545e82a8784740bd69d53931cf8ad3aa
strategies/H010/unique_01121/strategy_definition.json,681f66bcb28327dd3da6d4af20cc0931c4f22474bdb2a592c5c2074c5db9fc2f
strategies/H010/unique_01122/daily_evidence.parquet,d3dc5002279c33de13b14474737ee4f51939eb09aa2b396970d7940827aee5c0
strategies/H010/unique_01122/README.md,b1d82045b4fea4e8d61bc33b6aee3df8001038fd7b6a921919fe0f78bd531fcb
strategies/H010/unique_01122/strategy_definition.json,7c32ab9465e8a80d5ebee82dab5b230acef2661d30ec16353fc739b0b08ae5a7
strategies/H010/unique_01123/daily_evidence.parquet,f6ac50cc461850b6533c69740cd53a35a896712144efd7ec8289613586680939
strategies/H010/unique_01123/README.md,f600204bbb31d6e0d10fd495c7d0efa83a81a529aa489b03a6702fc09b6d10f3
strategies/H010/unique_01123/strategy_definition.json,e8f64905f715241a1901d444ac440577ee4b459ed7cd3aed62e5a0acce0cae95
strategies/H010/unique_01124/daily_evidence.parquet,77a345a0ded8dc3b44431d77d1060fc618cc38d14015e745ef140e35e243185c
strategies/H010/unique_01124/README.md,f723e9dcc6fb21492b48cc38743ec4b4083c149570c5592d0d7613c3850d549f
strategies/H010/unique_01124/strategy_definition.json,dd9ced63656ea1cf98c19b11ef2ac17cdb419616967884fb477e6c38bdef58af
strategies/H010/unique_01148/daily_evidence.parquet,562998c5663c859dcef626ce86b8ae611a87afd8012de05ae018172f1be5c64b
strategies/H010/unique_01148/README.md,5641c6ec4d8516a0753c15ec6ff9885490507033e0be74a51233b0297fed2d0b
strategies/H010/unique_01148/strategy_definition.json,3f99e99d509c63cbde93e1f2fab45167f0df6f23c4abbc796836abd95a660657
strategies/H010/unique_01149/daily_evidence.parquet,a4901acb4691baf28e2a9f290a15019014c02bc979c74e071dc2c18bbae270fc
strategies/H010/unique_01149/README.md,57ede514539697eda1741239665070a684367fe58d583d79d5138580e6056314
strategies/H010/unique_01149/strategy_definition.json,7bff387be5b153d77991f539b1cb08ac0f01d4d86f4aa7cb25fa0ec7c18e28c8
strategies/H010/unique_01150/daily_evidence.parquet,2913447c251649747734d0b85cc1fa380945bc1d5a8c29042c12e2d8e7177619
strategies/H010/unique_01150/README.md,16859793753909cbc3c026bbb2eb105218b09f88a5aa91c8ed872d5545a6d1f9
strategies/H010/unique_01150/strategy_definition.json,60cf1c61bc53b5154e9fc0e3c8eb2c9597b72d51d07abc95d6109adecd86b953
strategies/H010/unique_01151/daily_evidence.parquet,350b848cc1576702ea5ade2994843669820aa020b5550c891c6782444e0e2010
strategies/H010/unique_01151/README.md,1df60d15e65d28e41ece587e12bb9e7ad65b50285aa1b6a8442c502f6e2a1989
strategies/H010/unique_01151/strategy_definition.json,8d5780d5ccf61d87fe93af18e75ea294533c95a395a6da9d30ca8d8a6f05644a
strategies/H011/unique_00099/daily_evidence.parquet,8c8215d210acf219dd0408e74d2efd3179c5b6f3d3d68cdd41a3f745255546c4
strategies/H011/unique_00099/README.md,5def0e19abce0568fd424108adecf8ff0c83832342ac3cd720a9cf8dce8f7128
strategies/H011/unique_00099/strategy_definition.json,b45cbd1e6e013dcc53ad616d1b537b3c22d265fbd3a6a76a81fc113d9d6dbd18
strategies/H011/unique_00100/daily_evidence.parquet,1c6a195d3eef26307aa64905afdf6a151261290380e715885b3d25953a8dd298
strategies/H011/unique_00100/README.md,39dca74319c4253c423268e71dbf083f043c698332fec6b2de8de6d4f3aad086
strategies/H011/unique_00100/strategy_definition.json,992d8058b3a1966ee988015756b7538e8e9e10c88c2791c3216386de8f1592a1
strategies/H011/unique_00101/daily_evidence.parquet,ee2767638e0b14edb2e6b9140097e4fcf9e18adfbfd200490786e88124b8831c
strategies/H011/unique_00101/README.md,c839c06effcf3eefb19a679b0ab6de7390db63668c3eb868e8a177e13c0bacc3
strategies/H011/unique_00101/strategy_definition.json,e1c4bb341e53499c04e8c5ad5a1a2b9b403bb5cfaa47d8a6732b46ee364fd88f
strategies/H011/unique_00102/daily_evidence.parquet,9334536cc416f46daf7f1167f9f6de4d9b2b738e7939906ff46e57f4caffedf4
strategies/H011/unique_00102/README.md,a1cfa4974fa80151c9ae8361c550ddbba834ed93cbdab16dbba6bfc564d1f959
strategies/H011/unique_00102/strategy_definition.json,cd5acef5efca4ac31e1540f030968650e3d5d2d70b0c9641f47c2e6c691ab639
strategies/H011/unique_00103/daily_evidence.parquet,05f8e369d59eb9d7502b6538e2d23cd0cee8b04867ab10978c9a65288eaaf71d
strategies/H011/unique_00103/README.md,3e99f951e280571f84d63acb08389b1b725ecf30448a24bcc2b50e6b8ef4b716
strategies/H011/unique_00103/strategy_definition.json,e85aa441349ef46a6ec3b2731b019c866d755757b6d3485eca81a7445ea34318
strategies/H011/unique_00104/daily_evidence.parquet,16489a566cf4557396d7549daa41756c471d90c056e35872fd9dc86ffd57cd26
strategies/H011/unique_00104/README.md,861ebac956c7b0c02a847e8fdaec9497e0e1cba6862f28a9e71f72831afa7291
strategies/H011/unique_00104/strategy_definition.json,5dfd3a3668d2cb895e7c5982683f1c6b7ec66731fe02025197b76093e2ded566
strategies/H011/unique_00105/daily_evidence.parquet,4b59e83d00370ff38d984457de5ab9cd8baaa999a5cc9a2183f729735d7861af
strategies/H011/unique_00105/README.md,8ba6f98630c0c195757d363dcbc422d95ce17eb13d845995bd2c91196877b5c7
strategies/H011/unique_00105/strategy_definition.json,4ddeb5ce071886986b3ab3b96a5a0114b69c2df6f08f9a70c2adc7b2d2e6450e
strategies/H011/unique_00106/daily_evidence.parquet,a3edbf0a9afa16e79a93d68d0e48fd2b67c524b71aec4d268293a3c1f9ba06c2
strategies/H011/unique_00106/README.md,fff3801c17fbe8982486e08fd48a36bfa00ee6036633047d926c2bf187e6b7b8
strategies/H011/unique_00106/strategy_definition.json,62083cbe10dcaed72cfbee3decff2da91ef6943851ab971aac002e042a085ac7
strategies/H011/unique_00107/daily_evidence.parquet,ca6c9895309755ee7f1d415c1b70ee376a3d286d909cb64b65f100f8fde45962
strategies/H011/unique_00107/README.md,aef5ab98f4b05c075de8f8d6b988047efa84390b6fe55e282b2e93328d273dde
strategies/H011/unique_00107/strategy_definition.json,1fbce32ab6ed4fe08f45d2972e08b0c44f76181bb69fd8db8a4e74c75670d61c
strategies/H011/unique_00126/daily_evidence.parquet,85086b708dfbbc79d403d26104dd45d96ae2004c71593c33bda5833e3d1a06fc
strategies/H011/unique_00126/README.md,8be18d7c098232acca41a695c0cd63581db2d309b3460f24f53449be0855890a
strategies/H011/unique_00126/strategy_definition.json,8745d7cda72c3c0c432f2f2b3a8cfb122c01d64fb99a912244955533413e24c8
strategies/H011/unique_00127/daily_evidence.parquet,7bf3f3cdf76038fbfe316bf1a02c14434013e517c24dfbb4476bf044a5436b47
strategies/H011/unique_00127/README.md,79615fb105c4f55fa3682a20d10c19a9ca80ceafb0c8501d5b74347b79236464
strategies/H011/unique_00127/strategy_definition.json,0c894300423401d28aa6ab2b69482e7183ce1bc2bc6b3b2f72e909151e339807
strategies/H011/unique_00128/daily_evidence.parquet,f3a70310182d18128bbd259cc3937189b12110936babcd3e56debfbd7204d40a
strategies/H011/unique_00128/README.md,8ee9a3fb56832ba33eaeecb2620cb7e3e1be69681bf200cbc59a8fcd41e0555b
strategies/H011/unique_00128/strategy_definition.json,90f13f7bbd224dc93fff8e458d6ba863ae90f040b4b82a3993afb63a16f9be75
strategies/H011/unique_00129/daily_evidence.parquet,9213450f8aa7c1718af0d6f1c114f614dda48df739ca776eceb0711c031cc6fd
strategies/H011/unique_00129/README.md,fa361f312c22a4597d97c994d78c1738914ff69c8b734a903f00dad8d80d6b25
strategies/H011/unique_00129/strategy_definition.json,24122e3694b5bc59f0439240ae9a535be04faabe626516fd6f530a2fe7283090
strategies/H011/unique_00130/daily_evidence.parquet,5545fb278355a22245f1aaf076b2b3e93ad2f82141bd3d57fb390d6b64cac4b2
strategies/H011/unique_00130/README.md,a61fc5014b6d1e441eb43d6c7ce693fcc4f8ef6a84226765bbcf4323698a5987
strategies/H011/unique_00130/strategy_definition.json,cf0f266b49d508d1ea7d65f4eac4b3977a1f3519a313caccb51ae8bef6f3e169
strategies/H011/unique_00131/daily_evidence.parquet,e1371a192e276690e97c534773c8e0ecc82a8b876ed48497f8727e5f588fb8fe
strategies/H011/unique_00131/README.md,2d918b7aac941c41de099330effe6304efb937bfa2b5d85d40c2c47164fffd6f
strategies/H011/unique_00131/strategy_definition.json,cc5a887ff45d80a64d0406341e172b2f90c48c10a8d8af9cac4efc49f2b9ecc8
strategies/H011/unique_00132/daily_evidence.parquet,ee8b03eb3af68af59733b489a01c04385433ba6c1332d258fb67b740028bd2ac
strategies/H011/unique_00132/README.md,64e36069bfc826823c543438c9718395e2347ca50ba473110c76745c2f2e3f99
strategies/H011/unique_00132/strategy_definition.json,ed77b462b8500902df4084520bc7e4177f9c9b23388d990d864c86118f3bb6da
strategies/H011/unique_00133/daily_evidence.parquet,e21e1e7b71647097504bcabb4dae63a352dea40d59e870dc78315d7d135a65ea
strategies/H011/unique_00133/README.md,231c1d9da4cc2e21f1274292fc7d9aff77a3debe3af37fb2bba4fe84deb96c41
strategies/H011/unique_00133/strategy_definition.json,d6d79452d3ff8fd9af2e2ab81bbc79fed10ab2cdbb22c40dcb49f61f59d9bbe5
strategies/H011/unique_00134/daily_evidence.parquet,ca6c9895309755ee7f1d415c1b70ee376a3d286d909cb64b65f100f8fde45962
strategies/H011/unique_00134/README.md,b14fe73cc6efc5d3c59bfe204e69214fc544de32ea1b8d0153856f9e5bb877ea
strategies/H011/unique_00134/strategy_definition.json,4acdcdd2c7b0fb013a67714543fef65f22f49d01d16da3d9951bbc79948c74eb
strategies/H011/unique_00153/daily_evidence.parquet,e7f306f060e08d07e09e059a7d4e439153cd6824f5696179518edb8546021fe4
strategies/H011/unique_00153/README.md,8b3bae80191c561851aac50fefad807e533da0693180f5196abe0a57d5f8f5d9
strategies/H011/unique_00153/strategy_definition.json,7f060fc72c364b83824d2d33000aa71281639e232c4e16ded61c0f58df643916
strategies/H011/unique_00154/daily_evidence.parquet,054f68ee47160aaefec6f1827d51c60828deb966095523d5d7c7e17bd7cee47b
strategies/H011/unique_00154/README.md,080ba9c769a5c511979c313944e60d5cf4b131b90b8d2e96db38a0eb457540bd
strategies/H011/unique_00154/strategy_definition.json,639480b43047f2195255593f0cb1b5c98add46fdb43d60db17328472662757b8
strategies/H011/unique_00155/daily_evidence.parquet,49a2c74fec586b43fce14c83ef9cc5ad5974de33a84fc751b79bab3d0617847e
strategies/H011/unique_00155/README.md,9c038b0fae91ec6ff8e5eaed4a4d098317b6cbd292d697e8fd4e85347b46ffb8
strategies/H011/unique_00155/strategy_definition.json,6fed3ff76a741b6f866b7e58a0a1179e50c11594e5161ee78d7ad650f1d3534a
strategies/H011/unique_00156/daily_evidence.parquet,cb4dbc27bae6043859080bcfe02296f821d06479fede24ee74a77e386b4c9636
strategies/H011/unique_00156/README.md,438d220698850bf590214d02dbb3d21936dff200add79c392d9c7654ddaeaed7
strategies/H011/unique_00156/strategy_definition.json,6bc02736d2603f423091563a33a93deb4bee34f4a3d91fa251600def2df794c3
strategies/H011/unique_00157/daily_evidence.parquet,768595e61a162c81b7121ccaafe8ec6be8435c490e3ee7a6b56010a9cd1cfd92
strategies/H011/unique_00157/README.md,ef43b899ec7455523ebdcd96a656f2fa28b9856ea7aa9db1931d76dd216e8fd1
strategies/H011/unique_00157/strategy_definition.json,f6a62d012ec6c21fc56df38494874b4fc0e5b55f82b84e87b9a86f2f76e4b4d7
strategies/H011/unique_00158/daily_evidence.parquet,c91fa90f7a7fcab7f3335c1d54775233110637ca1b8775d9aa91315a40300f26
strategies/H011/unique_00158/README.md,5d737f3de592f3dfb9d5dcef982eea6001d46d8cf2f609d536c07a0a85b7081e
strategies/H011/unique_00158/strategy_definition.json,59cfc6b996c8846534ec6aac97984fb53e6e9e276198bf75f33f5417254c4958
strategies/H011/unique_00159/daily_evidence.parquet,07e6a287c57bc36aa90f8fa43e2bf7c82ad999e995b65cecb5234cb7b99953e4
strategies/H011/unique_00159/README.md,6c25108463702a84e9c47d27887427cf034ddfc26f403e977af25f07da47bc7b
strategies/H011/unique_00159/strategy_definition.json,b2de78797fbbee36b06615fad820dccda93fd1403ced5842290259ad787a26ca
strategies/H011/unique_00160/daily_evidence.parquet,8a04362312d4f512e9df39e1536bb1d3ba299150d550d6e99f2f5268d2b47fa1
strategies/H011/unique_00160/README.md,a0e7b83d7f66f90f25a6a4b54153c573d989410b3436e5945b7f2c05d403b935
strategies/H011/unique_00160/strategy_definition.json,1a4557689fb12a473ab6f20aef024810dd16bf76a7d59c4088f2131565c0c9d9
strategies/H011/unique_00161/daily_evidence.parquet,ca6c9895309755ee7f1d415c1b70ee376a3d286d909cb64b65f100f8fde45962
strategies/H011/unique_00161/README.md,f414a2cf1701de8a4989893902a83e09200646078c690e8897d4ccfae3cf0a7c
strategies/H011/unique_00161/strategy_definition.json,788ed55642a748560a0dc77f80885baf635155e551266ebc4ba409c49d062d81
strategies/H011/unique_00180/daily_evidence.parquet,d0b141361930ca4da08da51f187b4ac02a5e6f867b9bf6c5af8f5d4f6cb1f595
strategies/H011/unique_00180/README.md,a58b526955e8ec3bf9df6a93e18ddebd4f1f3796d7993bdff3eaa1c9c9585b1d
strategies/H011/unique_00180/strategy_definition.json,050bcec53b9a90cecaf3c91d290f45024f58f6ef86b4eeb1c18c4a87f5fa451c
strategies/H011/unique_00181/daily_evidence.parquet,645bd155a5724126f245a0b5609fa9e70988a3bac901a16ac0412983a8e91acc
strategies/H011/unique_00181/README.md,ae2baf28f1fb20184064c1f50ad70a325e862742af2df386d56911eb2ec3042d
strategies/H011/unique_00181/strategy_definition.json,1fb8da55908ca51001dedb2e1470333b3dedf1d8cff8a563b89130f8d85846c6
strategies/H011/unique_00182/daily_evidence.parquet,b41985a48b9d3c46aff546b7913e308f518859dd5f60848f9e2db8fc2f79f082
strategies/H011/unique_00182/README.md,58a5ff304e23b5bb5e1d50be15296ca1aa0dd2bb9605cbdd252302c872712394
strategies/H011/unique_00182/strategy_definition.json,fbe00d82a25ef1e271f5bada121275e4f535ab1d71f6907d0984e3f44a3cf9d9
strategies/H011/unique_00183/daily_evidence.parquet,acb83347d49fb6aa594af39017aced3a0d4a1735acd0960e08e30ceb7d3ff76a
strategies/H011/unique_00183/README.md,82244d128fab59548e7b8b723102dccd1f079e3334c24eb6fb2d4757ae1b48b0
strategies/H011/unique_00183/strategy_definition.json,366c7367ee75f22edc152820e903bb78cc1edd38d24b1505a17e9ddced98815e
strategies/H011/unique_00184/daily_evidence.parquet,15dc9043b91c5edd8c37385d7b2e85ce1f81d9baa7ab79219aea7fa8d56fa313
strategies/H011/unique_00184/README.md,60474a41230d05e54d8ccb055141058aa5f8eb0d49ee19da03d9c46d88d9690c
strategies/H011/unique_00184/strategy_definition.json,76c80dd5d1e9e068b5ba7b4813d320e5eb062d66022feaff1720c3490cb6a3e5
strategies/H011/unique_00185/daily_evidence.parquet,149eb31112564e18edbe9fecb00ceeede99285a544802b391d92e5148f4d198a
strategies/H011/unique_00185/README.md,099b2b02f95c26233557c169a27f3fb2d15e9e0bc1353a38a1cf108967797db9
strategies/H011/unique_00185/strategy_definition.json,e5042f92f5ddeddcd3b41db8fdd417508cc3e7889b920a2ed76f5eb6e1ebfaba
strategies/H011/unique_00186/daily_evidence.parquet,9228d8af8701a800d8abea7d7a4cd9e113034bc00fb6b0bd54fba382dc32b380
strategies/H011/unique_00186/README.md,9ecec13e66768482dee7089314cca7840c2ccd7aaa2871261e3f2d0fe370913a
strategies/H011/unique_00186/strategy_definition.json,33c688b44945deddb8b5d7a574f6e7f2fb983864ab5b5a22522b75d4f9d2bf5f
strategies/H011/unique_00187/daily_evidence.parquet,3decb8d1bf006bdc39a489ac617bca8b3debdb467d2baef5dc75f6dea710f809
strategies/H011/unique_00187/README.md,02f167c10c8e4525a0df98e15e2bc3c8e082eca4eb42ddbc4136a77b3193784f
strategies/H011/unique_00187/strategy_definition.json,6797c856209b2ef61e83b039e1ac94d319b35c24888dae47bbab381a1888bee1
strategies/H011/unique_00188/daily_evidence.parquet,ca6c9895309755ee7f1d415c1b70ee376a3d286d909cb64b65f100f8fde45962
strategies/H011/unique_00188/README.md,741302a7e5953e081b8f4d7dc89c92d285ba546296d37b50990b4d8beb49e2dc
strategies/H011/unique_00188/strategy_definition.json,e7e02704eff9efd074641b670b8f864a4fbc7d6d55a613cfcbcbf6deecbf9b9e
strategies/H011/unique_00207/daily_evidence.parquet,9b31bf51ed5c2f1e364fc8ccdaa85848ad2a937be995724eeaefd3828195069f
strategies/H011/unique_00207/README.md,544335f60648ce2906c649d822ae48310f1df8221a5b3c02c8b83332b0defd36
strategies/H011/unique_00207/strategy_definition.json,9d4823935b1c3b95ec56e4e7d8c1288910f76cabdb9abe36e4d05e9416f7c833
strategies/H011/unique_00208/daily_evidence.parquet,0b06af83db77aec80da772d29d4e8e7e766c110d92c432f273e980348088053a
strategies/H011/unique_00208/README.md,d0ae99bf4e5d38b8ed05653b60dc680b670082c387ee61cdd7d81f8c332a0f03
strategies/H011/unique_00208/strategy_definition.json,7fb2f8a4c9c45578fdfeebeacd67bed42b03532c7670abd07dded9299843b6fd
strategies/H011/unique_00209/daily_evidence.parquet,a98b16f1c302b02ad18047cd14e471d18563d252b3b23543f59ffe4e7fec0f0b
strategies/H011/unique_00209/README.md,2122941553583c855cabb28d88ba0bcd912d198ef8970de6e96bce1bc7f81c79
strategies/H011/unique_00209/strategy_definition.json,01aad4792611bba61fdbdd71d5e5cad3c328abbc3750ced043d8c643bf558e37
strategies/H011/unique_00210/daily_evidence.parquet,b483c7d090c6f34d20a21caec2533eea4e5235fb078b95de1fa560c666165bf1
strategies/H011/unique_00210/README.md,1717eb471847dd9ffb865e6897d83bc64925bdcd22b689f10731b73f99ec207f
strategies/H011/unique_00210/strategy_definition.json,6382cb357449047c971e456e938fcd866f5be6598fe38b0c03a952e8f1c9504c
strategies/H011/unique_00211/daily_evidence.parquet,e7696dd58cd6ab4ea9b1d11fa28ba12e4fa5c9304445bccdf8b95a6aa56f46cc
strategies/H011/unique_00211/README.md,b4190625e3d9e39b0bc4f8e5f0a1e740a6e4adf94b28f0a88b8d022e27cafa74
strategies/H011/unique_00211/strategy_definition.json,e8705d624f8f6edc3a0c61215552d4d1e3545b44f17dc922162f0d5423855f80
strategies/H011/unique_00212/daily_evidence.parquet,8e75c4663d3a73c83be5f02d6427a5826016c12ab5fc00a1a20d30d0a072665a
strategies/H011/unique_00212/README.md,d6e13e5cd3b24aea164962fa76fbec7298f5281ba8296da12d83422d5e6bcd19
strategies/H011/unique_00212/strategy_definition.json,91aedbd0d45975515c9e9abe835265b3f6bdf67f8a00bb95f6ad83abda7c31f7
strategies/H011/unique_00213/daily_evidence.parquet,0886bdcf80591de741e253cf05205beca56f624b074815ca281c2a49ab01c219
strategies/H011/unique_00213/README.md,7863443217a1d235e31c53e6b9a519ad0f5e5d9c1c55d206b62ead038a8e3d5d
strategies/H011/unique_00213/strategy_definition.json,ec81d1b134a48bdfb35746ebf62ab35a15daf34700e3a3dbc669c8a3ce32fb70
strategies/H011/unique_00214/daily_evidence.parquet,2726aac7ffd53f9f582dea2ab922af9d0a38d56bf80141eb61fc84eeaf13005d
strategies/H011/unique_00214/README.md,e7feb9fc534e5f929342cf42cc9bd8ee28f084b01c30d647ffee28e243fb6091
strategies/H011/unique_00214/strategy_definition.json,ad2377db7604aa03024c5d2755b8093d1e045d50d0e02a8a640ce35179370329
strategies/H011/unique_00215/daily_evidence.parquet,ca6c9895309755ee7f1d415c1b70ee376a3d286d909cb64b65f100f8fde45962
strategies/H011/unique_00215/README.md,f04e42803420477b0a15f1d89b822ada678ec74e86fd089b002b2d166763e5c9
strategies/H011/unique_00215/strategy_definition.json,352729dd2edda987d3c734ded56d339db9c62c7eda8f6196ef8c2d5a2f26c3c9
strategies/H011/unique_00234/daily_evidence.parquet,ed15a7978c095efbb9cf32a9ca6ce21e5ecffdb49b018d6525641ee8afa48a5e
strategies/H011/unique_00234/README.md,cf299d0d511cb416cbab30f0ca6595d58c4f21a2417cc1495502bdb51e9e1fc6
strategies/H011/unique_00234/strategy_definition.json,6d01be512fa3e71cdcc095ba77769667b6479b411015e1bfb6f29f1fcd9cb0a0
strategies/H011/unique_00235/daily_evidence.parquet,84c282b8a0a0954ad93a02adeb36f44c456e508cf831279d122e980ddee5925f
strategies/H011/unique_00235/README.md,f5c5b4f39b276e2cbccc28c7246c340e9547d553796a358a07ef7964d0cdafc5
strategies/H011/unique_00235/strategy_definition.json,56a4d4b341de382ea4ca5982c86ade7730d6553b7f0ca79b77dd13ec6286a734
strategies/H011/unique_00236/daily_evidence.parquet,b0e04f23b69c506d4cde1c0ea12cf2bd16e66e0fd057ca6a493f61c162755cf2
strategies/H011/unique_00236/README.md,b700e288ec78bf5660b585da7d88ae27d752f8a1514ae1819ddf5551bc31366e
strategies/H011/unique_00236/strategy_definition.json,4a41b965086e092d4f007b9ca3282599ab21e6a3b4fe659426f1840871606c8b
strategies/H011/unique_00237/daily_evidence.parquet,2ac9ce9f8421498d251e1446ac2a40ff211f1a7caa39dee423753f6242cd4046
strategies/H011/unique_00237/README.md,3107e8b4a904769222e6f4d3f8a7d5e5a9a31c3feac55a95ba90bdc31169b3c8
strategies/H011/unique_00237/strategy_definition.json,52059e4314f4e0bbcc6607c88b10504096dfc3c46f5a0e1e1483736e067f5d5d
strategies/H011/unique_00238/daily_evidence.parquet,cabe7ae1af0c25016aabab87839de8180cc092adc25dd9451542b8207f91e826
strategies/H011/unique_00238/README.md,c23d1a2fe1c283982820f4d33edb53fab961e2373df965d30aa901a7691ee9d5
strategies/H011/unique_00238/strategy_definition.json,d26e1f5dd8a072cf1aa2c993585c79ea3fff8b117e6fd94fdb5f09cf888897cb
strategies/H011/unique_00239/daily_evidence.parquet,87a0a079cb1011985c0e8b445c54f5259dbcbfaf26b542264e29b9c868a37848
strategies/H011/unique_00239/README.md,f5ceab79a3523b166c5bd097555b863052ae54d8392e67ba8bd0bba92f82f900
strategies/H011/unique_00239/strategy_definition.json,f5e767b34f80cfaf81343bda2db3f064d2b8ca61a99e457dbd5a2d61a81b85de
strategies/H011/unique_00240/daily_evidence.parquet,bbec2049a43a5baa4318f0e7ea947f432dc5051131717c23444ea2b0613d37c7
strategies/H011/unique_00240/README.md,fc4edf56b03be5edd407a17d078543a7009d8b97842a3cc547857dcfa3905b7a
strategies/H011/unique_00240/strategy_definition.json,a611c234060ba33831199c1e6cd07107fd4a5c18cd1da63339ac24f0853459d5
strategies/H011/unique_00241/daily_evidence.parquet,d0b957ecbd1fdea7c0e0bdcc91a5b91139422e9de864a93521c002aeb1fb6b2e
strategies/H011/unique_00241/README.md,bd6b98d8c29fdb9f324014c8a188e74a281ad4c7cd58b067fafabd88dafaaa97
strategies/H011/unique_00241/strategy_definition.json,4d4993639808beb4102084ed8c061ef71c562aacf881fcf7d613fd174dd99324
strategies/H011/unique_00242/daily_evidence.parquet,ca6c9895309755ee7f1d415c1b70ee376a3d286d909cb64b65f100f8fde45962
strategies/H011/unique_00242/README.md,61267a28be6eb8c88ed05447e0c24233e84e66eab3b1d432b40da03d6d37ebb5
strategies/H011/unique_00242/strategy_definition.json,f7b2d65899890dddf8497dec82e6729c89c59ffd1e502b4e310c1629aac99f1f
strategies/H011/unique_00261/daily_evidence.parquet,ed8ec3a3e904cd5ce58c83388a45a9bf1b568c8c318f0026e6e7171d5d593f21
strategies/H011/unique_00261/README.md,5464b4231f5e7ae30f510936884ee0737d390c5ab51023ef6f40be54b0d2c53a
strategies/H011/unique_00261/strategy_definition.json,577f4a9cff6ec6ddac6b6a4f90fb8c78ef9b1a32fdf6e4ba812d7bc1b29f8ef1
strategies/H011/unique_00262/daily_evidence.parquet,6c9fa7a8922a4cacac348a82ef003f253f0689f58cd0365e1e307fc6ed5be8ee
strategies/H011/unique_00262/README.md,54322a0af997aee1518006a1fafc2ba8a148b7a7f31c1e0d1962c15be3461d77
strategies/H011/unique_00262/strategy_definition.json,a9aa650a68c3f1116cd403cdd08326bb21812f3f2486151cd82930b0571b0938
strategies/H011/unique_00263/daily_evidence.parquet,994c2d234c89ce5cda88fe09e423bfd551e3d8726520b40c1f152e5132852439
strategies/H011/unique_00263/README.md,23d8f7c056fec086c72a9fc83e8a3987fbf8bbd1dbb3113605bdffdaebcb1da5
strategies/H011/unique_00263/strategy_definition.json,fb8978336ddcabe50a584edac373e35d09ba4c8f6190d6210ba37fdc99782555
strategies/H011/unique_00264/daily_evidence.parquet,dffdf55d5846a0d81df5b0407ce0f08a1713cf2abef605a413ba5a79724fe456
strategies/H011/unique_00264/README.md,0d894f595f02dc48beb854d0d494460a700393d442d1481ae6037f99da2602c7
strategies/H011/unique_00264/strategy_definition.json,4723b485ec66897abd4372cf8c7ad8a4b769535508612e2e31391eb4921c9184
strategies/H011/unique_00265/daily_evidence.parquet,e11ff54311ff9f231895abb95e9b9cf3da906dbbb0b6866e75152114dec6fe02
strategies/H011/unique_00265/README.md,05053f5914e4d45ecf8fb311395972edf197281e518270aeb18c9e24c591883f
strategies/H011/unique_00265/strategy_definition.json,b9b88c3a81b58b2fe834313e6bacb915877bd143f96ace130298998636a6e22a
strategies/H011/unique_00266/daily_evidence.parquet,49909cc893254717b7a953eefa1e2e5a5a13c4183bfec9c5992ee74e80e557f0
strategies/H011/unique_00266/README.md,df44193c8ecabd95dead674eab69151c1aff560e940ed30e7149d49c16193790
strategies/H011/unique_00266/strategy_definition.json,2483afee775f35a0d325be54cd4e120706f89f97f32f8c14aab109595c09599e
strategies/H011/unique_00267/daily_evidence.parquet,10bd8178227010a7e36a07b0f9e4cb7c6aa1b0997a6e12a8f487819a03e5c588
strategies/H011/unique_00267/README.md,e488a780612fe1f2e55b70acf81876630a1720066f84ccfd374180f1a434b820
strategies/H011/unique_00267/strategy_definition.json,aa67417e6b5b1ce5ccf8a5ea2499981c765ed803aeefba9d25a8fa93f36c91eb
strategies/H011/unique_00268/daily_evidence.parquet,8d810a85be2e30ef97f4436459194d6d5b16597a9d140e48b3997220bb931a9a
strategies/H011/unique_00268/README.md,9f0f12b56c862728da36af7f94ab0be8239343ae1c7ff9be76b406d83e6ee0fd
strategies/H011/unique_00268/strategy_definition.json,f689630ecfec546889bc45ade210dba9deea58ee9b24721c53abad3f3e9a86fc
strategies/H011/unique_00269/daily_evidence.parquet,ca6c9895309755ee7f1d415c1b70ee376a3d286d909cb64b65f100f8fde45962
strategies/H011/unique_00269/README.md,0df52f81f9f442916621515b9595c6a63eab4db604c53d5be35c6d5f8293f8e1
strategies/H011/unique_00269/strategy_definition.json,7ccc78409288def6a149ea0696e0c487421c3ebd9245e89c5004df596500bd0b
strategies/H011/unique_00288/daily_evidence.parquet,06451221760a5e200a0efd4a31ec3dbf56ac93daef38f92340aa361ae380cd44
strategies/H011/unique_00288/README.md,191cb616f4a8b657f6293d22aa5b91972d479090d3368aa390b75308a620426a
strategies/H011/unique_00288/strategy_definition.json,351a6d2e8c641b6a78b1d2b7a174a05ac81484a2b57e535eecdf402a6b83d30c
strategies/H011/unique_00289/daily_evidence.parquet,406d8e96960a29f41e4cfe6f0636972eb871136901ff1c8a6fe9fffa78d87cf5
strategies/H011/unique_00289/README.md,694cfe85ad39ba8074b9bf4bc8532182d8e706386b5e2567c39eb4f25a25efc0
strategies/H011/unique_00289/strategy_definition.json,17ce0db180a927f19e78fa984c3e06a2541f5b47aff9ca854250b7b0179b3127
strategies/H011/unique_00290/daily_evidence.parquet,4f3fd244e80f66d173a2235a15108ff25bb1ac81a1fcb80bd829a6644cc64fc2
strategies/H011/unique_00290/README.md,96acc3f71777802abed2ed753dc19b14510a0cb005985c12f14cb92c84f6239e
strategies/H011/unique_00290/strategy_definition.json,cb26323124c72fa0fa4da42eb14da504a25a4c4045bf42903926b517a16f5b88
strategies/H011/unique_00291/daily_evidence.parquet,2afb3150c01cd82a1146d37c3e09c4a35b61a852b0233c0494916aba830128e1
strategies/H011/unique_00291/README.md,d08e50e0706e2c44eb48f4dbb75a3b0b22945646e5174edd52f121401a2a6872
strategies/H011/unique_00291/strategy_definition.json,383af4cc21db9a085d139f25a02565b5f600b55fb55ec37d7daee4a29df1ed7e
strategies/H011/unique_00292/daily_evidence.parquet,f498f99df3e021d3e9466bb1ae6e56a6401fb77e7da292a78d6331e9ced390df
strategies/H011/unique_00292/README.md,dfcb2adfb92554cd164c4aee8cff6a9f47fc800e01a1c2e4b20bf1395d9a95e0
strategies/H011/unique_00292/strategy_definition.json,d5036b2683b982c0a256322fafb6be578a6b434823ff3cb8d9851f9cf1853025
strategies/H011/unique_00293/daily_evidence.parquet,20a762e2dd0e189d9be3ab3a44ec990f91311617c22d3e1ee4db0523c87723eb
strategies/H011/unique_00293/README.md,b81c08fc7248b2bf9599b4424aa6720b3d16e09454e489f618f26cb9e62c7a78
strategies/H011/unique_00293/strategy_definition.json,76b4100a4f553f7d2ae94661cb02b140282ff9bc6b1163adf0606662002e273c
strategies/H011/unique_00294/daily_evidence.parquet,12692d9f3b810f0a539606bafdfb56226d10e52f78ab230d488f2c1c874f229f
strategies/H011/unique_00294/README.md,8a0eb27eb7a26c6a682f5222e2f5712fa1deb4fca31fcfdb8d869539ea9d480b
strategies/H011/unique_00294/strategy_definition.json,426ef14c9302043493c7be49a29f318ddc584aa18c1e90c63a3e419a86826fbc
strategies/H011/unique_00295/daily_evidence.parquet,bc9248a53c74b575e18bdf72ed3c2776103416a436652d5ecaf98d7b57b760af
strategies/H011/unique_00295/README.md,ba404428800f7f3666feb28e81cd6d9bda714312049ab7677f8db6613fcb16b8
strategies/H011/unique_00295/strategy_definition.json,137b2cacf9be49e25c8f147ae0614ae5d3b7aac5e902195e92056a3a179fb06a
strategies/H011/unique_00296/daily_evidence.parquet,90328dda07fc873b3342ed8025e979cbeb826ffd916223f6742db096de40a555
strategies/H011/unique_00296/README.md,1e913659ded38cf9f0c15afcf6e1f5af664f592aa75d929d8de4af40c7f5bea3
strategies/H011/unique_00296/strategy_definition.json,6144b5317705054eb92f490758450cc9e4a3513d18d6869e0b98c5784aca7023
strategies/H011/unique_00315/daily_evidence.parquet,ad9ee63b3042712fd63921ea8f8805e4c35d44a2f3b65f4cdb060424323a8327
strategies/H011/unique_00315/README.md,0ddd2ee16b53ca31a1d7441359a49d3656a7b37ffaf66e4f1ead72f07fe3f493
strategies/H011/unique_00315/strategy_definition.json,490c0099fec9235194ca7ccba187df244bafdafcace52dcaaec835209683f5b2
strategies/H011/unique_00316/daily_evidence.parquet,4f3949989e86046bd30d8a7d86a25e1c0e070909f89673290c361d2d5d444fbc
strategies/H011/unique_00316/README.md,21d5c6ab0d56b516f922cc8679d8358dc2c105f4f46dcf9fe68231cffe485189
strategies/H011/unique_00316/strategy_definition.json,febddd62481702382ac3d62a132dd4578bab52f3de12a3e6fa49fea06f24627e
strategies/H011/unique_00317/daily_evidence.parquet,f55b64f69b525a76371145bb84cbc8ad8408b6cd8c68387e53d2ea5d0ac5a938
strategies/H011/unique_00317/README.md,c123bdc36ad65979471d32fc9d589017e3a13fef430636c8a83429e2792665cb
strategies/H011/unique_00317/strategy_definition.json,cf1386c0b3be97da2fceb6d62fdf569ecfcc8449dff0cc78ed2b83bfcb3ea057
strategies/H011/unique_00318/daily_evidence.parquet,b05aeb2a4168ce165f38e6d0e026ccb95b1556db225450d6426bd43088509713
strategies/H011/unique_00318/README.md,0d98fbb330d892162987a9a9c9671063a9dcae1b2ce093decb054309dab5d938
strategies/H011/unique_00318/strategy_definition.json,5ef2db700d87bdcce28114897115b3357da2f59ac7fb5c60fe22d9c0ed9cb703
strategies/H011/unique_00319/daily_evidence.parquet,f6143375fc3991b2db499888774867658d9daa900f4256c69aeeacc0a76115b8
strategies/H011/unique_00319/README.md,b5adb39e0289c34e14f7a8c6997f7e270a3c1f864528d08356cd2b427f8e86f6
strategies/H011/unique_00319/strategy_definition.json,bdcc7dcb36a9386e1569a1af7f2444fcc94cd7279bed541cfed3a44b25dd0d75
strategies/H011/unique_00320/daily_evidence.parquet,50987d77412b27c9663d52506deeff781cbca12cc97cd3da4b90b1f3f9f9707a
strategies/H011/unique_00320/README.md,55cc2c19e2e28210ead15e5c67e7fe2e9e922719d27507567ecbe207e5b088c0
strategies/H011/unique_00320/strategy_definition.json,bac2bf9030adfe323ae171301be0585ea00636831d556f408a28f745e312d824
strategies/H011/unique_00321/daily_evidence.parquet,f109a4cfaecd8c131cfa24f5a5856bebee4dacd996786f795794c803b9fd00e4
strategies/H011/unique_00321/README.md,65c37730e0ccca5abb29c0100c475347406bf137cd6622fd9f944a828259cfda
strategies/H011/unique_00321/strategy_definition.json,4647cb34edf13c43a66a1a104bdfa0e7fe9551b9d5e3ae2a07e7dc76cbc86ba6
strategies/H011/unique_00322/daily_evidence.parquet,b7ee6fdb306c5cbff5661cac4e89f4ad17110caf7cacc865e46811a575b31cb7
strategies/H011/unique_00322/README.md,0533032e6acf118e4f1b1d18f1919fba4dbb698b919754e50fc2f3a80efc21b3
strategies/H011/unique_00322/strategy_definition.json,bbca6ea15e7e522db4d1c124df51969b64ed45280c5f94dd926d0e9d3e4a2569
strategies/H011/unique_00323/daily_evidence.parquet,780194dc8370212e968af71f30fcb8d4f95fb8a2a49f874af63f922f86b2d5f7
strategies/H011/unique_00323/README.md,3378a2c93d93f69a5915366b0526a4b031ddbe2425c6a3ad1ed9e7ab5f62ffd9
strategies/H011/unique_00323/strategy_definition.json,eaa7d9ae958c6c98997970549a20ef005fef67879d8992ad481995d53a4c136a
strategies/H011/unique_00342/daily_evidence.parquet,adfc95037bd1c67a39f533c830136f781d4e0603a881e67bcdda7e53366bc919
strategies/H011/unique_00342/README.md,4e919a9d6bd82e11f3b65acd072e60676beb1f1e2ed3bac4f206216a465eff37
strategies/H011/unique_00342/strategy_definition.json,b176c0c72b9ea4f0ee2b4b0b9e40585b84ecbe6b8aa8ae6568715b2ca767380c
strategies/H011/unique_00343/daily_evidence.parquet,69adec9dc8363f0a732f5fc61ee59e0abfa62a2e56598c9ce1d750fac3bee0a3
strategies/H011/unique_00343/README.md,d51f625fa5f34a4a034ae9bc887ae784df21dbd08dfe919db0b3fd368b3e805e
strategies/H011/unique_00343/strategy_definition.json,283a39c48a3a48522a572494f215a74d752bb2b3d3d3d513ba735d3764f5e299
strategies/H011/unique_00344/daily_evidence.parquet,36edfda8c5ccbd4e765ade8f8727b423f7b7634e76518c0c3b6d2535cdfffdcb
strategies/H011/unique_00344/README.md,39589d60a96a4a1971f4792141f637f8af851b7570952dcdbfc5aaf33e347d51
strategies/H011/unique_00344/strategy_definition.json,7fb8e08a386c1d3afc70e2bf6e319da4538cb1d3816bc0cdd728bc7de6544477
strategies/H011/unique_00345/daily_evidence.parquet,562bafb8858bd9d6f4f2271b5747c14106ddec1f75f107e342127ccdc1a291cd
strategies/H011/unique_00345/README.md,7f000fe53106265daf2c87565c554fee70e5ddfd76160d016a045dec019057e3
strategies/H011/unique_00345/strategy_definition.json,12d1bc84ec054e7a1e437130f73880f62ed2cc07991c5bc36457b43c6963c228
strategies/H011/unique_00346/daily_evidence.parquet,6e18c2ee1a038aebe203553a61c3c6d0419534edbc5ac38c10fd35e8795d72f2
strategies/H011/unique_00346/README.md,0aff272820c0866e730483e85e684db0c993df419bb93cd076f7437c72049c83
strategies/H011/unique_00346/strategy_definition.json,3524c7bdb96dcdfe44681e334214d6171824659e5ae0f271adf71e11ceb096ea
strategies/H011/unique_00347/daily_evidence.parquet,b8c250737c3e14527248ca4ce7516cc670d064318cd8834480afa1b7794dfc68
strategies/H011/unique_00347/README.md,4837b844e2da036d40d36d49c4a70b82f7f9e033fd1b4ac038bd823632b63774
strategies/H011/unique_00347/strategy_definition.json,db49b453b7078e0bf716e433ec57bb12e17025d37cb85f446da88d045b4713f5
strategies/H011/unique_00348/daily_evidence.parquet,bff4e121225c78f4adb4af41981fa234c897ee1ce8fc7493eb7cba7a039de060
strategies/H011/unique_00348/README.md,2ddec25f3b531f4d404afa676e28faf76dd17a7b2203d2ee8768be9dddfa81a1
strategies/H011/unique_00348/strategy_definition.json,029c4ec6219f1a2c6760a3aa147357219d89a2d6ae5f110f00155b0619ea6a29
strategies/H011/unique_00349/daily_evidence.parquet,75a3ff7beadf84352519ad73ff9e00b19026643afba7755afeda67f6a73b2369
strategies/H011/unique_00349/README.md,7f5220198efc88e89f41fbfa36f23d42ba46025bf2b74d2a152d7bfcff2b66bb
strategies/H011/unique_00349/strategy_definition.json,361341ea4dd35b4cf4a2fde9a72457e0e613c13a2085f7032d3fb02f7b5cec5e
strategies/H011/unique_00350/daily_evidence.parquet,8b7398e273504329ad950ca641cc126d273776f2c2c959853d8ad01832bb175d
strategies/H011/unique_00350/README.md,849a14fd6b6f4fe6d9d2997c4c0a62cb115c19a3740a712572bb4a64d7491750
strategies/H011/unique_00350/strategy_definition.json,f2671c1cac615e68ef019e91abb9eb7056bd36e862ec553413f815e860df4ea8
strategies/H011/unique_00369/daily_evidence.parquet,b5fb5f98785661516dcc7e229cdc4a47437191849196770bf30d073bca732986
strategies/H011/unique_00369/README.md,043505221aefd56bc3c7e411ef00239c5b6f531fc63662f601a71fae0dbf46c7
strategies/H011/unique_00369/strategy_definition.json,ddf56aaeb5c45789d4a15bf834dc57e397e771e3638c13ca720613ecbee21490
strategies/H011/unique_00370/daily_evidence.parquet,004f2b060305e0b696f40b623f697ecba3b1ba540c5fd6ce7d092abb1e88ce5f
strategies/H011/unique_00370/README.md,b0e792d43a12c917ff6af9ae071e604f5de3f9552f4f342f77c0b8277993cd24
strategies/H011/unique_00370/strategy_definition.json,49ab291850a14b2caf80da546d445f0422c68b7f894a0b61b9c817d80f537cfb
strategies/H011/unique_00371/daily_evidence.parquet,6c3a86334798c83d89cb63ce13c63f7ec766fa5a3761a9d5a1f579cd51041e1c
strategies/H011/unique_00371/README.md,836fb59c0e26a337d3fd3d02ea292068d30f6170443194a08c77e52d800ee52d
strategies/H011/unique_00371/strategy_definition.json,3f3b63be5a52b5ce78c2afa8d97de7c9b0721916b2029940f454a82e6212f09b
strategies/H011/unique_00372/daily_evidence.parquet,3903c8477fc641f63eead00fe3c47e0e28045056eb07678c9aba98b1bb6d8dfc
strategies/H011/unique_00372/README.md,df5ed2850e587ee9114cdb87ff2685bf6a341df38379b5f1f72f446f8c338d42
strategies/H011/unique_00372/strategy_definition.json,51608376ac780d270d16b137c1f066c307b86cef6827a802bfc6b6398a39c612
strategies/H011/unique_00373/daily_evidence.parquet,8e6496030981ae1b3c7228ea5f26259b78f0fc0ae7067d1d3209b56ac862d691
strategies/H011/unique_00373/README.md,4db53f1f417765e68d8bcbe68a10774821265cc955068b32007ac754d25cf2e3
strategies/H011/unique_00373/strategy_definition.json,ba2d3a01aac0c884d656c3c6e97a7ee1b41eb78e67335a268e118be85afcbfe4
strategies/H011/unique_00374/daily_evidence.parquet,470c9424515382e5124d8c3855ea8682358b6120cb320ee4d8f8327da6c4f6a9
strategies/H011/unique_00374/README.md,589d7dac29c3b62030cad6d349c559f6a5a3501e8abe8b6e1e4a2ff358dd6ddc
strategies/H011/unique_00374/strategy_definition.json,9ff9607c09c09c3e42c3e408a0c7112fd2944f7d162843710f6a6e090ce04ab1
strategies/H011/unique_00375/daily_evidence.parquet,0b28c205b3043531145cd660637d6e2a9b2300c2351738460d0ccc714dd34888
strategies/H011/unique_00375/README.md,c7deb7cfcc65cbf67edf0405d8aaf01c6b793c074a316dacfb45c5d98cbef56d
strategies/H011/unique_00375/strategy_definition.json,b4216501f63bf9f56142e23430de690f3571c228ddc6ac6ed1a0689712ff217e
strategies/H011/unique_00376/daily_evidence.parquet,b0db3e74caa7d5a99b4652767dfa09cbb5c3a39072ef9aeb28d5d95ea6d62da7
strategies/H011/unique_00376/README.md,c6e2125e6fc6cad2cccdbd7b101a2a370faf10f4a37c4bff20eb1c8841f9fcd3
strategies/H011/unique_00376/strategy_definition.json,a2caa6ec4182ab300268f0241ee390dbbfb8db81a607518fbc18dc108ce01bd9
strategies/H011/unique_00377/daily_evidence.parquet,ca6c9895309755ee7f1d415c1b70ee376a3d286d909cb64b65f100f8fde45962
strategies/H011/unique_00377/README.md,469aa212bf4860c86caecf970cf45be3ee6a582cda9e0576393e27d38585d453
strategies/H011/unique_00377/strategy_definition.json,35312b7f2a8297e52d2f8944f667d4c156b8f82b353ef5380cd4f29109ac44e5
strategies/H011/unique_00396/daily_evidence.parquet,122997a2f648d79a162a900a1db094eeeb5c81bf2a822296645d2fe418887147
strategies/H011/unique_00396/README.md,ac8594b7133fc3522f81fc2f7257e78fc4495beaceb3fb76e7d2f349905484f2
strategies/H011/unique_00396/strategy_definition.json,60032a9097a2b43158385ac2be98e7adfad5599641079fe0c1575c9056e3d9ab
strategies/H011/unique_00397/daily_evidence.parquet,6f858b52a42a9599fdc64d48fd08fad8fe4d4d75111b1d9b43842819058f76a2
strategies/H011/unique_00397/README.md,279048f31a95657b448d1080361307808d189a94f6f4e85619b404a7d712b10a
strategies/H011/unique_00397/strategy_definition.json,3b91d35914b89da2be9cb68a8af2477e3c6b6121cf03a5dd14558257d068c018
strategies/H011/unique_00398/daily_evidence.parquet,f5ab4189759eb047f2fd88cf408e030539ec8b2d0ce7b22180551ca8b90723ee
strategies/H011/unique_00398/README.md,7086aca6d44dc26d264bf24f7069e310a28b0749a518bd8d3bff40a06ce1c775
strategies/H011/unique_00398/strategy_definition.json,f013e79d1805d8381d4462e2f9e2eb11694de3d39f40eddbb7804e2b80ecee65
strategies/H011/unique_00399/daily_evidence.parquet,833ec26f09097d9a1deccfba9a47a98addcf058986476bc986f4e0e5c5928000
strategies/H011/unique_00399/README.md,ce93ad90bee2a6b45569199ed330ccfb6edbeddc3683811ac58caecc60c6f423
strategies/H011/unique_00399/strategy_definition.json,c89042a0229f4b5fe23fe2e46430e4c12ee2e468605c345f35b9a7791c20d011
strategies/H011/unique_00400/daily_evidence.parquet,84c4f0f0764b059234950b78fb34f4ff8b66963c937f7255b08bff2bb3631952
strategies/H011/unique_00400/README.md,e39669d147717a8bd95773676fd311b4a517864d239dd6130e9de36ecbeeb452
strategies/H011/unique_00400/strategy_definition.json,7ab8e013d964c7d25677eaed831396b3b54284cafcf0e8025be24997a049d2af
strategies/H011/unique_00401/daily_evidence.parquet,3b1d5f5fb15be6e56fcda9ef1b0ec1e139a09cc0fe7459002d572b8f5be712ce
strategies/H011/unique_00401/README.md,50e31fb6c5cdfeb2801a53f214f1b78719a9f6f9f10700741ca3caa43cb5a3ee
strategies/H011/unique_00401/strategy_definition.json,b71871ceabe6f768d221bd8a8ebe3938362fe6c78782af1a625c0c70d4d13e68
strategies/H011/unique_00402/daily_evidence.parquet,b30cd52b5c04f32f5917f32bc83a7b68bdaa97610ed00720203688920baa9d54
strategies/H011/unique_00402/README.md,64ede4b86982f97e1699c213e9ad400cb4e5b16dfdddde2ee049265a5caebf40
strategies/H011/unique_00402/strategy_definition.json,3f11434bac692f1ecf36779f7ae1be749525c07e2bfb63c680fd7ba533df79c1
strategies/H011/unique_00403/daily_evidence.parquet,f66c5181e691ebcf075e0275af2e5597bc26e04a5d8e972bc73f3dbd66b28cd1
strategies/H011/unique_00403/README.md,347e05eda9f816b8e285fae302a357c8eb8c0349d16e1b38e0b0cdfc90e6f24f
strategies/H011/unique_00403/strategy_definition.json,e9bc83ab3a9729aef255355161d122870be608fc5b1d5d4acea3560ce52a0efc
strategies/H011/unique_00404/daily_evidence.parquet,42331fda04b1b25b77a36fc89e47d63331d5fcf46bf15d70c79974580e7ec7cf
strategies/H011/unique_00404/README.md,db0dc89530d1b239663afd30af4d671ce9f16c6970f0c050f75347d18850780f
strategies/H011/unique_00404/strategy_definition.json,2e5ee83346a936b2f3feed3bbd81cf45870b53f32ebb1dcb3f89401d49ca25c1
strategies/H011/unique_00423/daily_evidence.parquet,eb78ff98cfac153441d83a2dd5e116f732b9bfa40f6b66c2dba9a135b4ba10b5
strategies/H011/unique_00423/README.md,30b6493b4aa9bbac9b04ede75a52c381cbf97bf22de6776112503c24c0990781
strategies/H011/unique_00423/strategy_definition.json,1de8485f16e15c2ac2a897ddbffde389e05b6eb0fa3c788be1b30cdd2e3737e4
strategies/H011/unique_00424/daily_evidence.parquet,f58a20fc7e2d7ad9e5b5e4882ee273cd600886d4659ad96d71dfb7b9cbba60cb
strategies/H011/unique_00424/README.md,985b722a95ac11dff790332b251d41f2bee1355eed1b7c5109ca016218ef16b5
strategies/H011/unique_00424/strategy_definition.json,cab650b464198c0cabd6c120a82f77b058e3c66ccf1737e2ae9cc21f5a7e1cd1
strategies/H011/unique_00425/daily_evidence.parquet,a33991e040da90b3a4168157bce101394f5cc4dc26bcea453e06ac236ece57f7
strategies/H011/unique_00425/README.md,3c6f4df0baf1a34194feab89d5bfc1e3ae95bf376cb3e3c87a0a056788a90f5a
strategies/H011/unique_00425/strategy_definition.json,43312f3f228dbb7b3992817d705cf1c12153efe9d69b5d47ace068fa2647454d
strategies/H011/unique_00426/daily_evidence.parquet,34ee0328643eec56852fd1f835c9268458e3c23897c330d25b4f28ae41d261fc
strategies/H011/unique_00426/README.md,0ae86ff4d9c5cb12655d4e21752c86cf4e64115115500c2d01a0397f24f71a72
strategies/H011/unique_00426/strategy_definition.json,239a216228ae378ade6262f7249dd7ed31f8dba2b171077ab68aa6f71522eb2d
strategies/H011/unique_00427/daily_evidence.parquet,5cd6c53897c0807a1bed1adb55e1091b79e6d3de37230a2d3d4cf9b822b2839b
strategies/H011/unique_00427/README.md,6afbe2be201cd5bbeb291b3417741a9a67e27057fe3c55590d08506aa4e05ad0
strategies/H011/unique_00427/strategy_definition.json,4ecef2d7fb1dbf5e5ae421b6b80de249027615d4f6b51b56e3d84360d3d16879
strategies/H011/unique_00428/daily_evidence.parquet,b8e685242b8b636742ac438a582794287ffddc36be0b64996c48984e1d65ecd5
strategies/H011/unique_00428/README.md,34bdaa6ce2b375d885ef9c954e7053105ea655e17fa0e5889572976ca69059e0
strategies/H011/unique_00428/strategy_definition.json,eae3e8c09f3956bd598e282b43d2b46cb311976f53acd92aed0507be06433cde
strategies/H011/unique_00429/daily_evidence.parquet,2ffa8623918bce7a90f460bbb25a2aa5437bc055bf5d2ebf3e8a19673cafab8e
strategies/H011/unique_00429/README.md,5ca1fdf5d8f5fcfb7cb8e4d40db18c0a2fedbb7060152a51c9575ba297718b88
strategies/H011/unique_00429/strategy_definition.json,956d5c847478c790d1a7c0dcf2203e75581ecfc736eae65eb9c74c1b29d1a136
strategies/H011/unique_00430/daily_evidence.parquet,018f81828e86faf58912c91c9ff8f74e4b708e39ec0026b62962956f489db88c
strategies/H011/unique_00430/README.md,e5a0ed0e60ffbcf06f23503529032fcc7022f400ad6f88203a6cd441aebd3f17
strategies/H011/unique_00430/strategy_definition.json,624cd66ca64ebc60c9b4a42ecced2a581b0f5a8fd68cefdd6f14777c354f4fec
strategies/H011/unique_00431/daily_evidence.parquet,ca6c9895309755ee7f1d415c1b70ee376a3d286d909cb64b65f100f8fde45962
strategies/H011/unique_00431/README.md,8cf80d236b353e59c3cd8cdbfb5fc8a4bd119c6460a0989a4f035dbefa4a5fcf
strategies/H011/unique_00431/strategy_definition.json,ff37cc02b879f57f53ee490bac92f2929301565c0417e2f0e2ed61d495239884
strategies/H011/unique_00450/daily_evidence.parquet,6928269e7b7cc03a5977be17386ca28cdd5d5dc3f4206243ab872ea1b2036a63
strategies/H011/unique_00450/README.md,8be803d2f0f1ba1f64328d9a3319030b90a31a4d6a83dcc6355f00555154b912
strategies/H011/unique_00450/strategy_definition.json,47a52c1f517aab60c2c7c5ea21ba3d058e1549296fd3f390bed2699a1d0ec3d7
strategies/H011/unique_00451/daily_evidence.parquet,ecd92ce63576996ffd5d2ce7954cd38030f0c619c9366a9eb54ad7cc03ab51fd
strategies/H011/unique_00451/README.md,7af7128dcabcaee568761e46ca582ad3efdb2d73441b1afb44976be84512d5fe
strategies/H011/unique_00451/strategy_definition.json,05a7a97765f117b73e0ea8317f057549d2c5d086c1f307b01b30345efc02bd59
strategies/H011/unique_00452/daily_evidence.parquet,127986d2509c98a6ee6c4d96782327ec6eb88ade00c17ab2eef6a172baa2fe94
strategies/H011/unique_00452/README.md,76bcf7bf668ee4fea9fbdc12e73f9e0103af85add5e09c241a53559a73c06175
strategies/H011/unique_00452/strategy_definition.json,7b109d5e34996507ea0b116ea14ca58498931737d78373a013b0521d495c77ba
strategies/H011/unique_00453/daily_evidence.parquet,7f8d37d9a57eb24411921272d524945aa6e14817de326baec1c78cdde1776d47
strategies/H011/unique_00453/README.md,7f42c3ba7c331fc4400f5b1e8587d5d7c08a014976e06b9cb21bc0cdd4e24a5b
strategies/H011/unique_00453/strategy_definition.json,741ab69180047b24ac8f001f75a2a91a9fb73d6a74130c810e88e24cfe302255
strategies/H011/unique_00454/daily_evidence.parquet,c83c710b7b0bf61e16c5c2504b0e91c22682ce2e83317eb0ba83a3124e493751
strategies/H011/unique_00454/README.md,22c73e12b4f59faae84577b53c41e3543077a9c02a5b4a09f51b0414840564d7
strategies/H011/unique_00454/strategy_definition.json,9e5376a2d6eeb2d92dbd3ed19517e7ffb5e5a6dde2d4bc91f2ebdde36999a87d
strategies/H011/unique_00455/daily_evidence.parquet,6a98bd2a7dfe1386b1a9db20b30ded00de0015bade40d8a361d2cbd327c0ec99
strategies/H011/unique_00455/README.md,9961abd1ed8e0db642adaac7671795e5a1700d6327e4e5f5ae334d7ce8edb573
strategies/H011/unique_00455/strategy_definition.json,23d505e04891041b069fa4999796a3adca16dd5317c45d421151d06271859175
strategies/H011/unique_00456/daily_evidence.parquet,6a2fa47edebc4d0687234f7a2ff1b894e42e921c47a2a95adcdbc2137d08a7b5
strategies/H011/unique_00456/README.md,6194c5515d05d26d090ba21dbe2797e96a367fd97e0b24c1ffb577722a129d9b
strategies/H011/unique_00456/strategy_definition.json,cb6499dfb2c5797dc21544d4f3849021085a91b7378e477ed0e38c1e6d13f78a
strategies/H011/unique_00457/daily_evidence.parquet,9102113dcccca23a617899480d2c2cda450968967c46d31256869b3b53964f15
strategies/H011/unique_00457/README.md,1dd50d6d0467708ca08a1ff21645e3779509a11ec06eca415261415f96425057
strategies/H011/unique_00457/strategy_definition.json,d84bb667c914c8ba31a877f2716b3bc81b528c1f31843debd7180ee804c8f242
strategies/H011/unique_00458/daily_evidence.parquet,ca6c9895309755ee7f1d415c1b70ee376a3d286d909cb64b65f100f8fde45962
strategies/H011/unique_00458/README.md,ea364ca7ede5a7d8a71faa4af91aa7deb3e8ffa5de95218a0fbf590d30539fbd
strategies/H011/unique_00458/strategy_definition.json,a5573ad91b7437207ba4c050462eb1e0312b9e88f7d63884769aca4f9f624024
strategies/H011/unique_00477/daily_evidence.parquet,e94eaa5bc39407ba65c1530b4e9d25cf95bc8de156c42a9b96f335d728b6180f
strategies/H011/unique_00477/README.md,b3c48a510750809a25ca50413ddaf346def44188ffd43910a69fca198b4063e1
strategies/H011/unique_00477/strategy_definition.json,51c1004a964d6cdad98b8b34c61e6e3adb8901007cec115e8c5ea58b0cc1b963
strategies/H011/unique_00478/daily_evidence.parquet,08fc541ced9e9bc85315e4257b4928bed255ebd4f9c5de188a3697053ecf4967
strategies/H011/unique_00478/README.md,c2a07ed555d54aafda382497358399881347cd150c4fd6b7836e7cbd51c834e4
strategies/H011/unique_00478/strategy_definition.json,706bc605d27cccdb77e29ce84860bdd82154b2a28d58cd53e7e20774037da633
strategies/H011/unique_00479/daily_evidence.parquet,b615bdcf471329c65f421274050e0e958cd1f049233b6e449dffd57e069c09f5
strategies/H011/unique_00479/README.md,8907ef8cc5cee832e0dba206e1a7bdfa19ac374e3e48ba5b220045a9a6e4aa5d
strategies/H011/unique_00479/strategy_definition.json,1acf442c339609ca8b6e3562ce0305c0f152a11684bfc8356a44fbc7775e42cd
strategies/H011/unique_00480/daily_evidence.parquet,b04ff76d26d9efefc980c7e27e1888092cc46846c982b0fb582d59688bbc8219
strategies/H011/unique_00480/README.md,22e69149d85d772c7fc6d24876f6b8375339a357789a2c2e55b0a73b1d96770a
strategies/H011/unique_00480/strategy_definition.json,763f79eb63519ff2ce477bd18ef6d3455209b7fdf25f440cd832bb6eb07fc611
strategies/H011/unique_00481/daily_evidence.parquet,e91f9587341474027e386bd36ec443a2ea9fd2af2f48e41e78961b2da9c348ac
strategies/H011/unique_00481/README.md,6fa7bec6b95ee06f26fc398ce2b2306846ed4051e5743f4f2533c415d0f775fc
strategies/H011/unique_00481/strategy_definition.json,799708f0a9fbbd0c8eb90b220e8af33d7b21e529c412daccd47be2c1008316e3
strategies/H011/unique_00482/daily_evidence.parquet,80f8ba5081c26060a98b670ec2cd3ca828028249eb5da70a5a87b82f88c4afe3
strategies/H011/unique_00482/README.md,ff6b1eb852e62966f8d9d073e587443309274ff33357d60082a5e0719b885444
strategies/H011/unique_00482/strategy_definition.json,61de1bc7181aafb0b240bf54c87b7a2004f9c9b714eb4e0a51e1b278ee401d04
strategies/H011/unique_00483/daily_evidence.parquet,b6a3c6f0a6cc829386b97254426ed46c36051759620637bf56834ba0e6b3f664
strategies/H011/unique_00483/README.md,459d47890a316cd5eeccd3045b734b9da09abc833c48e8bafa5fec4ce5de321d
strategies/H011/unique_00483/strategy_definition.json,16b1b32016a6e820e52c06248721bf5d87b41f915301de62d45d3e86d23755fd
strategies/H011/unique_00484/daily_evidence.parquet,21fd0c7fb9b48e21b8504386ad4b0358bb3e0ba7768f6ef4b468a130bdbde4f7
strategies/H011/unique_00484/README.md,74ef7c055615714344cfe73c415043f39925f23294ccb031c04296b19d33850b
strategies/H011/unique_00484/strategy_definition.json,34587cb6deae4891b819138ae7a59eb0ad891aec3cfc82b688edbb74b460212c
strategies/H011/unique_00485/daily_evidence.parquet,ca6c9895309755ee7f1d415c1b70ee376a3d286d909cb64b65f100f8fde45962
strategies/H011/unique_00485/README.md,ea11078148058238b5c68c13a5c4b77d08c93c4c590918040006d6da1f96e40f
strategies/H011/unique_00485/strategy_definition.json,15a653682d30e08c9ac826d972fd3c813e77439ef3aabceb464ea796e4f57f22
strategies/H011/unique_00504/daily_evidence.parquet,ff10dfbc95a99f1d44359c7ed9d3260c986e762e4c930f4360405ce174152330
strategies/H011/unique_00504/README.md,48831f1b94cd0708d13efa0d90a3bc1f4408394faeb3975672d041ac28f63deb
strategies/H011/unique_00504/strategy_definition.json,d67c130287c0c3b66b57413c2b06cec6eb77db380a5a074153bdb2de367051c9
strategies/H011/unique_00505/daily_evidence.parquet,5b403d1a935a34bd22256dd4e68e6ea37293f1beed6b34fedd15b46cb8489ddf
strategies/H011/unique_00505/README.md,57dbff3400f0893964349d0a7e8f6682b2c4d9ce20fa1f9ef11d99016be574e7
strategies/H011/unique_00505/strategy_definition.json,125efa493dd8b7eea4691ac3a133cc81ee9bade0dc90ac3c57df7c58fbb391a7
strategies/H011/unique_00506/daily_evidence.parquet,8a328122c2ea2745c7efd945c991693b79f4b2d9f7da0f4ce7e61022b60a4600
strategies/H011/unique_00506/README.md,1ad08c26c1666945dbc9fcb53c287bac822bca327b91988ebd91d8757b1f1bea
strategies/H011/unique_00506/strategy_definition.json,5fd8196941a1046c45097c9ee85fcb0939088ee864eea30824239a40302bd743
strategies/H011/unique_00507/daily_evidence.parquet,178720410b00261c611976487689cc1ed3880bc6767276ddb7a6d37d91158642
strategies/H011/unique_00507/README.md,1267da7a30db7548b15000521991c3228c20d115c659d2ae6254a8968c15ce65
strategies/H011/unique_00507/strategy_definition.json,cdbbef680be4ed2d406bd822494fca5b0e6cff4c935514f013df3d4893fb9c26
strategies/H011/unique_00508/daily_evidence.parquet,78effedee138ec98b3229619ff970870ce96f5859d8c5e05d1d6f6354abb2e54
strategies/H011/unique_00508/README.md,fe140a3cdd13459a239615894aa59ba124756d812efb463e959ec9be1e70f7bd
strategies/H011/unique_00508/strategy_definition.json,c7dfecaba0414b128f3326a68e142af5949c7d68c45f996598a050ec51c03b80
strategies/H011/unique_00509/daily_evidence.parquet,3340c813c8bd01eb5911a45bebe563a78cd5accc1bfbecabb7f9a510bef1ae85
strategies/H011/unique_00509/README.md,127d478bdc6c38961ad44217b720d2e7f98f0d3ca452cfe60a02b2924df5e918
strategies/H011/unique_00509/strategy_definition.json,d1a98b527919bfd4b236fa946ad3ffa90420016ffd17f365a778f23c5a51dd4d
strategies/H011/unique_00510/daily_evidence.parquet,5e5849c2ec3d2cafc2b120ce7702afbda79a5a7a95444002efed589be2d0aa38
strategies/H011/unique_00510/README.md,2d6bc713ec59a6ed393d857cd1b416f08b7d3daa2e76500caccf68866204621f
strategies/H011/unique_00510/strategy_definition.json,62328cb9ba81c7f2759275292bebd68799ffa688ce8094b7c4e73e3b6190b936
strategies/H011/unique_00511/daily_evidence.parquet,d3de9b8ef951dd376e4e582e222f686283e53cd37443710d6770e11934b25abe
strategies/H011/unique_00511/README.md,9f87777552696da43cbbaee079fd792bd3b196fd98b7d372f11c6d3d91a283da
strategies/H011/unique_00511/strategy_definition.json,ae97f4a37b3409351b9cbd54177c6e2c3e6240b526a59cd58064296b462d1adb
strategies/H011/unique_00512/daily_evidence.parquet,ca6c9895309755ee7f1d415c1b70ee376a3d286d909cb64b65f100f8fde45962
strategies/H011/unique_00512/README.md,ba0a144b905bf23d1ff960711a9bea0ebcc40273a1934fa823c74fe16971c583
strategies/H011/unique_00512/strategy_definition.json,fb8d0d6359c045c82532cfff6b3811320c16a1e65133278ccd3e5c14a1518e87
strategies/H011/unique_00531/daily_evidence.parquet,5d5312448d4a58b86cae3fcfc6108aed91fd2e84f05450cb19dfeea334554f40
strategies/H011/unique_00531/README.md,d616ac4db21ad0e878d9f8f5fdbf5c5557b010ec59d71292332a8b7514af6505
strategies/H011/unique_00531/strategy_definition.json,25a989d39d5a6a7927afab2df92cb3e45e367733c1b8acaa7a9cae7e7e7894a4
strategies/H011/unique_00532/daily_evidence.parquet,18cd7d38114336e42bdb843920d1749c058061df859b6c774acd19343e1d575d
strategies/H011/unique_00532/README.md,57fdf2a07f26111cc89fc20059441de6f597a40324a5fafef061eb06cf33ef03
strategies/H011/unique_00532/strategy_definition.json,c318650804c52466584380e674bdb5f648c44385450dffb1c22b154e46d387a7
strategies/H011/unique_00533/daily_evidence.parquet,c43e2fc57940891f4e6a8ebc3f15d2cbd731aa43dc900428d83a4dfe30c8748d
strategies/H011/unique_00533/README.md,979ed55708d36a15fe808afea8ef31dad715d41fce2986eb993dfa788455b5ab
strategies/H011/unique_00533/strategy_definition.json,db26eb2208ce55416a91476aa28e3642816435fac1aa73a8f9bc87f22fa1a71f
strategies/H011/unique_00534/daily_evidence.parquet,ddb2f4243ce6f8eec8850fcde37ca0ab1090bc5e96fb1f7c2f99c2c1714785c8
strategies/H011/unique_00534/README.md,e71e031bb5bea0e42809347feb37644e586d7948e0362c03a98ee6576acd7712
strategies/H011/unique_00534/strategy_definition.json,b47dda951615490bdce22d7fd5b3e2aa90fcd3fe10c702bdd6a37395be0f7ab7
strategies/H011/unique_00535/daily_evidence.parquet,52a2ed0bb83d2ff02c4f38dd085a3b0489c5102471a27f2c783d6f9faf6af19d
strategies/H011/unique_00535/README.md,e6ca07f6fbbda629c117e19390fbbc41543ccb0451ed0cc2a826a96b32e92dd4
strategies/H011/unique_00535/strategy_definition.json,75b8d689e6af5b257310589a57e1411d16188034ea8a2deb1c1016f20f1a4039
strategies/H011/unique_00536/daily_evidence.parquet,f1dd2f7f5c1e9a9b0d4b00379a91452dabe189480fd6fd0ae3e1ace2d84fc42e
strategies/H011/unique_00536/README.md,391d96b440f108c5e18dbdde7d1b8541670fc86847dadd0bba0b2101911f7d25
strategies/H011/unique_00536/strategy_definition.json,8971ea8c1967dda57eabc26911e3af2d2d493eaf3884d24020ca496430f6a4b8
strategies/H011/unique_00537/daily_evidence.parquet,3fca2b49e0f24634a614f88377dfca258073b09522feaa042f136945a6925185
strategies/H011/unique_00537/README.md,960b288bd2bfe049b4767ac16b985fa5dfff19687f2a654f4227b81e7b125851
strategies/H011/unique_00537/strategy_definition.json,90c6cfc30152a36d9f28ebf7eb8ea9cd604bbb34d55466306f80178a87e22f04
strategies/H011/unique_00538/daily_evidence.parquet,23122514ff660bb594d3f907ba345585f98cb582e3fd006c4b95ea9a2faae142
strategies/H011/unique_00538/README.md,5e67a9cd80dfdb5bf058406b73b70c5c334085f0d0cd00bc5aba26877e7e192d
strategies/H011/unique_00538/strategy_definition.json,291c7a685ab4c278253a8fbdb2851640b27db22668f9ac6074d5d26169315775
strategies/H011/unique_00539/daily_evidence.parquet,ca6c9895309755ee7f1d415c1b70ee376a3d286d909cb64b65f100f8fde45962
strategies/H011/unique_00539/README.md,e6714c9adc4e858df353fcb621da6d789a5c261f724464b243fc1c6c5fe663e4
strategies/H011/unique_00539/strategy_definition.json,fc64a80dfd71eea3978aea57fad0c08d93b844b0d788d85503af8fdabfe3d0de
strategies/H011/unique_00558/daily_evidence.parquet,64e586e3eb5a106884b5fb97fc7178ac2271946f2ac6c373534739349d0fd9ac
strategies/H011/unique_00558/README.md,4c57c30f2ed729ab9eeb8817c5d0591632ad161ce32cffd9533a46ba5e34ee0b
strategies/H011/unique_00558/strategy_definition.json,83dc73a0da69e1d98b54a675f190d87e1a3abefc7d634a97ffbedb736ecb4e81
strategies/H011/unique_00559/daily_evidence.parquet,c4a689bce1dc0e5e370c2cee9cabd1b332e3c3b58781a5280e6b2b50250103a8
strategies/H011/unique_00559/README.md,997858369290af1cfac1779961190f8b00d0b7899b55f274e36012afa6370308
strategies/H011/unique_00559/strategy_definition.json,330e055e8533df6140b6edded5ed6db3630d037bcd12a2caae3e385d96d2aab2
strategies/H011/unique_00560/daily_evidence.parquet,7862176acf7814c7b37bdb2d3126ad6f19e47cc3e68faaced9e43d6674300c23
strategies/H011/unique_00560/README.md,f59dc4fd53e1386f0dd3abdc4b94b5e97063d4a86aa12cd4a8844cc0b1d64667
strategies/H011/unique_00560/strategy_definition.json,f7a8aaeab0fa0e6e0bf1de9f2e08ada16d158181aba5f4e4c9e3629658a52de2
strategies/H011/unique_00561/daily_evidence.parquet,3635d8daa037244cabaa69d2bf7762bd4e03d0886acb123de37bd726427324dc
strategies/H011/unique_00561/README.md,9c2c57cbf1487435fc1e238333b30ad0de904907d06ae3dc712c261b2177493f
strategies/H011/unique_00561/strategy_definition.json,6242d5000d25513f43396dda714024fe25ed2c95945741555592fcdcafd2d693
strategies/H011/unique_00562/daily_evidence.parquet,8a2298ec927214840f5aec96fdd8c53d88eaada5b06c7fb0ed487dfadff6cd17
strategies/H011/unique_00562/README.md,3e606177296f0d6d7e61bc1b2e8595ba367203759c16cc5e3d237f84dca5ee7d
strategies/H011/unique_00562/strategy_definition.json,9ca3f78e8911bd5ce98ae955a175a75c0379e4178ab7a848a69274a63ca8f308
strategies/H011/unique_00563/daily_evidence.parquet,5e9fab78ba34588b16737e16821f9c507885ed45ff4654fc86d9817dee5c98df
strategies/H011/unique_00563/README.md,48decb79a1beb6c4595b272f629ca4f65f744f5f4de180504e7fea9b61d8e3d5
strategies/H011/unique_00563/strategy_definition.json,8356965508ea82101f7fba6106237feafe90ae628e3157a86dae0e9f7f442705
strategies/H011/unique_00564/daily_evidence.parquet,998ec058c3c935a31bbfc3c7869757b47874e1fd13d4fb4e7ffff78bbd9ef361
strategies/H011/unique_00564/README.md,9166bca3b700dc30bea0c954232c75dfa26db783f04116b4b568b5331dde2559
strategies/H011/unique_00564/strategy_definition.json,dabf96890e493c415181117569ba52cfbeb409c121d1635174dfe9d603d86a77
strategies/H011/unique_00565/daily_evidence.parquet,4b012e39617a1121cb49682f15d90ac39dcee894ab14204cf357df3e3da48fe9
strategies/H011/unique_00565/README.md,04f8d00721c8b53103f651a375d91deb708e465c7124473e39104c774f0fb83e
strategies/H011/unique_00565/strategy_definition.json,2df3d60bff2aa6b31ab23632ab4b5cc5148a74c6217f54c240ab4cf6010e385e
strategies/H011/unique_00566/daily_evidence.parquet,ca6c9895309755ee7f1d415c1b70ee376a3d286d909cb64b65f100f8fde45962
strategies/H011/unique_00566/README.md,69f9f9dcdae3d19f8fa108f25b72072648c9fc5e19d92ef8b09c179140fbc899
strategies/H011/unique_00566/strategy_definition.json,170c9d08172e501235a3b6921893b19237c7e6fc201acf8c5a627441a7389bc4
strategies/H011/unique_00585/daily_evidence.parquet,ae05f94614946f9f47603f3375be073226edb195c76d17b4e1490385ecd9c8a6
strategies/H011/unique_00585/README.md,8f6e73b3dc138e9ef1d079bf6f93465baa2acec2209cf7acfabb71e905462efd
strategies/H011/unique_00585/strategy_definition.json,e1627e08a8dddbfd9459e14532983c55d5420157332087dcf1547e263c62de38
strategies/H011/unique_00586/daily_evidence.parquet,d88a1989b7cc1b52c44d16e8d692850e8c04b5667414a7322ea901bd80bab0af
strategies/H011/unique_00586/README.md,71edffba0f9812a838360b4992957d7aecb487a47d98fbabe8507520e63fcab8
strategies/H011/unique_00586/strategy_definition.json,b94db7b629727503fc8230f79830824ee6a59b236af6eeff262dd15e55c3b66e
strategies/H011/unique_00587/daily_evidence.parquet,bc688b42c4720992e509d49f9e950e750e215fae1d7622189297b5e8c3d0af14
strategies/H011/unique_00587/README.md,5d84a881499d7b7eb44153a22798a0985ebec7799fa6edf22d759f694ca2b8bf
strategies/H011/unique_00587/strategy_definition.json,87a9c8b6b6ca5b8601176f70d60994c8c8f3b287a63380c2d48b9a6853dbe8ab
strategies/H011/unique_00588/daily_evidence.parquet,319c9007fefbcce0481614287dfabeab746ccbec0d7ae0e1e334a53800225fb4
strategies/H011/unique_00588/README.md,65130a9a259bc734038d80c945427379e909fad12d0112ac6a7a67452959917e
strategies/H011/unique_00588/strategy_definition.json,7e884077ff1c73539018d50661a6f348ed1a025d3443f173105564ba74f082c0
strategies/H011/unique_00589/daily_evidence.parquet,76f70a10e47f107980749f26071e3635bfd173f52379019a299d41da8f2b4b1f
strategies/H011/unique_00589/README.md,824c7ee9d870fae04df59f9c932c3b15361d10647c4d207d7ce3ca95c58c311d
strategies/H011/unique_00589/strategy_definition.json,7b53b0a98bc6fa2cbe916f91771f9bda72c27d4237510ca0d62acec81f38953d
strategies/H011/unique_00590/daily_evidence.parquet,34e4e7d68f01f0b4a73a59e4b6fb34c35154852a4fbe46d5d6a522f45d45362c
strategies/H011/unique_00590/README.md,7b3dfc41df1cc59151b0d46bad02d251c684112cd93835b76e3c37eb606bf7b2
strategies/H011/unique_00590/strategy_definition.json,513e21ba1f9d47b0d9323a4028a003072dbc226baeb6a86217dee1959ec15307
strategies/H011/unique_00591/daily_evidence.parquet,bc0ed70de4b8c893ea3fb6c87ed001997aa972be2de3a02c264aed91cef1bd82
strategies/H011/unique_00591/README.md,111599d4e2b5634ae029b99a1504a7b16b7c09492d70dced44c81a553c199c43
strategies/H011/unique_00591/strategy_definition.json,96860fd8a4ddb546cf6be67c28a51e8ec2fda6b2fd36fe7e5dd2a86c422873a1
strategies/H011/unique_00592/daily_evidence.parquet,628a41d56f90711236055522a556b211a35aaea5b25617b8dd35603377279320
strategies/H011/unique_00592/README.md,f248be5810570a36278e9beb5770fca55a8e7c1d5e98ce83460c5dcb60e0eeed
strategies/H011/unique_00592/strategy_definition.json,1cfc22ac1b61404c6a7ab38ba60c376e0113610271659f113470ac0b6a7d1240
strategies/H011/unique_00593/daily_evidence.parquet,e287e97972bf50b64517ea1394bee3c575b01e0d0d9c33aec96b4dfbb7de911f
strategies/H011/unique_00593/README.md,e0302ba7996291ce292035047d5a23cb533e8826114ffb9a39216e9c28a1fae8
strategies/H011/unique_00593/strategy_definition.json,f862caf29ee7e90d5f9aa2b58a6f730683d41c547f96241cdedb8a1c31128aca
strategies/H011/unique_00612/daily_evidence.parquet,72aee5bffd5f723009628ff2a3409c675cf05ee0891caabffb07e35a054fb0cd
strategies/H011/unique_00612/README.md,05fd281dd84a2e8239eb9bdbab95d795cd133f203a2bcc819881ca36a807d829
strategies/H011/unique_00612/strategy_definition.json,1c17c77743cf61d345342a5d4d912599c405efcc2c0ce084d4b444092a047675
strategies/H011/unique_00613/daily_evidence.parquet,9df2d554979ade31f72592329eddb7a6e7d1f66289a625a321e417a622413b01
strategies/H011/unique_00613/README.md,bc4318994a73efe2556b41be2f69bdafa091d69c9c876f2477c16e5605993644
strategies/H011/unique_00613/strategy_definition.json,8d918d35a477e4d5febdf57863a06413fe0c5c5de222613f06034f1e04e74c0e
strategies/H011/unique_00614/daily_evidence.parquet,4ba43c4597077cdeed25b8aac220d3f8f7a119a28d786a8323a17c2e08301fbc
strategies/H011/unique_00614/README.md,d54ed3cf651b76742e079ed086a487d98d45bc291e010c28aca2c1cb4053e004
strategies/H011/unique_00614/strategy_definition.json,51026efa0026b59ed4a171a460e8e81b883e825e45c9cb00c1d744386278087f
strategies/H011/unique_00615/daily_evidence.parquet,77411c0c6676614be1b2fa6d78e849e1c5d702792b95efb9d08be79292276a06
strategies/H011/unique_00615/README.md,5f169067770256823489b39ce9c951e13b7f8268198a06ee2af14cb6d12ce055
strategies/H011/unique_00615/strategy_definition.json,20b73e091d3b9e636a21e132b4ad5651b9c813366e3ceb2654c7920de803f01f
strategies/H011/unique_00616/daily_evidence.parquet,4d47bc50d00f2a253be7eeee9281eb9abf4519a1a71262fa3ed299f5291cf268
strategies/H011/unique_00616/README.md,15bd80cc7e4afe94675165d980ddfe501d82156935048e7e7b09073fd485c749
strategies/H011/unique_00616/strategy_definition.json,ff60be56de3888ed28ad272109e3d9276761874aaccff0467ba520d32911628b
strategies/H011/unique_00617/daily_evidence.parquet,bfdeb015711e8c048e9a6ec0d955df4effe185d24db0136620ca999477ded472
strategies/H011/unique_00617/README.md,369fd30d0e9d7f0eb70312b523c5dc5d8de26fd4e7a22f86eeeaff7ce7978e8b
strategies/H011/unique_00617/strategy_definition.json,06038dabc6040b37e60071e300b187d7ab9489e59010948ee80ad636d4e14451
strategies/H011/unique_00618/daily_evidence.parquet,2094c0bdb6891dfe297680d715a4fecbea42712a2f97af6a2e6473ed0a933404
strategies/H011/unique_00618/README.md,229c2bdd54faf0d3134db19a650272db530aa9960954a693efa01e75eaa51260
strategies/H011/unique_00618/strategy_definition.json,3045555fe69c4324d50840855b4437e32e5b1bc66bbec4f4f1a365bf6b4449b0
strategies/H011/unique_00619/daily_evidence.parquet,b503a17be69beca5a988814d9119a946eebab325ca4dd0a119a68fd32013e293
strategies/H011/unique_00619/README.md,212863bf9c4e04e65ab81ec012c4f7c3928c8b5ca92b5bebb83302a45ab526ac
strategies/H011/unique_00619/strategy_definition.json,cca00c94fc3c30a7fcae420c0823464bf0e881eef784b56b3bcb8059ec59201e
strategies/H011/unique_00620/daily_evidence.parquet,ca6c9895309755ee7f1d415c1b70ee376a3d286d909cb64b65f100f8fde45962
strategies/H011/unique_00620/README.md,b7d3e4595f2819d80a8a8541e803f11b424e199b20acc3affb38f64a8a28e079
strategies/H011/unique_00620/strategy_definition.json,6c1d3074f0462e259121cdefbabd259724d0446fa2d3a5a9754d4cffe44dd4ff
strategies/H011/unique_00639/daily_evidence.parquet,77f1d9d325cf3378c0d4a7c52178966a110e295f21e98137fe85ffef7122ca84
strategies/H011/unique_00639/README.md,8669b39556c913e59376c6b91c23d56ba10b834f0ae029d802c1d6ba71640448
strategies/H011/unique_00639/strategy_definition.json,7161fc71cddabf3202006e30012ef8165c1ed64d45425088fbe8b2b46aeb4fd7
strategies/H011/unique_00640/daily_evidence.parquet,bc3cfa2225439fd5c7088cf6d4558655118c8b45a17e9ab9f32eaaf8ca26223d
strategies/H011/unique_00640/README.md,526d4799bda794976cff7304dabd298ac204ce5ef5dc375f3d0dbd2514f0f291
strategies/H011/unique_00640/strategy_definition.json,f78d11b2e6dc237c2559469e628172444631551491dae3d5a34eef54e14be9f7
strategies/H011/unique_00641/daily_evidence.parquet,ebbe603330b453d927e65a9f5c0acbcf6d13bd7f25384d99ef13f92989210a8d
strategies/H011/unique_00641/README.md,de63563e32e89968b1f53205852962d535b41e4c4024107514e5f0e5f0c6c789
strategies/H011/unique_00641/strategy_definition.json,d029568adc05450639d89f8e08da29d5d81065943dbc132caa5e6c799af5760f
strategies/H011/unique_00642/daily_evidence.parquet,97e35caa38669b6eeabebee4c7a56402505df8f1ef6da2ce7b79ec315b71ac03
strategies/H011/unique_00642/README.md,9d3ef469637303deadc86558e047824a5475769eff2391d54e89aad5c4990229
strategies/H011/unique_00642/strategy_definition.json,08bdc461dbe17e8bfd650e782fdfdd584dfbe0a80fa7824ac0ea74c96c6d1e5c
strategies/H011/unique_00643/daily_evidence.parquet,95c318b35cdaebf82dc37089a4a63b790fc3d18c5ba121ba1f8e1c687ce21b4a
strategies/H011/unique_00643/README.md,2860b9ceb0d51aa44b060b38ed5382c4c3ec3301f2c1ff2ee0b952743a0d9c55
strategies/H011/unique_00643/strategy_definition.json,3d15061b01487d290769f72d1a213285568bee2f9e7c5ee667c9e3fd69450408
strategies/H011/unique_00644/daily_evidence.parquet,b7b7c54bfc20a66e0c1ea48eba25bdb542697cff7da3332dd15c1c5ab9a8233b
strategies/H011/unique_00644/README.md,3abb5375678049c3d3bbef3c11fa1a4be8fa4a89ac8a267a31e25218934d714e
strategies/H011/unique_00644/strategy_definition.json,75325dc388dc6b164bb9f35b48b374e5a9f5309df2b0c7eb6e47d59365e5dce9
strategies/H011/unique_00645/daily_evidence.parquet,683387a09248949c568c344d785d6aa59360b0db859411b14dfc2ba249c939d1
strategies/H011/unique_00645/README.md,e83a26e27f4badfb810824261971553e01ae1459d24d90bf43bb6ec7f9afe1fd
strategies/H011/unique_00645/strategy_definition.json,4fc05ff25b7fabaa244d57e2662cd02afff96a66ea725b5a8198213f121f0d28
strategies/H011/unique_00646/daily_evidence.parquet,ca6c9895309755ee7f1d415c1b70ee376a3d286d909cb64b65f100f8fde45962
strategies/H011/unique_00646/README.md,fe891edbe7f463484b1f89e03ac4bf7f6b06863079cea11799ec757709e8b4e8
strategies/H011/unique_00646/strategy_definition.json,c29defc606f880a5371f29679f333afe1270f52f3b25987752ef906aed4163a2
strategies/H011/unique_00647/daily_evidence.parquet,ca6c9895309755ee7f1d415c1b70ee376a3d286d909cb64b65f100f8fde45962
strategies/H011/unique_00647/README.md,1f40f5d0b00095755db9a8baa7d8de8fb356e673c3b63299c2dac0f34a3f33e1
strategies/H011/unique_00647/strategy_definition.json,f5069219b1d329a9e3cacbb7f1188a54ca78fe4f4b46b9fc1c245dc004c14077
strategies/H011/unique_00666/daily_evidence.parquet,68a757d6ffdb6fcc2bd55695a5d0cba61efd0e305ce3558a0b624737878ce5b0
strategies/H011/unique_00666/README.md,9fb8ed681ec66402ffcded6eca3e021cd352469e919a743320318833869aece8
strategies/H011/unique_00666/strategy_definition.json,5c2a05effa14373482ae3e1c5c8b1fc670fd84b44a3b9c7baa5bd23d67760b11
strategies/H011/unique_00667/daily_evidence.parquet,3ee9014dd20bac14a856540e30d777273d6b054876e2308b5b4d5f03dc806912
strategies/H011/unique_00667/README.md,9de78d1cb870db7c1e353a4ed65e6e67d114b643e54670100bd666e3e288202d
strategies/H011/unique_00667/strategy_definition.json,615d96404b02c7499f6e838f7df356204328d9105766a3df1ea87f212de5a782
strategies/H011/unique_00668/daily_evidence.parquet,e0e2ffbd47535f64e232233bfb14d67fbdd3ac5be27c10fe239090f1bcea6ac7
strategies/H011/unique_00668/README.md,43b166410c555614be63097819de58a29738a6c3f6fe98dfeab0b61ecd699279
strategies/H011/unique_00668/strategy_definition.json,1ee5d92f83803967a006393c924372fd0944433956ee3084bf9860a1fa77ce29
strategies/H011/unique_00669/daily_evidence.parquet,1f4c277e8a5ae8c86b19b6abd105d8a84b2e7bf62a23ce8349117db2738017d1
strategies/H011/unique_00669/README.md,e73da8f31dabc6f9f0548240561666502a4d15fb9039f04490a824afd0bb7d83
strategies/H011/unique_00669/strategy_definition.json,965ea7ac0429b481d452d82aca51bdfcd4ed8bfc45bedc250ab79c525dbb2eb9
strategies/H011/unique_00670/daily_evidence.parquet,16b879703f252c1cc3d50dbeaf989ca0ccf4c5b93be1ed2c382fe17464ac1098
strategies/H011/unique_00670/README.md,18d8365af9513b8cabd5341d86230083261371be5c5874d669c61d02cf0ff616
strategies/H011/unique_00670/strategy_definition.json,b221dccf3a9216cd1245f2f3bab2697be7581ed2d2e72c45de1a7635e067fd44
strategies/H011/unique_00671/daily_evidence.parquet,1e424aa15f044ab64f1c13acc7c8ebaa9816d77ca1d29bf2d25ef346d016a635
strategies/H011/unique_00671/README.md,d3697a582dee545ae81463c6499b24f4ea8cb8af60af49e427dceb5e62d16a20
strategies/H011/unique_00671/strategy_definition.json,c7c4eebdb6f95e26241e727fa1a2bcd09da7e846655a9da8433befb989ab9ac0
strategies/H011/unique_00672/daily_evidence.parquet,ccf424924b1e80b80950b296a75eb6abea0dd3a4838785a14b0d1f50db825939
strategies/H011/unique_00672/README.md,090b4eaf3493192ba9762ebaa28207ebe535b1f744a6d2b263f48e75001fe881
strategies/H011/unique_00672/strategy_definition.json,d318daf5d317d9fcc48cfb13dc3c004ec725139f4fb012c72b25758a553c7f48
strategies/H011/unique_00673/daily_evidence.parquet,d21866f704a51b567cd7cdc894de9b6b6b159a1c6fd2ad3bc70f2ed7a86e12b4
strategies/H011/unique_00673/README.md,4a1e94792c6fd9f3283d02b01e19f38f5a81ff727ee1aec74a7d66fa072cd658
strategies/H011/unique_00673/strategy_definition.json,8cb7d5909a8eaa0c3880dd03f3c0f210d9213b55d7ff93e38091db4c5f9a41d1
strategies/H011/unique_00674/daily_evidence.parquet,ca6c9895309755ee7f1d415c1b70ee376a3d286d909cb64b65f100f8fde45962
strategies/H011/unique_00674/README.md,9f408071dcaa729d6fa2462362fc473b0884e620e6c4f80d0d56c3435ca67315
strategies/H011/unique_00674/strategy_definition.json,ed9e32210e250f4e2efe10eece6b75fb5edfc76980859487a8b95e31a67fafcd
strategies/H011/unique_00693/daily_evidence.parquet,f0fa555ae160e136813f997f99b0992d2ae500b673f5ce980b5217dbf6d06728
strategies/H011/unique_00693/README.md,f9f42d8c5484cda47385bbad8338ddbe4e22c0cbf057e10ac08452d50cc24d02
strategies/H011/unique_00693/strategy_definition.json,5b08601bf26475c3669c8c895126988447915ae0b0c5d7330ea96d4e1223ce14
strategies/H011/unique_00694/daily_evidence.parquet,a12009f6b005385ff79740a3c87e693acd7301efe783b2fbb54b2b13282ee06d
strategies/H011/unique_00694/README.md,4d82f591e4d605337871b89ce44ef1589414bc3940d799121ec4ad38700fe905
strategies/H011/unique_00694/strategy_definition.json,7940b8230c9f332fde3333bd7b7f830dda5b868fdfd54565ac43b3bb9b83d712
strategies/H011/unique_00695/daily_evidence.parquet,060c3cf0bef7d5bf1d9b3fc6ebdc804083f75a69ef7d7cc04f1a40de740a5b1f
strategies/H011/unique_00695/README.md,45d5834676d65e1beb905141b5a48df9b2b5f62d1cbfec9126208687b7707ee6
strategies/H011/unique_00695/strategy_definition.json,a6f0d2072afd83518453b8a72e47454568b262dce95d240e3aeeed9597523535
strategies/H011/unique_00696/daily_evidence.parquet,da87f3497518f99f4c2e57e6e7424d8f6381bc6ecf65b1257377c5073efcc489
strategies/H011/unique_00696/README.md,cd834193dcdd89de3bfafc4b212efc14ce997ff80ff2f6283b4404e439c9ca88
strategies/H011/unique_00696/strategy_definition.json,1182342b71f36fc87e483df9bea4de25ffb51eccb4796a3eab349536b9efd369
strategies/H011/unique_00697/daily_evidence.parquet,68b9c866fcd233df8ea6a498a53f94bccf5c387270e15236ce5d2b41c90a0619
strategies/H011/unique_00697/README.md,0022a3ab5fdf1949fcf6f8448d8f3425fea4a7e4c753b0ade0f439b2cf485adc
strategies/H011/unique_00697/strategy_definition.json,07376cfcb4eddef4db6c882ea6abe2c1876aeb4c084a26451581066a99e56e14
strategies/H011/unique_00698/daily_evidence.parquet,992ced119a85905a64f25632233a5c776cc71a69352cd4407c5e1f5a23fc087a
strategies/H011/unique_00698/README.md,0d2904b62671ef2c86f08fe81a853aaf6c67b968978493039fe9bf2d68629bc0
strategies/H011/unique_00698/strategy_definition.json,955c98aaafb4b6aaed85c41eb19b5c9b3468d1df6b4bd93a922b7a3d79fd2223
strategies/H011/unique_00699/daily_evidence.parquet,4912112e35a0a3ff259ca4703452b1fe8a6b21a97f1fa38ef97fcbd130274526
strategies/H011/unique_00699/README.md,a33c6a1ec4125c96d7f3e88635ec9ac152074b0ce70419e1d19033b8af7e057f
strategies/H011/unique_00699/strategy_definition.json,3053f3691b67cb11dcf1273b58c8cc4b128a8ef0829248bb08add179b8f0b744
strategies/H011/unique_00700/daily_evidence.parquet,6ac56aa4a347d595af611988006ff75f8b8a383141c3c303b5adc011b6e28ef7
strategies/H011/unique_00700/README.md,6295539250ddb36576301e08dcbd6b573204b0cfb169426833b9d7070b8d821c
strategies/H011/unique_00700/strategy_definition.json,f1c8bfef18766e9610ea3305193afcb711766af29c6ea193d98d03b00269db73
strategies/H011/unique_00701/daily_evidence.parquet,ca6c9895309755ee7f1d415c1b70ee376a3d286d909cb64b65f100f8fde45962
strategies/H011/unique_00701/README.md,45c0ad7d73377ad9780dcc9453111ee44f6efd064bb2b6c8bd1cf09641b29d10
strategies/H011/unique_00701/strategy_definition.json,c5d1374b551a10101f8bf40e57ee37c67788f5ccc5d5f6877b90d276655cc18c
strategies/H011/unique_00720/daily_evidence.parquet,20735f7ce890874afea5e704ad298c4a39c9c15eee324ba23fd9b980dc5573d4
strategies/H011/unique_00720/README.md,b699399d5f453afc4fbbe6902ebdf8486d5ec8a24bb5455bd648e3d8ba610468
strategies/H011/unique_00720/strategy_definition.json,e903c5cb08ef86d8c041bb680aaa7e95789ed4c11fa4823539027ca9871cb95d
strategies/H011/unique_00721/daily_evidence.parquet,7c15c040488f01d270bc7eb9bab07159929136ed2d56bcc6d0e6edeec5456365
strategies/H011/unique_00721/README.md,88c7b00ad10a33e734f9ec1cfbb352205fc9c2ed7d358901ccaeb1d07e998f2f
strategies/H011/unique_00721/strategy_definition.json,ae284668c19f8a89f633b9f1373e221282ad9f875b2524841e680cd741759982
strategies/H011/unique_00722/daily_evidence.parquet,e4aeda2a81c8550a1844d4e864fcf5aeda8a35c338e7288ddbe7876ed3eb194c
strategies/H011/unique_00722/README.md,3d4ec1b0509b192f7370fe25e7d2a8184deefb56d7e88b36d50167553bfee16c
strategies/H011/unique_00722/strategy_definition.json,991b666aa9f543ada8efadabb8bd4a2386c195ad65c323ee566956dea5ded103
strategies/H011/unique_00723/daily_evidence.parquet,ac567baf53709ebec18100bc8af2e5b4702f75627ea13a687f8a8e9c8fc4a748
strategies/H011/unique_00723/README.md,0bea5f2528c27c408864ccc5e6f02989788db401f50281a7915f1daf9d15870b
strategies/H011/unique_00723/strategy_definition.json,7f4f026b47dc109bbf52d86389c51c8071c93d032bf9ddef0621cd1748a9938a
strategies/H011/unique_00724/daily_evidence.parquet,58711496db6d2d1b3caaf0bf4741f9aae7e962c04e885bf0246c3865fc6efff9
strategies/H011/unique_00724/README.md,5d8f420d878d033a545db4cf951c8f28f5aa1dd26eb6c32d75bfe30edc680b31
strategies/H011/unique_00724/strategy_definition.json,87ee08ef882f2fcae02e4383c7ce0626182cf795599eea17508da28332a6f1f5
strategies/H011/unique_00725/daily_evidence.parquet,ca6c9895309755ee7f1d415c1b70ee376a3d286d909cb64b65f100f8fde45962
strategies/H011/unique_00725/README.md,3ea145722e8c79004fe081f47b511dd5652b456ea0ce24d450f8f9a193c9b700
strategies/H011/unique_00725/strategy_definition.json,b0ad218c37af0b50bbadc5b9e08ef587af4673659d47ecee441331407f39b92d
strategies/H011/unique_00726/daily_evidence.parquet,f34e92e16f2fac338684cf9b84ac13d5343b2a889e9ad63f2be5b6d6ae4b9f45
strategies/H011/unique_00726/README.md,b605fff9283c0185a20a3f5e2a7bb305c6b747a424968c0e87fbc4dc181102db
strategies/H011/unique_00726/strategy_definition.json,d8912c15785f47141a8eebb2e248cdfb24c93517082d08832ebd301f8687ec03
strategies/H011/unique_00727/daily_evidence.parquet,41b1fc257d422289b9b3a62eb449e11205b6c3acc74b9694a30b89b673fb3364
strategies/H011/unique_00727/README.md,2fe91974f203c9859bad557a1911fe76e6e7d1c9f27d10666525966fca5b80a2
strategies/H011/unique_00727/strategy_definition.json,1c6096199afad149742f0b42c2be06c30e90827da6d68ced665189c945171095
strategies/H011/unique_00728/daily_evidence.parquet,ca6c9895309755ee7f1d415c1b70ee376a3d286d909cb64b65f100f8fde45962
strategies/H011/unique_00728/README.md,ddfa144f915b987e61740529032cec1589a8228a611127ddf4229111fc9568b4
strategies/H011/unique_00728/strategy_definition.json,d4cc0b2289004a19bc3a74a592e8ef9666c122445e6926af244a3fe992b91d8e
strategies/H011/unique_00747/daily_evidence.parquet,f7dee8c6db023443fa6d339dc6ee47a6982ba2ca960d16901c89ff5ea2a77f4b
strategies/H011/unique_00747/README.md,d18eb0ebea45a64ade7e8ef647f709bfa220ea96fb789de71dde8694237004ea
strategies/H011/unique_00747/strategy_definition.json,c829cd97ce242c3b0c9195067a0f07a29636c0264e6fe8f14871d1a1880eeb4d
strategies/H011/unique_00748/daily_evidence.parquet,cd87763632cdf5fbd09eefd05c7874948007b6fe5f19b07ed9eed52685f817bf
strategies/H011/unique_00748/README.md,db4bb218ae25a44aac959b046836932670a143a21194c9a75d681cd7d0c6a71d
strategies/H011/unique_00748/strategy_definition.json,049f3570aabf24782683d710d9d61e57d1870dad94d91c0e6622c37f04c70b03
strategies/H011/unique_00749/daily_evidence.parquet,ef6f3d94c4ca2c098dc142a706cb98f914368027c0a50d0d157e26c603f48ea3
strategies/H011/unique_00749/README.md,82601be45c71444a158ab15c4818a892b670cd3ede9747f0dcce09cd3595bd0b
strategies/H011/unique_00749/strategy_definition.json,bf8fe860f9e4850196818fafb6224023b6f7f2a42d1bd9687d97808efc1044c9
strategies/H011/unique_00750/daily_evidence.parquet,0cfa51a299e64c4d259e5e4788ebbc74ba6e1c16425c968a9c001d39a4e29a12
strategies/H011/unique_00750/README.md,9e6384dbbbb498b9752210fdccdb969086d7fec6411ef44cb89da2b3650c9716
strategies/H011/unique_00750/strategy_definition.json,a4d1d49b7a8065764c78ff0dc852784d4e1da601f2aa64e22ef4a3f0256245d3
strategies/H011/unique_00751/daily_evidence.parquet,9b64b62e98a33025c038b143029ad629bf565a50b0b4dd8a6d7b8a7f62a8d917
strategies/H011/unique_00751/README.md,ae5b99796a32fb8b43be6f2edb48e2cc58a0690545b1e8ef2cebcc2d18d225f2
strategies/H011/unique_00751/strategy_definition.json,174de5eb69e68afae73aaca1360ec2341cfbcbed26c31883beb1b5aa6006585b
strategies/H011/unique_00752/daily_evidence.parquet,eede7c743c3dc19d51a6830d76458b4ca7e72cea1c97a85d734b2ccb128be591
strategies/H011/unique_00752/README.md,f1b0e9feb7f79e0ba2f4868368408d65d4323a5624a7a03190391a44d3d41d7c
strategies/H011/unique_00752/strategy_definition.json,c7895883aae08b86f2b849dd286597c53aa96df9b22978e5974ec61a4e171ea4
strategies/H011/unique_00753/daily_evidence.parquet,555454431d83d8984802570883fb6117a9def07f06c44ac38ee15c332f173d3f
strategies/H011/unique_00753/README.md,2725d48b446890adb3b849c0809c5453150cf83d1dbfd9b4ead6a5fcbc4a2bd2
strategies/H011/unique_00753/strategy_definition.json,d5a907273d59403d39845b4f29ff32816a08193a3506c4bcd6cd231f284cb426
strategies/H011/unique_00754/daily_evidence.parquet,5f489f10e1f2f67b9ae3e8cb27896319dc034e71a39003c1c45a01ed5b5bc2fa
strategies/H011/unique_00754/README.md,af88542fc9595a8b1cf09e645e51a2518974c9aab0858b00661b940460ed0461
strategies/H011/unique_00754/strategy_definition.json,2b9d23935c75711d6bb9f0bae4829a11a27c51896edefc2fcc066fc05b727f59
strategies/H011/unique_00755/daily_evidence.parquet,ca6c9895309755ee7f1d415c1b70ee376a3d286d909cb64b65f100f8fde45962
strategies/H011/unique_00755/README.md,20619a4f92e1909a6917a6df73c91cd800ac042f1d2b22615a8b7cdf29819e3a
strategies/H011/unique_00755/strategy_definition.json,648b276868a5d7ea7e1e7b73ce8e0fedbe76101d5758d571bb12ac5995465810
strategies/H011/unique_00774/daily_evidence.parquet,b34282fc590a345fdb25514b20738db0830ed7fd34ac74aded9e5f81e4e3251b
strategies/H011/unique_00774/README.md,174423dd9c93c9011d7b772160feaa2320ed191275e2a6e6b809f687e6c5b9e6
strategies/H011/unique_00774/strategy_definition.json,8f421b4fe1d79931106c0cd59c5eeff02e4dd7787c2ae51d94be4ce276daeaec
strategies/H011/unique_00775/daily_evidence.parquet,78e57c1f6a46c2010a33519e14cfda6f09f3ab0d262dbacbf6acc6d33da08b10
strategies/H011/unique_00775/README.md,54a04cce97bc1489a8e84eacbfeec57f9e97af5ef3e7e12ca5166b3f4f22deb9
strategies/H011/unique_00775/strategy_definition.json,7b40ec7ac215766900183ecff90c2db71528b767bd8d49d7cc08fe5ec1d9621b
strategies/H011/unique_00776/daily_evidence.parquet,a8fcbc0013cb80104e5cb365dd29bab46fd04996ad857c170406221cafa6f9ff
strategies/H011/unique_00776/README.md,6af4b517c898ecdf981653ff03218fba1c654a1bf805c170895fec87b112d19f
strategies/H011/unique_00776/strategy_definition.json,3e5a5d65f998e52dc05f47d2694320beccd4404500305769b9511025f2bfb215
strategies/H011/unique_00777/daily_evidence.parquet,341f46367a7998f9d9511ade4d2559e551f71a178103d45711507475d8668613
strategies/H011/unique_00777/README.md,c6ec64eed32c32f5d28bc5ec558546326538fc6b495b4154ff96b9e9c443ffb6
strategies/H011/unique_00777/strategy_definition.json,6e0c5ee3f060041fe410b6ef61ce8e5a16209d3e2221e2adcbca2c214909e08a
strategies/H011/unique_00778/daily_evidence.parquet,014b978aa59af77b81f74e4ef118ba6f24ab616cfe3390efe17738e6849f4c9b
strategies/H011/unique_00778/README.md,31746804b8afa1cfcd7abf2f1cd202e7e63bdd6e8cd90384b772e1db3e983d4e
strategies/H011/unique_00778/strategy_definition.json,dcd18b677beebed9849f4da2c17973c4dab57053f1fa4abac61ee1c8087ebf08
strategies/H011/unique_00779/daily_evidence.parquet,574b5e91151c955e4d22a4cdee04f2e0224401b837306f30c260e384f006ae2f
strategies/H011/unique_00779/README.md,6a73cbffea3bcb639609a5c638cc577f1ec6c40f0191f76893844e98c25056fa
strategies/H011/unique_00779/strategy_definition.json,826fc925b0de67be58b31ba18c3ec39a3cb711bede1da5a1ed7001b9591ceca8
strategies/H011/unique_00780/daily_evidence.parquet,5ab7cd05103aec1c489aa6266d1dedece07a4a418aa149c6ef5f8343f39f5ec0
strategies/H011/unique_00780/README.md,03f8a27bc19309136589dc333300cad0c402006a47f1eb14c23f49814ed25121
strategies/H011/unique_00780/strategy_definition.json,ed9906204000c7c42c7ad1cd6ea33c68491ac5ccef2232e855720375fbe689e0
strategies/H011/unique_00781/daily_evidence.parquet,ca6c9895309755ee7f1d415c1b70ee376a3d286d909cb64b65f100f8fde45962
strategies/H011/unique_00781/README.md,50ca708eb05ada525cb6ea3607dae4716845b782375dd5498900f9bfc26e2a68
strategies/H011/unique_00781/strategy_definition.json,24e4b2c3f6fa9444257d72274e288c6b7ca15c1502bf2b0dd2bcaf441e28fbd0
strategies/H011/unique_00782/daily_evidence.parquet,ca6c9895309755ee7f1d415c1b70ee376a3d286d909cb64b65f100f8fde45962
strategies/H011/unique_00782/README.md,d781d6118f4f8ec7baf3f08c0c94526148c6cf9db9e6e752ebf197bf0f6ca056
strategies/H011/unique_00782/strategy_definition.json,9339f4fb7b63601870c6895f8e423e261651a121d44e01bcc7751222949840cf
strategies/H011/unique_00801/daily_evidence.parquet,2906805dbfebc39429046adbf9a266204b351d44bdf6f91a799fe9c20fd7c680
strategies/H011/unique_00801/README.md,bcde65af6b6b6a91e54c62d48cc68a39010b2d06f5ecaed8830567d4392d1f1a
strategies/H011/unique_00801/strategy_definition.json,8b066336c574f6a8da9f90c1b5cc91ce116be430e0490b7cdfdd0e5795d85f3e
strategies/H011/unique_00802/daily_evidence.parquet,8d8b879180f0075dc3ab54b2b66a093670256c6ef8bb7af720849390a4dd0286
strategies/H011/unique_00802/README.md,835fb28cf8c46991ac95869a21f3333e14e70ec1d012ff92e8fb5a7cdb95e601
strategies/H011/unique_00802/strategy_definition.json,f0f0b8c6efecffd664551ce8c04cf145a3010f18bb4f464e54b917805e638dd8
strategies/H011/unique_00803/daily_evidence.parquet,0b2356f7688944b2212306a389fb668f54eccaa4bc1a5ca90fe4ae32f9a80643
strategies/H011/unique_00803/README.md,25009c8c78cb9a37a7e5ec81b3640ab4418a049a8e509d3a1da37ea38e66625f
strategies/H011/unique_00803/strategy_definition.json,1473b56fdd5926aa40531d21db7edafe186f9fc528ab91fc3fa888f47694c7c4
strategies/H011/unique_00804/daily_evidence.parquet,a03a04199f86d63a24b5649dbb02829f25a2b0434e4c2df469ad5e4b9ad1289c
strategies/H011/unique_00804/README.md,1f1f38e528eb3f48cbc19cde698323d8519830882b7b6b747c021b65821f4248
strategies/H011/unique_00804/strategy_definition.json,902aadd54104378088682ef8b541639bb0c4751b09d999c31ef73601eb6f726a
strategies/H011/unique_00805/daily_evidence.parquet,ed10f106b5a12a12cab16421bb5b749cdab6fd0a82e85d25272c40633421771f
strategies/H011/unique_00805/README.md,f952c9b1896a676c8a4073d13d06aa63b2c4098e13e2377bcd3fe1b52b95ca3c
strategies/H011/unique_00805/strategy_definition.json,e4ee4e369bbf722acd63008b1c9df5ddd42b68dd5bf0f32b7e4af3e88928add2
strategies/H011/unique_00806/daily_evidence.parquet,c6b9fe391c03ff4c1f741998bb3b8937552bb09e4d1ff900a90966a20484c42a
strategies/H011/unique_00806/README.md,1b689c08e2db1de3212c5d54cb2f9e0b900f4e775666fba377219d86cfa21839
strategies/H011/unique_00806/strategy_definition.json,81c5a8f4db760adad2861ba76e39b4afdd542aca1723f0dc89bfda3491ad1e0c
strategies/H011/unique_00807/daily_evidence.parquet,fd3336c45df0a8859a13029d63187b8057402ffb40da79596d017482019486c1
strategies/H011/unique_00807/README.md,1fdf8bb31805a120b03da79f0e86587d60625e433c149fa712798bdf6a75d598
strategies/H011/unique_00807/strategy_definition.json,6a730c3f43de3a6fca7059fee1383f228ea94a3757622197637321b98b5325d2
strategies/H011/unique_00808/daily_evidence.parquet,e810e6c5eccb60f58397ae7048f0465e701ad8a0acf692b484a9effa5576f7ac
strategies/H011/unique_00808/README.md,2c16af0ce45de5b200a926f38c21e57c5b9a952350223198bc9f696a2e7121e1
strategies/H011/unique_00808/strategy_definition.json,97975bb1500a44c9a20877139d4718c28a176660c86dad21a2dd69d48ee41648
strategies/H011/unique_00809/daily_evidence.parquet,ca6c9895309755ee7f1d415c1b70ee376a3d286d909cb64b65f100f8fde45962
strategies/H011/unique_00809/README.md,a4d309d13c56de26d0ac45332bff7357eee741c1e5d0632ee20f73bdc6926243
strategies/H011/unique_00809/strategy_definition.json,985a8b701f8e9e2bc4f8974624a3d637c54583824160fb3428dfa9107c530845
strategies/H011/unique_00828/daily_evidence.parquet,9264f4a2023061961bb7d43c3597f78fc8120ecc72df24a61ce43d91c83703b2
strategies/H011/unique_00828/README.md,940f088232f9869dc4954dad8fbd46f78ad4e99b6a2fee3db82313a2e656389f
strategies/H011/unique_00828/strategy_definition.json,cf1fdbef725e7f4dfd87a18b991061ad7ba97d12fc43ac34323b06b12b2f9683
strategies/H011/unique_00829/daily_evidence.parquet,d626e2b1f8f2dc5d912c31f2e4f9fbbe178538e3055bc205b86ee0d79a731fe3
strategies/H011/unique_00829/README.md,ada683548b72d6698f0ee343fb5eef84b1fd4e4267a6bfb4da59332204239697
strategies/H011/unique_00829/strategy_definition.json,1110a9a13ffb3a7171e221d51dd1218a33e222db1f0d00b767e3c40d921dcb81
strategies/H011/unique_00830/daily_evidence.parquet,e6c6654eb592a1ef3a731e7c9f86cbeee8d1223360de428f9cb0654c20dbf28a
strategies/H011/unique_00830/README.md,20f3841dfb1ee09646dee86417d1f7f93fba8f532bbc99ba08d0025766b639fc
strategies/H011/unique_00830/strategy_definition.json,a8f01edc1edaa9f482c4e4a47314d9dbf01117f7529b3119a785a434e53b46c6
strategies/H011/unique_00831/daily_evidence.parquet,e71cf8612d1ea11271c193d95c643c591f702b3d084715eabde2285d6d605af5
strategies/H011/unique_00831/README.md,3f1191fd794253e318ff85caef6cff83af3ab0ba4264ec8a5674a574ad004889
strategies/H011/unique_00831/strategy_definition.json,383eaa33ab5f2ad19d3cc46b0ecd4d8a25d4a229d3e9b1a9ea1617e39bbf082d
strategies/H011/unique_00832/daily_evidence.parquet,c6e0c2d53878f7274d0652c1a7668ce7c7f4c522d85a467158452f3f1439a61e
strategies/H011/unique_00832/README.md,c2e7143f13c4d261741150af0dd06852c69a17748bc19f1af68fa26fc4de62c4
strategies/H011/unique_00832/strategy_definition.json,42b96571a73cf1cdaa506070bfad5de59fe812759638f871183c84ddd5f7fe27
strategies/H011/unique_00833/daily_evidence.parquet,87fcc6f21578daa4f41517592fbdffe880a91acc2091d53426d70ef0d3dced01
strategies/H011/unique_00833/README.md,58a00199065a82ea381fbb42ac252150e52f921c38386403150533bbc545b2b2
strategies/H011/unique_00833/strategy_definition.json,da002ce886e86f4a38c2d35d61d59b486563b73a7ac4b5c97cebb2da97da371e
strategies/H011/unique_00834/daily_evidence.parquet,f09f93365bac7cecee9afd2d679f13baa42bde42e21d23f99ce4cc7de860d87a
strategies/H011/unique_00834/README.md,15cef8ac4ee015c3d4e11d7b54da9d885a5b0b435f2077560456859f6268eef4
strategies/H011/unique_00834/strategy_definition.json,65166184de3fc763c0d87ab1811565b6ad4994644b47c65de1f6d2df2415c17a
strategies/H011/unique_00835/daily_evidence.parquet,83285265817a7322a47668a8289ef2fc36522f9c1981903973d860e10f0401f7
strategies/H011/unique_00835/README.md,8236be4e3968c8ac9bc1e96da4aa711b8509774f5cd29e62087e7fac860dd36b
strategies/H011/unique_00835/strategy_definition.json,535b5647a8023ea9b08a3b74599b9aa13b7f480daffd5f3d76fedd037c91cccc
strategies/H011/unique_00836/daily_evidence.parquet,ca6c9895309755ee7f1d415c1b70ee376a3d286d909cb64b65f100f8fde45962
strategies/H011/unique_00836/README.md,6ba73a5d3e001cab3631e0e8c2f35ae361a3f1e8a870717554757ac547c5e762
strategies/H011/unique_00836/strategy_definition.json,916d18d7ed4baabbeff1288cfa0ef676ca90516ac1c679bdaf59c83266da4ea8
strategies/H011/unique_00855/daily_evidence.parquet,09bce9e2c229de6cf2e2831a97872cd9da489ce03c46a191fa889b4241519a5f
strategies/H011/unique_00855/README.md,cb49f63cb6ec03105bdc9a66ac7f6ffc7dbf17de5e26cb3a58f42557b64dbda9
strategies/H011/unique_00855/strategy_definition.json,0fe9d1bd4672d049e4aa567179bcce1f9087659b72079e4a1ee3daf1a4d51822
strategies/H011/unique_00856/daily_evidence.parquet,34b48b4861ce03c84d0ece4a838a09ee7ec73b4cfb4cff91cabc3659561d6102
strategies/H011/unique_00856/README.md,085979a7fc8c19f9a3a3cedefb0f271af0b0b9d490673d0cc54ba05945b4d973
strategies/H011/unique_00856/strategy_definition.json,d58b3303368c01d6e9113a61db44207e383603f5c012cd9177e2f7f5e0c24743
strategies/H011/unique_00857/daily_evidence.parquet,ff9b46d4f99b1824e5ca2ad50dd12e20be0188594c12ccf695904ba566c478b1
strategies/H011/unique_00857/README.md,87db2a14fefe8b24b7f3ba39d298f69c5430af74fb3dd2103a2a36d17d8f7187
strategies/H011/unique_00857/strategy_definition.json,50931556c39ec84ee23724c2f49a3ada28c61ff2853ce3921fb2f9a9b15beac6
strategies/H011/unique_00858/daily_evidence.parquet,cd56c6145cc6fc7f4acb69e770cd483fb8255716a6f76895ebccecc858f0fe27
strategies/H011/unique_00858/README.md,851224ff57db4d310c76d0b2a0014752e50126ed397d52b0b3a68de152e6093f
strategies/H011/unique_00858/strategy_definition.json,d556f7330e8951b3aa622004a91650b8e7c2e4763b038fc9d005db7ed917a12c
strategies/H011/unique_00859/daily_evidence.parquet,e5e909638c54198d0e50d2f89edc84be7368c3d94b12479d4830223de49f15c8
strategies/H011/unique_00859/README.md,bc9233d5a5a6fa35a98bf7b6425ee8f7583e07dfc4614f7a55b0cde2d629b55e
strategies/H011/unique_00859/strategy_definition.json,362011609ab0f6796fecee13c6b9a5b8856f4c947c33875681959cd80c61f44f
strategies/H011/unique_00860/daily_evidence.parquet,744d652e948f25413ef0371ec2d22d866fef02f8a8b31feb58edfb25e547dc14
strategies/H011/unique_00860/README.md,9ba8a27ec1b6d42150ee23fd5aea0cc269f01330f21accedf01e49a17b48e317
strategies/H011/unique_00860/strategy_definition.json,1bad0ab3bbe9cdd533e9535605989868f24b69cde878be5ae854716fc866dfb6
strategies/H011/unique_00861/daily_evidence.parquet,05e7fbe7586f91958a1b9686d905c23ec866000c974b2f0bf9ee2d109f415d50
strategies/H011/unique_00861/README.md,62df177c3b9f6e48ec2ff25fbc4a9d99bfd47f69b0fc8db6a3937eed50630bdc
strategies/H011/unique_00861/strategy_definition.json,8c2bd24aa5c63d22a0b3c2dc19fba248d6501b634204fceaf21f4684f9a52bda
strategies/H011/unique_00862/daily_evidence.parquet,80d8245d10cea04244f639314133feaf1114754387789b693e3cd5824844ba5c
strategies/H011/unique_00862/README.md,1823037d672ba67a396a893455e7a6e172b912a53a6f6d4b22a934fbb1df71de
strategies/H011/unique_00862/strategy_definition.json,47700e5c48dc0e3e9c5e5c5e8d2b0867fdf0e49ec10b98e216464543fd89a71c
strategies/H011/unique_00863/daily_evidence.parquet,ca6c9895309755ee7f1d415c1b70ee376a3d286d909cb64b65f100f8fde45962
strategies/H011/unique_00863/README.md,b0511c07ba1e96a4251866f482738ce364b764a10709295af0da8d4d415ea418
strategies/H011/unique_00863/strategy_definition.json,426b9e3aea40fbcf8656bcf892c0e69bec2194d4332d5de8af6e0987338b87c2
strategies/H011/unique_00882/daily_evidence.parquet,a1aad68eeedaf68d6071c8743927ec746a4e18938f88a1ae4d0b64f300e5b780
strategies/H011/unique_00882/README.md,dbcbed23a193437c1bdeff71e0c6fa7178591a612f0fcd6f84fd8d707ba710b2
strategies/H011/unique_00882/strategy_definition.json,e2aa9a7266beadf00f74e30d2ab9c300a44ba70a174509cb179347f1de55640b
strategies/H011/unique_00883/daily_evidence.parquet,ea76741c4a64c90a9919ab21b87d7bd897518cc5050d1d7f47a24cd225fc5837
strategies/H011/unique_00883/README.md,f5778a9b6e2aae93c7e28367e15414fca641f934780f4e3c3d3e2ad27f5359d2
strategies/H011/unique_00883/strategy_definition.json,d2e0a7a445e0b74d903e487b0c2ce69a9505855dab2a7a50e620da39f8b57ac1
strategies/H011/unique_00884/daily_evidence.parquet,b78adf3b91952343836058497b5d27e0c53d0012397e2e86d1ebd85f7304b2ad
strategies/H011/unique_00884/README.md,23b2975aa9c6db59f5a11244b8f20ceb9fd55eccc143bf7ee61e43e01a039625
strategies/H011/unique_00884/strategy_definition.json,fb83548a0e57c7279f73909e7077fc8d25f1d9084e7caf4ee3a2b3a6ddb8a426
strategies/H011/unique_00885/daily_evidence.parquet,7ef4fdcbfc46359d51b6101e4f206d417c21fafcbcf889ce39d9a9ee2a5ba67b
strategies/H011/unique_00885/README.md,6556112287538031b41d7a43283353b3fcbce7a155e0eb3d6ad5d54d4b4ffaad
strategies/H011/unique_00885/strategy_definition.json,d63967477d72dd0db928dfe76f61f8f22dff5111a22a184a0f000052f92be4c8
strategies/H011/unique_00886/daily_evidence.parquet,2817e038e4915c283fe8e80a0c9f326ba1cc11f92013968cff7ad2e7e7bbeb33
strategies/H011/unique_00886/README.md,be46c931c7c512fc9c7bdbd4d05b99a5743a42895270eb140917341536eca383
strategies/H011/unique_00886/strategy_definition.json,39ea1ed73b5510f80656986c437add10349749e90ca85b16be27109dffbbb2eb
strategies/H011/unique_00887/daily_evidence.parquet,00f7504e6b10665f0d18f8c3b47180671be84dc0b0cd608a9a2334bc2ed9fa45
strategies/H011/unique_00887/README.md,f911ea0d3e327363c00a98d83178bc8f55ca975ab1f3faa4b304ae5ff4689b64
strategies/H011/unique_00887/strategy_definition.json,7588c74af614d1e6646fcaf9dc6948b54d4f1c86df92fcb6da863bbe2c9877e0
strategies/H011/unique_00888/daily_evidence.parquet,73110caf2b5940c9942108332dace4448a0c96cb77a240d27546a1ca100719c1
strategies/H011/unique_00888/README.md,7d18815c00c4402ef13a53b78ab8deb7b6ed70eed751820d93977940d560a561
strategies/H011/unique_00888/strategy_definition.json,52d6f1717deb4c085997665754e3a6040122abede0a17ac2c886700f8248a06b
strategies/H011/unique_00889/daily_evidence.parquet,b51c1cffa85d6c1d7ccfd1e0e72e025a3bfc41ee747efd6037cb33a5ccfce801
strategies/H011/unique_00889/README.md,c51b1dd0e56d7a9a82203c62143a09bc39487ea95e2fca280f1c4d9329808d83
strategies/H011/unique_00889/strategy_definition.json,d1fd055f094790800c729025a8e9467d2eea14a1186afdb6a75d64f8e26a55d2
strategies/H011/unique_00890/daily_evidence.parquet,ca6c9895309755ee7f1d415c1b70ee376a3d286d909cb64b65f100f8fde45962
strategies/H011/unique_00890/README.md,c2c97863caa346f3e7ee49713186f6e270e4c4629770ec62ab9c4852ce23a5e7
strategies/H011/unique_00890/strategy_definition.json,34ac3b9f7abaa224adeb48397031bd2de66f0ed1b0553bb8db783182e7a64a28
strategies/H011/unique_00909/daily_evidence.parquet,9d9d22f6638bb12c684a4ec9377e26c71c25a68700f1011338c9a86628070e23
strategies/H011/unique_00909/README.md,95809b269b00a4d0a8c4fdf674bb2630ffb1d1465c2dec4d035a38281c33cd01
strategies/H011/unique_00909/strategy_definition.json,7bd7fc867bc16d0f34fe12b45133510774d2b620d2220d66d5e416d1373740ab
strategies/H011/unique_00910/daily_evidence.parquet,9eb50c3e19dd93e8e5123f61c12202672ffbe732c9721dc45e4f1c760148f3a2
strategies/H011/unique_00910/README.md,95e2f599ac4ebe075e92be6925d824ab863228b4010d8321239df0eaad1107cf
strategies/H011/unique_00910/strategy_definition.json,489bf26fc6496dade1700e663e33cf0d8359eba75720029657a29d808079ed18
strategies/H011/unique_00911/daily_evidence.parquet,333fb0cb751fbec4346beaab9de34dfa7861b3e87f44bcd104052c40f7be7278
strategies/H011/unique_00911/README.md,70e3a2f2451c848425a8abee28d8d4f91bc34a991a3a196ca6f4e4c72b99a76f
strategies/H011/unique_00911/strategy_definition.json,69c8a4263801d679183441e561079ef679c62f87351b76889859417fbdf3595d
strategies/H011/unique_00912/daily_evidence.parquet,073975f344e7c0c61ddbdd2b298dbfb76027b26db5fda647eb963065193899a3
strategies/H011/unique_00912/README.md,eaa4e5b75619530e322bd88dba7050c7141322ad81b43574283bae352e86f5ef
strategies/H011/unique_00912/strategy_definition.json,2766f2504dfbe108d0a443838089e231c42e7469a4c4b98a7b23a4a628493d3e
strategies/H011/unique_00913/daily_evidence.parquet,689c23a6c969ab9cfb5f3e140e3df1ef7b64526b3db922059bfc619a6fd30220
strategies/H011/unique_00913/README.md,b8bcc3c5a7df6bc8573e57b331756afc8923b41a7f8e6e13f87f6c5603910afd
strategies/H011/unique_00913/strategy_definition.json,7efdd3aeddf63ae191bd79fe506cc36fe0d50afda8f24c64ab893e3983b17992
strategies/H011/unique_00914/daily_evidence.parquet,ca6c9895309755ee7f1d415c1b70ee376a3d286d909cb64b65f100f8fde45962
strategies/H011/unique_00914/README.md,9559a442c669079ab4c50ae74a05dc0e59ac25be96013e1a1b77426c271720d7
strategies/H011/unique_00914/strategy_definition.json,92b60a62c39a26d161f73eabeec1d0c13baf23843f35df111299751d95fcbe36
strategies/H011/unique_00915/daily_evidence.parquet,a5cb5dd49e57763b3973c4779e9a22f010e234037da6b66a0c0966a5d22f69ca
strategies/H011/unique_00915/README.md,7b6e6b88c10e6b86ba67689a9e7f31f4b80acaf17cce1cfdee293d1274efad91
strategies/H011/unique_00915/strategy_definition.json,303342121af044b547fbcb2d8315c6362ea5cc72c695846099faea984194623e
strategies/H011/unique_00916/daily_evidence.parquet,ca6c9895309755ee7f1d415c1b70ee376a3d286d909cb64b65f100f8fde45962
strategies/H011/unique_00916/README.md,77d6b4247f70655a0b3c6df1cc202dc62e97073e6f9ddff5dffd3a2eb0d736cd
strategies/H011/unique_00916/strategy_definition.json,b09e94664dc265947b572f33eff49772eefb0d80bec21e077257c6c71d1f3076
strategies/H011/unique_00917/daily_evidence.parquet,ca6c9895309755ee7f1d415c1b70ee376a3d286d909cb64b65f100f8fde45962
strategies/H011/unique_00917/README.md,f490d9d6598d963f58ab53ec475e8da1eda8bb8d6ff936208058caace89ff1e3
strategies/H011/unique_00917/strategy_definition.json,4d415efd4d0aa0fdb814c95c9b581c614eda6279e61641511d2cbba3186177f1
strategies/H011/unique_00936/daily_evidence.parquet,02888716f507d864bbbad31640dd6dc94e19643910ac73c4790fab3fae966032
strategies/H011/unique_00936/README.md,9ebf33f7db82cc8edb5f59d8ce71f96934abfa290d7792a6da8ced91311495f9
strategies/H011/unique_00936/strategy_definition.json,4c31fa5303668a239afaf03d67c637c6ef29abcc1d85ba23a78aca79909510c1
strategies/H011/unique_00937/daily_evidence.parquet,6fa1f4471409bce2cef87c075bf9c9a70ef4cd9690b52a36349368dcdff7470e
strategies/H011/unique_00937/README.md,aac85f048b28ccad307d7e94273d833b66ddb48384ae7f10fcbace07714b7fa7
strategies/H011/unique_00937/strategy_definition.json,988f69e6882239581ed5525f41004143f7a377e2f06b21fab327ab18a8f9ef19
strategies/H011/unique_00938/daily_evidence.parquet,3d72d2034802427995e20760b2dc6269a7ae01521c0252ddbbd58c459dbd7244
strategies/H011/unique_00938/README.md,25e459e3d78dab984580f50b4a99075b92949b5a8dc137a0d7cad5a17c7e2c52
strategies/H011/unique_00938/strategy_definition.json,9b25dd49abf02a76a0c071629856273558e0153793c73da8ef9a7d6bc27c1bb0
strategies/H011/unique_00939/daily_evidence.parquet,937b4eb376e3c92262c215d5d9bd1c7015fc66fc2c2ca3bf7167af628c1f69c6
strategies/H011/unique_00939/README.md,342ffb1fa0f16139168963619bfff1c6cdf8945b34758b3337d5ce3e888e44f3
strategies/H011/unique_00939/strategy_definition.json,a8721db2d9001b98a390757f719d76b80e636e31a38f6b154d7ad6268ce9ef29
strategies/H011/unique_00940/daily_evidence.parquet,1e327802085fde72de20e5e2f7e7b38513a2d6572b92b53cae4c021c8383e858
strategies/H011/unique_00940/README.md,4ec15cf285fb2280a29dc686295eb24162e7c6afff6743fcbafc6d01878a950d
strategies/H011/unique_00940/strategy_definition.json,fc39d261f8b3494540e434b20cb18aa18acd687001f51dec1ed31e2400e2c662
strategies/H011/unique_00941/daily_evidence.parquet,ca6c9895309755ee7f1d415c1b70ee376a3d286d909cb64b65f100f8fde45962
strategies/H011/unique_00941/README.md,daaa8cfcf1c86f368654bd09fde83b453cfd870c98cea872f08b39b163232545
strategies/H011/unique_00941/strategy_definition.json,9fa483902dc52291011164be4c2741b382148b799bb754e86da08a8200216e9c
strategies/H011/unique_00942/daily_evidence.parquet,0843d9ee479c5929a3969209fe717e74bc34c03423460115bee49c5205114a86
strategies/H011/unique_00942/README.md,53c43fa7c19b34ac784422343e9ce95feb49fdd8e6af717c5b314004112e945c
strategies/H011/unique_00942/strategy_definition.json,f81c8197f803ca39ec4e91d533cb13a004aaf6aeb8b677a1ab9816feecf22a9b
strategies/H011/unique_00943/daily_evidence.parquet,90d1261ea3eb99dae6bb51bd2e6e6eb27c6382a740ef1b3e3d13b6a97b736b74
strategies/H011/unique_00943/README.md,b8457e2d69d998f274a78233fff6cf96ab76a2fc4b2b6d37132ca836a085422d
strategies/H011/unique_00943/strategy_definition.json,162eb0b0a82568ebc9eee33d7e719312b8cd4b05319dd7938d2ac14cc689e50f
strategies/H011/unique_00944/daily_evidence.parquet,ca6c9895309755ee7f1d415c1b70ee376a3d286d909cb64b65f100f8fde45962
strategies/H011/unique_00944/README.md,e9e39507fd50ad118d439a921cfaef540bc61bcf2b5571d27a0dd721d8e24ab9
strategies/H011/unique_00944/strategy_definition.json,bf55d988a2232333fddb329e9b6568e14f397a6f89a3f6823c938a9d67bac96e
strategies/H011/unique_00963/daily_evidence.parquet,04dc689205a7c8ef144164ce42544d8ab9dd1b9d4686f8ca05b7c3da0e969100
strategies/H011/unique_00963/README.md,eb0f993cc9cc858dafe74cde4ef7363f3160902d316f3c485fe66540a626f79b
strategies/H011/unique_00963/strategy_definition.json,328ca5049c537fd640157f25fbe9ee06340d8d0d8952519d5caa51bfab4aca33
strategies/H011/unique_00964/daily_evidence.parquet,f98e3c6e671040792f35be8ab6e138f2646b4a23234bc9ed8a4208b495cb91f0
strategies/H011/unique_00964/README.md,50297b3bcd2baa2d8ac31275766073e1c5c63fca0a135b7aa08b0252da3badd1
strategies/H011/unique_00964/strategy_definition.json,643b1f127110b96d965c23faf3296de0da3545513972cbb35ccc00ebd47752db
strategies/H011/unique_00965/daily_evidence.parquet,d7e1b951daab49bd8e8519146cc8e52066a827f1779e16032d7f8618474f0985
strategies/H011/unique_00965/README.md,397c1012439b4bba7aa4d3d13dd92f73890196b272b0d75f20922e59d85f9be3
strategies/H011/unique_00965/strategy_definition.json,236c71094943fd13f29dfa721e9147243a4267369e10e77e191efd8071d3b0e9
strategies/H011/unique_00966/daily_evidence.parquet,5e8130d74ab4493abaf6dfb93b856decf00de86aa61583f4b937e2036d286b64
strategies/H011/unique_00966/README.md,3be8a637da343d30fd77e1f05b40fc42557f98f16ef587d87a8c4e34c352c6c1
strategies/H011/unique_00966/strategy_definition.json,e72c2eab82e5236a13bfc4c0abf7c0b62ceb541b86be47eaf7f0006be5d19c2b
strategies/H011/unique_00967/daily_evidence.parquet,b2ef7af9c36566ffdd2f5cfe4497bb49af03e75e0f2de40b37088a8708c255ae
strategies/H011/unique_00967/README.md,f738018bc36bd1341bf6d4966313faf7eecd244a1214c3914d7b967047376270
strategies/H011/unique_00967/strategy_definition.json,842404b8e90744c3412a45615e1bda349e19c5d84672375181c4362016093ab5
strategies/H011/unique_00968/daily_evidence.parquet,ca6c9895309755ee7f1d415c1b70ee376a3d286d909cb64b65f100f8fde45962
strategies/H011/unique_00968/README.md,966b49d968a807c08f52cfb547ed3c69cbb2df41a370250e28d0d0883edd20c9
strategies/H011/unique_00968/strategy_definition.json,e358dfe7044c5483e2645a906b32f58db2043ed4755a5a191319de11d3a04733
strategies/H011/unique_00969/daily_evidence.parquet,6ac4cf5f5e1a8d5ca9e91fda4a965ad8d772323e999adec5a1ad69e6780c4a84
strategies/H011/unique_00969/README.md,5467d1e3433fd53d9e5c72d28d4e9e3608e2b799d9d56724c5ea7d2766a45156
strategies/H011/unique_00969/strategy_definition.json,7702d3510a252550b1f9e374d839b51be603e0cc1562f2d54fa6645234d35815
strategies/H011/unique_00970/daily_evidence.parquet,ca6c9895309755ee7f1d415c1b70ee376a3d286d909cb64b65f100f8fde45962
strategies/H011/unique_00970/README.md,9fbce4fc4687d91e9516dfd2e5011286c4439cca974558d9365509c6487bc6fc
strategies/H011/unique_00970/strategy_definition.json,aee9fe356eede090e3da3d3eedb1000dba62db816eadf59e17129fae975d0618
strategies/H011/unique_00971/daily_evidence.parquet,ca6c9895309755ee7f1d415c1b70ee376a3d286d909cb64b65f100f8fde45962
strategies/H011/unique_00971/README.md,7c0a59b83b930c33e821a6a793151beed7681e70cb93ddda2eba75db1d59e969
strategies/H011/unique_00971/strategy_definition.json,7b6e3f7e30798d2b08f02f21bf5367bbd5cd0452126b9dbd36533f555ff547de
strategies/H011/unique_00990/daily_evidence.parquet,450de0f80ff2bc3b548690a56d0ad75c38fa422911e41a5559d1c441fc0c5562
strategies/H011/unique_00990/README.md,a1318fc5f51341b210082d4b8a3d334f18aa326a08014313940587a8b7f252bc
strategies/H011/unique_00990/strategy_definition.json,1dd1a59e8a3416977e9c754ca1d9af84f746ddbe3485d6bc6f17fbbdeea2fae8
strategies/H011/unique_00991/daily_evidence.parquet,862e7b0dede7358f8339af833f681baa16a5dcf7b163d730eabd1176d1ca524d
strategies/H011/unique_00991/README.md,6bf2efd947e50ec5daf8f7af75b63b89ebe6d7880032260124fdcb8f540154af
strategies/H011/unique_00991/strategy_definition.json,ce0d66d4a26b35556f722d3c020778599abb62622f2141ee64eccd792d7dd55b
strategies/H011/unique_00992/daily_evidence.parquet,51640706d620977e6848ba20dca6e45bbc6c467402e1c29d7147a6b56fcee48b
strategies/H011/unique_00992/README.md,17dafa9a936e46e09ada49818cb6d91ad64edac199024810d1b0a6ddb37924d8
strategies/H011/unique_00992/strategy_definition.json,918f1f5d98d2818f24fafd58303122b1893994da4c50e776f758f07f67494f58
strategies/H011/unique_00993/daily_evidence.parquet,64eb33f0a55619d31a4aca8623cf27785a7a1a7a9d286e722d5a05af04be26ae
strategies/H011/unique_00993/README.md,74162f26f99c8c09a2870f83d9503c50635242dc8266b3af2eb0a757263c08f1
strategies/H011/unique_00993/strategy_definition.json,acd94d985e1712872d3ef19b098e75a4de63515ef6d679e9e3b3f00b557b88cc
strategies/H011/unique_00994/daily_evidence.parquet,fb0aa22a8b6d919b2f03702d30c9cc6cd495dabd5cf0d15148ce176673225da2
strategies/H011/unique_00994/README.md,ae1acd3bf9b68007d0aa32fba4c4ac5794ca976ea0d38fca550eb34f929a32e3
strategies/H011/unique_00994/strategy_definition.json,a6f91ee4a089003a241df46e3ba3d6978390fe8fade121458e00a12b42672164
strategies/H011/unique_00995/daily_evidence.parquet,ca6c9895309755ee7f1d415c1b70ee376a3d286d909cb64b65f100f8fde45962
strategies/H011/unique_00995/README.md,6a929e3f9451fcfc5bf6b2b33bb11467c9e5973f6760dd2a4da8eaebc7346102
strategies/H011/unique_00995/strategy_definition.json,f4dc6d50fd8784df798c7e55fa835c3d5633dad3fcd45d7e3d0705c5d11af987
strategies/H011/unique_00996/daily_evidence.parquet,5ce0df36a26a070d634f440a5f9a2d9c9eb752dc2bf412a0798f51f8465981da
strategies/H011/unique_00996/README.md,8f08a822e2ef1d0b356c6fa550f7b4a5f4cd277c3ae7a5d9dc583f69959427b8
strategies/H011/unique_00996/strategy_definition.json,483f0f65787a58b96e81b34c0876b257dbb225e615269156d515068cd836985f
strategies/H011/unique_00997/daily_evidence.parquet,17eec257dab2e6a404c76a9e97123bd65e41cf09d7e7e114fbd61aaa61641ecf
strategies/H011/unique_00997/README.md,24f8a4009148e843fbf880b7808b239a47f00b39aa1754f1e258c4d78e130d7a
strategies/H011/unique_00997/strategy_definition.json,a1086239be36ed2edced808c5b9dde506f7b920a21f229825e49ef3c5cd95e56
strategies/H011/unique_00998/daily_evidence.parquet,ca6c9895309755ee7f1d415c1b70ee376a3d286d909cb64b65f100f8fde45962
strategies/H011/unique_00998/README.md,f70bec91c1f186efbfd8e78e424b0d89a9a98cad7cbb0fc2a32253b5c3c8c0fc
strategies/H011/unique_00998/strategy_definition.json,b58157c78d8b2379913d9e77d7b993c4bd8898d97201390eedaf07a617c1721e
strategies/H011/unique_01017/daily_evidence.parquet,74206afa19696b6e9f558f0c4f40a030e4c7da5a5f38927b13f81f6d614c9b40
strategies/H011/unique_01017/README.md,dac9b271b0a09819cd2eb8eb8d7a7ac5bbe0dd0cce17e3c4a17a33a59aff3bd1
strategies/H011/unique_01017/strategy_definition.json,e3dfd0cfb726893bc2abc5e38055e6c868a0aa423fbe29d2be4b3ce973704a30
strategies/H011/unique_01018/daily_evidence.parquet,6e396a75bdb35fcd5c82e8ea6ace876d059417eca7f48b3a0cb30eca723310e2
strategies/H011/unique_01018/README.md,c8130cccca386c90f005fe9fc00aab6c8f4b590915da29c5f2012d9e21ecee50
strategies/H011/unique_01018/strategy_definition.json,af7d1290723cd3a44e69c5fd08a406ce65d07e5e024e30e38c1f84054fa4217c
strategies/H011/unique_01019/daily_evidence.parquet,06fda28aa1d843468f115d7a7d1bac33f41198505c197717acab1c288119d731
strategies/H011/unique_01019/README.md,9f52ad6838a15f855143f08fbbbe17f292fd5fed7c1052b2961fea917aad1d9f
strategies/H011/unique_01019/strategy_definition.json,d10918f7e5a857de86a6a5529787b1eb4e4edfcff1ff6bd625357bab9528920b
strategies/H011/unique_01020/daily_evidence.parquet,2f652f8344afe869dca29c872f3ccddf47df2758984415e6f22e50705b69be24
strategies/H011/unique_01020/README.md,aba36bdf5bb1685e3aa6f0345686bcc3f86a653da7648c379d43bdf46e676a6b
strategies/H011/unique_01020/strategy_definition.json,3cd67adbffb89b4a6aca86cf6f89180c57ea9b659dd7c53a52eb41a7c87aafbc
strategies/H011/unique_01021/daily_evidence.parquet,d80d604c8f94d7ac4a1504e36f20f693a621e02ead5b181cd3145ced04761afc
strategies/H011/unique_01021/README.md,f155e66ea69cf9987391a65904c8019907abeb357d49962092d238f8e74f4557
strategies/H011/unique_01021/strategy_definition.json,1131c95051d1bff9f0322f7a1a0ef4c89f6c94be552ed5c6aa8499fcbff29a28
strategies/H011/unique_01022/daily_evidence.parquet,215f146253c19093dfd95a3da035bd9701653b7be4f496138af7c8ee6c9612a4
strategies/H011/unique_01022/README.md,8ac0cb038f112fd946a2cbc116d6a9084e47eaf1a5b22663aa76b19431579855
strategies/H011/unique_01022/strategy_definition.json,28595ea5c7215cde167586fad4d8c1c734c322886dc3930f1eacf7ac269a35d1
strategies/H011/unique_01023/daily_evidence.parquet,1a7ce7ee8e0ab7d4cfac5db2958760095c5f72267adb5eda9c7238b8421baef0
strategies/H011/unique_01023/README.md,a07aa78ca863d0c8033f19e693b334bae8fa918b7e490d679483b04065762c4c
strategies/H011/unique_01023/strategy_definition.json,af449229cf093bcaf9ef9e50db9c93d16077d50cbe0091d91706c5c9e50b705f
strategies/H011/unique_01024/daily_evidence.parquet,667f0216b60d08f056c9c16d831c020bd38e02838f66de171439b3e1c4299da6
strategies/H011/unique_01024/README.md,febb0183d19fa9fd2e9fe9e99f834454d550835c76d517f950d5d176377fd9ba
strategies/H011/unique_01024/strategy_definition.json,3e7881bd12e38da54c27311f32c28ed3437c5a321e56223755412f04f40b4d5c
strategies/H011/unique_01025/daily_evidence.parquet,ca6c9895309755ee7f1d415c1b70ee376a3d286d909cb64b65f100f8fde45962
strategies/H011/unique_01025/README.md,fcacfbb245862fa0d15e3fc1c9ff4fa0a4f568e5b3f4ca4df20320fc1e27bc24
strategies/H011/unique_01025/strategy_definition.json,6c428b56c8f483b0f5a11f2f0307285b6f695c77169275738fa5f97d279bd2c2
strategies/H011/unique_01044/daily_evidence.parquet,bd3b5c016a84fee207adcba5270b7d12115c762cd85e9ab8f15dfe1b9d57ee1f
strategies/H011/unique_01044/README.md,94d1b8861061b1d750ce7c6e27015fa0a36e10e4874a90a2d51f059d03557a73
strategies/H011/unique_01044/strategy_definition.json,ba5eea4203836b66e78e4dfdd65f227230e71434293a2d5e001d72c5732dfa1a
strategies/H011/unique_01045/daily_evidence.parquet,6feeb9727e55b1914eb8c2090bce5beb0f732dde14b2f4b24983fd699eb5b87e
strategies/H011/unique_01045/README.md,56b4943a4c2c25888aa24d77db28eb560150c2fcb43c87204ac9f00685d64dce
strategies/H011/unique_01045/strategy_definition.json,bb7015297f0a7903334f747a89c22ba2494cd8673b229128576fd1d00a5b1a1b
strategies/H011/unique_01046/daily_evidence.parquet,a0f9bb3f4c483bdbd156b2623bac41e94f86336ed4d48400b9eacefc541077b6
strategies/H011/unique_01046/README.md,81f66fa20b29c32752b1e507f17c7de4f5830b29e8cc89135f34892a9fe2358c
strategies/H011/unique_01046/strategy_definition.json,e1e9cdbe39b20ff2b812d3d91df656e212115174a3689ae6e1bb7db0c8adc1e0
strategies/H011/unique_01047/daily_evidence.parquet,c18346dfad514a2fe3a12905983c721f950e46e53728bf6bc8c247ea4f811645
strategies/H011/unique_01047/README.md,68c095f5e62640b4dc04bae55d7b640a60452d09c1dfe4b8e28d51390703b87d
strategies/H011/unique_01047/strategy_definition.json,b2ca55c41e4cfe7f4225ded9feb95915aa16efc9019397aaf3d71bd83b7411fb
strategies/H011/unique_01048/daily_evidence.parquet,3e23867de7300b47915a946e4e5bff3bae75726b33323ceb1a5e091af1420c4e
strategies/H011/unique_01048/README.md,2e1995a141c30f9cf06731a92e13af77bc155db7a92c68032859b5f17db05f6c
strategies/H011/unique_01048/strategy_definition.json,26536d8018a57d385c683c79a6d3ce0fda0c512a2e55bd3db37c172784509c42
strategies/H011/unique_01049/daily_evidence.parquet,2164ed9fa4616c68ece3dda92cfbebb09496ef47551a875bee6dae1e94399b83
strategies/H011/unique_01049/README.md,ecd7e38415d9264033e7a4026c1f1776ac7bea209822964816cf87c7ace7cce3
strategies/H011/unique_01049/strategy_definition.json,cc926e1e429dfe2e60983d2d0ccf7bf02cd80654701fe99b845ae1a8d7abf375
strategies/H011/unique_01050/daily_evidence.parquet,e6c517d50826698704118ac4c6c09d4f53f6e5e7ac680a2a2680e81b807151eb
strategies/H011/unique_01050/README.md,186aba7e7c9fbb0d2fcdc924581a6d36243979dc5ad18a417ee883f100144679
strategies/H011/unique_01050/strategy_definition.json,5d6711eae09a79fab90cbba33854afb2f56cfe1d0c9a7980f918ad4cab9403e8
strategies/H011/unique_01051/daily_evidence.parquet,ca6c9895309755ee7f1d415c1b70ee376a3d286d909cb64b65f100f8fde45962
strategies/H011/unique_01051/README.md,656752fbfd7b7c6d24e927982feeeebf63dce349a6044b465ca4994d68b2c6d3
strategies/H011/unique_01051/strategy_definition.json,856fa01b81d2c783c620a851ffca31f82246925f1cb762553106dbfdfbe190b7
strategies/H011/unique_01052/daily_evidence.parquet,ca6c9895309755ee7f1d415c1b70ee376a3d286d909cb64b65f100f8fde45962
strategies/H011/unique_01052/README.md,e323897722ba184345e386abff12463b65a02fb311cf8d059e9faae10963aecc
strategies/H011/unique_01052/strategy_definition.json,9d8960e40bae5e28f946293f8ffbc5563fcef2db682ae2c99583d0ccdb6c8aa7
strategies/H011/unique_01071/daily_evidence.parquet,967c6b0c378ad4fbf63240cdfabf6c98d9ce2212b210307a7c4e7a12bfd53937
strategies/H011/unique_01071/README.md,312265c033fb3f615fd8ed14ad72d4620bef9314292b4cd7fdfecc467156b3df
strategies/H011/unique_01071/strategy_definition.json,7fe2d515658bb3eea76f4d79e3ebeb7a3186c417ec806876cb0624f0756e6038
strategies/H011/unique_01072/daily_evidence.parquet,6a7d680b4824aaf7067ab453a0da65310f3daeae07a94d62ae56b1f440666acc
strategies/H011/unique_01072/README.md,5dc7f0234a5d6beb826934a983d19387b668ff11976f74526e90b48a88342966
strategies/H011/unique_01072/strategy_definition.json,e0c1787ceceff641d02f8bcd1e764accaa1d013167c9f7f0a1d3ab98059d4d08
strategies/H011/unique_01073/daily_evidence.parquet,2c976566024fd55be2a6ba09a25a661b6db8d377e272c84033b446a954885796
strategies/H011/unique_01073/README.md,e4b3f40704acd2444d1471102503d7880d1768b1b88a6258b913cb5b32306a53
strategies/H011/unique_01073/strategy_definition.json,e20b4317ecbb6d0616246f38397aff70ea0cdf33a45a7f4e21de82af808ec579
strategies/H011/unique_01074/daily_evidence.parquet,c044185ff8d49e4035e9381077d701da683c80b989ac37ce41d1cfda95c469fd
strategies/H011/unique_01074/README.md,34a01ebed081d30ba883ca43642986fb028ed4f217b8f70dfde097b655e16db9
strategies/H011/unique_01074/strategy_definition.json,7f315afcf1e2443ca48b4ab02c23c70bf45c3f87e8e8140d6b3032fb64f45515
strategies/H011/unique_01075/daily_evidence.parquet,c8ec2ad557ec82ad009f653ddc09a12ee343437fcd1f6c8a55657c9ecb8d0403
strategies/H011/unique_01075/README.md,6a2668a095fa2aa79e6b06ab7053124beff6225ef5b9c6132a179d45325c1ef9
strategies/H011/unique_01075/strategy_definition.json,667eb6823bbc867c804619c4b042ba4875f5bffb5ea63d5c8d1d637c36736b2c
strategies/H011/unique_01076/daily_evidence.parquet,58119fbb0172900a59817abbaf8992ff52cd5989fb0323b7902f8ce49c18e0af
strategies/H011/unique_01076/README.md,2b6efcca6ae5d803e7a0635c436c20c92600b974c0d7ecd983da18ba3c8d6b4c
strategies/H011/unique_01076/strategy_definition.json,dccfbad7e3f644fd37df45a832b0463d5a77e9e28c2f471a235b9f85ff486a31
strategies/H011/unique_01077/daily_evidence.parquet,802baed27d8a5c3889cbb4f928d2aed8cae176badb9f2f35563420cd792ba0ae
strategies/H011/unique_01077/README.md,9805ce8350bd8e7a4c9e32a6c3a5b23b873edad89e95cc1148e0859b501d67f8
strategies/H011/unique_01077/strategy_definition.json,afc27ee78d2cc7317cb21254f3e7550667192a1bbd58915e53e899b83e964306
strategies/H011/unique_01078/daily_evidence.parquet,ca6c9895309755ee7f1d415c1b70ee376a3d286d909cb64b65f100f8fde45962
strategies/H011/unique_01078/README.md,cfde930f1b9a70e97af7835a6d46de7e9a14e1c66489a26465c16d016506b1c7
strategies/H011/unique_01078/strategy_definition.json,8726503e5bd724c66892a2e511401b0d5d23e099497d14c88c602015e861a5e3
strategies/H011/unique_01079/daily_evidence.parquet,ca6c9895309755ee7f1d415c1b70ee376a3d286d909cb64b65f100f8fde45962
strategies/H011/unique_01079/README.md,7a2f70a15417725cd39a7d067241c3f927f8dce6bc7f8c430ebe4934e1f542ac
strategies/H011/unique_01079/strategy_definition.json,457ac9134367531588090431c8afffd28197a068d103f8c0d9813cdf299d4ff1
strategies/H011/unique_01098/daily_evidence.parquet,8ee1f30fea7d66a1674b7680a6688b7e2138be9b6ba852696680fff45d8f7c8d
strategies/H011/unique_01098/README.md,0dee2dac433fb15e7ff22a5334eee246c3a20401ed002a200f5d131af4d453f0
strategies/H011/unique_01098/strategy_definition.json,17878214571f738a846eeed19ec87b7169d6edf12106b5992714428abfb50906
strategies/H011/unique_01099/daily_evidence.parquet,35c5869e6e57eba4c331ccac31a64ecf08a791b430fbf611043295fb2c31feda
strategies/H011/unique_01099/README.md,f027ae31ce3001bbaea33dd960b29ed12688491dff6814613ebc06d7359bf4aa
strategies/H011/unique_01099/strategy_definition.json,9460b42f441bb426aca37fe70a073be6ba1a898e9e894ef96bbd588096cf71d9
strategies/H011/unique_01100/daily_evidence.parquet,ac857700971c4fba77b8ed72e73076bbb272bf677a11822ba1d27c406345867c
strategies/H011/unique_01100/README.md,80d6b708bb7f85a3d4ee06ceaf0f9b507e46ffff9bc6fc0fc5fcbea44685ef85
strategies/H011/unique_01100/strategy_definition.json,8f840a9a7f7c39f59885a42da2a3e989c21fcafa441fdbd1a21d0df38c3c9274
strategies/H011/unique_01101/daily_evidence.parquet,f37c2d6efdd3845056b317bca0d83dedd9566caa18f6ecd72db4f8e9b6f834cb
strategies/H011/unique_01101/README.md,6f00a163060847118a492332ea2dfa626560324f5b9b4c651aef7d7fc0047649
strategies/H011/unique_01101/strategy_definition.json,c52eeceb6ee5e63f6486fcf7caca77e834491addd7002bfd2727466ae0c80fb5
strategies/H011/unique_01102/daily_evidence.parquet,c36cbae26d6e25db98ba1c278b61eaf3e7d77a08fa0bd860715db610842d7c5f
strategies/H011/unique_01102/README.md,4daeec358027f054dd4af63eece27376c3e87003f9d4b971cdfa38cbe85d0ec0
strategies/H011/unique_01102/strategy_definition.json,58402ae12788007cc958a2979228440622387aea7bc69a38789469092ad1d60c
strategies/H011/unique_01103/daily_evidence.parquet,ca6c9895309755ee7f1d415c1b70ee376a3d286d909cb64b65f100f8fde45962
strategies/H011/unique_01103/README.md,b6deee4554dac237b3a769d0d1d555d6a4ea47846496b09f2db8e27bc2c805c8
strategies/H011/unique_01103/strategy_definition.json,6c425acf69b8cdd7f410d51fa6e9ef8b4b0e926569200ccf45f6b50751e9dce0
strategies/H011/unique_01104/daily_evidence.parquet,f5f064ed21b95748a600f0ae9426507d72fe44c702fc90f7e9edb70af08f64ce
strategies/H011/unique_01104/README.md,c95a94d93840c8a86e08eaa41615fe101bfd6961efb28b79fd4849a66cbeb2b2
strategies/H011/unique_01104/strategy_definition.json,e59f155b01c015cb0c11b3767946450e0c8c5f3d2039a9d18add7c03ac24500c
strategies/H011/unique_01105/daily_evidence.parquet,7d8faf0f96e573c61979fa24c1ee3533867f0ac1721251187706e96fe090706e
strategies/H011/unique_01105/README.md,8f7edfc0b169592d099da88ab7725dd3a12c233a49aa75d8ba63c9803e254a5d
strategies/H011/unique_01105/strategy_definition.json,a6e151f2659bd5ee828d33b5baee14c0ca9f2405f2ab45134a1138af8ca84ea1
strategies/H011/unique_01106/daily_evidence.parquet,ca6c9895309755ee7f1d415c1b70ee376a3d286d909cb64b65f100f8fde45962
strategies/H011/unique_01106/README.md,2c8c0200403e19600f5baae6cb25e73bf9a0e2dd755d1323045eb60b8c7b4f13
strategies/H011/unique_01106/strategy_definition.json,7904ef04cc58568143d5be483c00f0b510f37b615e7eb4ff846a2f25d2011c3f
strategies/H011/unique_01125/daily_evidence.parquet,83d1dee09d1456af93eeb0846721dfbf0c12c49e9209f88e45323ee90e7fc135
strategies/H011/unique_01125/README.md,90b6db13639767205bc04b00256d50968d928d86c789f5be8419bcaf2e032426
strategies/H011/unique_01125/strategy_definition.json,8537f301d8c7959ffebf9d209f7dba56a5c7af7824ac389ca1f68ded65537375
strategies/H011/unique_01126/daily_evidence.parquet,6952edb01a28175b3ac74eb0d835d3553a7525fa6f73900c4d5ce3de88e261ec
strategies/H011/unique_01126/README.md,f88606e73840d1e14e44a3a2aff56332a44d8244f85fbd4a6f042129afad0625
strategies/H011/unique_01126/strategy_definition.json,0563f7d7ad1b30c0114f2d427446f78aa6bb23269e07136e5a1988f14a803fba
strategies/H011/unique_01127/daily_evidence.parquet,8db53e4fc09c35fd23076de55b5bf080ce858d3971586d5473998b20d04a2b45
strategies/H011/unique_01127/README.md,93bb695a0079527ba0fd41a8df8b5cc1bc8cd23f34bb8e26768451d0cc8f197f
strategies/H011/unique_01127/strategy_definition.json,dee0c9cfebfd6025ab1b1df8a02e160e5dca464b02f230dfdec119106ffb8f0a
strategies/H011/unique_01128/daily_evidence.parquet,3120539adb0068b50341f1658b307a88e5d442853122c67a5eab6542a0a9e5ca
strategies/H011/unique_01128/README.md,d6cbf3516738453305cc8887904f028b975fc1bbcf764460c7a3bc5b3392febf
strategies/H011/unique_01128/strategy_definition.json,f0567680569da2842233473bd2e054b5dc8620786b1c9039fdc8e930aa8bc368
strategies/H011/unique_01129/daily_evidence.parquet,fb0a78c682a18490acc00057840f9e4a151cee41442f76120591959ee9774105
strategies/H011/unique_01129/README.md,4894cd3741646f510290cd5de4a419c2b25df4c464f58a74417b4084dcd533ee
strategies/H011/unique_01129/strategy_definition.json,4e935af131dd167b3497ba4cf2a6e597799ae7cec88d7a81e6319ed6c935ca65
strategies/H011/unique_01130/daily_evidence.parquet,e40d9713c87b476ebc7ee911e29110584fb3fe6c83d9e79602d81c896cd94868
strategies/H011/unique_01130/README.md,bc9ea1853c85321b3d039b490801e5cca1b50f43aae28205a736aa55de7e0557
strategies/H011/unique_01130/strategy_definition.json,03e2e67670644fb93a4086c0d5f5a068b4da993c7b3671046c4393cdb30632b2
strategies/H011/unique_01131/daily_evidence.parquet,f169425e2ce0225588140c2a64c523514f6bafcf92aac5e476dc6f578b597342
strategies/H011/unique_01131/README.md,a85b0106e5f03bb377a149cb4cb40f5d6d4effc2ccf02240883e2210d8a0fd2f
strategies/H011/unique_01131/strategy_definition.json,bf545d2104000fe39364b0a133ac2da827d55116a5c5567a7ec217e26e7cd653
strategies/H011/unique_01132/daily_evidence.parquet,c52343c42e4155e64f66f687db7f504d03c2db0fafa63a1b0bba41499092ae1c
strategies/H011/unique_01132/README.md,d907663843a302b9aa3ec9138cf502ddf22cb97d4dedf48772b885113b1691a2
strategies/H011/unique_01132/strategy_definition.json,7044b401cc55a6ce7f26b9e0e6d68491aec0aef59a73f7a42346a62221973ab1
strategies/H011/unique_01133/daily_evidence.parquet,ca6c9895309755ee7f1d415c1b70ee376a3d286d909cb64b65f100f8fde45962
strategies/H011/unique_01133/README.md,1c2e6563695c62eabd23b6787b4cfc65d479eeb7490a9070309bf1e50c6706b0
strategies/H011/unique_01133/strategy_definition.json,c0661835edf1b3817b7734acd4c4ce544b695aff7f70d78d709125dc6ef89644
strategies/H011/unique_01152/daily_evidence.parquet,ebdcf0543e948149c5e520bf6bc619860eafaf89dc213f6ff06652064cf14830
strategies/H011/unique_01152/README.md,37a3ba48245efbfa1d5f805e9518be119224a6a5edc4acd28493b3152b39efea
strategies/H011/unique_01152/strategy_definition.json,ce64f72bc74b58861790d557470a752ab7dbcd85c745edeae377f4287c804954
strategies/H011/unique_01153/daily_evidence.parquet,1df8b16cf3f9b76046d165ce80978656f3e266a79a99168e9bebc44b5220774e
strategies/H011/unique_01153/README.md,e59f285fc0f442e08cf0fa8796d0b453d24921503b44fe749762c7559c3c5cea
strategies/H011/unique_01153/strategy_definition.json,5998473d28e338a5779b302891647ff2794d59db5bf437d54afa62bf4e9a7537
strategies/H011/unique_01154/daily_evidence.parquet,c2ff6f55f7300ffed21e72d1c961ca20db7d59530089eb9466fe0406102dd47f
strategies/H011/unique_01154/README.md,a0304c4f312e06d38f0bcfe7ec44d7e36b91565f5c3dc8e13553a084ad8e5743
strategies/H011/unique_01154/strategy_definition.json,2350576d1aa3f77131664054e800773bcc67335848daae91dce862bcf7218773
strategies/H011/unique_01155/daily_evidence.parquet,49ec06f11ac68e42c90fd2082dece8934b81972cfc2f2e628ca37d47a178a944
strategies/H011/unique_01155/README.md,9c4ba6bf196a0a5fa8b0741f2960dc53f38a9ac77eeed19d8ce0028fdb7eb124
strategies/H011/unique_01155/strategy_definition.json,13c697ddb211101c55e1e982afb34e7438d64d6b377bcc49a12d87d3ec5847b7
strategies/H011/unique_01156/daily_evidence.parquet,5f4b8d8e8070d68ed89a8b7ca7ed25177e67b59c93b9343d26cb77e0f1c49cf3
strategies/H011/unique_01156/README.md,43dcc67b1618ed7429af275b1d259d01323e180bfcc4b5fa9b50b48c62660a28
strategies/H011/unique_01156/strategy_definition.json,16046abba8ad5d52b5084a0e4a822155455f4feb9e3acdbe4b34bc39f2563e96
strategies/H011/unique_01157/daily_evidence.parquet,ca6c9895309755ee7f1d415c1b70ee376a3d286d909cb64b65f100f8fde45962
strategies/H011/unique_01157/README.md,0e3857f4b0b77624dbf5da41fb703f078637f3258961ef697b8014699a95a49f
strategies/H011/unique_01157/strategy_definition.json,64bdd7ef18f497857eeb15875d144fcd01eed51a6ffb896d90c405901b0ee92f
strategies/H011/unique_01158/daily_evidence.parquet,6b0334eedac15d00a506ad41b6d89d2d5fb90a59d75c5dba0ce8df764f9c9a5c
strategies/H011/unique_01158/README.md,ee2302dbf2fd975bfe191b8dc548d7985b32e1aec73820d0b3e79838596b3b9e
strategies/H011/unique_01158/strategy_definition.json,c76ca754dcfe74b74b12f323f8484906df5a762d64ed67404e43a9ae0ebb23ab
strategies/H011/unique_01159/daily_evidence.parquet,ca6c9895309755ee7f1d415c1b70ee376a3d286d909cb64b65f100f8fde45962
strategies/H011/unique_01159/README.md,4d777e1a52c347063b2889c85ce9b3e1d93b357ff727694b9d56e2262fc3933e
strategies/H011/unique_01159/strategy_definition.json,057fdc5b6dc6e0bee85d264cd4ad2a6f4aacf03fc86f4c2d2e04509f11e099fc
strategies/H011/unique_01160/daily_evidence.parquet,ca6c9895309755ee7f1d415c1b70ee376a3d286d909cb64b65f100f8fde45962
strategies/H011/unique_01160/README.md,3ce1c705a9cddc83f17c5dd93db3be69c8cf9300b814c03ef674f9f2ea92f88b
strategies/H011/unique_01160/strategy_definition.json,46870e4cc28e01ea5c37e90b66d295834895e102fbbc10d04e726829efad5f9e
strategy_index.csv,0a35f1b5a95f4773dede3e3eb86eeb6e1f18baefd52a539b0685af9d3406c5eb
