path,sha256
evidence/all_strategy_gross_returns.parquet,631a5a6a3308aa9d48f714cc5679b59810b2e85519d50fddddbee33fab3746b0
evidence/all_strategy_net_returns.parquet,80c37a8f1ec1a888bcebc554d42313a241683aba7d39f99e5bd0d2891beb4b44
evidence/all_strategy_trade_sides.parquet,4d9f78f8d2bdf4be2648592c97e12cb9ec7d51c7d4347720500760b2d50390b9
evidence/cost_stress.csv,d9986f4a95fc831ac7bef149c36992efd3426de7549580b0f3d460c73e3ecf5b
evidence/fold_audit.csv,c2d82d6f08cbb00ab1dcc996b86f3fd822646ca69d3ad5bdad2373696a1d00a0
evidence/run_manifest.json,50216c880fc7a7d68e487dee2815379f03121df5a09b82fd4834ac8cc5c08f02
evidence/strategy_registry.csv,6a39b754a320b8e5c6e924d4a28aa8ab5e966f66acbbf3517cb7cfb3a9848d54
evidence/walk_forward_portfolio_returns.parquet,07eeb60108cec508932b93187d4032bd4979e78efc8533b8f6ee8ff5a2951af3
evidence/walk_forward_selections.csv,cb7fe05f19459f9c7a108920bfd358c224e43699e35be8adeddb35e865289f3a
MASTER_INDEX.md,28ebe5b98ba506a0cdc2f101185bac5ec8ce3b3ed9c703d83909973d436cadd9
source_snapshot/pyproject.toml,75cece59e3e9fe788de8b6beef53e6b3d577e63c4e2d8f31db9dd31e42808649
source_snapshot/research_program__hypothesis_registry.csv,7165dde82e5d2cd8f821ef745582e7f8c8b84f18ac095d63433c0b96b746dce2
source_snapshot/research_program__RESEARCH_LOOP_PROTOCOL.md,7155dd3324028f8cd2704d7e9cf02eeea3aa1ce09bfd77db4af0e26782a5180a
source_snapshot/src__systematic_research__pca_residual_reversal.py,a51ab71562dcd9d13823a2d37dd9a2c64abccc72a1bc35980e5f3ba431018929
source_snapshot/uv.lock,fcf2f208a4f0f6b11830ec6f32e9a209c99bde8bd014c452ea72dfb760de4f66
strategies/h019r1_015m_train20_threshold1p25_confirm1/6E/daily_evidence.parquet,1fa20d27b087f480fa91cc83bdc4851a9cfd9698f38d172cf673e0673e597db5
strategies/h019r1_015m_train20_threshold1p25_confirm1/6E/strategy_definition.json,99d110177234f8e15c60ea698af24366ec75076b570986d5c402513067ce1efa
strategies/h019r1_015m_train20_threshold1p25_confirm1/6J/daily_evidence.parquet,7eb582101e54e459ed3387afc656534efdc47751d7bbc9444cf0e76ddd323584
strategies/h019r1_015m_train20_threshold1p25_confirm1/6J/strategy_definition.json,ec6e7e7cf697d33384c0d1ab7d4d1bfbd4992088e717cf17cc28463bd9f974f3
strategies/h019r1_015m_train20_threshold1p25_confirm1/CL/daily_evidence.parquet,b7a681a771422735805eb1ede4067764f0f13db29c0c7de04f41df3eb87e2c40
strategies/h019r1_015m_train20_threshold1p25_confirm1/CL/strategy_definition.json,72f885bfdba7ef02e70c5cf95f871be5b4ba7e80175f5ec42f2c099c31e3a318
strategies/h019r1_015m_train20_threshold1p25_confirm1/ES/daily_evidence.parquet,3b1cdb8ad8883dadc95de931ae71ca81dc0bf02244140947c2c38b5e7aa06542
strategies/h019r1_015m_train20_threshold1p25_confirm1/ES/strategy_definition.json,ca0b55e8756690ee6ada6247d9fde8bf6a48b8831c6c30a2b042fe07ef4deed9
strategies/h019r1_015m_train20_threshold1p25_confirm1/GC/daily_evidence.parquet,03085151ba45e38c6c5b18e0d8668974b5b40874c18e846429b453cae03cbc56
strategies/h019r1_015m_train20_threshold1p25_confirm1/GC/strategy_definition.json,7efee2060fecdf2f801944993325a56b7b698ff1fc025cd7f5e4ad1641f74faf
strategies/h019r1_015m_train20_threshold1p25_confirm1/HG/daily_evidence.parquet,7920cb16cf577537d941939c7b6bde421fe3e69ff5fdbdd437c9c297caf2cfcf
strategies/h019r1_015m_train20_threshold1p25_confirm1/HG/strategy_definition.json,aacd031fa9587a8120b6e8416883b7979dd56fdd0202b9423427ba12112122c0
strategies/h019r1_015m_train20_threshold1p25_confirm1/NG/daily_evidence.parquet,ec3fe5486b11812bd49ac9dc148fdd335b9f669a5dd837f09d71d096282f2217
strategies/h019r1_015m_train20_threshold1p25_confirm1/NG/strategy_definition.json,e25b2b4ecb7ce858f55aafae428b0621f481d60220643b51f87b457d774ddbb3
strategies/h019r1_015m_train20_threshold1p25_confirm1/NKD/daily_evidence.parquet,a93c86ad0e40fbd6fe9b4559c2f403f76325805c8cf9eb554c5b44c316e5676a
strategies/h019r1_015m_train20_threshold1p25_confirm1/NKD/strategy_definition.json,a6cf85c093be0e18787ffd711dc8a4345e3a3739544152c65df9d0145dfb21ab
strategies/h019r1_015m_train20_threshold1p25_confirm1/ZC/daily_evidence.parquet,8a675459bd443f114d7b364935f4cb097a15e01d014cdc10ea29a55121f2f2f0
strategies/h019r1_015m_train20_threshold1p25_confirm1/ZC/strategy_definition.json,0a2c630b40bbbed65e8533824012dc42c1d802dec3a0314e1cffeb401a061f40
strategies/h019r1_015m_train20_threshold1p25_confirm1/ZN/daily_evidence.parquet,a4ce0f8e114546a4ef662ad0764facee45b980df13d4ec6c2d7ea66d68f960f8
strategies/h019r1_015m_train20_threshold1p25_confirm1/ZN/strategy_definition.json,9efd2c4293726a661ef41f54ac1fba989c08b8e7a169a7419b162bdb7c51823d
strategies/h019r1_015m_train20_threshold1p25_confirm2/6E/daily_evidence.parquet,a2fe0b4debbc01212eff003a5073d1ac929f4f1328205df96d1614b35201cb43
strategies/h019r1_015m_train20_threshold1p25_confirm2/6E/strategy_definition.json,247099c9f107b51520a8ffe62af51f73f4bdc859d54fdc780615e5d9ef007f00
strategies/h019r1_015m_train20_threshold1p25_confirm2/6J/daily_evidence.parquet,b9c4f71f341e0ce557a684984af2e9e01e9179af9edfe95620acd28dd853b96e
strategies/h019r1_015m_train20_threshold1p25_confirm2/6J/strategy_definition.json,401c938d55aacc8cecb324dfae21094698be9504c7f1f4cb6cd7ad001ed26a8d
strategies/h019r1_015m_train20_threshold1p25_confirm2/CL/daily_evidence.parquet,e82a620e97b33e4e70645a2a13050e3962ce472c448810d8e9bdb754495640d3
strategies/h019r1_015m_train20_threshold1p25_confirm2/CL/strategy_definition.json,d2df3fc085ad7f9f5f801e6963926e13699c76fea8a46fd3e56eaf1db246775d
strategies/h019r1_015m_train20_threshold1p25_confirm2/ES/daily_evidence.parquet,12f96454fabdc86f5e6d451b178e85596c22ca737d8f21b0ac654b07ef54e8b8
strategies/h019r1_015m_train20_threshold1p25_confirm2/ES/strategy_definition.json,b57a53384f1ee7d758bd4054fbdba2da6938def435333c0dd044a35e643f8a82
strategies/h019r1_015m_train20_threshold1p25_confirm2/GC/daily_evidence.parquet,be52fe1e90bb9609f34c99f01306b70e3d11fb9f88104aeedb52c594f4d3192e
strategies/h019r1_015m_train20_threshold1p25_confirm2/GC/strategy_definition.json,541b441fe2f32859420a16dfc54444968dccee8fa54fa1d92a17818693c60a87
strategies/h019r1_015m_train20_threshold1p25_confirm2/HG/daily_evidence.parquet,8ad49f3584dacdf8634407059f656434906bcac6e374c1f4562e5eb76c8e63db
strategies/h019r1_015m_train20_threshold1p25_confirm2/HG/strategy_definition.json,39a5d60b70d3c22b20cdf95af4901bff02755948a7e0109f17e914e2a6b10027
strategies/h019r1_015m_train20_threshold1p25_confirm2/NG/daily_evidence.parquet,b58662d6779faf29b4a901ffb01815b155631df962ff22e22b8bf4427d21058e
strategies/h019r1_015m_train20_threshold1p25_confirm2/NG/strategy_definition.json,9cd55beb6dab6548f350e4cdcfc8b3edbe0c0342656e48d5c34c3231d087cec6
strategies/h019r1_015m_train20_threshold1p25_confirm2/NKD/daily_evidence.parquet,f731401344c058f1777c6ea09c8ff7d37f18fb35a7d38e879e91d88c4d016f80
strategies/h019r1_015m_train20_threshold1p25_confirm2/NKD/strategy_definition.json,ad3c6a0d5d688d44043fc70e9cbef6679e9171666609461cb666794cfd06284e
strategies/h019r1_015m_train20_threshold1p25_confirm2/ZC/daily_evidence.parquet,c46ce41df153af4b283c84a89820cecab4a134f600611afc321051b9c3773373
strategies/h019r1_015m_train20_threshold1p25_confirm2/ZC/strategy_definition.json,4eea5ba22966728e4b30dbca12a667a3ce3ccc4df5e4b9098156cb39f0b46824
strategies/h019r1_015m_train20_threshold1p25_confirm2/ZN/daily_evidence.parquet,80ad74c764713bebf76e99586a0e1a387125cac9f48e24898942152a7b3a967a
strategies/h019r1_015m_train20_threshold1p25_confirm2/ZN/strategy_definition.json,398dedf656ae78c9dd783d68f8df3f1f196f17ced5dcc00f3895f77b89c62be0
strategies/h019r1_015m_train20_threshold1p75_confirm1/6E/daily_evidence.parquet,f9158fa89ca8d1aeeb0bb36b084811e5a29ffbc9429c20851686f5e0d1a2cb35
strategies/h019r1_015m_train20_threshold1p75_confirm1/6E/strategy_definition.json,e38c4397930f593d122819af0616aa918ae446d80643609faede053dfbb4bc63
strategies/h019r1_015m_train20_threshold1p75_confirm1/6J/daily_evidence.parquet,da5aa0575be0b9af8a81e981765489d17623835fdf8b2981ba9c82878fbc18ea
strategies/h019r1_015m_train20_threshold1p75_confirm1/6J/strategy_definition.json,bc5815a6a9e5ca6755259c9214984a13f9af2bc5bd0a360e9252535422769c71
strategies/h019r1_015m_train20_threshold1p75_confirm1/CL/daily_evidence.parquet,6d29ade2227f881c3e3e280344f7fd45585252a9cbefc340fd0ce06d4942a3fd
strategies/h019r1_015m_train20_threshold1p75_confirm1/CL/strategy_definition.json,da5a606c0c1b144a2382398fdabc105acee2e3b32c5f7b47e03dceaabb607282
strategies/h019r1_015m_train20_threshold1p75_confirm1/ES/daily_evidence.parquet,2701e56de7aee5c4df967ae9ca9332893b2aa469a6183f0b60d83f6764f7fcc8
strategies/h019r1_015m_train20_threshold1p75_confirm1/ES/strategy_definition.json,7b2e7179079686ac8788bdd5aabea4e7ee1f2e268292a0d522fae59670484250
strategies/h019r1_015m_train20_threshold1p75_confirm1/GC/daily_evidence.parquet,89393fe8cdfb9c723b4c43f1696aeaa855c0fd00a58e860fd57d58c5cddc091f
strategies/h019r1_015m_train20_threshold1p75_confirm1/GC/strategy_definition.json,856e32dbe1102513fd9fa31756d8867faeae6f6bc96d93f9cc3dc767fa3bde80
strategies/h019r1_015m_train20_threshold1p75_confirm1/HG/daily_evidence.parquet,28202382b5f3508d511e76400c1fad1702e5e6e1056a34e56fe3afc9e7410845
strategies/h019r1_015m_train20_threshold1p75_confirm1/HG/strategy_definition.json,93cbb2f6a4d1d86cee85a492c55a7fd49b356b79c432d90b5a29d89cb20f248c
strategies/h019r1_015m_train20_threshold1p75_confirm1/NG/daily_evidence.parquet,50bdbaa735d4318a27e9761405a8d94dc9d2a4ccc1935a5012603a73d4a81f0c
strategies/h019r1_015m_train20_threshold1p75_confirm1/NG/strategy_definition.json,2b39a1704ce0804c80fe9261b38d799aa3add2fbeb70008fb66056363db7d035
strategies/h019r1_015m_train20_threshold1p75_confirm1/NKD/daily_evidence.parquet,92c43b27fb8899e6faaa08ad07102a680f1ac0ce8ac3185721265a37e3164641
strategies/h019r1_015m_train20_threshold1p75_confirm1/NKD/strategy_definition.json,7b6896f3ae0259a776ca82eb6674990df5590abe41eddd8d036bee25c0b27086
strategies/h019r1_015m_train20_threshold1p75_confirm1/ZC/daily_evidence.parquet,d9b306f0dde31b6a54bc5ec4019b10c93d7e7e95981bba07273b3e098bfbf539
strategies/h019r1_015m_train20_threshold1p75_confirm1/ZC/strategy_definition.json,b75903ca89c0c1f73bb51e5170e5c6c157e720bbc93d42f82f54157c00945023
strategies/h019r1_015m_train20_threshold1p75_confirm1/ZN/daily_evidence.parquet,925429ee07182ea18d4adeea9f8268467b143801d58e577d724282be75179817
strategies/h019r1_015m_train20_threshold1p75_confirm1/ZN/strategy_definition.json,bdee67f9eb581dbec99f580c276d3b77f85e57945e668f008c9eb1b75edb322e
strategies/h019r1_015m_train20_threshold1p75_confirm2/6E/daily_evidence.parquet,d563b8afec1bf37d4eb92605777cc28c67c32f266289b1eb7d007673e31f7c42
strategies/h019r1_015m_train20_threshold1p75_confirm2/6E/strategy_definition.json,3c70bfb751e7fb12043ac1edcdc040dc91c3ed025b21d56f97cb9ea99e85b2b9
strategies/h019r1_015m_train20_threshold1p75_confirm2/6J/daily_evidence.parquet,8cb756dfea38f92278b60ab1f21a59f5c12a9857674362fc90493d8840a55da0
strategies/h019r1_015m_train20_threshold1p75_confirm2/6J/strategy_definition.json,a24d8c20cb0a5c9946fa5e21846f2cc07332108d47c798f53b554069c9c295da
strategies/h019r1_015m_train20_threshold1p75_confirm2/CL/daily_evidence.parquet,d59a345ab2ef87d98dbbeff2404ffb07587d351447002c68e47c3d29ccbb3f38
strategies/h019r1_015m_train20_threshold1p75_confirm2/CL/strategy_definition.json,6e8aab9aa892b917b13b18bf539f7342880b37aac752619fe562175ceb9436b9
strategies/h019r1_015m_train20_threshold1p75_confirm2/ES/daily_evidence.parquet,63ec4405bb513a9aaa8485b52f46c797adfbdcd99e7ee6850df55d94e54c4a22
strategies/h019r1_015m_train20_threshold1p75_confirm2/ES/strategy_definition.json,0b2b2f1fb0d8d3d8da50470985091939e5e8055cf9e75bdf4679ab64deea5247
strategies/h019r1_015m_train20_threshold1p75_confirm2/GC/daily_evidence.parquet,c4369ed585cbcfca8b09298f932c6cd0749dce959fdce738a0e34188987de724
strategies/h019r1_015m_train20_threshold1p75_confirm2/GC/strategy_definition.json,9a52e2807179453c5d58c4a47dcb1e4c19940edb82952e3ad4dddddf4771f150
strategies/h019r1_015m_train20_threshold1p75_confirm2/HG/daily_evidence.parquet,42dd135accc1a52ad237cb52a610f73d2c9b8f9910cc7e39c32fa24342fdc5a6
strategies/h019r1_015m_train20_threshold1p75_confirm2/HG/strategy_definition.json,761113e1a1c5ba2a6cf7201607689aaff1545b431afc280519f930d1fd478410
strategies/h019r1_015m_train20_threshold1p75_confirm2/NG/daily_evidence.parquet,2c11bfaab40970f52241d7186efb9bc2f2a4eb1523114639f5e9dcc69fef57bb
strategies/h019r1_015m_train20_threshold1p75_confirm2/NG/strategy_definition.json,cda5c4392ea1b5ed4644785f524d7c103aac7b4532d35a2c33e9a5502538e81d
strategies/h019r1_015m_train20_threshold1p75_confirm2/NKD/daily_evidence.parquet,d092d6813ab15c8080fdc0c3fc097933e7064adf07972178a739f3f3d13f0496
strategies/h019r1_015m_train20_threshold1p75_confirm2/NKD/strategy_definition.json,7be47206954014ad97c60a48cf7d4f34f697ed2b5883c8644f922c4aaa705d4a
strategies/h019r1_015m_train20_threshold1p75_confirm2/ZC/daily_evidence.parquet,e6ef805d5dbebd240587ba6ac21a9098a4f67f480fb9b0391aeb20094220b6d7
strategies/h019r1_015m_train20_threshold1p75_confirm2/ZC/strategy_definition.json,b2073fc1e38a8c2a463e17646d9afa52a45e4dbfb1b84c7fca3612bc4d5a136d
strategies/h019r1_015m_train20_threshold1p75_confirm2/ZN/daily_evidence.parquet,3b0ae303a3339b64dea8688623ad79247b4db8e48af57b3edab165df4e876e8a
strategies/h019r1_015m_train20_threshold1p75_confirm2/ZN/strategy_definition.json,9aaff1fccf1afa25cb8972f1f609140d919ba1b1a2ce42817c04a4f54c3d1ac3
strategies/h019r1_015m_train20_threshold2p25_confirm1/6E/daily_evidence.parquet,21acd4d8988bacca970c00cc54f9aa108f4f3afe5e32ae51d139218ceabec946
strategies/h019r1_015m_train20_threshold2p25_confirm1/6E/strategy_definition.json,7ff13293060755e0fbb580c5036fa5248cbbf14931308b1ddea265462868195b
strategies/h019r1_015m_train20_threshold2p25_confirm1/6J/daily_evidence.parquet,b54c9d82761746e167a65e9141467ced9ac071f7f62bb298e6ca351c5cdd601f
strategies/h019r1_015m_train20_threshold2p25_confirm1/6J/strategy_definition.json,61425a96f2b297ba33d52f9caee093883172aa17d7920459fec477a8c86f6de1
strategies/h019r1_015m_train20_threshold2p25_confirm1/CL/daily_evidence.parquet,e628d8465d791e052a86fd572885a2bf89269baf656d2acc13ef5cdac5267ad4
strategies/h019r1_015m_train20_threshold2p25_confirm1/CL/strategy_definition.json,30c394ded774b7df4f810dba3d86358573cfadaaa7c78d8b07254d8c50544576
strategies/h019r1_015m_train20_threshold2p25_confirm1/ES/daily_evidence.parquet,a7d3763641cf141ea79d4fa96b5eee6005806b92b905ce64c4bfcefdb3843d9c
strategies/h019r1_015m_train20_threshold2p25_confirm1/ES/strategy_definition.json,7f160e2a03db6b9864c5f4a0168130b146ed0ac2e1fedef9e8a917854903528f
strategies/h019r1_015m_train20_threshold2p25_confirm1/GC/daily_evidence.parquet,62faf837a883ec598b82e2b3780a1e7143ec7d438851d211682f9dccb39295a4
strategies/h019r1_015m_train20_threshold2p25_confirm1/GC/strategy_definition.json,6db452893643435a1856a02340bdd84cf7048305df48c520c70fbf4c8af50c9d
strategies/h019r1_015m_train20_threshold2p25_confirm1/HG/daily_evidence.parquet,c7bd0f5d81704b91ae59dc3712e2b2a13a1048f901d907798137f60cdcc61d3f
strategies/h019r1_015m_train20_threshold2p25_confirm1/HG/strategy_definition.json,05f00bd984e6c5f558f4de6e422cc43fa774b2b28658a2d1169d0c8121751fb9
strategies/h019r1_015m_train20_threshold2p25_confirm1/NG/daily_evidence.parquet,0ece8a491027368c0d71fe35244bc6b01dd15442d5a45bef9989940aa2dd1146
strategies/h019r1_015m_train20_threshold2p25_confirm1/NG/strategy_definition.json,78d9400df772a4e91ddb3656d577ec78d96d975aad06f0a059220989a36d1278
strategies/h019r1_015m_train20_threshold2p25_confirm1/NKD/daily_evidence.parquet,d11454e678006795a9a36dfbd9877f265867a4fd6908b6ff2d97b383b05d17f2
strategies/h019r1_015m_train20_threshold2p25_confirm1/NKD/strategy_definition.json,320a647ae91010c45974a3a595bea90dc8a2a4ffa87099b110630072a2dea887
strategies/h019r1_015m_train20_threshold2p25_confirm1/ZC/daily_evidence.parquet,795a477da82651812058028158e16203f482d6f658b14a7ef0ea8a3ea8d5371d
strategies/h019r1_015m_train20_threshold2p25_confirm1/ZC/strategy_definition.json,6311c07b1de834d87885e421845e67f32602911c9f8e04646afe35bf58612b81
strategies/h019r1_015m_train20_threshold2p25_confirm1/ZN/daily_evidence.parquet,6e988bc66efeb9b8cd946dc8ffff5c68966b060f429285885b1b6436b62b1d5e
strategies/h019r1_015m_train20_threshold2p25_confirm1/ZN/strategy_definition.json,e7df67f719b21ab1d1f9350d0432a8eedbf06e0960fa29c2fa05253915f08bfd
strategies/h019r1_015m_train20_threshold2p25_confirm2/6E/daily_evidence.parquet,fe53f6d004a97e2743d9df7a45ac9f74abed60d1fd32c41f330058f9a6c4e765
strategies/h019r1_015m_train20_threshold2p25_confirm2/6E/strategy_definition.json,9a17b52b736bbeb63eee3707d539529e735498b34faa41dd688746decb34bce2
strategies/h019r1_015m_train20_threshold2p25_confirm2/6J/daily_evidence.parquet,3323badcd34ddd8dc70eaa5d2fd349a1ae2a356a23fdd57ad65d9e04ed096f62
strategies/h019r1_015m_train20_threshold2p25_confirm2/6J/strategy_definition.json,2f1aac38318430380fda72cbd3ed6b7ed147884887febfaa6dde3761a18ebc13
strategies/h019r1_015m_train20_threshold2p25_confirm2/CL/daily_evidence.parquet,72190be1b8b2b83a4822948fd98f25de77f23f50e92c89bb84b12f9983be0ef4
strategies/h019r1_015m_train20_threshold2p25_confirm2/CL/strategy_definition.json,760d3170f4d7d956a1c80f9e6a0a73f11881760385d729c87f1dd411044a3be7
strategies/h019r1_015m_train20_threshold2p25_confirm2/ES/daily_evidence.parquet,9f2c452aa18ccd8e79366f725464580f35624278f2edc15f17f23fc184cbd412
strategies/h019r1_015m_train20_threshold2p25_confirm2/ES/strategy_definition.json,4988a1d860a904aaed4dd0f69413974d26fdfaeea623026e43d70fb01779a906
strategies/h019r1_015m_train20_threshold2p25_confirm2/GC/daily_evidence.parquet,78e3a7cd06221212ff9b4bd5ef008ae5d4891ca64a0da84d9658738c3af9463f
strategies/h019r1_015m_train20_threshold2p25_confirm2/GC/strategy_definition.json,a443abca96a944af53b873237e35f082d4c54fa32b336d519d2e385a50ac4d92
strategies/h019r1_015m_train20_threshold2p25_confirm2/HG/daily_evidence.parquet,9439132e9667282ae046c6f698bb78a674aab2f05871a6ae4da66e64ec642ded
strategies/h019r1_015m_train20_threshold2p25_confirm2/HG/strategy_definition.json,d35490646323c5be4a386c64602421a7c4c399ea32b9d574279d9c8e92144d40
strategies/h019r1_015m_train20_threshold2p25_confirm2/NG/daily_evidence.parquet,061ded812e6cab5653729f71ac850ab504cba93da990dec4be9e664c902c6766
strategies/h019r1_015m_train20_threshold2p25_confirm2/NG/strategy_definition.json,1f6023e1549b07d4bf9190bedefbd2c9a7fc2eb134ac8aeae6b5a13f8e6e4bfe
strategies/h019r1_015m_train20_threshold2p25_confirm2/NKD/daily_evidence.parquet,212089ec2e02e8de4bab5b691cb7fc0cc1364c3f09c4747a79754afd2927c810
strategies/h019r1_015m_train20_threshold2p25_confirm2/NKD/strategy_definition.json,d927dbf9356b9bdf0c0f651a7f1ae5711eda592cbdac38c48866c1e539384220
strategies/h019r1_015m_train20_threshold2p25_confirm2/ZC/daily_evidence.parquet,a5bfc23174b79ad5c5cb2196329fffa9127dd8ae86a7f74ae8e56c7e69a17221
strategies/h019r1_015m_train20_threshold2p25_confirm2/ZC/strategy_definition.json,070c7a27f61685cc115fff6a2949f62c99513024a2770399b4d91eccd55a49b9
strategies/h019r1_015m_train20_threshold2p25_confirm2/ZN/daily_evidence.parquet,c00495e18dcf201f7066d9e9c702f860bc30325861259539f869273477c0a5e9
strategies/h019r1_015m_train20_threshold2p25_confirm2/ZN/strategy_definition.json,8ff08d19d20d4681d8327133669041abb1b08508eb6baff18d501b780c3715a5
strategies/h019r1_015m_train40_threshold1p25_confirm1/6E/daily_evidence.parquet,df511e6ca15d85d41275cb1105eccd5660fd18534ab48bc4a423242ea3f0271b
strategies/h019r1_015m_train40_threshold1p25_confirm1/6E/strategy_definition.json,e68e141cff502bdcb2a317ed3c6134205ee4d2597b7ec61c86f245cd9b9c3bbd
strategies/h019r1_015m_train40_threshold1p25_confirm1/6J/daily_evidence.parquet,77bfcf3ba38578d287f8adc82b46b35069759e6d446eb83005540f9596f25395
strategies/h019r1_015m_train40_threshold1p25_confirm1/6J/strategy_definition.json,5ba4be749a40321cb2db98666626f8b6e749c73b3c1440519db1c2f1794cd62f
strategies/h019r1_015m_train40_threshold1p25_confirm1/CL/daily_evidence.parquet,620732e2efc0ebf9198d4799b464b36d80df911875ba9b5e7f44c6976a595742
strategies/h019r1_015m_train40_threshold1p25_confirm1/CL/strategy_definition.json,75d0173862531f0effd3ce9ac17e0d619048fcb250a8f0ee086b37f97db72cce
strategies/h019r1_015m_train40_threshold1p25_confirm1/ES/daily_evidence.parquet,3ab2008620efda9ce499f7a9b1dadb65be775f77b2a0a06e61678161babf10cd
strategies/h019r1_015m_train40_threshold1p25_confirm1/ES/strategy_definition.json,f9549c8e6951f584defb7cd942d7a3e98a9db040fe87a561f3e840a13c83d0d8
strategies/h019r1_015m_train40_threshold1p25_confirm1/GC/daily_evidence.parquet,7112ebb70cf6f229c33374b403e9bc3333672d1b512a66046aff66b6a21cffd5
strategies/h019r1_015m_train40_threshold1p25_confirm1/GC/strategy_definition.json,d09f421b6e1cbdfe3c5d8e3c458a9e5cf82a1ef086d8ec71c9703bac3b1941e4
strategies/h019r1_015m_train40_threshold1p25_confirm1/HG/daily_evidence.parquet,2fc914e150b65cb2b257f4aecf376c7d75d9d3e69b85f988e601646a10e46e7a
strategies/h019r1_015m_train40_threshold1p25_confirm1/HG/strategy_definition.json,2c65519506d0231359b58dcf660a3b39d245ea49309fdeaf89d6b00bad2c9484
strategies/h019r1_015m_train40_threshold1p25_confirm1/NG/daily_evidence.parquet,a628aca76e83918e23c8622cf986a2bf0925d8524cd9962bf1592e4bf8da13ef
strategies/h019r1_015m_train40_threshold1p25_confirm1/NG/strategy_definition.json,d6772c5595a7b51e7f75ad9867145577e5403b4000a6e20549e9b847f084ab12
strategies/h019r1_015m_train40_threshold1p25_confirm1/NKD/daily_evidence.parquet,137aa8dab70b70c978d1d2407430950fe599186a32b7807d5fc3106529f2ac8e
strategies/h019r1_015m_train40_threshold1p25_confirm1/NKD/strategy_definition.json,6f0c8a04efca06b12b09ff9614dbd4ef8282bc63c8122ba09cfa7e3f0325172a
strategies/h019r1_015m_train40_threshold1p25_confirm1/ZC/daily_evidence.parquet,85be3dc77dedd37afc9a439c205ac73638768ccc8c776899d070b9cb07c13fbe
strategies/h019r1_015m_train40_threshold1p25_confirm1/ZC/strategy_definition.json,aee336ba205590fa31b3b37da391f1b324407bf6e201e350de054519005a9402
strategies/h019r1_015m_train40_threshold1p25_confirm1/ZN/daily_evidence.parquet,de3092fa66b974b2d5a1316fd83c71829ee359be76f370ca1322d251eab84418
strategies/h019r1_015m_train40_threshold1p25_confirm1/ZN/strategy_definition.json,8af3095a5fa7acc70186ac6cf8c3358519588f2cc116d29d497fb2a0e879f62c
strategies/h019r1_015m_train40_threshold1p25_confirm2/6E/daily_evidence.parquet,b658dd9091a8b64a2de7cb052e29e11e297df408fd219ec557aba8cd87c75bf8
strategies/h019r1_015m_train40_threshold1p25_confirm2/6E/strategy_definition.json,7ae998e310969171fd82b979f2d2cd35848f7303dba3f3a8a6b270d7bead3f7b
strategies/h019r1_015m_train40_threshold1p25_confirm2/6J/daily_evidence.parquet,1039984808499c944ebf773c5b77a9bb75a95c45a9a1838d90727ea120b90925
strategies/h019r1_015m_train40_threshold1p25_confirm2/6J/strategy_definition.json,6cb3da569b7c8aea5fc97ffeedd46ce4f672045e4df0695224122f1c6722152d
strategies/h019r1_015m_train40_threshold1p25_confirm2/CL/daily_evidence.parquet,b618646003ce3e32ddbf63504213a68cedc72f646cbee3017e1aa2e387fcfa45
strategies/h019r1_015m_train40_threshold1p25_confirm2/CL/strategy_definition.json,1922e33a4b784c7d4da110e3e125e2989149d47604c0ecc3d940348fd45363a7
strategies/h019r1_015m_train40_threshold1p25_confirm2/ES/daily_evidence.parquet,a97e3f41886e0276c4e78315afeb791a8390d97bf4c13a03715183daab8af242
strategies/h019r1_015m_train40_threshold1p25_confirm2/ES/strategy_definition.json,9bf26e5a42045dd1fdfdff094a8d85cf1cb3d25a91d50285a7841dae5f03a012
strategies/h019r1_015m_train40_threshold1p25_confirm2/GC/daily_evidence.parquet,3787847696259f16c165fd77e8f68bfd86004bfff72d453aee29955f2a92a2ec
strategies/h019r1_015m_train40_threshold1p25_confirm2/GC/strategy_definition.json,ec06e828f8e1d88bad0dcbcc418d730c3ee98f14ed2eb44e76420a025251e8a8
strategies/h019r1_015m_train40_threshold1p25_confirm2/HG/daily_evidence.parquet,4ec722c69c10a00209f4cc7470d4a814c8aec9126dc9e99f97b493a90730150f
strategies/h019r1_015m_train40_threshold1p25_confirm2/HG/strategy_definition.json,4148342972c1398eb1c5004b0f888bc336aad766b753115a04355b68129a9c35
strategies/h019r1_015m_train40_threshold1p25_confirm2/NG/daily_evidence.parquet,49b6e490f1ac4317a2cad152ca5efb3cc4c487c39229f953b41ab22a3136499f
strategies/h019r1_015m_train40_threshold1p25_confirm2/NG/strategy_definition.json,0a50789d16ae769545e0d7314682709e0c11c13b9dc90521897fb7eb897b0a3a
strategies/h019r1_015m_train40_threshold1p25_confirm2/NKD/daily_evidence.parquet,11d66c77905bd8afbfd35c9f9842374cfe66d77a25be55c9b31757208a71f64b
strategies/h019r1_015m_train40_threshold1p25_confirm2/NKD/strategy_definition.json,270e1c5e8614cf4a13a48c7e89806a1c19a6d97bb754903fa0100014325d3460
strategies/h019r1_015m_train40_threshold1p25_confirm2/ZC/daily_evidence.parquet,2a866123ace4e38698ea1c83ecaaa8ac837f31fc31f1ba64ebe44fba88b5492e
strategies/h019r1_015m_train40_threshold1p25_confirm2/ZC/strategy_definition.json,26fc7ad4560fbbcc905596812b4989618d30dac091df07843d6582a8ca3a1dad
strategies/h019r1_015m_train40_threshold1p25_confirm2/ZN/daily_evidence.parquet,a96be6fbe7467569e74855c8e6c4c5f0cbc60fd3e06f75df8424906d6d6de4c0
strategies/h019r1_015m_train40_threshold1p25_confirm2/ZN/strategy_definition.json,a309eb2070305bde09eadf37ee46d94b4482942bea86c70baf8a1535bbbc396b
strategies/h019r1_015m_train40_threshold1p75_confirm1/6E/daily_evidence.parquet,b2848f42edebba9dc2747be90e98813191288d33939718e479070746df314de3
strategies/h019r1_015m_train40_threshold1p75_confirm1/6E/strategy_definition.json,5d65d14dc0371c8462811ee58b5327b4b43bb5119b28938e6a2757701611e65a
strategies/h019r1_015m_train40_threshold1p75_confirm1/6J/daily_evidence.parquet,ad32bbb10b148fc533d356e8392f1ec74d9db0a62cc9df55cf6cf82c346c5683
strategies/h019r1_015m_train40_threshold1p75_confirm1/6J/strategy_definition.json,02081613e09d7901045f44ba8faa88ab61fccff33fc8bd0fa31143a1050bb2ab
strategies/h019r1_015m_train40_threshold1p75_confirm1/CL/daily_evidence.parquet,e09ac2106388391e4452aad788ada6d77854099ae125056b9fb46026c6a98fab
strategies/h019r1_015m_train40_threshold1p75_confirm1/CL/strategy_definition.json,32a9b1b24f4fbc812899e18ed9dba93a2f79fd9133e21339befb4be476833a35
strategies/h019r1_015m_train40_threshold1p75_confirm1/ES/daily_evidence.parquet,30424d81140526912ed76e5d7a3d00a9d4230005dea5ee9cc0d8044d386bc7bb
strategies/h019r1_015m_train40_threshold1p75_confirm1/ES/strategy_definition.json,9850694a434dba957d22abc527fe6d33682257bdf6334e4ce6dc931a661e7cd9
strategies/h019r1_015m_train40_threshold1p75_confirm1/GC/daily_evidence.parquet,4880e37df8d9d55c047b3530bf6edf1562c749d95183696681416b7a8423399e
strategies/h019r1_015m_train40_threshold1p75_confirm1/GC/strategy_definition.json,8a7d5be4b8c8c0734c8ca4eda490c70b39ef66b366c0d073d5fe27177a6f49d2
strategies/h019r1_015m_train40_threshold1p75_confirm1/HG/daily_evidence.parquet,feefe726a4a965f1d3cb8d24310fd42aaa25448a54ea3b01bef0b9d7ccbc7313
strategies/h019r1_015m_train40_threshold1p75_confirm1/HG/strategy_definition.json,b2ac2480e1010609de5ebdd33db295b11acb21bd28e5a6d869b36687458f5ced
strategies/h019r1_015m_train40_threshold1p75_confirm1/NG/daily_evidence.parquet,056b84280e3f79d2f14cb153eabd4f7d50620e69aa41eee419d4dd8e71af9715
strategies/h019r1_015m_train40_threshold1p75_confirm1/NG/strategy_definition.json,2c082e078947e1c8e756ee2c54668b61ef377a3d7f11f03d005a83f32d2c6a2c
strategies/h019r1_015m_train40_threshold1p75_confirm1/NKD/daily_evidence.parquet,d8b2eaae8f69df8bbb5fe4359497218228bb9fb0e1c77ff31b1d2871c16ec35e
strategies/h019r1_015m_train40_threshold1p75_confirm1/NKD/strategy_definition.json,d3577d14516138c8f63abbf001286b7e207c952c92a3fbfc1daae039ad05b9e9
strategies/h019r1_015m_train40_threshold1p75_confirm1/ZC/daily_evidence.parquet,251231cad7d5b9bd03eadcf2d2547f97c446a563c7cc7ae7feb2038ce34d76f1
strategies/h019r1_015m_train40_threshold1p75_confirm1/ZC/strategy_definition.json,3db7bbf0ab0b7627e38356fbefbdcd4ccee665171460491aa837589c283ee9e9
strategies/h019r1_015m_train40_threshold1p75_confirm1/ZN/daily_evidence.parquet,a186b403b6990034acb743469ab14ecc5526830588da543a3183b471bff3f297
strategies/h019r1_015m_train40_threshold1p75_confirm1/ZN/strategy_definition.json,5530afd57391a3e9705f845f2ea039d6530aaf2f1d069e85729d4f2320b8b436
strategies/h019r1_015m_train40_threshold1p75_confirm2/6E/daily_evidence.parquet,3e52e338f350228d24583575f39aad280ff3dce8412d36a804cd1fd20e1e4ecf
strategies/h019r1_015m_train40_threshold1p75_confirm2/6E/strategy_definition.json,5daee59e8ec617bfb1f103bb4275d387e70cec5c557d016686893e08ba02aaa2
strategies/h019r1_015m_train40_threshold1p75_confirm2/6J/daily_evidence.parquet,4a9a35e1132306da04b962c45cbb6c377ae3e94a24a26ae65c011bced6500523
strategies/h019r1_015m_train40_threshold1p75_confirm2/6J/strategy_definition.json,24f2f7a72cfa04061bd50ceb8e42c211bf2fc33b0822b51e63383fa32b65122f
strategies/h019r1_015m_train40_threshold1p75_confirm2/CL/daily_evidence.parquet,5d0bc53445549bc45b39b46fac9a21bd30efe2d9ac4f07fc9e85e93365d85313
strategies/h019r1_015m_train40_threshold1p75_confirm2/CL/strategy_definition.json,179992558bb32009f10e64f47146bffbf4e40560c5a0642cb73300ec0ea996a5
strategies/h019r1_015m_train40_threshold1p75_confirm2/ES/daily_evidence.parquet,b02ba738771cbc7e3093792d7b3709241ed00b988c8bc55613abf8a27bda17f1
strategies/h019r1_015m_train40_threshold1p75_confirm2/ES/strategy_definition.json,0cb3d59116b2d56f25c5003fbfe1534728691ee222b476fc1e45a69781b7b9f4
strategies/h019r1_015m_train40_threshold1p75_confirm2/GC/daily_evidence.parquet,ecb3d5c9597a33a3f5f1629e4cb6c10aee4d6f5e2ee0e78b4a0847a84f44218a
strategies/h019r1_015m_train40_threshold1p75_confirm2/GC/strategy_definition.json,21629b9a578d48fe1b19c8a3390ba13629a730117c5754da13ce2cb640ff8f8b
strategies/h019r1_015m_train40_threshold1p75_confirm2/HG/daily_evidence.parquet,e157d03f5d63891c35475edec2aae50a3c22a822f7810c6e58c3d637f135b388
strategies/h019r1_015m_train40_threshold1p75_confirm2/HG/strategy_definition.json,037dd33319e477529c430ac005cb3ca4bc79b2a77536ba5c5124f6a181e4c31f
strategies/h019r1_015m_train40_threshold1p75_confirm2/NG/daily_evidence.parquet,ac6738b10ad1043ec0f3a058311f4b99006169b3c6b88ccb4ede14c4412b0b41
strategies/h019r1_015m_train40_threshold1p75_confirm2/NG/strategy_definition.json,9c9252027a63495ce761a641975fe4bc12c39e2bbfffff9e3633e7eeafa17cf6
strategies/h019r1_015m_train40_threshold1p75_confirm2/NKD/daily_evidence.parquet,de2fa5c3159ab12cab6be1741a6e4ae5640faf682fbe8bdde890efc53180c6c8
strategies/h019r1_015m_train40_threshold1p75_confirm2/NKD/strategy_definition.json,0a09768664f0ebe2c4bbe3b153e9fa0645cc0c49d327264cc12eaa1412aff76a
strategies/h019r1_015m_train40_threshold1p75_confirm2/ZC/daily_evidence.parquet,3d6319d1c8d862ffa7fa567ec8c4b97cf53e8153d73ef0f3469a98c183f93821
strategies/h019r1_015m_train40_threshold1p75_confirm2/ZC/strategy_definition.json,d9e4dbfda47c5f56ff75beb883fe75d63c2b7796413d1cff4d43b7746431a683
strategies/h019r1_015m_train40_threshold1p75_confirm2/ZN/daily_evidence.parquet,d996a275ed7284347f7d4979affb10ae064981a3c0277b0960faf597b3150e41
strategies/h019r1_015m_train40_threshold1p75_confirm2/ZN/strategy_definition.json,dcf5f0437ae846dd4da74a596e300092357d94036ebc282df1ec0fbe3e610301
strategies/h019r1_015m_train40_threshold2p25_confirm1/6E/daily_evidence.parquet,9453363cde6eab9f64cf396dcd31efe9921009431382e890954bd5f3e62c1907
strategies/h019r1_015m_train40_threshold2p25_confirm1/6E/strategy_definition.json,10bdf9841ab2e877cdf0a621cf129e5a8d88d9c471287c45f5ce6cafd0e50842
strategies/h019r1_015m_train40_threshold2p25_confirm1/6J/daily_evidence.parquet,7cd7e9864f16fd7f774b675c020a7f15e4386f5d51fd17ea845e91f044d81503
strategies/h019r1_015m_train40_threshold2p25_confirm1/6J/strategy_definition.json,f7e607f11a574c59fcfb65f555e58b53c057f9b96a2c0f09246e7b4e443fdba3
strategies/h019r1_015m_train40_threshold2p25_confirm1/CL/daily_evidence.parquet,dba51a8260e30df491f9aa1de0de21cb2e0d5ab5b75deb89d9b01cb7f62bf8e8
strategies/h019r1_015m_train40_threshold2p25_confirm1/CL/strategy_definition.json,03e43bbffaab2f4741d89c8fca5f753c93699010a644f0fa5e5b6e0e903bfa5e
strategies/h019r1_015m_train40_threshold2p25_confirm1/ES/daily_evidence.parquet,174c741536befbf5a1aa2ee7f90e3c9c9f43f1656849b30962a1c1eb4b0b080b
strategies/h019r1_015m_train40_threshold2p25_confirm1/ES/strategy_definition.json,827e810d684bf6d181c3f1fe040f2320a8cef209ae27b2761d6981184e69169b
strategies/h019r1_015m_train40_threshold2p25_confirm1/GC/daily_evidence.parquet,1ad38df47ed81a22440a7168eba1f285c278843eca5c526380579aeaf18043a4
strategies/h019r1_015m_train40_threshold2p25_confirm1/GC/strategy_definition.json,d017f3621bec04a03011fd9725e3d57857a63de208b58e619de2f9baacecb48a
strategies/h019r1_015m_train40_threshold2p25_confirm1/HG/daily_evidence.parquet,e7133255060ceb74ecae99a4e28a01b01b68f3161e8a61ca6ae5e0ab8309dee8
strategies/h019r1_015m_train40_threshold2p25_confirm1/HG/strategy_definition.json,0cf2b97387a7992370a8544fbc2d07b45f5ea922e0934f5b514c78c1ee275473
strategies/h019r1_015m_train40_threshold2p25_confirm1/NG/daily_evidence.parquet,43a486f40e31d70096257fc6aaf252b62b3d2a69c8bf3247069ad2fdecc3151c
strategies/h019r1_015m_train40_threshold2p25_confirm1/NG/strategy_definition.json,35e293ed2ca9eb1925fc8a5ec35b07edfa5be01d8df3a110c0a3443a12dad2b6
strategies/h019r1_015m_train40_threshold2p25_confirm1/NKD/daily_evidence.parquet,ea26a0e8d4b2eae063d2bca58255150df13ed7a471ec6637e313502bef6292b0
strategies/h019r1_015m_train40_threshold2p25_confirm1/NKD/strategy_definition.json,1b6ed8ae504691012ca1ef5185b2c29da72d5fc47a6a0d3dc2c397826871670f
strategies/h019r1_015m_train40_threshold2p25_confirm1/ZC/daily_evidence.parquet,5c8760b1af4d3874d587293f1faddacb37442cf5ebd28f22f3984cf6e61b613a
strategies/h019r1_015m_train40_threshold2p25_confirm1/ZC/strategy_definition.json,4817e7b16b7d7392ebb8d1981ae3aba13c4111749e79ec24c3a00789e72f19ea
strategies/h019r1_015m_train40_threshold2p25_confirm1/ZN/daily_evidence.parquet,7e0c01ba4b62cb7d61541cac022e5c202085fb66b363ed3761782d8123f97742
strategies/h019r1_015m_train40_threshold2p25_confirm1/ZN/strategy_definition.json,79e2785788fe80b09d1646e5812a3324a92aef740fd6f0b128d3242ee87776d9
strategies/h019r1_015m_train40_threshold2p25_confirm2/6E/daily_evidence.parquet,ba5d7653f96a3e05a3ac32cc81e12a2f2e0924c574f5219373000efac219a841
strategies/h019r1_015m_train40_threshold2p25_confirm2/6E/strategy_definition.json,74f7614c3a08577c2a125f8484d5647ae6a7934f5949cebe7062a86cb05cb6d2
strategies/h019r1_015m_train40_threshold2p25_confirm2/6J/daily_evidence.parquet,b01a1e9e61cf324aa67ecdbc437aef2216fd14bb087db6a8036729de8325eadd
strategies/h019r1_015m_train40_threshold2p25_confirm2/6J/strategy_definition.json,c425d42d97698afdda66a67068faa6a9296695ee7854ba2cb34f3dbcac1fb563
strategies/h019r1_015m_train40_threshold2p25_confirm2/CL/daily_evidence.parquet,957fff3a837c8616a97fda5530fc9afd0bac4aab7d9427dbda64b004de43786e
strategies/h019r1_015m_train40_threshold2p25_confirm2/CL/strategy_definition.json,878fde6a63316b9784ab432f798cd74d0515ec548b1b8ade4615ef60806412b6
strategies/h019r1_015m_train40_threshold2p25_confirm2/ES/daily_evidence.parquet,41464b4547fa96a4d69ea553d03c4581d0b20c8dfec8705e053665d4ad133201
strategies/h019r1_015m_train40_threshold2p25_confirm2/ES/strategy_definition.json,652687f40f1af34443b351a255a4a81e4b7adc7f92be64252589d14c5cc3943f
strategies/h019r1_015m_train40_threshold2p25_confirm2/GC/daily_evidence.parquet,6900fe9f429e53514bdd39bf6ba1f0b2b8766d4e3888ab2674d95d7f1ca4f380
strategies/h019r1_015m_train40_threshold2p25_confirm2/GC/strategy_definition.json,2b81eab478a31944cfc00e0ee7e7c5b927abb34584459b69bd1dc9771c8cdce8
strategies/h019r1_015m_train40_threshold2p25_confirm2/HG/daily_evidence.parquet,428a494f70d2951820bf39162c89316a254270f5f31bb07fba727cbe74e5de32
strategies/h019r1_015m_train40_threshold2p25_confirm2/HG/strategy_definition.json,cd787167e5c182413d7c1356cf31added63e7e9b11bfae7e3a0a3d0dd808b190
strategies/h019r1_015m_train40_threshold2p25_confirm2/NG/daily_evidence.parquet,04aa06930fdcf2ebcd0db1312932e2dd10aa053b98d05920f5c083b2c63c81c0
strategies/h019r1_015m_train40_threshold2p25_confirm2/NG/strategy_definition.json,4e33cbd6c9b2c2a82301842bd48eeb0d9e8a06cb217bafe22aecde6aac036f54
strategies/h019r1_015m_train40_threshold2p25_confirm2/NKD/daily_evidence.parquet,5dcbdf287e094bea60e905564297981d2ab0aa01b22864cfe5bd63da9ffa3f5a
strategies/h019r1_015m_train40_threshold2p25_confirm2/NKD/strategy_definition.json,c160dd3180552b382bbec039df3a545b915fe5586557326c17da6b109bc66d2c
strategies/h019r1_015m_train40_threshold2p25_confirm2/ZC/daily_evidence.parquet,b285795ab2376fe5faaa3358a02c0e9c932624ffa794b1fdc151f3ead4880f1d
strategies/h019r1_015m_train40_threshold2p25_confirm2/ZC/strategy_definition.json,2992479a4c9d7231aaa29f88f0ad55802b7dd3cf65ef41cd3dc74f6249420cec
strategies/h019r1_015m_train40_threshold2p25_confirm2/ZN/daily_evidence.parquet,c0f9d0853a4f6ffd134ba1451710bf73219b4ad82d12a49504b0b1be37f86cee
strategies/h019r1_015m_train40_threshold2p25_confirm2/ZN/strategy_definition.json,f5cb64dc9f4d1610c438b3412d50fa58e712a1153b9466c95afcfe805c094dce
strategies/h019r1_030m_train20_threshold1p25_confirm1/6E/daily_evidence.parquet,7d814690799bf98401c319adc4782810d8e67f0fc6e0599d04933b14b536e895
strategies/h019r1_030m_train20_threshold1p25_confirm1/6E/strategy_definition.json,40b21b1bd66c0cd19491062806ba88296a7d3ecfa693f3a394fea4bf4a0880a5
strategies/h019r1_030m_train20_threshold1p25_confirm1/6J/daily_evidence.parquet,9a7842c09fef701e3a8aab684b9b8f7c6662a55e78b4ccf18e5631fbef2f1127
strategies/h019r1_030m_train20_threshold1p25_confirm1/6J/strategy_definition.json,af4861b17feecbb3a29e910ee81801e22be9e97089304ac5b32611d94b63c998
strategies/h019r1_030m_train20_threshold1p25_confirm1/CL/daily_evidence.parquet,1a6e8b3264ee7cb6308fe3d2bd03a61e80201f611ea4e6bddaefc8349065cd3a
strategies/h019r1_030m_train20_threshold1p25_confirm1/CL/strategy_definition.json,e2becf24402aa1f790b29d27e9128c97a7f53a1f35722b133ff77e667f3cfde1
strategies/h019r1_030m_train20_threshold1p25_confirm1/ES/daily_evidence.parquet,74683a077a2af28e27c9aa66c07bebf99dd06c069ed914876a3bb5f5c173f053
strategies/h019r1_030m_train20_threshold1p25_confirm1/ES/strategy_definition.json,9d53e54a8eb4f7dd6372649dccf19454122519d47016160bdf0eb5b396782739
strategies/h019r1_030m_train20_threshold1p25_confirm1/GC/daily_evidence.parquet,e9a11b42fcd09902cc19e1b656351cd2895f11aa3de948aff5a273c202410c93
strategies/h019r1_030m_train20_threshold1p25_confirm1/GC/strategy_definition.json,80bd2fc23f5c38fc037967e8b6ddd1240f92738a02fc420a1f691c45db59f67f
strategies/h019r1_030m_train20_threshold1p25_confirm1/HG/daily_evidence.parquet,895fa4ed3ea0043c37254b3a25e99c3ea51ed65cdda3f2821a1ec7cfe216cfae
strategies/h019r1_030m_train20_threshold1p25_confirm1/HG/strategy_definition.json,bab43f5eaad60409f657c9afe41fab04bb4e321f7febc02989cd765ca52b316b
strategies/h019r1_030m_train20_threshold1p25_confirm1/NG/daily_evidence.parquet,0d449257dbc27d41cb5d5e1118527529f0c5c4553462b22c4d27ea4b80987ef4
strategies/h019r1_030m_train20_threshold1p25_confirm1/NG/strategy_definition.json,1d97f32e3d5d28834e0d15f5d6549afff6fb9c825d40948a9d551374ab85dbef
strategies/h019r1_030m_train20_threshold1p25_confirm1/NKD/daily_evidence.parquet,414600db2913e025a57ba8d9a00d29581a086c7121b0a8527e2ddb8662c6f77b
strategies/h019r1_030m_train20_threshold1p25_confirm1/NKD/strategy_definition.json,12a591aa5fc485ceb7ecb1c6167e6200836a4f367d2c21876e586e8385cbbcc7
strategies/h019r1_030m_train20_threshold1p25_confirm1/ZC/daily_evidence.parquet,dd92ac681bc53dbf17c08304e80b352cdb1ab48555b50c251b3e8491c367cb1c
strategies/h019r1_030m_train20_threshold1p25_confirm1/ZC/strategy_definition.json,c4aff37e709da96ed78c619097f35d9f135f5b0840e90e59b04cd488b6706a06
strategies/h019r1_030m_train20_threshold1p25_confirm1/ZN/daily_evidence.parquet,50a0d9b6684c617831a7a2b6c60dab0044782106ff033766705c525f2cb824fd
strategies/h019r1_030m_train20_threshold1p25_confirm1/ZN/strategy_definition.json,b88e08b64d914e1adcacaa31d002dc04aed763cd0e37668e121327b9e5638a8d
strategies/h019r1_030m_train20_threshold1p25_confirm2/6E/daily_evidence.parquet,660a67407c0ab79da1802eddd494662e6208d91535702e7e3781936340ceff67
strategies/h019r1_030m_train20_threshold1p25_confirm2/6E/strategy_definition.json,66a456d448c7dfa86e68d0a388fe8b57ce0fe195dfdb747f11c756e26c77da26
strategies/h019r1_030m_train20_threshold1p25_confirm2/6J/daily_evidence.parquet,768801bbd2633d4fe6df55debb138312a9c26afc705e89c231f7798c0d8a5fc9
strategies/h019r1_030m_train20_threshold1p25_confirm2/6J/strategy_definition.json,b7db25daaf51e8625d185de327f6fb5c18fbd6fb028d445fa51858d5da8533ce
strategies/h019r1_030m_train20_threshold1p25_confirm2/CL/daily_evidence.parquet,3387bb72b1198cf9dbfd74de5a5ce46411fb5b1fe76200eef41229b1339766cd
strategies/h019r1_030m_train20_threshold1p25_confirm2/CL/strategy_definition.json,af658bcbe489570b1b391de312f678e27a66143163ed5e5cdeb90e23799a6a7d
strategies/h019r1_030m_train20_threshold1p25_confirm2/ES/daily_evidence.parquet,4836321387695b2a487608ed6cdbf80928ee52c5d0150e2aaedb6f475a5adf91
strategies/h019r1_030m_train20_threshold1p25_confirm2/ES/strategy_definition.json,0c8bbb11b094ea06eb077cd2a249c69265c430cce3cf30f7a5463ef51bfd83b9
strategies/h019r1_030m_train20_threshold1p25_confirm2/GC/daily_evidence.parquet,c056d8f80cde3b0b276ab0294ac724856f234de096b6dda28fcbff80ec55bce5
strategies/h019r1_030m_train20_threshold1p25_confirm2/GC/strategy_definition.json,bd4e9e14e5a0f8f1968d2577787dc7655f824b0da51cdf8eceba6ed92a2359d4
strategies/h019r1_030m_train20_threshold1p25_confirm2/HG/daily_evidence.parquet,d5628653b38692ba47a4dac183ef81b7f49cad960253118e267f2b215c0b4e34
strategies/h019r1_030m_train20_threshold1p25_confirm2/HG/strategy_definition.json,d52e075eaeb0af199bae97b11df6e06c6bc9bf1a617c69c5e64b26ee7ff49119
strategies/h019r1_030m_train20_threshold1p25_confirm2/NG/daily_evidence.parquet,3f0f42fe6af8d2d3f52a36b3a61410710c8f97b2dda1319a3c27af44b02c1edd
strategies/h019r1_030m_train20_threshold1p25_confirm2/NG/strategy_definition.json,ac13a16a348c6099014b799edf8ca6f39a2b9f190b61aeb20da8ff82632c763a
strategies/h019r1_030m_train20_threshold1p25_confirm2/NKD/daily_evidence.parquet,1ec90c0718da3b8c78b14db4ecab3ac474cf68fa86f9f2ccc4ffb818573138a7
strategies/h019r1_030m_train20_threshold1p25_confirm2/NKD/strategy_definition.json,37ba9e8715f52e95c83e35daa2096a13c51ec4dfd5ef87f0ba916bcc6e139301
strategies/h019r1_030m_train20_threshold1p25_confirm2/ZC/daily_evidence.parquet,c8a1cf2d5901a8b086e986f6207b4fe4926242bd706e152ba8883aeb0308c378
strategies/h019r1_030m_train20_threshold1p25_confirm2/ZC/strategy_definition.json,eed439b70c2b6f47bf4ca9fee9263f8546960620e6ce13c6fe6b9ab4f7e8b6c5
strategies/h019r1_030m_train20_threshold1p25_confirm2/ZN/daily_evidence.parquet,2a1fb8877b57e0248ecf7307c280f8eb6c32e3f374693551dacbf45d88428c38
strategies/h019r1_030m_train20_threshold1p25_confirm2/ZN/strategy_definition.json,257f2f86021b41aaf556aa1cdc944f2678e63950a5562defb87e7f2dbc7e472e
strategies/h019r1_030m_train20_threshold1p75_confirm1/6E/daily_evidence.parquet,c3c86a1ba747864de81f20549a7734f5f38636af67af1b107bc609e02df5dbfd
strategies/h019r1_030m_train20_threshold1p75_confirm1/6E/strategy_definition.json,d27f43a1ee07abdf62084585d6977912357f84fc05108d7ce525f1f68bb01e92
strategies/h019r1_030m_train20_threshold1p75_confirm1/6J/daily_evidence.parquet,aa6b0271d8f41ff7ead972bdeb524ece5f0521b81b309822ddb7b452733bee13
strategies/h019r1_030m_train20_threshold1p75_confirm1/6J/strategy_definition.json,32ccf6bf6650b64fbc3af98aa9792f215429276fc99761dc5597facdfa93d159
strategies/h019r1_030m_train20_threshold1p75_confirm1/CL/daily_evidence.parquet,2f54edd158a3c6fd7bf6da56d151f581dc7837aead82d2f61c4036c9ff800d75
strategies/h019r1_030m_train20_threshold1p75_confirm1/CL/strategy_definition.json,aa22e6595b49bd3d408b70b39d27bdfbed3a43b85a3e8ea34436daf4643ab478
strategies/h019r1_030m_train20_threshold1p75_confirm1/ES/daily_evidence.parquet,c518c9328bde2bda694755b71db7b73ee45fa15b90ca90a2b89cb3d3bc7d03d9
strategies/h019r1_030m_train20_threshold1p75_confirm1/ES/strategy_definition.json,8ead0f06a09c0fd517d91ecfe58a6c2a7775b1a125aa13599271d2aeaf7343e4
strategies/h019r1_030m_train20_threshold1p75_confirm1/GC/daily_evidence.parquet,b8aff85ce3c294e24f9d583ab84d10a1da903ea9964e99d3cb242a891ab7e767
strategies/h019r1_030m_train20_threshold1p75_confirm1/GC/strategy_definition.json,6490dc85d946e5190021a6e467ea5a8db12d41b7fc01a0b651130bcab3596012
strategies/h019r1_030m_train20_threshold1p75_confirm1/HG/daily_evidence.parquet,35e27820410c4721e812c2e798fb0e666cce63f9ffc089dadeb2cc96f64d2d2e
strategies/h019r1_030m_train20_threshold1p75_confirm1/HG/strategy_definition.json,15dba58a29ee092de4107625a603c57b1aee331ba81dc24d4f70e308d47bdaf3
strategies/h019r1_030m_train20_threshold1p75_confirm1/NG/daily_evidence.parquet,276cd85816517b66fe2476d794b2e31cf7fb14d34a39b3c3032da5826bc41968
strategies/h019r1_030m_train20_threshold1p75_confirm1/NG/strategy_definition.json,8aefef7ac571525720dd91fe04c68c3d51db6cb28c9a5ec551c16f461e23a7e4
strategies/h019r1_030m_train20_threshold1p75_confirm1/NKD/daily_evidence.parquet,3f3b966e1bb6ddafdc5cdb6a01ee4678df79a2f23332f29c311a61cf629ed782
strategies/h019r1_030m_train20_threshold1p75_confirm1/NKD/strategy_definition.json,3137959e507f061114b5fac40cb60caace6b13262bc46d62bfa16338f7f7bada
strategies/h019r1_030m_train20_threshold1p75_confirm1/ZC/daily_evidence.parquet,ccae61ea51efcd744174291aeef6136f100de11b286ab1e88833942e8a3a9d80
strategies/h019r1_030m_train20_threshold1p75_confirm1/ZC/strategy_definition.json,a60f5c129255f5d5541dd185e55a2df07d12cf36b559ac98aab7c6ec907ccd0c
strategies/h019r1_030m_train20_threshold1p75_confirm1/ZN/daily_evidence.parquet,48796d898ddab1fa1ffd7031e372cdb043f393d583cab8080e8d54584ceb636d
strategies/h019r1_030m_train20_threshold1p75_confirm1/ZN/strategy_definition.json,b8b4f4d069f449c490630fab4775133e4cbe866d733b9e1d5ad85779b8058415
strategies/h019r1_030m_train20_threshold1p75_confirm2/6E/daily_evidence.parquet,af573a421dffc31d0ce0440260254405c2a8ba404cde36c83cb9928283c32eee
strategies/h019r1_030m_train20_threshold1p75_confirm2/6E/strategy_definition.json,59155c45f5ef3e44ee6ba5203c38ec90447290dd4f580facb3801e4b9ca85c11
strategies/h019r1_030m_train20_threshold1p75_confirm2/6J/daily_evidence.parquet,6134c171b49d8e35191744006edb620e5c115ddce778c331c648d8e84010c968
strategies/h019r1_030m_train20_threshold1p75_confirm2/6J/strategy_definition.json,9492653aba2b52136da519d571641a976dd3ccb87170de64cbea83dcd46294a2
strategies/h019r1_030m_train20_threshold1p75_confirm2/CL/daily_evidence.parquet,c9db29a4ea9ad64dcc1387e649f3eebca39b57d2c48df6ba92f83d78c1e7d855
strategies/h019r1_030m_train20_threshold1p75_confirm2/CL/strategy_definition.json,31906cc79ba5e084fe2227ccd9225c573b0a00a4183a5369d93abf53d003ff6b
strategies/h019r1_030m_train20_threshold1p75_confirm2/ES/daily_evidence.parquet,633bdeaa158f065b952d7cd057705905c750f7d0aa624f1eadce37d0b5516c35
strategies/h019r1_030m_train20_threshold1p75_confirm2/ES/strategy_definition.json,4c177f341c100824de2ddd60d4ae44cfdbe669b39c3cc310ec421735d71c8f8d
strategies/h019r1_030m_train20_threshold1p75_confirm2/GC/daily_evidence.parquet,f5ceb269e978c5535da98598a8ca63960d29b7611073fbfb457cf0331fa036ee
strategies/h019r1_030m_train20_threshold1p75_confirm2/GC/strategy_definition.json,06d7e8b061d27b00cbb97027e919d3c9a7553d40b9d93afd228297e154c9b5c3
strategies/h019r1_030m_train20_threshold1p75_confirm2/HG/daily_evidence.parquet,ac4480bb0b0910adfcf931986a28d5f343a28d07ded1cded8e311f1b689af324
strategies/h019r1_030m_train20_threshold1p75_confirm2/HG/strategy_definition.json,3703ab99dab0f738d013b1046ff6a967dd4654b5ebaa7d5aaffebdb78b58eabc
strategies/h019r1_030m_train20_threshold1p75_confirm2/NG/daily_evidence.parquet,b87a5bddd01dc365d7c226106e642a489e07bd81a1e94667460c9c5b52a163a9
strategies/h019r1_030m_train20_threshold1p75_confirm2/NG/strategy_definition.json,c0aa76ba130f243d75b1c870a443379ae5608232a1885315024a3dafbbeb1296
strategies/h019r1_030m_train20_threshold1p75_confirm2/NKD/daily_evidence.parquet,9500bfd0e0b44377bf70ed934e7a8df2fc8c399e981ecaa04a9268ebb22ebc0d
strategies/h019r1_030m_train20_threshold1p75_confirm2/NKD/strategy_definition.json,8c52257c5769a8bbe6bca3faad52d147303a6f853e453a1cb9d72080fad31e7d
strategies/h019r1_030m_train20_threshold1p75_confirm2/ZC/daily_evidence.parquet,8d6cb53a12dcc368eb750d0045794bccd9898eb90a818a9fd98b1eb26dc6b847
strategies/h019r1_030m_train20_threshold1p75_confirm2/ZC/strategy_definition.json,e6675c014e5cd8849a31cef4cc427135b6aca5df6a3bd56a8164625fb3af4e39
strategies/h019r1_030m_train20_threshold1p75_confirm2/ZN/daily_evidence.parquet,ff56001d389f5b24c50a0ce16c1bfcaba7e59482426c2cb48d1815bbfb1b3d5d
strategies/h019r1_030m_train20_threshold1p75_confirm2/ZN/strategy_definition.json,5c7ad8ddacbb95b72efe75264e150994de4ccfb0b13cb3f4615ac38ee4fcd137
strategies/h019r1_030m_train20_threshold2p25_confirm1/6E/daily_evidence.parquet,90827f6f3edd21befdf1d60fb2e2b1fbc770babe416c91446cb692b3c0f93c9e
strategies/h019r1_030m_train20_threshold2p25_confirm1/6E/strategy_definition.json,f33422a2fe45131356fb654f3d0109bdd509e0934bbbd17ff9673f3aef3abeec
strategies/h019r1_030m_train20_threshold2p25_confirm1/6J/daily_evidence.parquet,7b9bdeaeb363ed4f2668def094737bc0a146836b2f62a4a59a9d93b77d7da201
strategies/h019r1_030m_train20_threshold2p25_confirm1/6J/strategy_definition.json,4cbe8789fa0efb9739ab4fe40d7ee0a0f89386bcc7887e37564ea7bfcab9f120
strategies/h019r1_030m_train20_threshold2p25_confirm1/CL/daily_evidence.parquet,1fdbe2c44d6db7e546b80636f53703a407f66690d52483d4d3b5428db6f3e234
strategies/h019r1_030m_train20_threshold2p25_confirm1/CL/strategy_definition.json,52b4d54a4102252fe114cdd1c74f05be8786feacc8f84691c435219c2f99bed4
strategies/h019r1_030m_train20_threshold2p25_confirm1/ES/daily_evidence.parquet,f0622a136b5b8f1c4eba3cbdace8d9f1f2a61ac17630b853efbd323b62769c6b
strategies/h019r1_030m_train20_threshold2p25_confirm1/ES/strategy_definition.json,eaf0382cfc0ae29bdccee02d325cfd9812519f90428f830569b8bd02948b20f7
strategies/h019r1_030m_train20_threshold2p25_confirm1/GC/daily_evidence.parquet,83b95a321a7876285c42b04ea4ac6fde7b59feb13e8266216dbe3c08f767bd19
strategies/h019r1_030m_train20_threshold2p25_confirm1/GC/strategy_definition.json,04ec9ab0be753afb5e3b11f83b451dc66a761c26398a614bc2c0c9fec9cec51b
strategies/h019r1_030m_train20_threshold2p25_confirm1/HG/daily_evidence.parquet,3d08fc13e945fbdc1c6afda7c40bbde7fdb79c8eb8e5fe399bd3a68c6a2bd66f
strategies/h019r1_030m_train20_threshold2p25_confirm1/HG/strategy_definition.json,f6c64f905b8746e480db552b119456cf6cdb5c0598b48d01abbfbe43de362003
strategies/h019r1_030m_train20_threshold2p25_confirm1/NG/daily_evidence.parquet,54c53b9e04dbda3ad8e27be854a7d0462d17908040589db2d3bf30c4d3f4e411
strategies/h019r1_030m_train20_threshold2p25_confirm1/NG/strategy_definition.json,af0f524a53594f7ead73d8e7d0f07615dca9896ac64ffc43b380d1e0e64e0cc0
strategies/h019r1_030m_train20_threshold2p25_confirm1/NKD/daily_evidence.parquet,788476984a5ded45d0625b898061d3e2e4dda3d0ed5627d03196125fb6f14f3a
strategies/h019r1_030m_train20_threshold2p25_confirm1/NKD/strategy_definition.json,199e9b0d971a5f355e35d8a268424e1c8992a05a6a5710682a5387621eedfea7
strategies/h019r1_030m_train20_threshold2p25_confirm1/ZC/daily_evidence.parquet,eda872806de4610f224a07b4b55b4c8f6adaa23b6e75c162bd29142986f743b9
strategies/h019r1_030m_train20_threshold2p25_confirm1/ZC/strategy_definition.json,56ef883821775fe00f5d1f3a8bcdf2f8ff0e5ba10f87b66c2dcc572a4e83495b
strategies/h019r1_030m_train20_threshold2p25_confirm1/ZN/daily_evidence.parquet,2ff683cfcedd63169ae74b867ac085d637c83dc1161292ae9cfbdfb08c8e5783
strategies/h019r1_030m_train20_threshold2p25_confirm1/ZN/strategy_definition.json,7cb8874df7eb81c236b833705bebffa080614f2bb63a94df92fc8a619847bb64
strategies/h019r1_030m_train20_threshold2p25_confirm2/6E/daily_evidence.parquet,51bbc58121d424d57fd54eca22a557d8ad911ce6fdba2e4afbe05d3c13f36e0e
strategies/h019r1_030m_train20_threshold2p25_confirm2/6E/strategy_definition.json,9974e247cd7b94ef179884a5b0a5794aaf06d937118523a0c14a965eca556acd
strategies/h019r1_030m_train20_threshold2p25_confirm2/6J/daily_evidence.parquet,d74a1b4a3f6f526bd0c1f8e6c9701e3daba1ebe2e21da7ea38f25e7bf9e21819
strategies/h019r1_030m_train20_threshold2p25_confirm2/6J/strategy_definition.json,525901562b437715ac8f11238694c258b1f976ad243afba99ee932d238826ee8
strategies/h019r1_030m_train20_threshold2p25_confirm2/CL/daily_evidence.parquet,a9b256dca9f37a03380b1b2458b14be5e7f74d87bf08912e164d56878ac0eab8
strategies/h019r1_030m_train20_threshold2p25_confirm2/CL/strategy_definition.json,c510b9b54fcc1153fe83d2bec11c6b09501392543ad38ba3bef7300db6ccdd7e
strategies/h019r1_030m_train20_threshold2p25_confirm2/ES/daily_evidence.parquet,4015b15ad0e344d4c849a6ce380f9bfb810e8bcda5ad56d056e8db19f011d362
strategies/h019r1_030m_train20_threshold2p25_confirm2/ES/strategy_definition.json,1ba5f48151009f28985186747eba4aef2969121c4dc11f80773d6b0431c57e58
strategies/h019r1_030m_train20_threshold2p25_confirm2/GC/daily_evidence.parquet,3f7aa87b325a717fe5ccc93dd649b65557c796144ed7ce0c6a3d0fea0f259037
strategies/h019r1_030m_train20_threshold2p25_confirm2/GC/strategy_definition.json,d4376eaf700c85bee9501ec4880032c6234ca4fe4f729574f9effca132d71cc7
strategies/h019r1_030m_train20_threshold2p25_confirm2/HG/daily_evidence.parquet,509f094d9e15c13855495f94af97c2d05b5d9993b447d98c64ea29c4cfe4a81b
strategies/h019r1_030m_train20_threshold2p25_confirm2/HG/strategy_definition.json,018a14e6ba4bd7fcf85f50beef79fe8498e0cae3fa309dbe5c80374f5a46bd29
strategies/h019r1_030m_train20_threshold2p25_confirm2/NG/daily_evidence.parquet,9f9b1f1f2db5ccc9811742763f07a8e800a897657fdd68ca7a2e265e6a80bb80
strategies/h019r1_030m_train20_threshold2p25_confirm2/NG/strategy_definition.json,3066ffbfe15a3273a75d34de1f544e6f1c22f6c3e2d03357de479c8cd040083e
strategies/h019r1_030m_train20_threshold2p25_confirm2/NKD/daily_evidence.parquet,1a1723187e64a83f5241ab3f68e119043b06a5aa1f2be11f34121396fe54121f
strategies/h019r1_030m_train20_threshold2p25_confirm2/NKD/strategy_definition.json,c99cb155fca7a77dc941c56de0ffa6fd79a54a002ee5e20fa63c46338bfd935a
strategies/h019r1_030m_train20_threshold2p25_confirm2/ZC/daily_evidence.parquet,ae6c80730eac1b645c357416829f7f01d9472dfeb260a8b7bbe3324dd686b903
strategies/h019r1_030m_train20_threshold2p25_confirm2/ZC/strategy_definition.json,3a4831bee64d37fc29eeeac323f0411d5504c565c10968d5974e239f412e88c6
strategies/h019r1_030m_train20_threshold2p25_confirm2/ZN/daily_evidence.parquet,03bfe39a6a9907dc4732ef2137a92580b1d656e5349c1f0a1acb4a791de5bb97
strategies/h019r1_030m_train20_threshold2p25_confirm2/ZN/strategy_definition.json,b632109786194c0768dd630ee8da40a0da6991bd1eda7eb369fa5abc33ab7241
strategies/h019r1_030m_train40_threshold1p25_confirm1/6E/daily_evidence.parquet,1974ec91248cbe20cc1991016f9b1ae7dfd0039f0ee3cae7ec967a476eab1702
strategies/h019r1_030m_train40_threshold1p25_confirm1/6E/strategy_definition.json,c3d2f738baee61e8715c21314244b25103a2ce5597a1055324115ae5ddd71d81
strategies/h019r1_030m_train40_threshold1p25_confirm1/6J/daily_evidence.parquet,bfb95fedd5e9cc75bf866773dd4026379a4b7e5ce8cd9ab55a1b9c122d8427e7
strategies/h019r1_030m_train40_threshold1p25_confirm1/6J/strategy_definition.json,627d644015521a78dd6c5ce109fd55e9bb71f036cd7f8be656d97189371b4932
strategies/h019r1_030m_train40_threshold1p25_confirm1/CL/daily_evidence.parquet,ce81dc03b8df450396d108c12c79f4e9da149b9c097463fd04e1ff233b5fefbb
strategies/h019r1_030m_train40_threshold1p25_confirm1/CL/strategy_definition.json,6dd1754392684163dd3fca6e2bae90bdf7fec83b77d5833c16d32a65b02c2775
strategies/h019r1_030m_train40_threshold1p25_confirm1/ES/daily_evidence.parquet,8c833962f92f8f7dc73968b13b4e6bfdde0eb37464945ba5d8be1db3dd87ca25
strategies/h019r1_030m_train40_threshold1p25_confirm1/ES/strategy_definition.json,580251a503d1355ce80cbc3bcbbb3de5e9a768ddaea77016dd8c64e53c8a2eca
strategies/h019r1_030m_train40_threshold1p25_confirm1/GC/daily_evidence.parquet,7a1901a8044d7ac761d823f313990ffe97f256a759e3e97234200f357c45605a
strategies/h019r1_030m_train40_threshold1p25_confirm1/GC/strategy_definition.json,c74426027855e042db23a2406d6170e2b9c20e9bdaa6217088a559908a67ad8f
strategies/h019r1_030m_train40_threshold1p25_confirm1/HG/daily_evidence.parquet,92e760fd3d3031ec47df4da0fbbf0ec891ba1750b9f6565afb0a69dcc2395e69
strategies/h019r1_030m_train40_threshold1p25_confirm1/HG/strategy_definition.json,31e7134c99fd2d2bce5b8b2b19ea63457fd5316e22e0ad83291bcf24b5bf74f0
strategies/h019r1_030m_train40_threshold1p25_confirm1/NG/daily_evidence.parquet,f58b99ab68057f5b09d5c2e9d75841e15fd888e56ec4d8c13afe6f4bc3dfdb0a
strategies/h019r1_030m_train40_threshold1p25_confirm1/NG/strategy_definition.json,701bfb699e6873e9104896dbf404094699a50a17f6dbbb3e4310153f159e8b11
strategies/h019r1_030m_train40_threshold1p25_confirm1/NKD/daily_evidence.parquet,cf59114b0ddf42eacf83395958f8bdef1d1c4b020f5d8d574be181254780b054
strategies/h019r1_030m_train40_threshold1p25_confirm1/NKD/strategy_definition.json,3d5089f49ee329711c94942dee3a6906996835480ff75eb8db4f31c06ca4e2f8
strategies/h019r1_030m_train40_threshold1p25_confirm1/ZC/daily_evidence.parquet,25d90bc0842abf9d6b4094d9edc315b09c093464a6647628aac015a43eac9746
strategies/h019r1_030m_train40_threshold1p25_confirm1/ZC/strategy_definition.json,025e42506d9c67a6de1eb3b9b5f165af72188605c2d17109cec83cbb9a2a44a0
strategies/h019r1_030m_train40_threshold1p25_confirm1/ZN/daily_evidence.parquet,352b71da0126f11122d143918acddf2063b51dcaa1c842795bfb22f601845147
strategies/h019r1_030m_train40_threshold1p25_confirm1/ZN/strategy_definition.json,966cf8a0985d6c95a29f8769864070a18b58dbcafdeb4da27f05899d62f9da0a
strategies/h019r1_030m_train40_threshold1p25_confirm2/6E/daily_evidence.parquet,b7a164a2ecb8292486da38b297e7ee4e558dcc800cc0d35f067cf11d68d347ea
strategies/h019r1_030m_train40_threshold1p25_confirm2/6E/strategy_definition.json,0d1d93e4887856e34641fccd11f8357345fc5242f48a3cf37abe382adfa8c940
strategies/h019r1_030m_train40_threshold1p25_confirm2/6J/daily_evidence.parquet,7bbcd903e9c15fd25046425c6b96b21c0688a928b700eaac72942f88930b08b8
strategies/h019r1_030m_train40_threshold1p25_confirm2/6J/strategy_definition.json,4fc8de94aa87dc975b3b23f9f72da288b157f60e69d51d7a7743a21796e50f18
strategies/h019r1_030m_train40_threshold1p25_confirm2/CL/daily_evidence.parquet,5c99c4ad40f9c81beaa1103f75e3a0508e16968cc38aacb00abc9362f0b74336
strategies/h019r1_030m_train40_threshold1p25_confirm2/CL/strategy_definition.json,e2d6f42e30e35bf173c7de11b0f533d855e74be676b4fd921bc8b3b230cb44f2
strategies/h019r1_030m_train40_threshold1p25_confirm2/ES/daily_evidence.parquet,1a099fc631fb91b9175aa3895e72e171a4d151aca7613e25aca887cc3aedc2a9
strategies/h019r1_030m_train40_threshold1p25_confirm2/ES/strategy_definition.json,7fb9df02359cedf0bf31bf60ae2ea085e5544a5b27b5f1f0aa575ddd5267f127
strategies/h019r1_030m_train40_threshold1p25_confirm2/GC/daily_evidence.parquet,06c276dbc5bb4dccbf3c43ff0b23f272868e1da0ba92a1a482971be0eacbdb76
strategies/h019r1_030m_train40_threshold1p25_confirm2/GC/strategy_definition.json,917f6770c805e67f912e2d074a4405cbf33abad594c8f4deaac2bb06c3467ff8
strategies/h019r1_030m_train40_threshold1p25_confirm2/HG/daily_evidence.parquet,cb435262403a7be4f62520f51b1e80cfc0d2eff3319a43bd4d6902de5ec971f2
strategies/h019r1_030m_train40_threshold1p25_confirm2/HG/strategy_definition.json,189367606f93c2bf25a80bade2a2cf252486210db7d41e680c8da6b31ff56bdd
strategies/h019r1_030m_train40_threshold1p25_confirm2/NG/daily_evidence.parquet,a2f47449f8a8eaf345f81578063ca588838bd73e082285f71f783e02920e33e9
strategies/h019r1_030m_train40_threshold1p25_confirm2/NG/strategy_definition.json,da99be99292b7ee8f00f1d0fae938bfd22d273ed8577acac35a3b76000d113cb
strategies/h019r1_030m_train40_threshold1p25_confirm2/NKD/daily_evidence.parquet,c8ae2e88bb4655143fd883db40f32b6e12b80e610c549aa31f76a34b0c196d33
strategies/h019r1_030m_train40_threshold1p25_confirm2/NKD/strategy_definition.json,fb79198d86adfe99065b42de6a15d66b162d461fbab7579a5790d1b19ba11127
strategies/h019r1_030m_train40_threshold1p25_confirm2/ZC/daily_evidence.parquet,00d9e7fdf1ca52b52b80f3caf27857bfac97e507edba953e14776602ed2c3fd6
strategies/h019r1_030m_train40_threshold1p25_confirm2/ZC/strategy_definition.json,9d5db651db84890782971e56277ba2c3e4075ac6698d472414442894750acf83
strategies/h019r1_030m_train40_threshold1p25_confirm2/ZN/daily_evidence.parquet,d250792edfa6ac14654cb5f45c1a3f3fa51191f10a8e23492f7dc3909f02ff18
strategies/h019r1_030m_train40_threshold1p25_confirm2/ZN/strategy_definition.json,b080ed0aeae91d9422af178f9f5859b20bc2bc013858331e6ef6679c860ecd96
strategies/h019r1_030m_train40_threshold1p75_confirm1/6E/daily_evidence.parquet,c73b350607d5c0b9ba8499658fe62acd50199e9a9b8f3e96e6a765b99fb49972
strategies/h019r1_030m_train40_threshold1p75_confirm1/6E/strategy_definition.json,4fde9db0e6a61869338ac3af86ba3c359e83a9663c32336419d0e35a6e63e496
strategies/h019r1_030m_train40_threshold1p75_confirm1/6J/daily_evidence.parquet,3eed0f37bb1ed7821c4edac75b399be9ac58d5837e1d77be86ead283f2b9cbec
strategies/h019r1_030m_train40_threshold1p75_confirm1/6J/strategy_definition.json,3c278f8eebba464f1a371644a2ab2442ec140f850b499cedc46221bafbbdd267
strategies/h019r1_030m_train40_threshold1p75_confirm1/CL/daily_evidence.parquet,5d5e8233d2b1f0307c8892959488d2dcd40537060e5764c894fe10c1177542a1
strategies/h019r1_030m_train40_threshold1p75_confirm1/CL/strategy_definition.json,929ae9bec91c81375920036003e8a9132ba54f320b6603a5478b9717ad15d2c4
strategies/h019r1_030m_train40_threshold1p75_confirm1/ES/daily_evidence.parquet,803338add1dd827f1ff1fbbada8178649bce227d8a50a5693eeac95bdbd6c551
strategies/h019r1_030m_train40_threshold1p75_confirm1/ES/strategy_definition.json,5583c318c9c8faac239babe8fb9fd44290b8e184a07254747f3177d30d7b6956
strategies/h019r1_030m_train40_threshold1p75_confirm1/GC/daily_evidence.parquet,f5c5656037ab00c0c3d41de5b49a4bd02d0b532d9792375f9ff52d071438b6ae
strategies/h019r1_030m_train40_threshold1p75_confirm1/GC/strategy_definition.json,db8b4c538c6566e7e0a1ae21029211154925ddb1bac54301b46d94469a55c602
strategies/h019r1_030m_train40_threshold1p75_confirm1/HG/daily_evidence.parquet,ec823b33044a36f93678be3dcc0561a41ae39df5b93aa3767ddd61aa22b326d5
strategies/h019r1_030m_train40_threshold1p75_confirm1/HG/strategy_definition.json,9695dbfde90e7d8a492707f5a0cae1661f52c5a298286fea70cc98f211ba7fbb
strategies/h019r1_030m_train40_threshold1p75_confirm1/NG/daily_evidence.parquet,3620ef523bc3ca2f25b9f4a04c8a867d3122806ec4055d02c5fa132ce215e984
strategies/h019r1_030m_train40_threshold1p75_confirm1/NG/strategy_definition.json,a5572f847720c52d7f654d624aab6a78948d040d5675a23c8254425f06aa3173
strategies/h019r1_030m_train40_threshold1p75_confirm1/NKD/daily_evidence.parquet,729382fb737f92c5fc70a2cd1b63bca6e23b90181fe2efe7e74c8242eb3d7e46
strategies/h019r1_030m_train40_threshold1p75_confirm1/NKD/strategy_definition.json,0e3e03c18c3b3619535f985138c8c8c6ebf1bd09c5ab0b4bbf2a396e77591ec5
strategies/h019r1_030m_train40_threshold1p75_confirm1/ZC/daily_evidence.parquet,ab8ad22935363a23db00b756a919efc2b2e8e16ccccf128292b470e6c40b975e
strategies/h019r1_030m_train40_threshold1p75_confirm1/ZC/strategy_definition.json,90300d645ded3150b1c6b439240709a620b75101ae5b72ce02ec7202cc385702
strategies/h019r1_030m_train40_threshold1p75_confirm1/ZN/daily_evidence.parquet,a572a7c322749c990789678972470edf4c86cb9c994da1c69a598c62332c4c77
strategies/h019r1_030m_train40_threshold1p75_confirm1/ZN/strategy_definition.json,91423e09aa45ea34062e388baa06fa8ac3d2834bb8e3361df55550dff54e4b02
strategies/h019r1_030m_train40_threshold1p75_confirm2/6E/daily_evidence.parquet,17d47ac0eb94becf043308a99182c45fe0f24721fb0d4c7e7c19180c8dac76fd
strategies/h019r1_030m_train40_threshold1p75_confirm2/6E/strategy_definition.json,20d38c1ba1141fea707458e98491904a706e1d008faf3b68885d0bf34c022f55
strategies/h019r1_030m_train40_threshold1p75_confirm2/6J/daily_evidence.parquet,bca0a7fa11dc8eab585286686733626754bebddaedebfea389716414fec90092
strategies/h019r1_030m_train40_threshold1p75_confirm2/6J/strategy_definition.json,a8febe966fc23c405209395d909682e53681f5e44d185d061dd5b6877136b7f6
strategies/h019r1_030m_train40_threshold1p75_confirm2/CL/daily_evidence.parquet,6a1c63dea96c1bb756b8b4f63f648ec5830d5ff81a161f873266cbff19777d01
strategies/h019r1_030m_train40_threshold1p75_confirm2/CL/strategy_definition.json,cce2821bda7b2245804402ec35506fb20bbe299c806a1d0a998142001a7500de
strategies/h019r1_030m_train40_threshold1p75_confirm2/ES/daily_evidence.parquet,dd2b043e4507809a9b6a3146b3bb0775d92306e43187c41b0e07b6c098d9559a
strategies/h019r1_030m_train40_threshold1p75_confirm2/ES/strategy_definition.json,fdf20f32a733651f1d8d53259dd75af3603d304d4f8a52a6b113551c81a9afd6
strategies/h019r1_030m_train40_threshold1p75_confirm2/GC/daily_evidence.parquet,509c42db4d4d2534870a2f0067be4816f7af88bc18246235b08d75c37c4f2d75
strategies/h019r1_030m_train40_threshold1p75_confirm2/GC/strategy_definition.json,397b7de71580c002ee21effe0528dd74df6a68f1d78faf2fa6d3891daa5d31c8
strategies/h019r1_030m_train40_threshold1p75_confirm2/HG/daily_evidence.parquet,20bd1778e5700232e717c6a2fff89139a68a8908a9c4ea084ec0a899d2187352
strategies/h019r1_030m_train40_threshold1p75_confirm2/HG/strategy_definition.json,1ad7182c68c9a090b8d5e748e7363fefba0af88223d6a1e59e8cc80085eba5bb
strategies/h019r1_030m_train40_threshold1p75_confirm2/NG/daily_evidence.parquet,4f66429593ad95697853e3b1391dfa70d1f0ca084f9e4a5f43b63ce656ac0359
strategies/h019r1_030m_train40_threshold1p75_confirm2/NG/strategy_definition.json,8d39daa0272d629dad84499023dc701b1582ab82d7a9b0d028d7041dd02015f9
strategies/h019r1_030m_train40_threshold1p75_confirm2/NKD/daily_evidence.parquet,c0ffa30f0c733ed005d51b2cc454244ec27bd01efef4493c8c76f4b1e977c457
strategies/h019r1_030m_train40_threshold1p75_confirm2/NKD/strategy_definition.json,c1e784bbf4b99d19e9ba592c9466bd393fa4630e02603a7d23e0522a57e6c59f
strategies/h019r1_030m_train40_threshold1p75_confirm2/ZC/daily_evidence.parquet,dc6d329482222b159ab71895ad692414fba818e3934eed18514fdef311631505
strategies/h019r1_030m_train40_threshold1p75_confirm2/ZC/strategy_definition.json,388148331af7cd4422a0182dfc6d668399675b220d15dcdbc50b655b6818e70e
strategies/h019r1_030m_train40_threshold1p75_confirm2/ZN/daily_evidence.parquet,90e80ae95fa83881b6b123d175ed733bb1f8fec2b03b2104c8004de0a96b1bcf
strategies/h019r1_030m_train40_threshold1p75_confirm2/ZN/strategy_definition.json,002ec8d9c88546d35f7fb6f9d78d8698dd2c99ff533e9439d7536bd0e972ab60
strategies/h019r1_030m_train40_threshold2p25_confirm1/6E/daily_evidence.parquet,3563cd3c407a2c65d82c73ce74b0a09592cb15678574f83d88d8f4706af613fd
strategies/h019r1_030m_train40_threshold2p25_confirm1/6E/strategy_definition.json,c1769415033bd25eee8d57cfbebfb2ce040a62386aca6f97bb99f9f54d0e118e
strategies/h019r1_030m_train40_threshold2p25_confirm1/6J/daily_evidence.parquet,78be4eef41f2fc9c24da31986f1dcd14dcac440a0aced273158c99cae5d32d07
strategies/h019r1_030m_train40_threshold2p25_confirm1/6J/strategy_definition.json,83edc5f928cce48e7ce59459a0537a5bb8dd4de471b8ccdc94f70920c8d73b73
strategies/h019r1_030m_train40_threshold2p25_confirm1/CL/daily_evidence.parquet,2f8eb24e597a10e7572fff196d715e668081a47557f1a854be11855833559cdc
strategies/h019r1_030m_train40_threshold2p25_confirm1/CL/strategy_definition.json,be5bbd699d4a05de8fffd1cb204aeed2721ea6cb19cc1d2e08b0b04a59bbb9fc
strategies/h019r1_030m_train40_threshold2p25_confirm1/ES/daily_evidence.parquet,e6356688cf1f933f48edcb1e01572d9da158aed80ae968fbc5eb65ec84fcc2a0
strategies/h019r1_030m_train40_threshold2p25_confirm1/ES/strategy_definition.json,238fb36508cd5ee197a51642c7e440c94c146c476564d50efe217eeef7d70317
strategies/h019r1_030m_train40_threshold2p25_confirm1/GC/daily_evidence.parquet,74d5e0f8fffed51d7b5bda8902015c7c2daee152123b2ca76e2b2aa0ab94cdff
strategies/h019r1_030m_train40_threshold2p25_confirm1/GC/strategy_definition.json,3d7982ae0e260155670d764250eebf69ad78c7002a75bb4d9a30fa435c5c9037
strategies/h019r1_030m_train40_threshold2p25_confirm1/HG/daily_evidence.parquet,90b0564e6f53f31006eeaa79ccfcecca5a7c92eaa1a94b5862fdb1cdb77772cf
strategies/h019r1_030m_train40_threshold2p25_confirm1/HG/strategy_definition.json,60fa81145b10e2d74f5c1240d121f82a3c519ac9b5f4a744cee2c32e95a5c658
strategies/h019r1_030m_train40_threshold2p25_confirm1/NG/daily_evidence.parquet,91be3beed648454015a4095397c2f3ba35eae6f17230fc4f71b2f5e8393b7476
strategies/h019r1_030m_train40_threshold2p25_confirm1/NG/strategy_definition.json,c0fd9a0326ce57c33a5b7e230b0e7180c11b9bf70f86e1c4a9c1e244cb8e4b07
strategies/h019r1_030m_train40_threshold2p25_confirm1/NKD/daily_evidence.parquet,684f25bdfca4f0f55e334f18d1e3e034c02e53cd0f71db3efc3cefc71c178bbd
strategies/h019r1_030m_train40_threshold2p25_confirm1/NKD/strategy_definition.json,b26baafd8848a446165a2263c8e22e796ffc955e5078d226d85027568f324415
strategies/h019r1_030m_train40_threshold2p25_confirm1/ZC/daily_evidence.parquet,93512fb83de09e4715efbf3362d24e38711ba8e53cd8d27655c21b67906f36e7
strategies/h019r1_030m_train40_threshold2p25_confirm1/ZC/strategy_definition.json,41ca36e44bc66e308ede97e6bc9bdaacfb1734e840713da4e8279038217445b3
strategies/h019r1_030m_train40_threshold2p25_confirm1/ZN/daily_evidence.parquet,2f83ad79d1e636f3048b1b5b454cb6227709ceae2fdc22228a1fd59ebc8541a7
strategies/h019r1_030m_train40_threshold2p25_confirm1/ZN/strategy_definition.json,e171ac7f84efd1d687b95eee865427f41451a73094686f5ea2fdd81425587314
strategies/h019r1_030m_train40_threshold2p25_confirm2/6E/daily_evidence.parquet,941d4de0e9264fe28cc579642fdfb4b9950d271178f8e1f44d2fe6f8f7521486
strategies/h019r1_030m_train40_threshold2p25_confirm2/6E/strategy_definition.json,3e01097e54b16ebc92b34b31151da846f0f91481fedc7b396b9ea694ed84a4a8
strategies/h019r1_030m_train40_threshold2p25_confirm2/6J/daily_evidence.parquet,11d0d4aebf8c328813e412ef40f78209312ba3a46563fb4bec006e685eab4972
strategies/h019r1_030m_train40_threshold2p25_confirm2/6J/strategy_definition.json,4d5b559271d1f3038d64b37a51bb82604980c93200c075acb31e87faf3a3ab65
strategies/h019r1_030m_train40_threshold2p25_confirm2/CL/daily_evidence.parquet,f0b774572120d994ed95fff891e794dfb960b52601751a5cda59917297480ca7
strategies/h019r1_030m_train40_threshold2p25_confirm2/CL/strategy_definition.json,e8aa3dc03c3ae20b005a4deb4f10a362204f58f2ffce6b49fe8ea8b6f416940d
strategies/h019r1_030m_train40_threshold2p25_confirm2/ES/daily_evidence.parquet,57ec2a84442151c0820649cca7f277c31d04aac6bf4eaf04667173703aae8167
strategies/h019r1_030m_train40_threshold2p25_confirm2/ES/strategy_definition.json,e8c90c442fcd87299e45967b290b22792d253bfea07fb744548c2d25081ce8ae
strategies/h019r1_030m_train40_threshold2p25_confirm2/GC/daily_evidence.parquet,26e652e2d9ae1512759b808f7d359f5d562333c6094ff46ff231b15aa55ea1c2
strategies/h019r1_030m_train40_threshold2p25_confirm2/GC/strategy_definition.json,093adf943e0806440cf7e424150f5266f2136ff8a7ca1ea003837145de49d352
strategies/h019r1_030m_train40_threshold2p25_confirm2/HG/daily_evidence.parquet,4bd219b571053b59aad4576386d3cf95c181cac097e243c85046fd6b785e0e15
strategies/h019r1_030m_train40_threshold2p25_confirm2/HG/strategy_definition.json,6abf544427d2f007d47037dbb945d8d31b56a91d729de913c8b5f4861c7a1985
strategies/h019r1_030m_train40_threshold2p25_confirm2/NG/daily_evidence.parquet,d7c418f84482135dcfbaedb8ea487c32eaf38e2a511f9c4cd5b42630e7fdc5df
strategies/h019r1_030m_train40_threshold2p25_confirm2/NG/strategy_definition.json,dd92e5a0f1b50ddb92dcf1d7405fbffb2fe02765c4329ba53b69ad2338959d7b
strategies/h019r1_030m_train40_threshold2p25_confirm2/NKD/daily_evidence.parquet,320cff0636cab67ac61095f52ffa391e938ad01e13256f5e499c085112e48ab5
strategies/h019r1_030m_train40_threshold2p25_confirm2/NKD/strategy_definition.json,d2ab081e4a041e76032f79e85668712979833e8f725e34b9080c02ed13ee47ac
strategies/h019r1_030m_train40_threshold2p25_confirm2/ZC/daily_evidence.parquet,4bd219b571053b59aad4576386d3cf95c181cac097e243c85046fd6b785e0e15
strategies/h019r1_030m_train40_threshold2p25_confirm2/ZC/strategy_definition.json,f11f73b30b186e63d24a1c765a07e627e0009f1d5f5cac9190ee54c03a08d3ed
strategies/h019r1_030m_train40_threshold2p25_confirm2/ZN/daily_evidence.parquet,e7e548a131749dbc1ba9051fa57b6fec1cc6f635bd252e202753b50559d372f3
strategies/h019r1_030m_train40_threshold2p25_confirm2/ZN/strategy_definition.json,824dbc403cc0e0875ba6436103f8f6e84bcc95289103c36b1b6a7a77ed7bdccf
strategies/h019r1_060m_train20_threshold1p25_confirm1/6E/daily_evidence.parquet,70bb19640107699a8f719d674330ec445de1796c6bec401b7f6df42afce55020
strategies/h019r1_060m_train20_threshold1p25_confirm1/6E/strategy_definition.json,166583e6f855b7573a94564c0d35922845e8777647058ff5017252987899eb94
strategies/h019r1_060m_train20_threshold1p25_confirm1/6J/daily_evidence.parquet,03e33ca4f75810b94c1d3519c7f8616dcbfa17b4ec0eeb768196eec07b74913c
strategies/h019r1_060m_train20_threshold1p25_confirm1/6J/strategy_definition.json,80f037714117707280284b9ba09089fd5eb16d74ef4239606d11fe5051abf0b3
strategies/h019r1_060m_train20_threshold1p25_confirm1/CL/daily_evidence.parquet,c95136b0cc3e66a1c8619fb9571cfb981da123fa27109bf03cb45c917e54b2d7
strategies/h019r1_060m_train20_threshold1p25_confirm1/CL/strategy_definition.json,8533c95995939b578a11b0b228467dbf6adae402c5fceb936833d5ae4d3b3ef3
strategies/h019r1_060m_train20_threshold1p25_confirm1/ES/daily_evidence.parquet,f6cc40ef09a17e708510df4413d978f4413a024b209d72d4eb9e9ddd5d7b6e99
strategies/h019r1_060m_train20_threshold1p25_confirm1/ES/strategy_definition.json,3687e84e5edbdd8f4cef41dbb2bee06d779a794b8c6d20017d89a9dfe09b7e90
strategies/h019r1_060m_train20_threshold1p25_confirm1/GC/daily_evidence.parquet,a999ddf9645a934a908f66f87c38091a4a909ae4595472b16d84af31d68d0a5b
strategies/h019r1_060m_train20_threshold1p25_confirm1/GC/strategy_definition.json,095fe47f5422cfee537081a1c1db04245baa98bed24bc8006321863592658aa6
strategies/h019r1_060m_train20_threshold1p25_confirm1/HG/daily_evidence.parquet,15d16868069d17efb4eb51b30674dbc97ca4d2ff4c677ced8edb28359c084e37
strategies/h019r1_060m_train20_threshold1p25_confirm1/HG/strategy_definition.json,708a6056a921cf524cdb974e825f241c089edd401fe9e3c5d0bf35a9c26ee952
strategies/h019r1_060m_train20_threshold1p25_confirm1/NG/daily_evidence.parquet,639b2c5ece5ea0f66b806bc2b5f3d1880bf5fcd3c0264d1bb5ee4357b7a465e6
strategies/h019r1_060m_train20_threshold1p25_confirm1/NG/strategy_definition.json,a2d94b20d54890e240caf36d8a683950dc055ec403fa8fc881f5e6936cc7f344
strategies/h019r1_060m_train20_threshold1p25_confirm1/NKD/daily_evidence.parquet,90cd3f389b9e97e49168877f29ab900edd2c8ba3fde681423d74af7fb612be95
strategies/h019r1_060m_train20_threshold1p25_confirm1/NKD/strategy_definition.json,d488e3368603d126dd67c3800492dbd39e38f379e0086616115041bab9b422dc
strategies/h019r1_060m_train20_threshold1p25_confirm1/ZC/daily_evidence.parquet,2a99363503030b0405287e4aa55a9487d1396b9408846e6486aea8a215c46698
strategies/h019r1_060m_train20_threshold1p25_confirm1/ZC/strategy_definition.json,3e81da917a028525198bf0c7b5844c2bc283263272f86806cb0c9ed415fd5a3f
strategies/h019r1_060m_train20_threshold1p25_confirm1/ZN/daily_evidence.parquet,0c81d71a3b5f6404a7a6125f093a02a3f1187341efe2cad86c12a1be3e8cf883
strategies/h019r1_060m_train20_threshold1p25_confirm1/ZN/strategy_definition.json,800a9391bc6c64ba40061b9c6123d0b70d65ac46c6344ac25ee1ae42c2b6a4a9
strategies/h019r1_060m_train20_threshold1p25_confirm2/6E/daily_evidence.parquet,c5ade5766fdf2600976aed32f56e528e098b2fd5078b310c8b08c8c59a1f3c81
strategies/h019r1_060m_train20_threshold1p25_confirm2/6E/strategy_definition.json,a8dcaeb78a9f7050e5442cce91b293faa207c58df7638350b46147478c149dc6
strategies/h019r1_060m_train20_threshold1p25_confirm2/6J/daily_evidence.parquet,ba4922024c7f82162ce7b8f623a01b1e753c435a19250f2923565667165fe479
strategies/h019r1_060m_train20_threshold1p25_confirm2/6J/strategy_definition.json,576a2bf9ab94cbcb55e63f971ac403dc4be8a3e41f37951fc3fcceebed2d0f48
strategies/h019r1_060m_train20_threshold1p25_confirm2/CL/daily_evidence.parquet,5ca27c2cee3aae26edcb661b764bbd03d63d2bfdcc5e30ef2ce4cccb640feb4c
strategies/h019r1_060m_train20_threshold1p25_confirm2/CL/strategy_definition.json,a095d6d17f32b10257116e56ecb3a111dbc79aa91a319a50093a01418ddfa87e
strategies/h019r1_060m_train20_threshold1p25_confirm2/ES/daily_evidence.parquet,6b9ffc5df7cb0d820863e83975ba5aa0d605017de2121c1eca58a84a43c2de21
strategies/h019r1_060m_train20_threshold1p25_confirm2/ES/strategy_definition.json,d3c3d60c49bb1d8e626a4bff457f6e057c2c05f301c95fa959a76e44db2aca73
strategies/h019r1_060m_train20_threshold1p25_confirm2/GC/daily_evidence.parquet,81630372fa8e6e3cade324d1c066c023be5f2e6df5cb3a735b84ecdf854b61b1
strategies/h019r1_060m_train20_threshold1p25_confirm2/GC/strategy_definition.json,dd8d7b9455d28a332743d262c18a8c1c17c56624f79694f113c804a8b38972e8
strategies/h019r1_060m_train20_threshold1p25_confirm2/HG/daily_evidence.parquet,df786aa1fbedb5cf1fca0146e880c4b7f9f8769fbe6e519d234b051b3fa1019d
strategies/h019r1_060m_train20_threshold1p25_confirm2/HG/strategy_definition.json,5b7ae491f08bf61cd4190e2e5fe8ccad78bf6f2ce9e7a56aca6541ed59435906
strategies/h019r1_060m_train20_threshold1p25_confirm2/NG/daily_evidence.parquet,a61638431b5972a9d910e9c4742b60375d5151ea1a3581e042d9369a0a5d3e97
strategies/h019r1_060m_train20_threshold1p25_confirm2/NG/strategy_definition.json,9053692b5f85054b49f8003dcba65992381b4f507e060a737feebbce2cc845b7
strategies/h019r1_060m_train20_threshold1p25_confirm2/NKD/daily_evidence.parquet,2d8fe867dbbd66686cde807ca4a9cd53d5bd0a356a618f891e54656dcc604dcc
strategies/h019r1_060m_train20_threshold1p25_confirm2/NKD/strategy_definition.json,2ff1dc533a2e688ec8856019dee225c846f0cc3072c197a5ce3d7b342e164a3c
strategies/h019r1_060m_train20_threshold1p25_confirm2/ZC/daily_evidence.parquet,d4ee35dba225b9d3b715315bc39f6cb85761f8a1fc1dbb54d2decce1b8479407
strategies/h019r1_060m_train20_threshold1p25_confirm2/ZC/strategy_definition.json,5437edda27afadbde076bc2431c6ba6e14bd47780cdb3e90195a2df1ee6308a8
strategies/h019r1_060m_train20_threshold1p25_confirm2/ZN/daily_evidence.parquet,9f16663804161431ce50f1cf6149ab42d49f453c19205be9b66eb4e913c20172
strategies/h019r1_060m_train20_threshold1p25_confirm2/ZN/strategy_definition.json,d2b1c3003d467ef0742a9598c5ff69130e30ef4d29f574b4233303a1783e719f
strategies/h019r1_060m_train20_threshold1p75_confirm1/6E/daily_evidence.parquet,2181e73613ac5c70c0583407c1372bfae58bd73c063e8f6da6e6be3de693e8b1
strategies/h019r1_060m_train20_threshold1p75_confirm1/6E/strategy_definition.json,1f767b265ab0c3317bf6564557cac20db2918d266fd77508c7591e7e2f79aa34
strategies/h019r1_060m_train20_threshold1p75_confirm1/6J/daily_evidence.parquet,bef105e6dab4308e00201bae8222dab60524162f61921dad2aa08cf11988fd25
strategies/h019r1_060m_train20_threshold1p75_confirm1/6J/strategy_definition.json,c8de4c77d776fa69443b66c1bb9a051c8db652404e10021e093004ef6b369c45
strategies/h019r1_060m_train20_threshold1p75_confirm1/CL/daily_evidence.parquet,4bc5ed788f362afb02e73b0e6cc94aea01890953cc4407c298ed86677c8b9395
strategies/h019r1_060m_train20_threshold1p75_confirm1/CL/strategy_definition.json,a1b7d4d3e7fa91a42c53b113260dc0404745abbd5b1febe4141d494aafe807a5
strategies/h019r1_060m_train20_threshold1p75_confirm1/ES/daily_evidence.parquet,431d93675182234e383ac95eb60746ea1e5da785140e1924651c09271bbaa70e
strategies/h019r1_060m_train20_threshold1p75_confirm1/ES/strategy_definition.json,184e41bbda489f7dc537eeabaa584851371ce3d007f37713dc1bcec6e2b4ffc0
strategies/h019r1_060m_train20_threshold1p75_confirm1/GC/daily_evidence.parquet,ec13f9bd884dee3816cef667e4fbd8e528d19cabd93383befbd143a722b539fb
strategies/h019r1_060m_train20_threshold1p75_confirm1/GC/strategy_definition.json,358d8acf80bd5fc7fa05162bbb8c785e182fae7087c958a5d6f23777b3047c40
strategies/h019r1_060m_train20_threshold1p75_confirm1/HG/daily_evidence.parquet,42b843329e59f1d565e1780e6dc52ac0b69d15cd37bcea33e8712b569b90b498
strategies/h019r1_060m_train20_threshold1p75_confirm1/HG/strategy_definition.json,5be7a1f87222ab7b3e8e8a30fac3ba723c3d7f1006f4ca23f2012895ff123537
strategies/h019r1_060m_train20_threshold1p75_confirm1/NG/daily_evidence.parquet,4fcb93317e96627d7197b2a6f3cb449fcbf27cddc22239e962cf2173b4f26b0c
strategies/h019r1_060m_train20_threshold1p75_confirm1/NG/strategy_definition.json,c62830f3f119964c34ee157864b5ecc7c7991667154e80a763a59089e2c5236b
strategies/h019r1_060m_train20_threshold1p75_confirm1/NKD/daily_evidence.parquet,0283b9a85f03ddf712e47258e768bbd46420e4b88824d91173f6754f07d007a9
strategies/h019r1_060m_train20_threshold1p75_confirm1/NKD/strategy_definition.json,52e97d67c264a042f82886b8c63ce3914aeaf519cb8358a10e33cf1f0dc3ea0b
strategies/h019r1_060m_train20_threshold1p75_confirm1/ZC/daily_evidence.parquet,06e71732729e50f6f49cd188f4f959f1cfc5e8ac84790c4c4610f51576aca409
strategies/h019r1_060m_train20_threshold1p75_confirm1/ZC/strategy_definition.json,e831f90f2f6868dc15e6d210d2a4afe664ff36537b3088e896d3608843adda0e
strategies/h019r1_060m_train20_threshold1p75_confirm1/ZN/daily_evidence.parquet,04547310cbf71aaf10240ad47ff59ec191a701bcf58dc5e9251e370bde21e2a5
strategies/h019r1_060m_train20_threshold1p75_confirm1/ZN/strategy_definition.json,9d5c3bb6a66f7626068861b3e998d87edf0668e9e018d415ac0f8860cac3a5c4
strategies/h019r1_060m_train20_threshold1p75_confirm2/6E/daily_evidence.parquet,937db312f2fca09111ca624d5beda3f9fdeed38e64fa439d32062e04a27fb521
strategies/h019r1_060m_train20_threshold1p75_confirm2/6E/strategy_definition.json,e1b5b0d996d97154c5d880ca2b203653ff6d8e1348323b3338e8c3a2e65c6321
strategies/h019r1_060m_train20_threshold1p75_confirm2/6J/daily_evidence.parquet,bf0e8b4fd9dbd48515195d25ba2711b636973104ad80099c65ec5dc831fc96f6
strategies/h019r1_060m_train20_threshold1p75_confirm2/6J/strategy_definition.json,298aab1745c76b7ad5a9c9661c2826879f890c54ece00103bc547064a2d9e1ab
strategies/h019r1_060m_train20_threshold1p75_confirm2/CL/daily_evidence.parquet,5b12a776e6ecbcb1f97f2daca520c3476821bf3d43f8b0f22fcff4d90ce6d3c3
strategies/h019r1_060m_train20_threshold1p75_confirm2/CL/strategy_definition.json,958d3870ac2193df4682e0ccbe69d9221e8d9c64e771a9b8b4b0bcd3d550ea74
strategies/h019r1_060m_train20_threshold1p75_confirm2/ES/daily_evidence.parquet,e4a6200619f39b7c60590aa45aab04713c0373687ec7fd800ae3167120a5307b
strategies/h019r1_060m_train20_threshold1p75_confirm2/ES/strategy_definition.json,635db463efcc4870c9ea0709b5f3c21abcd2a9f8f0793e6a87063656ac4be7f6
strategies/h019r1_060m_train20_threshold1p75_confirm2/GC/daily_evidence.parquet,ce33dced946736c79f66e1969f7864e1d1a96b47e2517b6c87e7675a7d7db6f6
strategies/h019r1_060m_train20_threshold1p75_confirm2/GC/strategy_definition.json,787407ddae9cbcae9c1e8265e34fa3eacd33d4210ea0b787919b92d50b7b0664
strategies/h019r1_060m_train20_threshold1p75_confirm2/HG/daily_evidence.parquet,7854e6b79d371afc2c670346fc4cc801a9abb2d8871753609d87e816c8df28e1
strategies/h019r1_060m_train20_threshold1p75_confirm2/HG/strategy_definition.json,6bc5e34e3a731cac255ab290facaff79d15f2eaef41f194752be803fa27af719
strategies/h019r1_060m_train20_threshold1p75_confirm2/NG/daily_evidence.parquet,b44cf5570233d3ddd27696f3b8b7e65147271925f5a1de2e850a951338765382
strategies/h019r1_060m_train20_threshold1p75_confirm2/NG/strategy_definition.json,d395b2aef3c55ada5f9948094080fe94420a767668fb1c36d10ddcad99fe5d46
strategies/h019r1_060m_train20_threshold1p75_confirm2/NKD/daily_evidence.parquet,830d23e4666b777b6ae2f1f332753b2425e0bcc3077081a103681c567724d584
strategies/h019r1_060m_train20_threshold1p75_confirm2/NKD/strategy_definition.json,566e6b31fdc9b69ede7061ae4cdecf327f1eb5f3e6d82a538269b8edf9872567
strategies/h019r1_060m_train20_threshold1p75_confirm2/ZC/daily_evidence.parquet,2b4200be2b252b55155978547d5b904c0b804f4b78e0e830faa0e19e49f0d057
strategies/h019r1_060m_train20_threshold1p75_confirm2/ZC/strategy_definition.json,39cb34663e6ec4ff990d9b71890218f5a043c816b9fa304722c0c5e5f706125f
strategies/h019r1_060m_train20_threshold1p75_confirm2/ZN/daily_evidence.parquet,956e6606ef250d7a6385a4dc17132e38082d111e36cb8c6c476bcc2e5a45ab77
strategies/h019r1_060m_train20_threshold1p75_confirm2/ZN/strategy_definition.json,0598e8e6ccdc4c7cca8c7c15bbdd8055cc665642d32e421a85a08b31298cf7a3
strategies/h019r1_060m_train20_threshold2p25_confirm1/6E/daily_evidence.parquet,a221159315f572584c38fdbf8fe18815c17e97ecfbf7a11c2beba508a6d2e7eb
strategies/h019r1_060m_train20_threshold2p25_confirm1/6E/strategy_definition.json,cf4bc384931a121a6df66a7868891e0d3e06f61eed117027c4a925dc1e01e7bd
strategies/h019r1_060m_train20_threshold2p25_confirm1/6J/daily_evidence.parquet,ca3d6eee859b401dc3a98ef1751ea88a844cdb5eb6e45d3201ab7dfd81ff5b50
strategies/h019r1_060m_train20_threshold2p25_confirm1/6J/strategy_definition.json,ce2b0f443c377ca464a976ebcf21383a318cd5f3e609fe2e4e627a54de1ece74
strategies/h019r1_060m_train20_threshold2p25_confirm1/CL/daily_evidence.parquet,8c906d0575a1474288aacd2936a940291a33e7c4e77a62facb058832e7dab4f5
strategies/h019r1_060m_train20_threshold2p25_confirm1/CL/strategy_definition.json,f019b98ce3fdf991abadfa25c6093152e38b6de3dc4a60c19875c6e487c8e86e
strategies/h019r1_060m_train20_threshold2p25_confirm1/ES/daily_evidence.parquet,45bbaf4e61ebf1cb4c50d4c0107852da072e48ae57d458ac7dfc1d15bebf5843
strategies/h019r1_060m_train20_threshold2p25_confirm1/ES/strategy_definition.json,f00be5109ca154a2604d4c6aec0a0c2322c2e9f448ff8300fb6ad53baf59d56a
strategies/h019r1_060m_train20_threshold2p25_confirm1/GC/daily_evidence.parquet,0e52f45bb3f1d48eac3c8f20a078ede5f1da38fd1d4415d415601a7c161f56d5
strategies/h019r1_060m_train20_threshold2p25_confirm1/GC/strategy_definition.json,9e945612f2c86767d89b2258e7971eabaf6751cc5d4ecddbd8e75dea675cb8be
strategies/h019r1_060m_train20_threshold2p25_confirm1/HG/daily_evidence.parquet,357f9daf2ba931ff12b9ea76de1748dcce1132bf44985ba6883cc11011685c78
strategies/h019r1_060m_train20_threshold2p25_confirm1/HG/strategy_definition.json,3d003bbd2906c293e184701bb524e37e04efdee37676f0b31213f4a0e15a9b7b
strategies/h019r1_060m_train20_threshold2p25_confirm1/NG/daily_evidence.parquet,3f0af89a5b78d613d33247c4a532b4de038d69b2c483eb23f598dd9267d7afb1
strategies/h019r1_060m_train20_threshold2p25_confirm1/NG/strategy_definition.json,b8f258512a6e2561966d14c0cbc286393a8760aec4db874350854e37207a278e
strategies/h019r1_060m_train20_threshold2p25_confirm1/NKD/daily_evidence.parquet,c11d39df3514a10b541d3ae33ba42f94c0a6c9f7f77c6369b07e4b3a64d8a37c
strategies/h019r1_060m_train20_threshold2p25_confirm1/NKD/strategy_definition.json,b8d4f381f39fb3e22ad9d93aa79d92729337e7efa2e16385b83947ba27ac985b
strategies/h019r1_060m_train20_threshold2p25_confirm1/ZC/daily_evidence.parquet,fe4a89a79c625e2152182e5bc92bef4a8b0e8a74693f9d87017da5006a659e9a
strategies/h019r1_060m_train20_threshold2p25_confirm1/ZC/strategy_definition.json,93ad5edf68908b678c1b26f395d6bca6ae8a7ca16bad2f4219e45f90c085fc87
strategies/h019r1_060m_train20_threshold2p25_confirm1/ZN/daily_evidence.parquet,27b5ce8384d94adf8140fbe256cea2d818a8b05cac7c05196ae487174eb66ac0
strategies/h019r1_060m_train20_threshold2p25_confirm1/ZN/strategy_definition.json,139748c23f345cfdf6456be6c43b3e0d1d9863adf6d72a53d091a64e1864bba9
strategies/h019r1_060m_train20_threshold2p25_confirm2/6E/daily_evidence.parquet,da7a9746683bc9427a3200a5116ddb20ebf14878d54652bb44dfdcc8d69bf8de
strategies/h019r1_060m_train20_threshold2p25_confirm2/6E/strategy_definition.json,878f06b8a46f7bf7af4f13e977ddac0a19b7997a889bf76e0ac654e577d6993e
strategies/h019r1_060m_train20_threshold2p25_confirm2/6J/daily_evidence.parquet,0906142a87ef02eaf89d53eafa38fc40800907d3b82c307224ae9459ed5e4214
strategies/h019r1_060m_train20_threshold2p25_confirm2/6J/strategy_definition.json,1522344463474418912885890628b000b28d3e735d4527b7f23b96789f1746f4
strategies/h019r1_060m_train20_threshold2p25_confirm2/CL/daily_evidence.parquet,01c515a2a293656ad1145fb4da242a30a079d4a1e33534f8ed606340eeb4cd60
strategies/h019r1_060m_train20_threshold2p25_confirm2/CL/strategy_definition.json,1d779a8c0cd474a405342c2b9f778e557a95568693408aed4d6416f0c1cbe380
strategies/h019r1_060m_train20_threshold2p25_confirm2/ES/daily_evidence.parquet,5876e0c2bd5f24f9d3819a31ca76c17a406df1b8a44c91e5890a8d3637db0d25
strategies/h019r1_060m_train20_threshold2p25_confirm2/ES/strategy_definition.json,3120f205280497efc18f43f835776bdcc93ea39939441f786a47ab235ed5bbbb
strategies/h019r1_060m_train20_threshold2p25_confirm2/GC/daily_evidence.parquet,0a35570fb06524836e0d4fb7719f983bae3025923dcf6ae84445413fb4ac7847
strategies/h019r1_060m_train20_threshold2p25_confirm2/GC/strategy_definition.json,817a7f09909012581e428eb13ec55c283c5ec630d5f638e8d8779348961a1cd4
strategies/h019r1_060m_train20_threshold2p25_confirm2/HG/daily_evidence.parquet,42124ad7ae0add8fe933f9e13f3ea2d7a91b68074d8659ddd9a161b169200601
strategies/h019r1_060m_train20_threshold2p25_confirm2/HG/strategy_definition.json,b744b48d1cc5cd6c57c9ca42b0deefd9e31d5fff4b93897e06784fb2e1814789
strategies/h019r1_060m_train20_threshold2p25_confirm2/NG/daily_evidence.parquet,3908068b89971adc87fac2c6880030727c7bcc74e83ec37c53985d66df21cbdb
strategies/h019r1_060m_train20_threshold2p25_confirm2/NG/strategy_definition.json,39afd576cae58c4a5c7eaf85a874177701b2497da86c051f1c1f4fee36c0bed3
strategies/h019r1_060m_train20_threshold2p25_confirm2/NKD/daily_evidence.parquet,808086117c95fce2f7ea66350806934c47698f4f06427bc818094b78c1027070
strategies/h019r1_060m_train20_threshold2p25_confirm2/NKD/strategy_definition.json,64aa969808fe68e5b697dfa96c3f4d169ee7bd90812dde8e157f3ae7c4835264
strategies/h019r1_060m_train20_threshold2p25_confirm2/ZC/daily_evidence.parquet,9a6dc78e8f0794b2f2db5e29e13cd3ad5add11932a14bf78366bee708c74d643
strategies/h019r1_060m_train20_threshold2p25_confirm2/ZC/strategy_definition.json,6dca6f60949f98f159dfd2cc8c93876542271bc1b7bdcfc2415d81f604af5794
strategies/h019r1_060m_train20_threshold2p25_confirm2/ZN/daily_evidence.parquet,8a05884d3afa9fdc924d12748f844e40970cfac0e8bc6440c8a5eff3ac325cc4
strategies/h019r1_060m_train20_threshold2p25_confirm2/ZN/strategy_definition.json,8a4c6ccf6c413650b78130a81504f3fb6bcce1b29e9b3dd011431f6055723a69
strategies/h019r1_060m_train40_threshold1p25_confirm1/6E/daily_evidence.parquet,5d796f2d6afb3bbe1ac80aaed049f264d4340a4d2ef56ea1daef3fe052959f17
strategies/h019r1_060m_train40_threshold1p25_confirm1/6E/strategy_definition.json,8e5cf94a87302770dd0d3a52a331d76daf5257bb281bcdfffc3fa7219c95e72e
strategies/h019r1_060m_train40_threshold1p25_confirm1/6J/daily_evidence.parquet,3438045317d3b8c96b01306d40695c7c38e97f3549826924cbb5d20cd7cacb89
strategies/h019r1_060m_train40_threshold1p25_confirm1/6J/strategy_definition.json,2af2362c0e215ec0722e35e3606e24b019ccc941f9294ae75803578d1188aed3
strategies/h019r1_060m_train40_threshold1p25_confirm1/CL/daily_evidence.parquet,0549dc2624070b5b3686f1e5ec2a030b887901ec5855d893fb3a22c21eb9e2fb
strategies/h019r1_060m_train40_threshold1p25_confirm1/CL/strategy_definition.json,fc290d3354da7efaa2f8831c550161d290764d51b4cfe3a3115bc30efb62a259
strategies/h019r1_060m_train40_threshold1p25_confirm1/ES/daily_evidence.parquet,7cefad5ce0607671b51e30bc800db2c9cae5694fda78057694e9123b9bf7fb28
strategies/h019r1_060m_train40_threshold1p25_confirm1/ES/strategy_definition.json,3ab45293d62b9bf4d3a4713787fb0596e945fb823e8d6785831428e508855f0a
strategies/h019r1_060m_train40_threshold1p25_confirm1/GC/daily_evidence.parquet,3588a8ce9505ee83f417eed0361583df3208944de238bc83bd1c04685435828f
strategies/h019r1_060m_train40_threshold1p25_confirm1/GC/strategy_definition.json,880915cb21cc715ecb614863b55f07550f6e114710b12369b2d835b60916f711
strategies/h019r1_060m_train40_threshold1p25_confirm1/HG/daily_evidence.parquet,3a3b72eb8632ba6ccd4c889944ca1f5e43738e06d992af001f3723077b09a651
strategies/h019r1_060m_train40_threshold1p25_confirm1/HG/strategy_definition.json,290ebe0252836210ea1a7b8069a5417564da7e4d1fa626589d7bac61dd8a782a
strategies/h019r1_060m_train40_threshold1p25_confirm1/NG/daily_evidence.parquet,74b1316eaf3175d6028a040ae41f00269e44190d70f75f930b6794488dfb409b
strategies/h019r1_060m_train40_threshold1p25_confirm1/NG/strategy_definition.json,b5bf273d1a030cbcfe2e159bd3b6d6791450066a792b6dc8a1c53054bbbdf099
strategies/h019r1_060m_train40_threshold1p25_confirm1/NKD/daily_evidence.parquet,39297c436639e450c67e466cd3e40b9a59cab0f702030d6c85e20a5ce28f83d4
strategies/h019r1_060m_train40_threshold1p25_confirm1/NKD/strategy_definition.json,c32f6d820bc854b105ed479f1533974e152e534fe88f3d5dc0736f834b02d2b5
strategies/h019r1_060m_train40_threshold1p25_confirm1/ZC/daily_evidence.parquet,78060b08bd65e014623c2a56633919d20ca9e37a1c22772667502a7e386b2bd6
strategies/h019r1_060m_train40_threshold1p25_confirm1/ZC/strategy_definition.json,0613449e9e6a36e2d7433d3f915bb715e147588ebb9c17cf3157bb1cb9eeb789
strategies/h019r1_060m_train40_threshold1p25_confirm1/ZN/daily_evidence.parquet,16de607218104854c4f7727cfc9196ae0db1caaf85d88b1edd3d6023f168ff1e
strategies/h019r1_060m_train40_threshold1p25_confirm1/ZN/strategy_definition.json,df0688fd12c13c5e2f9d2a708ef29fdec5015624ff672664a05a63c980acfd73
strategies/h019r1_060m_train40_threshold1p25_confirm2/6E/daily_evidence.parquet,abb3497ee69c52aa37ba79afb8be5140e9a862dd78d61b438a7ab0eb33d68d41
strategies/h019r1_060m_train40_threshold1p25_confirm2/6E/strategy_definition.json,6619aa5cd8c2149c46f642a82485a85fa0321f28c953a18f4d2e0d926c3a3b76
strategies/h019r1_060m_train40_threshold1p25_confirm2/6J/daily_evidence.parquet,cdf4e06c5f17df8e8da8fb05442629a15cbb46c0ba1d3e53d67aec375f410693
strategies/h019r1_060m_train40_threshold1p25_confirm2/6J/strategy_definition.json,cc8d6f6e095ae37136a587436cdd60ce14d36c4790cce5812fd54fd90bdda4ba
strategies/h019r1_060m_train40_threshold1p25_confirm2/CL/daily_evidence.parquet,eec5c8da4e03a5b9ebd66e5f2606e84ee1a61404b4c04fc4908a18a6c71fd00c
strategies/h019r1_060m_train40_threshold1p25_confirm2/CL/strategy_definition.json,48c71a319ab7ac4207f59e7581130745a440e3cb8fa4ff0a7a88b86e6f3877a1
strategies/h019r1_060m_train40_threshold1p25_confirm2/ES/daily_evidence.parquet,36a113fb2f2d3ae5a778778b2f1d48fa0eabd332e5ff2905dc2b91ef471a1fc0
strategies/h019r1_060m_train40_threshold1p25_confirm2/ES/strategy_definition.json,e129e8dd8883b5ebcba1b09a399db0529ef9218496267f875af824df0dd39a92
strategies/h019r1_060m_train40_threshold1p25_confirm2/GC/daily_evidence.parquet,30ff4cb2ac5d74d9d54d154a5f19c4206d4eb143d5c389278e6c0c3e11909402
strategies/h019r1_060m_train40_threshold1p25_confirm2/GC/strategy_definition.json,4601755f5857fce32aa6e180d1b4e51d8ef5b49941f321483c376266f8b2c7f8
strategies/h019r1_060m_train40_threshold1p25_confirm2/HG/daily_evidence.parquet,5c63f8874190118bb6756cd42766a199ee74ad689e77e25bf27960192907a453
strategies/h019r1_060m_train40_threshold1p25_confirm2/HG/strategy_definition.json,19f22e1a3ba67ca3e80aa5bc5a4805509d8428f5d362f9bdd275b199704e9ac0
strategies/h019r1_060m_train40_threshold1p25_confirm2/NG/daily_evidence.parquet,7308ba9deb81ae7ff260ccd52b69364264384ae95f081da4beb4116d6360b82d
strategies/h019r1_060m_train40_threshold1p25_confirm2/NG/strategy_definition.json,9b22cbc26a29fd9b288f32cf112e23a719c37a12ea28231722c931c64e588b80
strategies/h019r1_060m_train40_threshold1p25_confirm2/NKD/daily_evidence.parquet,46b1d1cd1277ef162471fd7cb5b1dd65ffe4b33eaf397d78b5b20873b05ab06a
strategies/h019r1_060m_train40_threshold1p25_confirm2/NKD/strategy_definition.json,84a5fafcb2ea52041148e203d301afb58ae41411ccb0e2671f323277fe2b891f
strategies/h019r1_060m_train40_threshold1p25_confirm2/ZC/daily_evidence.parquet,da62bb9604ca36a392e5a4594e035a5af4f9328e2301f7105c49e4f515418b90
strategies/h019r1_060m_train40_threshold1p25_confirm2/ZC/strategy_definition.json,69b6b47ddd7875779cafd30ce9c1649afa1701eefda0f6ee6f5f9f016d0356f3
strategies/h019r1_060m_train40_threshold1p25_confirm2/ZN/daily_evidence.parquet,6722ccc3ad25bfd8e486108612ff5f7621532c9f982354f8eed0e7faa4e1abf5
strategies/h019r1_060m_train40_threshold1p25_confirm2/ZN/strategy_definition.json,fa116cde88fde49ffc22dc0f29f93a9ae13305e903360ef407698e033b6d1077
strategies/h019r1_060m_train40_threshold1p75_confirm1/6E/daily_evidence.parquet,78d2520f97b34d1fd3034c5e1945a8f704bf1f39aafe3a8eeef82480df77934a
strategies/h019r1_060m_train40_threshold1p75_confirm1/6E/strategy_definition.json,ddc4babaeba328bd0cef2d9323df5462903b9b2480ececff7eae74a36d5864f4
strategies/h019r1_060m_train40_threshold1p75_confirm1/6J/daily_evidence.parquet,25c626781b8b5f1e4045095f92fb3e7e28d6e4e4fd106e46dae9b0efccb6a52d
strategies/h019r1_060m_train40_threshold1p75_confirm1/6J/strategy_definition.json,ddbd3dd128eeeb4c99e1c921307256824330403c21c61a65984fd9fce241f4e9
strategies/h019r1_060m_train40_threshold1p75_confirm1/CL/daily_evidence.parquet,b552e950c0ade3589f3dc4fefc46f854cc2a32437a1a925b9a7a16bebef53d18
strategies/h019r1_060m_train40_threshold1p75_confirm1/CL/strategy_definition.json,5ff9a0debd26798cddbe7b40eca2488a3e6296bfaa14ca59a1ba2dddd76c7c51
strategies/h019r1_060m_train40_threshold1p75_confirm1/ES/daily_evidence.parquet,07606117dfaddaaa502aaafef784f7f4407138c2b1b8659ae8c4b3872c796421
strategies/h019r1_060m_train40_threshold1p75_confirm1/ES/strategy_definition.json,ccf93d131f99b540e5e37a09e2acf1f4fa141bd17467e9c403c7ac0a822bd82d
strategies/h019r1_060m_train40_threshold1p75_confirm1/GC/daily_evidence.parquet,e7883b8f2e3acfc96fc909cef5103aad1afa89b1a53d8bce48a084a69ceb0ce7
strategies/h019r1_060m_train40_threshold1p75_confirm1/GC/strategy_definition.json,c38bb13e1c495824194d200fa173aa51967c3910618315f9894532a23408de2f
strategies/h019r1_060m_train40_threshold1p75_confirm1/HG/daily_evidence.parquet,b8e530e4221dbded85579814fccdebb9d898792450dfc075654cd1b7f3267b0f
strategies/h019r1_060m_train40_threshold1p75_confirm1/HG/strategy_definition.json,8218e18d12fdd814f78b439dc20a246b746594a294e9260432d8f330fbc0cd74
strategies/h019r1_060m_train40_threshold1p75_confirm1/NG/daily_evidence.parquet,1e128fc3a7aaae7c4a3ac5718267f10759e4139ebae0d17551c256c26890dd36
strategies/h019r1_060m_train40_threshold1p75_confirm1/NG/strategy_definition.json,f5d3331a2bb247ad0a85c4495455fa6b0dca20fcd10811305152f8174679ce9d
strategies/h019r1_060m_train40_threshold1p75_confirm1/NKD/daily_evidence.parquet,bc8ec1e0e09da43317634305e75386aa84fb7e8ecbc613f1275edca76616a386
strategies/h019r1_060m_train40_threshold1p75_confirm1/NKD/strategy_definition.json,64c9313effff858c2197a8239e44b117c6a75a5bc4ef3994e941095819c1fc4f
strategies/h019r1_060m_train40_threshold1p75_confirm1/ZC/daily_evidence.parquet,9245ab078d0f2819009a3b5db823aaf1b201d23e90fd801d363eee50ce9c56cd
strategies/h019r1_060m_train40_threshold1p75_confirm1/ZC/strategy_definition.json,2a249860156e6e147a3d181c7a27a04f3317291d60f0eba51b92bb1ad7e5085b
strategies/h019r1_060m_train40_threshold1p75_confirm1/ZN/daily_evidence.parquet,821a31fa97bc1954abfbee727edf3ed0dd535a97c4159dfba1b9e9881864abd6
strategies/h019r1_060m_train40_threshold1p75_confirm1/ZN/strategy_definition.json,5fda086acf780f1644416533a590f796229dbbffd3d804127516bea2fffca512
strategies/h019r1_060m_train40_threshold1p75_confirm2/6E/daily_evidence.parquet,f9ce3a1c57e74fc2d7fbe70533f93cad841a146285106e73e072d41565df47ed
strategies/h019r1_060m_train40_threshold1p75_confirm2/6E/strategy_definition.json,237c5d335cf1bb9ffa95dade46420ceb55113588ac3adad7eea9254202f68ed0
strategies/h019r1_060m_train40_threshold1p75_confirm2/6J/daily_evidence.parquet,27cf7ee4358d628e37df26880424d05c74318262633e059f49fc033250ee99aa
strategies/h019r1_060m_train40_threshold1p75_confirm2/6J/strategy_definition.json,0e9cb14c404de3d3aaea1f233c32d678bbdfe6a1ae8cbf85d5690dda9fa80c91
strategies/h019r1_060m_train40_threshold1p75_confirm2/CL/daily_evidence.parquet,3dedf0f86d901830f5f7bc9b6b983edf0f61dbc6446502c81d48d2da3fb4796c
strategies/h019r1_060m_train40_threshold1p75_confirm2/CL/strategy_definition.json,96165645198d0dba62a20b5718a9a5b1760c536290425be7fcb2aa2b0eda120a
strategies/h019r1_060m_train40_threshold1p75_confirm2/ES/daily_evidence.parquet,8922b2c259923677ef9bbe042ffaa56087e461a0a09e62b0bc215d79523e4470
strategies/h019r1_060m_train40_threshold1p75_confirm2/ES/strategy_definition.json,cf3efa8ef1832e37945871c3883509c384b67880ea6b119d9e4676f60be4ec52
strategies/h019r1_060m_train40_threshold1p75_confirm2/GC/daily_evidence.parquet,9548622343ff95bcd14bb6e82d6bc765014d5319a65dcc5a2fa966d28d3e0277
strategies/h019r1_060m_train40_threshold1p75_confirm2/GC/strategy_definition.json,84712c99d579c86a9e0278611e9a02fc19e0a6888df20cbb20f904e25a9324b1
strategies/h019r1_060m_train40_threshold1p75_confirm2/HG/daily_evidence.parquet,89c69ce34d71dd0a52d3b4e736e4ef593283158895ec7e25248c26ffcbcbe8d4
strategies/h019r1_060m_train40_threshold1p75_confirm2/HG/strategy_definition.json,84a35f6f3b1a586b9b621e3b520074d5cea4105d4d6cd24f974706104d755764
strategies/h019r1_060m_train40_threshold1p75_confirm2/NG/daily_evidence.parquet,f8b63c4da2598100c6f68d2beb057bd5b6fc57faa0cc3dcea0087e1341b4ca21
strategies/h019r1_060m_train40_threshold1p75_confirm2/NG/strategy_definition.json,2434d761b2521c340611eb2210b514e6bff701893031bc5cfd4ae1018448c9ba
strategies/h019r1_060m_train40_threshold1p75_confirm2/NKD/daily_evidence.parquet,4302445b0f06918d63e8acd9c378e99554421b8fe190c232e93366787f3cf3c8
strategies/h019r1_060m_train40_threshold1p75_confirm2/NKD/strategy_definition.json,0f97dbd56f0a8f15376b1c042f9d1f8e4605bd260de4daef9ff4f50fdc8345c6
strategies/h019r1_060m_train40_threshold1p75_confirm2/ZC/daily_evidence.parquet,18c79bbbc01d79591da4ceaa3cea77cda3b9557f0f4a3e9c5ca61e452131636f
strategies/h019r1_060m_train40_threshold1p75_confirm2/ZC/strategy_definition.json,f83167844b16915af5ceb24d85dd6a8bd7e409bd0e856f17edba8da226c9b654
strategies/h019r1_060m_train40_threshold1p75_confirm2/ZN/daily_evidence.parquet,9634f6ab6f61c3b89df22a8ac3119bf08cf1797ed3514a92d59f1ebefe8ef12c
strategies/h019r1_060m_train40_threshold1p75_confirm2/ZN/strategy_definition.json,f7a9543147f23492945ce50b1b1b1b482bcdf2d687a4b56343840f487dfc419e
strategies/h019r1_060m_train40_threshold2p25_confirm1/6E/daily_evidence.parquet,d7353c285de748b683e015442d4f75a0f86dd51facfb479bd93010eb758b12ff
strategies/h019r1_060m_train40_threshold2p25_confirm1/6E/strategy_definition.json,a724fa530ee1685af5c1bcbac46dc87a8a5ac911a0ebd73716ceda00ca6eb26c
strategies/h019r1_060m_train40_threshold2p25_confirm1/6J/daily_evidence.parquet,df8086b5f5910b6064789591e64656d191641af3e027019a11aa18c700008687
strategies/h019r1_060m_train40_threshold2p25_confirm1/6J/strategy_definition.json,d5485e8414acb8835318ded04f3a77b1103574d19b562c7739081bc3a8d0f50c
strategies/h019r1_060m_train40_threshold2p25_confirm1/CL/daily_evidence.parquet,98e9dbf691fba74c15c9a93f363ece6425c643eea8b1c761c08b823b0c82dc62
strategies/h019r1_060m_train40_threshold2p25_confirm1/CL/strategy_definition.json,a233d2c539eee06dd25afcdcdbae4942b918d4f04296487092ee651a2aaf220a
strategies/h019r1_060m_train40_threshold2p25_confirm1/ES/daily_evidence.parquet,e17a41c37ae737e73f5041f65cf7d948c232fa64d8e6b150e83a7d98dcdd880f
strategies/h019r1_060m_train40_threshold2p25_confirm1/ES/strategy_definition.json,d1215f09d441e8eacf42929c30fe7cedbbbd2699cd4dd83bb5bf9bdd96ab29e3
strategies/h019r1_060m_train40_threshold2p25_confirm1/GC/daily_evidence.parquet,9ae9eaa3fbd2d5ffcccb67cc6cb3faab82d1c2ec4e4536b54f51859bf3d64a4b
strategies/h019r1_060m_train40_threshold2p25_confirm1/GC/strategy_definition.json,03b2966932c8254da9a9939e00418c2557b125a4058c9b00305c6b0819602ea4
strategies/h019r1_060m_train40_threshold2p25_confirm1/HG/daily_evidence.parquet,d83ec1bd66e79e46235b0aff83c4e044e71bdf4188f372bac39bbed993b07400
strategies/h019r1_060m_train40_threshold2p25_confirm1/HG/strategy_definition.json,cf2e16aec557d527da5577e09f0045fc92fd58d45c1596e5a2ddba88ca8cd83b
strategies/h019r1_060m_train40_threshold2p25_confirm1/NG/daily_evidence.parquet,99729fd2b9bcabde6f82d688ea2cc7ce83a9821be2fd31aaa74e7c352c7f6f71
strategies/h019r1_060m_train40_threshold2p25_confirm1/NG/strategy_definition.json,d0e3a679828888165b705b5267acb7a793ebe143235bee359153b291d8b56acd
strategies/h019r1_060m_train40_threshold2p25_confirm1/NKD/daily_evidence.parquet,e5a7bf50c4b859020edc204d9da08120fe408903ad4c79b7485ea6d53602b8e5
strategies/h019r1_060m_train40_threshold2p25_confirm1/NKD/strategy_definition.json,479360a71e0c1519fcc8558c97004d0451432aeae5aa116eae41cf049923ae51
strategies/h019r1_060m_train40_threshold2p25_confirm1/ZC/daily_evidence.parquet,530901e7e74db18486ca9033cdab65c00727ed019ba4d1349838f03b0846ff30
strategies/h019r1_060m_train40_threshold2p25_confirm1/ZC/strategy_definition.json,865bec783a90a7dab751645c9debbefb76b01b389bef7abe24fbb4d935e9cb35
strategies/h019r1_060m_train40_threshold2p25_confirm1/ZN/daily_evidence.parquet,813f5fca41f436336c810e59b0f3244fa289634c7beda77c7249de23850ae286
strategies/h019r1_060m_train40_threshold2p25_confirm1/ZN/strategy_definition.json,2d7af69f04883d0a9daeefdb454deb48574a0fc3109dfde00fa999fa59eb26a5
strategies/h019r1_060m_train40_threshold2p25_confirm2/6E/daily_evidence.parquet,a3736909f29035f4ccc8e7aace77e2fa4ee4dc89891409b185af89d7cb01db6d
strategies/h019r1_060m_train40_threshold2p25_confirm2/6E/strategy_definition.json,4c1acf996ddb59978c5d9c018efb1f951f875c5f01542b01b55cfcba604f942c
strategies/h019r1_060m_train40_threshold2p25_confirm2/6J/daily_evidence.parquet,f3e30a3e1f66eabecc5e64ac36cda583e9bd16c8241c296d96435a9315f34452
strategies/h019r1_060m_train40_threshold2p25_confirm2/6J/strategy_definition.json,dcdfd24a7d7750ce1afbf1a7c89fa3f4d258516d9bf03e2e873be7bd6600504d
strategies/h019r1_060m_train40_threshold2p25_confirm2/CL/daily_evidence.parquet,325e19756bd27521412bfa1420e26c245773f239501315bb2d1200341095adc9
strategies/h019r1_060m_train40_threshold2p25_confirm2/CL/strategy_definition.json,84fd0b623ea736fba323655f80b01b71bc43d324a21fc66cb9a4dd1bcc05ea74
strategies/h019r1_060m_train40_threshold2p25_confirm2/ES/daily_evidence.parquet,5d5f1edeec0fb21f7d339d27fa46d3bc369c30cf62091f9163e6425f64731043
strategies/h019r1_060m_train40_threshold2p25_confirm2/ES/strategy_definition.json,98450e6982d6c3a78d59d760e55dc1a45c77ada9f3cc74d47fdceb204ccf2660
strategies/h019r1_060m_train40_threshold2p25_confirm2/GC/daily_evidence.parquet,a0e8c9b36e6870bed0f53443e01a74045affbb1d869367828fb3a5ec6b3943b2
strategies/h019r1_060m_train40_threshold2p25_confirm2/GC/strategy_definition.json,b3f2644d3cfb6c0da6928913002cc4259425a1dba813c91d0568fb7dbef25fc3
strategies/h019r1_060m_train40_threshold2p25_confirm2/HG/daily_evidence.parquet,e32dda9ed078628d052a90427196f175afb524ef1ed85be6d4d56bbb39c6e57b
strategies/h019r1_060m_train40_threshold2p25_confirm2/HG/strategy_definition.json,86a1459565bff95d555c9a35ccc6b73a192757cf347ecfbc4991174ae25c73f4
strategies/h019r1_060m_train40_threshold2p25_confirm2/NG/daily_evidence.parquet,4bd219b571053b59aad4576386d3cf95c181cac097e243c85046fd6b785e0e15
strategies/h019r1_060m_train40_threshold2p25_confirm2/NG/strategy_definition.json,a9e7871d56c6c474e95179fe20d331f8f69f84bacbd61f130d3d17012803ceb7
strategies/h019r1_060m_train40_threshold2p25_confirm2/NKD/daily_evidence.parquet,e0b9b9930658ce9545c7b28e4a8af608f5d1776f1c502b2dd5ad6b55e2f2a7cd
strategies/h019r1_060m_train40_threshold2p25_confirm2/NKD/strategy_definition.json,b9335450b9e3ca3e71984be9b7ba61f325b11c7ea6ebcd0953e5a6341ca66795
strategies/h019r1_060m_train40_threshold2p25_confirm2/ZC/daily_evidence.parquet,85d214ec63427e4f52530db2fe819e4b94d09977ef325287f80f398cee985692
strategies/h019r1_060m_train40_threshold2p25_confirm2/ZC/strategy_definition.json,85712c249e13a98d523b03192830f3f36a9e2d2b06477ab0ab19fd90ebe3faf3
strategies/h019r1_060m_train40_threshold2p25_confirm2/ZN/daily_evidence.parquet,bd6d7509468e6597b640659aa3873edabf38a4710b64f58f2a02aa189877731b
strategies/h019r1_060m_train40_threshold2p25_confirm2/ZN/strategy_definition.json,5f21f94d5ac88bbd4c01ff76ccf7a522eb56fe7611c75fe84db0a8aa3356b579
strategies/h019r1_240m_train20_threshold1p25_confirm1/6E/daily_evidence.parquet,f8617f3551d85bcf2a0b4a1f36fba0b2f4c9a8a76805573ba2962f5cfb9362af
strategies/h019r1_240m_train20_threshold1p25_confirm1/6E/strategy_definition.json,ffacb2c5d043a92df5db7df88ebd3e0cbb543cc87f00dca61d27015c63030d17
strategies/h019r1_240m_train20_threshold1p25_confirm1/6J/daily_evidence.parquet,c68737de2ec3b62c8dd46f62f3fa5e5c7eb895cf5bdb1d79d3e6c8df1bc2a116
strategies/h019r1_240m_train20_threshold1p25_confirm1/6J/strategy_definition.json,397bb650e97fb0490d3c85db94808433aade7a96f0484f622350691c0128e94a
strategies/h019r1_240m_train20_threshold1p25_confirm1/CL/daily_evidence.parquet,c582ee8904ff63b9be0fe009fdff9816a3c58522f15c76b1a9e4e34ac0acbc46
strategies/h019r1_240m_train20_threshold1p25_confirm1/CL/strategy_definition.json,8539fa286df4fdec14d6b910a54bd523f671e3293d9808d9fea80f8f38e39ade
strategies/h019r1_240m_train20_threshold1p25_confirm1/ES/daily_evidence.parquet,3794cc85dba040154ccbb05dc70db442f7e223b7855af78af91de7ce0cb85fd8
strategies/h019r1_240m_train20_threshold1p25_confirm1/ES/strategy_definition.json,91361b8a00b41b1bcbd56fb13d1fd3d1de85c36f3af6c9d8372502eff81265ee
strategies/h019r1_240m_train20_threshold1p25_confirm1/GC/daily_evidence.parquet,37ad9c180c5cda1ae1d4683e2c19f7da0ca510850c8d86ab11ae53b3722dbc8d
strategies/h019r1_240m_train20_threshold1p25_confirm1/GC/strategy_definition.json,a26d19e40d7489fecdaf8ece1a9fcaa20cfbd22c3a16417b5e0d1442117a593e
strategies/h019r1_240m_train20_threshold1p25_confirm1/HG/daily_evidence.parquet,ef443f203f3c791233b32d72d52bd48c6e014150bf3b7b851ed0c2b5c00b116a
strategies/h019r1_240m_train20_threshold1p25_confirm1/HG/strategy_definition.json,d96c263a224ed8644b146e25d529cff699a815a0bcc3c07cda6b834620832e60
strategies/h019r1_240m_train20_threshold1p25_confirm1/NG/daily_evidence.parquet,7c3ad46ba4af999574776d0011f63789466bd4693501180c0d1fadfad6124b63
strategies/h019r1_240m_train20_threshold1p25_confirm1/NG/strategy_definition.json,682270af158de7d0279523f0e41f55061b02823982f7500c51edf322267252f1
strategies/h019r1_240m_train20_threshold1p25_confirm1/NKD/daily_evidence.parquet,6f0c52a8171ebb920da8c5601574923ba9316ce73dcd1d38e82bedab970d4d65
strategies/h019r1_240m_train20_threshold1p25_confirm1/NKD/strategy_definition.json,75c08a153896a1de777b53fe21778b85f0b45747c8e00fb6284f68ff1d506e62
strategies/h019r1_240m_train20_threshold1p25_confirm1/ZC/daily_evidence.parquet,08c6b632595a076ea3a69d2c9add14b08a3cf17b7efbe80c4148c5e073fc2dd7
strategies/h019r1_240m_train20_threshold1p25_confirm1/ZC/strategy_definition.json,46605b2690ce0bdb0b3a9f054784f5006c6fc9f71ec7a7d2f529bd94b7e5a1d7
strategies/h019r1_240m_train20_threshold1p25_confirm1/ZN/daily_evidence.parquet,9156a48cf2b0e80ba249dd8c68f77c5e7d4e8253e1b0e9b7d83933a2d5010de8
strategies/h019r1_240m_train20_threshold1p25_confirm1/ZN/strategy_definition.json,a3dff3a9774a4efb5780266f12db29f4359f83b98492d5b9ab5b2557d32ff7dd
strategies/h019r1_240m_train20_threshold1p25_confirm2/6E/daily_evidence.parquet,bda080a1d5be047bb3d43217b708a17a3614391370da95049cef429e00a75d13
strategies/h019r1_240m_train20_threshold1p25_confirm2/6E/strategy_definition.json,d24a957b7c94af2421bbf49a41f6100b68372369a8eb522f828e17cc1d3740df
strategies/h019r1_240m_train20_threshold1p25_confirm2/6J/daily_evidence.parquet,66b32e253997f58b1d49e47d94dd0a24f6829732161da30d7c828bcd639eab13
strategies/h019r1_240m_train20_threshold1p25_confirm2/6J/strategy_definition.json,544286ae9ca75d09eeade2cc7c09271903e70c064c24629c0c7d19841c02d1b7
strategies/h019r1_240m_train20_threshold1p25_confirm2/CL/daily_evidence.parquet,473ba67431315763ac9fcc3ac8044c811e40b3fbefc5baba3708131f8bc4466f
strategies/h019r1_240m_train20_threshold1p25_confirm2/CL/strategy_definition.json,6b2e07ede181b2f144c020162a86c035b6a1f1e9be803c71c442d71c38dfce2c
strategies/h019r1_240m_train20_threshold1p25_confirm2/ES/daily_evidence.parquet,20e6d7a915ccb9a31674939ac32f1e3c496d6d0225669575f74c40cb65d157dd
strategies/h019r1_240m_train20_threshold1p25_confirm2/ES/strategy_definition.json,6a3af6d42251468f7da368f16f05a2793f3153ed676b862220de2908fbeaef07
strategies/h019r1_240m_train20_threshold1p25_confirm2/GC/daily_evidence.parquet,317ef409966bb0af0efb290df71cfe6c53b69a16d7e9c384b6bc42656798336e
strategies/h019r1_240m_train20_threshold1p25_confirm2/GC/strategy_definition.json,368e95780a1e41703d01e4be4331bc4c9820e0e678b84cfccd5ce34b2be4cf1a
strategies/h019r1_240m_train20_threshold1p25_confirm2/HG/daily_evidence.parquet,86c67c53e72fa9e59d0600337f726a1b93da0fd90a9360d35e172a1e56e6237e
strategies/h019r1_240m_train20_threshold1p25_confirm2/HG/strategy_definition.json,dafa5451387717437d891e4fa19d94d001b7f260f6dcdbb603ace657f7d63e1b
strategies/h019r1_240m_train20_threshold1p25_confirm2/NG/daily_evidence.parquet,14d0673e7a89d9fdd93037f7e7d5aa7c977cdec08231c9d6f41f7fca39a3df4c
strategies/h019r1_240m_train20_threshold1p25_confirm2/NG/strategy_definition.json,1e4ffe5f59d149470df2be0a2b27ac96d3fa8ab92e8c8b9e79630f0dc9e52413
strategies/h019r1_240m_train20_threshold1p25_confirm2/NKD/daily_evidence.parquet,7fb6a616005fb1b84303c9f5fbde856ea186ab7df919233aa04f0c4a7ccdc8f7
strategies/h019r1_240m_train20_threshold1p25_confirm2/NKD/strategy_definition.json,a9a661bd18174f820e9bcbcad962429e94e8cc923a1753905d6da07f9d992074
strategies/h019r1_240m_train20_threshold1p25_confirm2/ZC/daily_evidence.parquet,87f41455fba54dc49e2ab3393621e9fc5c65ef4b6e43a0c07684bb5013ab33c6
strategies/h019r1_240m_train20_threshold1p25_confirm2/ZC/strategy_definition.json,b93b38156e174d47f9a643bb024c69e690cd83cb1b246850512280b2527c092c
strategies/h019r1_240m_train20_threshold1p25_confirm2/ZN/daily_evidence.parquet,06f7845980a2d28253d84ebcc4a58ff6b47b63f66a358d5029efd53c4c4a81a2
strategies/h019r1_240m_train20_threshold1p25_confirm2/ZN/strategy_definition.json,6497abc7db5c1830e1c24f15cfaaad107f3a99bed157a052e477c7d44ef3bd7d
strategies/h019r1_240m_train20_threshold1p75_confirm1/6E/daily_evidence.parquet,380b9b1a605f2869d32be65f3d9ffdd29569be5785ef83aeee293a735e7d212d
strategies/h019r1_240m_train20_threshold1p75_confirm1/6E/strategy_definition.json,b3fe0ceb28b91db51bc2d9480182b8751568dca329430865de303d9ffb77ab8e
strategies/h019r1_240m_train20_threshold1p75_confirm1/6J/daily_evidence.parquet,0d9424a5a93d4522134dd8e1cc9e97b2da75560bbd96a1d132195e38885b8b4a
strategies/h019r1_240m_train20_threshold1p75_confirm1/6J/strategy_definition.json,18c3cdf65a0cb84197b292fa4a4025fe369bb7cff29dae84eff001e92d201f67
strategies/h019r1_240m_train20_threshold1p75_confirm1/CL/daily_evidence.parquet,07ef475424016441e47362693400a3f45083b3843e3269e3ead1445b288de5e0
strategies/h019r1_240m_train20_threshold1p75_confirm1/CL/strategy_definition.json,3ea184ce18a8f85ea7c6d6271c0be692ef85238c5d787a012d809c44b2d5ac53
strategies/h019r1_240m_train20_threshold1p75_confirm1/ES/daily_evidence.parquet,5a01b227ccb58d0c51ee99dcffb3bd21755fad22f5256f0a0a6dc6b12a625cc0
strategies/h019r1_240m_train20_threshold1p75_confirm1/ES/strategy_definition.json,fe307c2fdd379b2871c89f0d9c4f25fcae0f48b65fa1e3f33f93a32f528ce768
strategies/h019r1_240m_train20_threshold1p75_confirm1/GC/daily_evidence.parquet,a81200a89726435ac4daf51ad46c734e2504010977cb9c8768912c6dca6f96e8
strategies/h019r1_240m_train20_threshold1p75_confirm1/GC/strategy_definition.json,44d31647b8204865294a3b77c3b7ee13c7fedeacd34456802650ac017704ac22
strategies/h019r1_240m_train20_threshold1p75_confirm1/HG/daily_evidence.parquet,082c5f70c563a5ca5ff45b261cc4ab087a69c1c9943b4b995db26996176e6bdf
strategies/h019r1_240m_train20_threshold1p75_confirm1/HG/strategy_definition.json,422d2508ec69143fdc78d549b21cac0f87d609eff5341ae3002fad4a420ee3a0
strategies/h019r1_240m_train20_threshold1p75_confirm1/NG/daily_evidence.parquet,6bc7c5037d81ddce91e56c628c4bd344ae37da1d315d71000874e4d0975d8341
strategies/h019r1_240m_train20_threshold1p75_confirm1/NG/strategy_definition.json,219d05c337ee95ac25a155559791152fd2fe58ed2255a29e3641131268af8b28
strategies/h019r1_240m_train20_threshold1p75_confirm1/NKD/daily_evidence.parquet,1ef8071f4bf022ecd10e845cdc3d7c172cafba25bf5ef3d814cca6cae61d7e5a
strategies/h019r1_240m_train20_threshold1p75_confirm1/NKD/strategy_definition.json,74db18f8e66e25c95db4d2f0f0eaaccae58671c26ad0099dfc58c481a214cd65
strategies/h019r1_240m_train20_threshold1p75_confirm1/ZC/daily_evidence.parquet,1e34da1f27f406bdc3cc8b9a05caf2ebf2d459559d29b226b701a326e356f622
strategies/h019r1_240m_train20_threshold1p75_confirm1/ZC/strategy_definition.json,e92091559add3f1e3083a5d47450def2a7fde3be8f65eb872ee010aa175b85dd
strategies/h019r1_240m_train20_threshold1p75_confirm1/ZN/daily_evidence.parquet,f7627913e8728e0c23cca524feffeb845259a2ba7c13ceee5e714fe1a431c9b0
strategies/h019r1_240m_train20_threshold1p75_confirm1/ZN/strategy_definition.json,c639706198e7831e65caefdf261abc191d396f0eaf4f6f4df32cc4871b7acbf4
strategies/h019r1_240m_train20_threshold1p75_confirm2/6E/daily_evidence.parquet,4a1529e4a4c756f4c9db6deb72baf48a1c4ece36e1936b1a8fcfc404122ca25f
strategies/h019r1_240m_train20_threshold1p75_confirm2/6E/strategy_definition.json,e02270d0c9449aa4e1847ee602d4b58db7012f27fcb628f6eb0f65b959604f7b
strategies/h019r1_240m_train20_threshold1p75_confirm2/6J/daily_evidence.parquet,4bd219b571053b59aad4576386d3cf95c181cac097e243c85046fd6b785e0e15
strategies/h019r1_240m_train20_threshold1p75_confirm2/6J/strategy_definition.json,1dd24a728ef9f157f8259acabe8a1958e7b4517d13682003e8a6f7154332aef1
strategies/h019r1_240m_train20_threshold1p75_confirm2/CL/daily_evidence.parquet,f6a61762b70ccf684ed0bb3e61cade8db0bc5baa6d69014f38abefeec5ffb10e
strategies/h019r1_240m_train20_threshold1p75_confirm2/CL/strategy_definition.json,c0f95f1fc97176ae53abdb1a5d374d6ae750cd5240346415901a95b63bdfb212
strategies/h019r1_240m_train20_threshold1p75_confirm2/ES/daily_evidence.parquet,0928ff83d6d7ffc36fbf73b36e4e81906521ce0f1466fd0b6bde753e1301322f
strategies/h019r1_240m_train20_threshold1p75_confirm2/ES/strategy_definition.json,258818597128ac94afcaade96466e301c0452e67e5786b007869fb442fa9b61a
strategies/h019r1_240m_train20_threshold1p75_confirm2/GC/daily_evidence.parquet,cc624debb4b0f0bb1d7adb31c828361b6a76f881ff697adc4101af3f8e29011d
strategies/h019r1_240m_train20_threshold1p75_confirm2/GC/strategy_definition.json,9bf5fe7db6be96793cda20dd3717b4c7ccfafb51cd5a3a5063ddf38946d9693c
strategies/h019r1_240m_train20_threshold1p75_confirm2/HG/daily_evidence.parquet,397e0e7bdc2aeba2ca24dd2464155bcf3b53f9807209c21d0b9c3a644d3e9614
strategies/h019r1_240m_train20_threshold1p75_confirm2/HG/strategy_definition.json,b0f30505f5701ec5133bcc2d8ab2d1c28424ef75dc9d9091a2bc50d378025d55
strategies/h019r1_240m_train20_threshold1p75_confirm2/NG/daily_evidence.parquet,4e26eef41ad552e8ea0ea5989c410aeb5a2c303c8a531b8891f4a1f1c58a05db
strategies/h019r1_240m_train20_threshold1p75_confirm2/NG/strategy_definition.json,361d38a4b47f2d17bea9ce2942327953c96eae7f60d5093a193f74dc9c00367c
strategies/h019r1_240m_train20_threshold1p75_confirm2/NKD/daily_evidence.parquet,f5560e167c655772a1d8af362fecc1b780f35796b52f7af1815699fd9dc3148e
strategies/h019r1_240m_train20_threshold1p75_confirm2/NKD/strategy_definition.json,d8359628d65ecb79b2a1e41ac3a5d8ce5cf604992ce510c25f4c5a8a056eaa5c
strategies/h019r1_240m_train20_threshold1p75_confirm2/ZC/daily_evidence.parquet,3a9899361a12881058507a9aac855ec00c6bfc2128bcf1557b584eccd51c6f56
strategies/h019r1_240m_train20_threshold1p75_confirm2/ZC/strategy_definition.json,e916a105f04eb2529eb69f0239766702315eb00eecba624b0c4f6d4c91f70575
strategies/h019r1_240m_train20_threshold1p75_confirm2/ZN/daily_evidence.parquet,d5cb024171636381afa3c50babf7b0a2120105546b95f92c7e03cb93988f1334
strategies/h019r1_240m_train20_threshold1p75_confirm2/ZN/strategy_definition.json,a90f5cfe647997f6e585442709b5a3fcfd7ccf63e6911c70bff1d5c4048d989f
strategies/h019r1_240m_train20_threshold2p25_confirm1/6E/daily_evidence.parquet,a14a843100224cea33e92cb6f5368347ffdda08af1e8d22c443ec7afddf123af
strategies/h019r1_240m_train20_threshold2p25_confirm1/6E/strategy_definition.json,64e1ad7c1a0e2e2ead5bdcf09b3cd010b0d86d9378dd5c4f98ef1058e62a4d53
strategies/h019r1_240m_train20_threshold2p25_confirm1/6J/daily_evidence.parquet,c1ad901078298908901cb1ca03f0e6fe0eb5a176a73c4aaf7a09ffb1caf4f0eb
strategies/h019r1_240m_train20_threshold2p25_confirm1/6J/strategy_definition.json,ec3ce85269e6eb98856e8056ba73785af6f8a43e800a46c9f016e92781f4700f
strategies/h019r1_240m_train20_threshold2p25_confirm1/CL/daily_evidence.parquet,3320dad1e8fe7a42c39e1ca7bfaa197dce419b0e90aefa4982d28276208bf530
strategies/h019r1_240m_train20_threshold2p25_confirm1/CL/strategy_definition.json,79345b3a661612563e5bb6415493b42d2bc8669670d49d2605ffca4d234075b1
strategies/h019r1_240m_train20_threshold2p25_confirm1/ES/daily_evidence.parquet,011a471fd053723b27df0f89ad79408c85e92b4ffa2bb45c7a10fc48a6b10bad
strategies/h019r1_240m_train20_threshold2p25_confirm1/ES/strategy_definition.json,56e31c62c89286c25ea8727da9c3d32f839ce1d4a171bfe940e389c5cfc09081
strategies/h019r1_240m_train20_threshold2p25_confirm1/GC/daily_evidence.parquet,899300632d2325437016adc8879c0e8e83b26bb1d71dbbffc278fd978bee4c07
strategies/h019r1_240m_train20_threshold2p25_confirm1/GC/strategy_definition.json,8bcc70c17518ea7e1916184df38f67f995264114f97b20008c3c31f82410c9f1
strategies/h019r1_240m_train20_threshold2p25_confirm1/HG/daily_evidence.parquet,1a32bfaaa4b270002e741bc6c1187579969b091e370883f375dd9bd3ed6d9724
strategies/h019r1_240m_train20_threshold2p25_confirm1/HG/strategy_definition.json,d32f3728046fffc11c8ee63ce0b131a164ee62bfa59e4f9e731825426d45b86a
strategies/h019r1_240m_train20_threshold2p25_confirm1/NG/daily_evidence.parquet,fd42d2ed48fcd2ed84b09a18ae648c5d4c28b9ab8d85568f768efa2283582b3f
strategies/h019r1_240m_train20_threshold2p25_confirm1/NG/strategy_definition.json,a3d077aa88deb4b4195db00631815e81071e39a31f25c61efea0d695d5b54cdd
strategies/h019r1_240m_train20_threshold2p25_confirm1/NKD/daily_evidence.parquet,65561d09b44dd390df7d59eff08b984c8fbadefec55882e9285d39450e92c5d5
strategies/h019r1_240m_train20_threshold2p25_confirm1/NKD/strategy_definition.json,2a89464896c118d3064d35c38356f5133ed7c87eb5364c38e51f1c7ec2d50d28
strategies/h019r1_240m_train20_threshold2p25_confirm1/ZC/daily_evidence.parquet,b58fa6e9d6f54988856c09d96eead122eb1633d524194fdd44ee6ca76c0e5c89
strategies/h019r1_240m_train20_threshold2p25_confirm1/ZC/strategy_definition.json,1dbaa2b735a1cbd588b86f3e1ce4729795b124fea8c6c300b41e16fff907f4b0
strategies/h019r1_240m_train20_threshold2p25_confirm1/ZN/daily_evidence.parquet,342e30c1fb4f085958b24ca621ea33c1d2c5b8c8cfbd0b6abb8db9d91ea63b4a
strategies/h019r1_240m_train20_threshold2p25_confirm1/ZN/strategy_definition.json,10a47a273c95940fa7495cec3e4962a5f751980721d2305aa4cb46047888ea6c
strategies/h019r1_240m_train20_threshold2p25_confirm2/6E/daily_evidence.parquet,73fd22ce8ba4f28e227d3c97a33100e89a7516e6eec70f60b5f2c0bcd561cab9
strategies/h019r1_240m_train20_threshold2p25_confirm2/6E/strategy_definition.json,3a2b6b43e32d447984d12d57dbfb783f261d5db5ad02ea849f224ba55cefcdac
strategies/h019r1_240m_train20_threshold2p25_confirm2/6J/daily_evidence.parquet,4bd219b571053b59aad4576386d3cf95c181cac097e243c85046fd6b785e0e15
strategies/h019r1_240m_train20_threshold2p25_confirm2/6J/strategy_definition.json,5c35ad1dc05218f2d103ded62aa9b099131356367df13676c22365af997a460d
strategies/h019r1_240m_train20_threshold2p25_confirm2/CL/daily_evidence.parquet,dee96cb16315b7b193658e0fbde3a5afb16d25310061b5b773a619ba419115bb
strategies/h019r1_240m_train20_threshold2p25_confirm2/CL/strategy_definition.json,8dd729c4122dfcf90ab8d21f0802ef58cf5beb21b3304d0e6e395fc2b9dfd43b
strategies/h019r1_240m_train20_threshold2p25_confirm2/ES/daily_evidence.parquet,4bd219b571053b59aad4576386d3cf95c181cac097e243c85046fd6b785e0e15
strategies/h019r1_240m_train20_threshold2p25_confirm2/ES/strategy_definition.json,7590740403441693d44753e2b69ffac39371e89603f76ec5f77cd34e8510ba3b
strategies/h019r1_240m_train20_threshold2p25_confirm2/GC/daily_evidence.parquet,4bd219b571053b59aad4576386d3cf95c181cac097e243c85046fd6b785e0e15
strategies/h019r1_240m_train20_threshold2p25_confirm2/GC/strategy_definition.json,4ea366302e569f101a643c077ac50db4a4e19f2c7176adf8f7bce000acc9581f
strategies/h019r1_240m_train20_threshold2p25_confirm2/HG/daily_evidence.parquet,4bd219b571053b59aad4576386d3cf95c181cac097e243c85046fd6b785e0e15
strategies/h019r1_240m_train20_threshold2p25_confirm2/HG/strategy_definition.json,1b7b8e3d17d5fbb0984f57fadb99a81c359f08b956a13d3ca6008d513c4a6632
strategies/h019r1_240m_train20_threshold2p25_confirm2/NG/daily_evidence.parquet,7fb05cb4c6a8fc3a0c502f9aea268281a72a0c146fea1ff1955cf24f55fb925e
strategies/h019r1_240m_train20_threshold2p25_confirm2/NG/strategy_definition.json,c27430c1726889a0f324b8d2ae34cdc254012e681575e01c72f692954712d324
strategies/h019r1_240m_train20_threshold2p25_confirm2/NKD/daily_evidence.parquet,4bd219b571053b59aad4576386d3cf95c181cac097e243c85046fd6b785e0e15
strategies/h019r1_240m_train20_threshold2p25_confirm2/NKD/strategy_definition.json,a3eae4b60c4f16db6e703f85e4564b2e89f722bace18558d7c9233f00f37026b
strategies/h019r1_240m_train20_threshold2p25_confirm2/ZC/daily_evidence.parquet,4bd219b571053b59aad4576386d3cf95c181cac097e243c85046fd6b785e0e15
strategies/h019r1_240m_train20_threshold2p25_confirm2/ZC/strategy_definition.json,b1e289319325a17659056124279ca4dc5452a39fa1b5af678d1b0879a86e69bc
strategies/h019r1_240m_train20_threshold2p25_confirm2/ZN/daily_evidence.parquet,4bd219b571053b59aad4576386d3cf95c181cac097e243c85046fd6b785e0e15
strategies/h019r1_240m_train20_threshold2p25_confirm2/ZN/strategy_definition.json,d2037525da2cf6a96306d7b51ccaeb38fd666cf33719c599e358921517360e71
strategies/h019r1_240m_train40_threshold1p25_confirm1/6E/daily_evidence.parquet,86e87920816470ad53839e2d64b07ea1a4e069c9b01d9bb6dbdab15658bfe7eb
strategies/h019r1_240m_train40_threshold1p25_confirm1/6E/strategy_definition.json,6c4d38927b0737bf2b066bb64c6401f23e2c6c1fd112e328e273089947f01af6
strategies/h019r1_240m_train40_threshold1p25_confirm1/6J/daily_evidence.parquet,3f395e38119c727bdfbf8bb856728ad22cd74088c77386486be3b928a373c35d
strategies/h019r1_240m_train40_threshold1p25_confirm1/6J/strategy_definition.json,d8fa9104374bf562fbba17126180262c641adb6806a054bcf1dcd4757b2911c9
strategies/h019r1_240m_train40_threshold1p25_confirm1/CL/daily_evidence.parquet,83f55bdc249fdb823940eaea715780ec1b9819f0007c0bb66b6b3898f02e5c97
strategies/h019r1_240m_train40_threshold1p25_confirm1/CL/strategy_definition.json,8c5fcc01b28b51e043ea5784835627d12caaaf3d57eaf326b3350e83723aae5d
strategies/h019r1_240m_train40_threshold1p25_confirm1/ES/daily_evidence.parquet,789232aba3af058bc8342dbccec26d2ff75042d59e81cb9d7ae7a136789e30f7
strategies/h019r1_240m_train40_threshold1p25_confirm1/ES/strategy_definition.json,75b1ed9072caf5ffc927c326f28eb82e4e7348938c3724898b8c721c51c08b0a
strategies/h019r1_240m_train40_threshold1p25_confirm1/GC/daily_evidence.parquet,4018c102175ff3cfbc55dd3a1afade41176c3c9ef523622b4adc3aa6d3e7b24d
strategies/h019r1_240m_train40_threshold1p25_confirm1/GC/strategy_definition.json,6ea9f7dceabf19932e5f5ca4910abb7669d50ed5ba28e6395117c6b1d8a904cb
strategies/h019r1_240m_train40_threshold1p25_confirm1/HG/daily_evidence.parquet,c00a599d64a909c6be900332fac72386ab48a63cf158df26f8da8daed0df7c6f
strategies/h019r1_240m_train40_threshold1p25_confirm1/HG/strategy_definition.json,3f355e85b2e08627a22da3e3c89e21a4607ad5437470dda3b7fa2356b4fb71f4
strategies/h019r1_240m_train40_threshold1p25_confirm1/NG/daily_evidence.parquet,756305f320318f7d6494d14faf1f903a253c718f76e604073fd57f293a6a6cc3
strategies/h019r1_240m_train40_threshold1p25_confirm1/NG/strategy_definition.json,a8e22e12b473b98bc5879a709c63d44a2b2faac6a3d951ea897a111149b0852e
strategies/h019r1_240m_train40_threshold1p25_confirm1/NKD/daily_evidence.parquet,5bd9b530d38d6da327de64571148851f232ea1dff8d2c31972a58af810630c47
strategies/h019r1_240m_train40_threshold1p25_confirm1/NKD/strategy_definition.json,2557dc02fdb5386f3ff5c57e816f8ea2c18e06c563d569dc93eaa981cebf6b9e
strategies/h019r1_240m_train40_threshold1p25_confirm1/ZC/daily_evidence.parquet,301d7267d73decacdf7c761bd84092677d86a2f14cae5ee5245d74aa2684555c
strategies/h019r1_240m_train40_threshold1p25_confirm1/ZC/strategy_definition.json,efff8bb8eee10431076242a7969db9b5ebb81848541e29311c82bcea3e6e4da4
strategies/h019r1_240m_train40_threshold1p25_confirm1/ZN/daily_evidence.parquet,f66d9b59b575d44fc44872c3adaa1ea9414f3bc5ac31bacc65b54607e9a8143e
strategies/h019r1_240m_train40_threshold1p25_confirm1/ZN/strategy_definition.json,bad34cf232409dd5a7fbe8a135189201983b80b6957717578b4e6e6c6604021b
strategies/h019r1_240m_train40_threshold1p25_confirm2/6E/daily_evidence.parquet,21f9ffa408f28f7073b37e5283ec0e7c12e2f8bd8520d131a2d960d9d6b7803d
strategies/h019r1_240m_train40_threshold1p25_confirm2/6E/strategy_definition.json,9b81cb718fc4ce82721acc8ed6f71117ec3be43a6fa34ca9ec13116cca216164
strategies/h019r1_240m_train40_threshold1p25_confirm2/6J/daily_evidence.parquet,c85fc236f36f812e707416acd5cdcb251a26ff76cbf7e49407069c3028d631a8
strategies/h019r1_240m_train40_threshold1p25_confirm2/6J/strategy_definition.json,2df9048c5647ce7135372edcb848fcf0da3dd774d1429d337800fa41c512b472
strategies/h019r1_240m_train40_threshold1p25_confirm2/CL/daily_evidence.parquet,8b8132b479a43efa9f3da97c26ef1ea9d8b07e21755b0dba798cf256ebf91ebf
strategies/h019r1_240m_train40_threshold1p25_confirm2/CL/strategy_definition.json,902b76a358071cacb9dc25f38b4ff43fd66f78dc04ffa718f866477a64ba20cb
strategies/h019r1_240m_train40_threshold1p25_confirm2/ES/daily_evidence.parquet,fd21e7eba4c390b631ead4b3a8783cdbc25b718487a9125f0dcdcd320e27ea78
strategies/h019r1_240m_train40_threshold1p25_confirm2/ES/strategy_definition.json,b59010ab2290125fd0ea2f6ef2ec8330fc60eb9c569770ea8e2ac12320dd2ad6
strategies/h019r1_240m_train40_threshold1p25_confirm2/GC/daily_evidence.parquet,f6addd3da986d1e6591b7c5e46616ff496555b67417c2934cdcffa8c6ece1a9d
strategies/h019r1_240m_train40_threshold1p25_confirm2/GC/strategy_definition.json,73211e674de2065030c2e5ee9b2101dd4859b7a8a84a9a6fe6eaf2a0a78cfbcd
strategies/h019r1_240m_train40_threshold1p25_confirm2/HG/daily_evidence.parquet,444bdd6d6a934b2d46b7e15cfb68880367631cc50c45937af0e3f4c50175f000
strategies/h019r1_240m_train40_threshold1p25_confirm2/HG/strategy_definition.json,99af3618d6338efa93923391298682e8b60a627cadb338926c74439eb96fc8bb
strategies/h019r1_240m_train40_threshold1p25_confirm2/NG/daily_evidence.parquet,bb94d068a2ea009f39e69dbe01d64c421384354464d1b48a3e9868eb241d9d69
strategies/h019r1_240m_train40_threshold1p25_confirm2/NG/strategy_definition.json,e625240100d83dec8554768f7e1e527e778512af876626ede9972b503087f8a6
strategies/h019r1_240m_train40_threshold1p25_confirm2/NKD/daily_evidence.parquet,ab8acac2d1c0503085787d4ff50836fdc71e4c26ecdfef9e1dc51d774e934869
strategies/h019r1_240m_train40_threshold1p25_confirm2/NKD/strategy_definition.json,c73191fb9dd5527657b4770933fd88aabcf462ff432f8a582b4a8e7c8ae486e6
strategies/h019r1_240m_train40_threshold1p25_confirm2/ZC/daily_evidence.parquet,cce7f365c3eb0d3699ec2d39a424907a101ef0b18a57b28581c70996986917be
strategies/h019r1_240m_train40_threshold1p25_confirm2/ZC/strategy_definition.json,21239c9624d95b37efc93bf221794a82326dbdd249f48214b7180b1eb1d4331b
strategies/h019r1_240m_train40_threshold1p25_confirm2/ZN/daily_evidence.parquet,27b5bc665f65823b21f75519949e16a4962a1ea4d5cc78bba7455a9c15760f91
strategies/h019r1_240m_train40_threshold1p25_confirm2/ZN/strategy_definition.json,9760befcb8eb85f8dd496bb72912c7c965fe02858b374bef6755fb35028a4d67
strategies/h019r1_240m_train40_threshold1p75_confirm1/6E/daily_evidence.parquet,e062c53fa48796663eb6457140917a7b7c4eda25dba8c8333c73e0aa58f2c052
strategies/h019r1_240m_train40_threshold1p75_confirm1/6E/strategy_definition.json,b6c323026cb19dd9e31d59fa949330c6235f8c4bb9485ef8c4ced65281e2854d
strategies/h019r1_240m_train40_threshold1p75_confirm1/6J/daily_evidence.parquet,e0547ed7d2658345988d80005c02249fa9138a934e1eddfc5e2ba2dcbbca6774
strategies/h019r1_240m_train40_threshold1p75_confirm1/6J/strategy_definition.json,f2644c5da6bb04c149d5ac58ce68e44c15cb74fd8c3cb389d8c40353dc3e7f9e
strategies/h019r1_240m_train40_threshold1p75_confirm1/CL/daily_evidence.parquet,320344886298d2de0ef735e8b43fe2f0de79534579fe65905267e4e40718e676
strategies/h019r1_240m_train40_threshold1p75_confirm1/CL/strategy_definition.json,da37828d8dedbb40b85458f0fd57ab1b7ee1d6b262ab86b4a469a833109f098c
strategies/h019r1_240m_train40_threshold1p75_confirm1/ES/daily_evidence.parquet,cecaa3dd8e4265c752c99adac13a184fc06ffb2969cccaf287e7aa44b90572eb
strategies/h019r1_240m_train40_threshold1p75_confirm1/ES/strategy_definition.json,49f3d4b220366e40288d83e991175c3db767bb9db5adf2346570bda3955a7244
strategies/h019r1_240m_train40_threshold1p75_confirm1/GC/daily_evidence.parquet,7ac14b0dc423cc029daf06bf63c16b6785ce3e021ec050e05dec6c2bebd33be6
strategies/h019r1_240m_train40_threshold1p75_confirm1/GC/strategy_definition.json,1959b3bdc83b416929bab17847a9ebb948eaedfd30be32069ad9767bc012cb3e
strategies/h019r1_240m_train40_threshold1p75_confirm1/HG/daily_evidence.parquet,160003a787f0cc32176e494112ae21f4f3359545b077049714d44e6e2626cf98
strategies/h019r1_240m_train40_threshold1p75_confirm1/HG/strategy_definition.json,de235f2cbbf27a4e7d63ecc5b9e44af953c39b8ea27499b9ae4e2413c72c72bd
strategies/h019r1_240m_train40_threshold1p75_confirm1/NG/daily_evidence.parquet,a458b9694522e6a9318c971f50ba881989da122c448c05a260b694f6f5a5674c
strategies/h019r1_240m_train40_threshold1p75_confirm1/NG/strategy_definition.json,3b80162337f8f90f69b8c054e5cc67f6735cf9febfdc26569fad2270d07602c3
strategies/h019r1_240m_train40_threshold1p75_confirm1/NKD/daily_evidence.parquet,d05407647b1b604bce16136971a68751111fc318a9a40ba3f1fd7b683b9bfd0f
strategies/h019r1_240m_train40_threshold1p75_confirm1/NKD/strategy_definition.json,88bf0d4863cf3c1b2cf889e59d6640f6a6f3e56f8665c38074c3248064676029
strategies/h019r1_240m_train40_threshold1p75_confirm1/ZC/daily_evidence.parquet,ca255ece0e401da3ff2caf9bf5346681afa070abb2a2fe1db48c5b8e77dc8289
strategies/h019r1_240m_train40_threshold1p75_confirm1/ZC/strategy_definition.json,5695041f6558d51eca510c9ad589394907b7cf9ef30bd6c1b86096c235ec7a2f
strategies/h019r1_240m_train40_threshold1p75_confirm1/ZN/daily_evidence.parquet,af11279097715003004f3274f49e162debec91f3bdfc0342f44df436f7291a11
strategies/h019r1_240m_train40_threshold1p75_confirm1/ZN/strategy_definition.json,f58b2bc3915f8734ced32ae55bbc1bb7616c139568d2fc43a971dffe6cfede10
strategies/h019r1_240m_train40_threshold1p75_confirm2/6E/daily_evidence.parquet,3208dae313e6bf39a1032326f193ce1c1d4809ee5d03ae66c193f363aceae555
strategies/h019r1_240m_train40_threshold1p75_confirm2/6E/strategy_definition.json,28c3f33f75bfcdc6ee56f9c722ffe49695fafcbbdc703b3b2762edc6a4708c97
strategies/h019r1_240m_train40_threshold1p75_confirm2/6J/daily_evidence.parquet,4bd219b571053b59aad4576386d3cf95c181cac097e243c85046fd6b785e0e15
strategies/h019r1_240m_train40_threshold1p75_confirm2/6J/strategy_definition.json,2a167e46d68e2396298166b985c0a7280c06501a902542689f3bd35b2e8ea412
strategies/h019r1_240m_train40_threshold1p75_confirm2/CL/daily_evidence.parquet,d5a352fb1702b2cdbe43d3c9c52d8fac99b958c41872d76ca09a104dc13723f9
strategies/h019r1_240m_train40_threshold1p75_confirm2/CL/strategy_definition.json,724635d9881280dbc5e78507b94c9c57b9300d84588863b3bb8c70bb5f789e35
strategies/h019r1_240m_train40_threshold1p75_confirm2/ES/daily_evidence.parquet,4bd219b571053b59aad4576386d3cf95c181cac097e243c85046fd6b785e0e15
strategies/h019r1_240m_train40_threshold1p75_confirm2/ES/strategy_definition.json,a3a37c28288e4765695a9d213530ed285df7aafef3fd4fee6e307d52c051b118
strategies/h019r1_240m_train40_threshold1p75_confirm2/GC/daily_evidence.parquet,ea9821e7c6f66824ca3fe8e378396bba8600382a4f357f99988b9629df69ec0c
strategies/h019r1_240m_train40_threshold1p75_confirm2/GC/strategy_definition.json,1f94df402b914c46ae2e9ecfdfcbc7a5d01a6e2fafa80aabc6003f25312059e1
strategies/h019r1_240m_train40_threshold1p75_confirm2/HG/daily_evidence.parquet,563d672559a7c1313f06b32b8864ed97ea205e3f8dd40d11b2d0e3639fa91a55
strategies/h019r1_240m_train40_threshold1p75_confirm2/HG/strategy_definition.json,e7e34e2411d766cdcbb56f6898739ddb47aff6c7c0b35ba763c38b0b96bb0b0f
strategies/h019r1_240m_train40_threshold1p75_confirm2/NG/daily_evidence.parquet,4e26eef41ad552e8ea0ea5989c410aeb5a2c303c8a531b8891f4a1f1c58a05db
strategies/h019r1_240m_train40_threshold1p75_confirm2/NG/strategy_definition.json,609f860250feb4020cae717f4e5ec6ec9356ee7b56aaeabadf80ae8f84545ac1
strategies/h019r1_240m_train40_threshold1p75_confirm2/NKD/daily_evidence.parquet,4a1092034c89daae8db40d3a581590eeba53de7f5901e1a872cbeb8e71377005
strategies/h019r1_240m_train40_threshold1p75_confirm2/NKD/strategy_definition.json,f20d85012f8a2d88744e1d17ff773ef6e199389ef733b696557062d2d28a655a
strategies/h019r1_240m_train40_threshold1p75_confirm2/ZC/daily_evidence.parquet,4bd219b571053b59aad4576386d3cf95c181cac097e243c85046fd6b785e0e15
strategies/h019r1_240m_train40_threshold1p75_confirm2/ZC/strategy_definition.json,9afb1decff36746a34a20852c7fa3c9b70e395791217cb833dd40e27acf28203
strategies/h019r1_240m_train40_threshold1p75_confirm2/ZN/daily_evidence.parquet,5ebd827cbf634787f1ba0372c3ea9f343da73f61faacbcc3e9d53e387d097d5c
strategies/h019r1_240m_train40_threshold1p75_confirm2/ZN/strategy_definition.json,88d109dc7dfaa69537e9e4afd23c35deb109ac07f99ee18306a32b7b9e55a7a6
strategies/h019r1_240m_train40_threshold2p25_confirm1/6E/daily_evidence.parquet,cb74ddfcce384d92941c827366abad424810d703430859e001ccd8b73a0fcd10
strategies/h019r1_240m_train40_threshold2p25_confirm1/6E/strategy_definition.json,44a79dde81a6f8a98af5d93d659f57287c4dbfa16be440d42f746f6626bef3e9
strategies/h019r1_240m_train40_threshold2p25_confirm1/6J/daily_evidence.parquet,72fb8fa0e8e508d4addafc758b8c984b7986c309632cee2c6a0913e21aa363ea
strategies/h019r1_240m_train40_threshold2p25_confirm1/6J/strategy_definition.json,65f33fb93260e4609d62e7e83fed0ecbe749049430d170dd90147d0aac21a10f
strategies/h019r1_240m_train40_threshold2p25_confirm1/CL/daily_evidence.parquet,f3c13054d6569becba1e73c9ffd5e858cb5a189606f6ee89b59351df11a739a7
strategies/h019r1_240m_train40_threshold2p25_confirm1/CL/strategy_definition.json,396425f664483bdd8a211a26d79a7770292d42838641e5d248b5bce2cb511e1e
strategies/h019r1_240m_train40_threshold2p25_confirm1/ES/daily_evidence.parquet,eb06f784b98c80e8f22b03f160c1e2dde2a3bf7573d2ac2b38f707ef95338b3f
strategies/h019r1_240m_train40_threshold2p25_confirm1/ES/strategy_definition.json,57c25d859daf28d230b4dcc424edee49b2790697aad326207832e11695d0b59e
strategies/h019r1_240m_train40_threshold2p25_confirm1/GC/daily_evidence.parquet,acba675d32f231ac515657be4bbbdf36bebb053b17103d511192fb2e32e2cf42
strategies/h019r1_240m_train40_threshold2p25_confirm1/GC/strategy_definition.json,4742a8d3272615103137c45861067cff402915929613c0e294113edbe24de00c
strategies/h019r1_240m_train40_threshold2p25_confirm1/HG/daily_evidence.parquet,8ec4a344b9d8a4a265266b4a9ebc9299bef101fca6f13397c6a18efd86f21008
strategies/h019r1_240m_train40_threshold2p25_confirm1/HG/strategy_definition.json,1c91938137216942c33e0199004db48253b0bbc1ba43d49bca1a3d05f22d53e7
strategies/h019r1_240m_train40_threshold2p25_confirm1/NG/daily_evidence.parquet,b9bc8f4160b16a62da6bd81b55a2f5b625a6236f7c8f71e0d40de499a6a83422
strategies/h019r1_240m_train40_threshold2p25_confirm1/NG/strategy_definition.json,109d7d796af345f26e0b867bbff9bbb228822b54b5a5a280ca9dacf99e87b8d5
strategies/h019r1_240m_train40_threshold2p25_confirm1/NKD/daily_evidence.parquet,66c53f68bca2cc3795e59b3c2649fcebbb797ba65736fe2254c26dab544398a3
strategies/h019r1_240m_train40_threshold2p25_confirm1/NKD/strategy_definition.json,372591a87decd0cb2d93544efb689427a9e38d9095159dd16be7e44d72c59cac
strategies/h019r1_240m_train40_threshold2p25_confirm1/ZC/daily_evidence.parquet,b03bed46018755e6c96615368e3fa183792079396813f9488ba460c7cd79e7b2
strategies/h019r1_240m_train40_threshold2p25_confirm1/ZC/strategy_definition.json,ac00d39cf6deac1ded84180e5a8a0d599973f58449ced288f1ab853bfdeea045
strategies/h019r1_240m_train40_threshold2p25_confirm1/ZN/daily_evidence.parquet,531a8a14a715bd53873a7c1c271face6736f184f195e6ddcb2fd23dee048d169
strategies/h019r1_240m_train40_threshold2p25_confirm1/ZN/strategy_definition.json,7c95f8c2bfdacb2d0013fd044afbc71c2192efa631471db4b59c8fb5833e8884
strategies/h019r1_240m_train40_threshold2p25_confirm2/6E/daily_evidence.parquet,356b61db0ba9cb9ee703b303f1e4b01b081d1fcac476f99d72fb75af79a60f68
strategies/h019r1_240m_train40_threshold2p25_confirm2/6E/strategy_definition.json,1a2ba78931258172d1d940b1b84cb6a31384d7634809dd3d7de585c67c30bae7
strategies/h019r1_240m_train40_threshold2p25_confirm2/6J/daily_evidence.parquet,4bd219b571053b59aad4576386d3cf95c181cac097e243c85046fd6b785e0e15
strategies/h019r1_240m_train40_threshold2p25_confirm2/6J/strategy_definition.json,32d1d2945c80719bfb28ee62ee438553a55e1ac632f6bb422cf96eebbe55fa27
strategies/h019r1_240m_train40_threshold2p25_confirm2/CL/daily_evidence.parquet,dee96cb16315b7b193658e0fbde3a5afb16d25310061b5b773a619ba419115bb
strategies/h019r1_240m_train40_threshold2p25_confirm2/CL/strategy_definition.json,5e443de92534c9405e5ac0b078aaf0ee9f728efb91daabcd6ff679b7e1f90d98
strategies/h019r1_240m_train40_threshold2p25_confirm2/ES/daily_evidence.parquet,4bd219b571053b59aad4576386d3cf95c181cac097e243c85046fd6b785e0e15
strategies/h019r1_240m_train40_threshold2p25_confirm2/ES/strategy_definition.json,9de5777d617b435e4fb13eda5748f1b9037e3285d6c2aa79aa419753789a3db0
strategies/h019r1_240m_train40_threshold2p25_confirm2/GC/daily_evidence.parquet,2c5d43b946169aa06ee46d5adf9586d32df47d4367da2b188bff6d6bc68df84b
strategies/h019r1_240m_train40_threshold2p25_confirm2/GC/strategy_definition.json,a9515430cdd3bf1287849245b0f922321487c660287081883958b3f306773900
strategies/h019r1_240m_train40_threshold2p25_confirm2/HG/daily_evidence.parquet,4bd219b571053b59aad4576386d3cf95c181cac097e243c85046fd6b785e0e15
strategies/h019r1_240m_train40_threshold2p25_confirm2/HG/strategy_definition.json,e306b79ee73665bfae585363fb6847ea86660dd5aee80ec84f9ff583ab3c8753
strategies/h019r1_240m_train40_threshold2p25_confirm2/NG/daily_evidence.parquet,4bd219b571053b59aad4576386d3cf95c181cac097e243c85046fd6b785e0e15
strategies/h019r1_240m_train40_threshold2p25_confirm2/NG/strategy_definition.json,0b94807feed99070198fe9acd808948ecf62581131c8a27aeaaf7b1b7fc59d66
strategies/h019r1_240m_train40_threshold2p25_confirm2/NKD/daily_evidence.parquet,4bd219b571053b59aad4576386d3cf95c181cac097e243c85046fd6b785e0e15
strategies/h019r1_240m_train40_threshold2p25_confirm2/NKD/strategy_definition.json,6222567b1a950f19ee527d7b16148df5c756d1a129e6fcfe6f97258963292ec4
strategies/h019r1_240m_train40_threshold2p25_confirm2/ZC/daily_evidence.parquet,4bd219b571053b59aad4576386d3cf95c181cac097e243c85046fd6b785e0e15
strategies/h019r1_240m_train40_threshold2p25_confirm2/ZC/strategy_definition.json,a65ebca1e40528332ed5e8bab40aa8c638bd26a7ffd82a9ef26c535f3f634df5
strategies/h019r1_240m_train40_threshold2p25_confirm2/ZN/daily_evidence.parquet,4bd219b571053b59aad4576386d3cf95c181cac097e243c85046fd6b785e0e15
strategies/h019r1_240m_train40_threshold2p25_confirm2/ZN/strategy_definition.json,84184605ff968464a1fbd0c059b2a8fe4b51940dd062db94daacb526bca65128
