name,hypothesis_id,symbol,timeframe_minutes,lookback,threshold,direction,leader
unique_00001,H005,6E,15,1,0.5,-1,6J
unique_00002,H005,6E,15,1,0.5,1,6J
unique_00003,H005,6E,15,1,1.0,-1,6J
unique_00004,H005,6E,15,1,1.0,1,6J
unique_00005,H005,6J,15,1,0.5,-1,6E
unique_00006,H005,6J,15,1,0.5,1,6E
unique_00007,H005,6J,15,1,1.0,-1,6E
unique_00008,H005,6J,15,1,1.0,1,6E
unique_00009,H005,CL,15,1,0.5,-1,NG
unique_00010,H005,CL,15,1,0.5,1,NG
unique_00011,H005,CL,15,1,1.0,-1,NG
unique_00012,H005,CL,15,1,1.0,1,NG
unique_00013,H005,ES,15,1,0.5,-1,ZN
unique_00014,H005,ES,15,1,0.5,1,ZN
unique_00015,H005,ES,15,1,1.0,-1,ZN
unique_00016,H005,ES,15,1,1.0,1,ZN
unique_00017,H005,GC,15,1,0.5,-1,HG
unique_00018,H005,GC,15,1,0.5,1,HG
unique_00019,H005,GC,15,1,1.0,-1,HG
unique_00020,H005,GC,15,1,1.0,1,HG
unique_00021,H005,HG,15,1,0.5,-1,GC
unique_00022,H005,HG,15,1,0.5,1,GC
unique_00023,H005,HG,15,1,1.0,-1,GC
unique_00024,H005,HG,15,1,1.0,1,GC
unique_00025,H005,NG,15,1,0.5,-1,CL
unique_00026,H005,NG,15,1,0.5,1,CL
unique_00027,H005,NG,15,1,1.0,-1,CL
unique_00028,H005,NG,15,1,1.0,1,CL
unique_00029,H005,NKD,15,1,0.5,-1,ES
unique_00030,H005,NKD,15,1,0.5,1,ES
unique_00031,H005,NKD,15,1,1.0,-1,ES
unique_00032,H005,NKD,15,1,1.0,1,ES
unique_00033,H005,ZC,15,1,0.5,-1,CL
unique_00034,H005,ZC,15,1,0.5,1,CL
unique_00035,H005,ZC,15,1,1.0,-1,CL
unique_00036,H005,ZC,15,1,1.0,1,CL
unique_00037,H005,ZN,15,1,0.5,-1,ES
unique_00038,H005,ZN,15,1,0.5,1,ES
unique_00039,H005,ZN,15,1,1.0,-1,ES
unique_00040,H005,ZN,15,1,1.0,1,ES
unique_00041,H005,6E,15,2,0.5,-1,6J
unique_00042,H005,6E,15,2,0.5,1,6J
unique_00043,H005,6E,15,2,1.0,-1,6J
unique_00044,H005,6E,15,2,1.0,1,6J
unique_00045,H005,6J,15,2,0.5,-1,6E
unique_00046,H005,6J,15,2,0.5,1,6E
unique_00047,H005,6J,15,2,1.0,-1,6E
unique_00048,H005,6J,15,2,1.0,1,6E
unique_00049,H005,CL,15,2,0.5,-1,NG
unique_00050,H005,CL,15,2,0.5,1,NG
unique_00051,H005,CL,15,2,1.0,-1,NG
unique_00052,H005,CL,15,2,1.0,1,NG
unique_00053,H005,ES,15,2,0.5,-1,ZN
unique_00054,H005,ES,15,2,0.5,1,ZN
unique_00055,H005,ES,15,2,1.0,-1,ZN
unique_00056,H005,ES,15,2,1.0,1,ZN
unique_00057,H005,GC,15,2,0.5,-1,HG
unique_00058,H005,GC,15,2,0.5,1,HG
unique_00059,H005,GC,15,2,1.0,-1,HG
unique_00060,H005,GC,15,2,1.0,1,HG
unique_00061,H005,HG,15,2,0.5,-1,GC
unique_00062,H005,HG,15,2,0.5,1,GC
unique_00063,H005,HG,15,2,1.0,-1,GC
unique_00064,H005,HG,15,2,1.0,1,GC
unique_00065,H005,NG,15,2,0.5,-1,CL
unique_00066,H005,NG,15,2,0.5,1,CL
unique_00067,H005,NG,15,2,1.0,-1,CL
unique_00068,H005,NG,15,2,1.0,1,CL
unique_00069,H005,NKD,15,2,0.5,-1,ES
unique_00070,H005,NKD,15,2,0.5,1,ES
unique_00071,H005,NKD,15,2,1.0,-1,ES
unique_00072,H005,NKD,15,2,1.0,1,ES
unique_00073,H005,ZC,15,2,0.5,-1,CL
unique_00074,H005,ZC,15,2,0.5,1,CL
unique_00075,H005,ZC,15,2,1.0,-1,CL
unique_00076,H005,ZC,15,2,1.0,1,CL
unique_00077,H005,ZN,15,2,0.5,-1,ES
unique_00078,H005,ZN,15,2,0.5,1,ES
unique_00079,H005,ZN,15,2,1.0,-1,ES
unique_00080,H005,ZN,15,2,1.0,1,ES
unique_00081,H005,6E,15,4,0.5,-1,6J
unique_00082,H005,6E,15,4,0.5,1,6J
unique_00083,H005,6E,15,4,1.0,-1,6J
unique_00084,H005,6E,15,4,1.0,1,6J
unique_00085,H005,6J,15,4,0.5,-1,6E
unique_00086,H005,6J,15,4,0.5,1,6E
unique_00087,H005,6J,15,4,1.0,-1,6E
unique_00088,H005,6J,15,4,1.0,1,6E
unique_00089,H005,CL,15,4,0.5,-1,NG
unique_00090,H005,CL,15,4,0.5,1,NG
unique_00091,H005,CL,15,4,1.0,-1,NG
unique_00092,H005,CL,15,4,1.0,1,NG
unique_00093,H005,ES,15,4,0.5,-1,ZN
unique_00094,H005,ES,15,4,0.5,1,ZN
unique_00095,H005,ES,15,4,1.0,-1,ZN
unique_00096,H005,ES,15,4,1.0,1,ZN
unique_00097,H005,GC,15,4,0.5,-1,HG
unique_00098,H005,GC,15,4,0.5,1,HG
unique_00099,H005,GC,15,4,1.0,-1,HG
unique_00100,H005,GC,15,4,1.0,1,HG
unique_00101,H005,HG,15,4,0.5,-1,GC
unique_00102,H005,HG,15,4,0.5,1,GC
unique_00103,H005,HG,15,4,1.0,-1,GC
unique_00104,H005,HG,15,4,1.0,1,GC
unique_00105,H005,NG,15,4,0.5,-1,CL
unique_00106,H005,NG,15,4,0.5,1,CL
unique_00107,H005,NG,15,4,1.0,-1,CL
unique_00108,H005,NG,15,4,1.0,1,CL
unique_00109,H005,NKD,15,4,0.5,-1,ES
unique_00110,H005,NKD,15,4,0.5,1,ES
unique_00111,H005,NKD,15,4,1.0,-1,ES
unique_00112,H005,NKD,15,4,1.0,1,ES
unique_00113,H005,ZC,15,4,0.5,-1,CL
unique_00114,H005,ZC,15,4,0.5,1,CL
unique_00115,H005,ZC,15,4,1.0,-1,CL
unique_00116,H005,ZC,15,4,1.0,1,CL
unique_00117,H005,ZN,15,4,0.5,-1,ES
unique_00118,H005,ZN,15,4,0.5,1,ES
unique_00119,H005,ZN,15,4,1.0,-1,ES
unique_00120,H005,ZN,15,4,1.0,1,ES
unique_00121,H006,6E,15,2,0.5,-1,
unique_00122,H006,6E,15,2,0.5,1,
unique_00123,H006,6E,15,2,1.0,-1,
unique_00124,H006,6E,15,2,1.0,1,
unique_00125,H006,6J,15,2,0.5,-1,
unique_00126,H006,6J,15,2,0.5,1,
unique_00127,H006,6J,15,2,1.0,-1,
unique_00128,H006,6J,15,2,1.0,1,
unique_00129,H006,CL,15,2,0.5,-1,
unique_00130,H006,CL,15,2,0.5,1,
unique_00131,H006,CL,15,2,1.0,-1,
unique_00132,H006,CL,15,2,1.0,1,
unique_00133,H006,ES,15,2,0.5,-1,
unique_00134,H006,ES,15,2,0.5,1,
unique_00135,H006,ES,15,2,1.0,-1,
unique_00136,H006,ES,15,2,1.0,1,
unique_00137,H006,GC,15,2,0.5,-1,
unique_00138,H006,GC,15,2,0.5,1,
unique_00139,H006,GC,15,2,1.0,-1,
unique_00140,H006,GC,15,2,1.0,1,
unique_00141,H006,HG,15,2,0.5,-1,
unique_00142,H006,HG,15,2,0.5,1,
unique_00143,H006,HG,15,2,1.0,-1,
unique_00144,H006,HG,15,2,1.0,1,
unique_00145,H006,NG,15,2,0.5,-1,
unique_00146,H006,NG,15,2,0.5,1,
unique_00147,H006,NG,15,2,1.0,-1,
unique_00148,H006,NG,15,2,1.0,1,
unique_00149,H006,NKD,15,2,0.5,-1,
unique_00150,H006,NKD,15,2,0.5,1,
unique_00151,H006,NKD,15,2,1.0,-1,
unique_00152,H006,NKD,15,2,1.0,1,
unique_00153,H006,ZC,15,2,0.5,-1,
unique_00154,H006,ZC,15,2,0.5,1,
unique_00155,H006,ZC,15,2,1.0,-1,
unique_00156,H006,ZC,15,2,1.0,1,
unique_00157,H006,ZN,15,2,0.5,-1,
unique_00158,H006,ZN,15,2,0.5,1,
unique_00159,H006,ZN,15,2,1.0,-1,
unique_00160,H006,ZN,15,2,1.0,1,
unique_00161,H006,6E,15,4,0.5,-1,
unique_00162,H006,6E,15,4,0.5,1,
unique_00163,H006,6E,15,4,1.0,-1,
unique_00164,H006,6E,15,4,1.0,1,
unique_00165,H006,6J,15,4,0.5,-1,
unique_00166,H006,6J,15,4,0.5,1,
unique_00167,H006,6J,15,4,1.0,-1,
unique_00168,H006,6J,15,4,1.0,1,
unique_00169,H006,CL,15,4,0.5,-1,
unique_00170,H006,CL,15,4,0.5,1,
unique_00171,H006,CL,15,4,1.0,-1,
unique_00172,H006,CL,15,4,1.0,1,
unique_00173,H006,ES,15,4,0.5,-1,
unique_00174,H006,ES,15,4,0.5,1,
unique_00175,H006,ES,15,4,1.0,-1,
unique_00176,H006,ES,15,4,1.0,1,
unique_00177,H006,GC,15,4,0.5,-1,
unique_00178,H006,GC,15,4,0.5,1,
unique_00179,H006,GC,15,4,1.0,-1,
unique_00180,H006,GC,15,4,1.0,1,
unique_00181,H006,HG,15,4,0.5,-1,
unique_00182,H006,HG,15,4,0.5,1,
unique_00183,H006,HG,15,4,1.0,-1,
unique_00184,H006,HG,15,4,1.0,1,
unique_00185,H006,NG,15,4,0.5,-1,
unique_00186,H006,NG,15,4,0.5,1,
unique_00187,H006,NG,15,4,1.0,-1,
unique_00188,H006,NG,15,4,1.0,1,
unique_00189,H006,NKD,15,4,0.5,-1,
unique_00190,H006,NKD,15,4,0.5,1,
unique_00191,H006,NKD,15,4,1.0,-1,
unique_00192,H006,NKD,15,4,1.0,1,
unique_00193,H006,ZC,15,4,0.5,-1,
unique_00194,H006,ZC,15,4,0.5,1,
unique_00195,H006,ZC,15,4,1.0,-1,
unique_00196,H006,ZC,15,4,1.0,1,
unique_00197,H006,ZN,15,4,0.5,-1,
unique_00198,H006,ZN,15,4,0.5,1,
unique_00199,H006,ZN,15,4,1.0,-1,
unique_00200,H006,ZN,15,4,1.0,1,
unique_00201,H006,6E,15,8,0.5,-1,
unique_00202,H006,6E,15,8,0.5,1,
unique_00203,H006,6E,15,8,1.0,-1,
unique_00204,H006,6E,15,8,1.0,1,
unique_00205,H006,6J,15,8,0.5,-1,
unique_00206,H006,6J,15,8,0.5,1,
unique_00207,H006,6J,15,8,1.0,-1,
unique_00208,H006,6J,15,8,1.0,1,
unique_00209,H006,CL,15,8,0.5,-1,
unique_00210,H006,CL,15,8,0.5,1,
unique_00211,H006,CL,15,8,1.0,-1,
unique_00212,H006,CL,15,8,1.0,1,
unique_00213,H006,ES,15,8,0.5,-1,
unique_00214,H006,ES,15,8,0.5,1,
unique_00215,H006,ES,15,8,1.0,-1,
unique_00216,H006,ES,15,8,1.0,1,
unique_00217,H006,GC,15,8,0.5,-1,
unique_00218,H006,GC,15,8,0.5,1,
unique_00219,H006,GC,15,8,1.0,-1,
unique_00220,H006,GC,15,8,1.0,1,
unique_00221,H006,HG,15,8,0.5,-1,
unique_00222,H006,HG,15,8,0.5,1,
unique_00223,H006,HG,15,8,1.0,-1,
unique_00224,H006,HG,15,8,1.0,1,
unique_00225,H006,NG,15,8,0.5,-1,
unique_00226,H006,NG,15,8,0.5,1,
unique_00227,H006,NG,15,8,1.0,-1,
unique_00228,H006,NG,15,8,1.0,1,
unique_00229,H006,NKD,15,8,0.5,-1,
unique_00230,H006,NKD,15,8,0.5,1,
unique_00231,H006,NKD,15,8,1.0,-1,
unique_00232,H006,NKD,15,8,1.0,1,
unique_00233,H006,ZC,15,8,0.5,-1,
unique_00234,H006,ZC,15,8,0.5,1,
unique_00235,H006,ZC,15,8,1.0,-1,
unique_00236,H006,ZC,15,8,1.0,1,
unique_00237,H006,ZN,15,8,0.5,-1,
unique_00238,H006,ZN,15,8,0.5,1,
unique_00239,H006,ZN,15,8,1.0,-1,
unique_00240,H006,ZN,15,8,1.0,1,
unique_00241,H002,6E,15,2,0.25,-1,
unique_00242,H002,6E,15,2,0.25,1,
unique_00243,H002,6E,15,2,0.5,-1,
unique_00244,H002,6E,15,2,0.5,1,
unique_00245,H002,6E,15,2,0.75,-1,
unique_00246,H002,6E,15,2,0.75,1,
unique_00247,H002,6E,15,5,0.25,-1,
unique_00248,H002,6E,15,5,0.25,1,
unique_00249,H002,6E,15,5,0.5,-1,
unique_00250,H002,6E,15,5,0.5,1,
unique_00251,H002,6E,15,5,0.75,-1,
unique_00252,H002,6E,15,5,0.75,1,
unique_00253,H002,6E,15,10,0.25,-1,
unique_00254,H002,6E,15,10,0.25,1,
unique_00255,H002,6E,15,10,0.5,-1,
unique_00256,H002,6E,15,10,0.5,1,
unique_00257,H002,6E,15,10,0.75,-1,
unique_00258,H002,6E,15,10,0.75,1,
unique_00259,H002,6E,15,20,0.25,-1,
unique_00260,H002,6E,15,20,0.25,1,
unique_00261,H002,6E,15,20,0.5,-1,
unique_00262,H002,6E,15,20,0.5,1,
unique_00263,H002,6E,15,20,0.75,-1,
unique_00264,H002,6E,15,20,0.75,1,
unique_00265,H003,6E,15,20,0.0,-1,
unique_00266,H003,6E,15,20,0.0,1,
unique_00267,H003,6E,15,20,0.5,-1,
unique_00268,H003,6E,15,20,0.5,1,
unique_00269,H003,6E,15,20,1.0,-1,
unique_00270,H003,6E,15,20,1.0,1,
unique_00271,H003,6E,15,60,0.0,-1,
unique_00272,H003,6E,15,60,0.0,1,
unique_00273,H003,6E,15,60,0.5,-1,
unique_00274,H003,6E,15,60,0.5,1,
unique_00275,H003,6E,15,60,1.0,-1,
unique_00276,H003,6E,15,60,1.0,1,
unique_00277,H004,6E,15,10,0.2,-1,
unique_00278,H004,6E,15,10,0.2,1,
unique_00279,H004,6E,15,10,0.35,-1,
unique_00280,H004,6E,15,10,0.35,1,
unique_00281,H004,6E,15,20,0.2,-1,
unique_00282,H004,6E,15,20,0.2,1,
unique_00283,H004,6E,15,20,0.35,-1,
unique_00284,H004,6E,15,20,0.35,1,
unique_00285,H004,6E,15,40,0.2,-1,
unique_00286,H004,6E,15,40,0.2,1,
unique_00287,H004,6E,15,40,0.35,-1,
unique_00288,H004,6E,15,40,0.35,1,
unique_00289,H002,6J,15,2,0.25,-1,
unique_00290,H002,6J,15,2,0.25,1,
unique_00291,H002,6J,15,2,0.5,-1,
unique_00292,H002,6J,15,2,0.5,1,
unique_00293,H002,6J,15,2,0.75,-1,
unique_00294,H002,6J,15,2,0.75,1,
unique_00295,H002,6J,15,5,0.25,-1,
unique_00296,H002,6J,15,5,0.25,1,
unique_00297,H002,6J,15,5,0.5,-1,
unique_00298,H002,6J,15,5,0.5,1,
unique_00299,H002,6J,15,5,0.75,-1,
unique_00300,H002,6J,15,5,0.75,1,
unique_00301,H002,6J,15,10,0.25,-1,
unique_00302,H002,6J,15,10,0.25,1,
unique_00303,H002,6J,15,10,0.5,-1,
unique_00304,H002,6J,15,10,0.5,1,
unique_00305,H002,6J,15,10,0.75,-1,
unique_00306,H002,6J,15,10,0.75,1,
unique_00307,H002,6J,15,20,0.25,-1,
unique_00308,H002,6J,15,20,0.25,1,
unique_00309,H002,6J,15,20,0.5,-1,
unique_00310,H002,6J,15,20,0.5,1,
unique_00311,H002,6J,15,20,0.75,-1,
unique_00312,H002,6J,15,20,0.75,1,
unique_00313,H003,6J,15,20,0.0,-1,
unique_00314,H003,6J,15,20,0.0,1,
unique_00315,H003,6J,15,20,0.5,-1,
unique_00316,H003,6J,15,20,0.5,1,
unique_00317,H003,6J,15,20,1.0,-1,
unique_00318,H003,6J,15,20,1.0,1,
unique_00319,H003,6J,15,60,0.0,-1,
unique_00320,H003,6J,15,60,0.0,1,
unique_00321,H003,6J,15,60,0.5,-1,
unique_00322,H003,6J,15,60,0.5,1,
unique_00323,H003,6J,15,60,1.0,-1,
unique_00324,H003,6J,15,60,1.0,1,
unique_00325,H004,6J,15,10,0.2,-1,
unique_00326,H004,6J,15,10,0.2,1,
unique_00327,H004,6J,15,10,0.35,-1,
unique_00328,H004,6J,15,10,0.35,1,
unique_00329,H004,6J,15,20,0.2,-1,
unique_00330,H004,6J,15,20,0.2,1,
unique_00331,H004,6J,15,20,0.35,-1,
unique_00332,H004,6J,15,20,0.35,1,
unique_00333,H004,6J,15,40,0.2,-1,
unique_00334,H004,6J,15,40,0.2,1,
unique_00335,H004,6J,15,40,0.35,-1,
unique_00336,H004,6J,15,40,0.35,1,
unique_00337,H002,CL,15,2,0.25,-1,
unique_00338,H002,CL,15,2,0.25,1,
unique_00339,H002,CL,15,2,0.5,-1,
unique_00340,H002,CL,15,2,0.5,1,
unique_00341,H002,CL,15,2,0.75,-1,
unique_00342,H002,CL,15,2,0.75,1,
unique_00343,H002,CL,15,5,0.25,-1,
unique_00344,H002,CL,15,5,0.25,1,
unique_00345,H002,CL,15,5,0.5,-1,
unique_00346,H002,CL,15,5,0.5,1,
unique_00347,H002,CL,15,5,0.75,-1,
unique_00348,H002,CL,15,5,0.75,1,
unique_00349,H002,CL,15,10,0.25,-1,
unique_00350,H002,CL,15,10,0.25,1,
unique_00351,H002,CL,15,10,0.5,-1,
unique_00352,H002,CL,15,10,0.5,1,
unique_00353,H002,CL,15,10,0.75,-1,
unique_00354,H002,CL,15,10,0.75,1,
unique_00355,H002,CL,15,20,0.25,-1,
unique_00356,H002,CL,15,20,0.25,1,
unique_00357,H002,CL,15,20,0.5,-1,
unique_00358,H002,CL,15,20,0.5,1,
unique_00359,H002,CL,15,20,0.75,-1,
unique_00360,H002,CL,15,20,0.75,1,
unique_00361,H003,CL,15,20,0.0,-1,
unique_00362,H003,CL,15,20,0.0,1,
unique_00363,H003,CL,15,20,0.5,-1,
unique_00364,H003,CL,15,20,0.5,1,
unique_00365,H003,CL,15,20,1.0,-1,
unique_00366,H003,CL,15,20,1.0,1,
unique_00367,H003,CL,15,60,0.0,-1,
unique_00368,H003,CL,15,60,0.0,1,
unique_00369,H003,CL,15,60,0.5,-1,
unique_00370,H003,CL,15,60,0.5,1,
unique_00371,H003,CL,15,60,1.0,-1,
unique_00372,H003,CL,15,60,1.0,1,
unique_00373,H004,CL,15,10,0.2,-1,
unique_00374,H004,CL,15,10,0.2,1,
unique_00375,H004,CL,15,10,0.35,-1,
unique_00376,H004,CL,15,10,0.35,1,
unique_00377,H004,CL,15,20,0.2,-1,
unique_00378,H004,CL,15,20,0.2,1,
unique_00379,H004,CL,15,20,0.35,-1,
unique_00380,H004,CL,15,20,0.35,1,
unique_00381,H004,CL,15,40,0.2,-1,
unique_00382,H004,CL,15,40,0.2,1,
unique_00383,H004,CL,15,40,0.35,-1,
unique_00384,H004,CL,15,40,0.35,1,
unique_00385,H002,ES,15,2,0.25,-1,
unique_00386,H002,ES,15,2,0.25,1,
unique_00387,H002,ES,15,2,0.5,-1,
unique_00388,H002,ES,15,2,0.5,1,
unique_00389,H002,ES,15,2,0.75,-1,
unique_00390,H002,ES,15,2,0.75,1,
unique_00391,H002,ES,15,5,0.25,-1,
unique_00392,H002,ES,15,5,0.25,1,
unique_00393,H002,ES,15,5,0.5,-1,
unique_00394,H002,ES,15,5,0.5,1,
unique_00395,H002,ES,15,5,0.75,-1,
unique_00396,H002,ES,15,5,0.75,1,
unique_00397,H002,ES,15,10,0.25,-1,
unique_00398,H002,ES,15,10,0.25,1,
unique_00399,H002,ES,15,10,0.5,-1,
unique_00400,H002,ES,15,10,0.5,1,
unique_00401,H002,ES,15,10,0.75,-1,
unique_00402,H002,ES,15,10,0.75,1,
unique_00403,H002,ES,15,20,0.25,-1,
unique_00404,H002,ES,15,20,0.25,1,
unique_00405,H002,ES,15,20,0.5,-1,
unique_00406,H002,ES,15,20,0.5,1,
unique_00407,H002,ES,15,20,0.75,-1,
unique_00408,H002,ES,15,20,0.75,1,
unique_00409,H003,ES,15,20,0.0,-1,
unique_00410,H003,ES,15,20,0.0,1,
unique_00411,H003,ES,15,20,0.5,-1,
unique_00412,H003,ES,15,20,0.5,1,
unique_00413,H003,ES,15,20,1.0,-1,
unique_00414,H003,ES,15,20,1.0,1,
unique_00415,H003,ES,15,60,0.0,-1,
unique_00416,H003,ES,15,60,0.0,1,
unique_00417,H003,ES,15,60,0.5,-1,
unique_00418,H003,ES,15,60,0.5,1,
unique_00419,H003,ES,15,60,1.0,-1,
unique_00420,H003,ES,15,60,1.0,1,
unique_00421,H004,ES,15,10,0.2,-1,
unique_00422,H004,ES,15,10,0.2,1,
unique_00423,H004,ES,15,10,0.35,-1,
unique_00424,H004,ES,15,10,0.35,1,
unique_00425,H004,ES,15,20,0.2,-1,
unique_00426,H004,ES,15,20,0.2,1,
unique_00427,H004,ES,15,20,0.35,-1,
unique_00428,H004,ES,15,20,0.35,1,
unique_00429,H004,ES,15,40,0.2,-1,
unique_00430,H004,ES,15,40,0.2,1,
unique_00431,H004,ES,15,40,0.35,-1,
unique_00432,H004,ES,15,40,0.35,1,
unique_00433,H002,GC,15,2,0.25,-1,
unique_00434,H002,GC,15,2,0.25,1,
unique_00435,H002,GC,15,2,0.5,-1,
unique_00436,H002,GC,15,2,0.5,1,
unique_00437,H002,GC,15,2,0.75,-1,
unique_00438,H002,GC,15,2,0.75,1,
unique_00439,H002,GC,15,5,0.25,-1,
unique_00440,H002,GC,15,5,0.25,1,
unique_00441,H002,GC,15,5,0.5,-1,
unique_00442,H002,GC,15,5,0.5,1,
unique_00443,H002,GC,15,5,0.75,-1,
unique_00444,H002,GC,15,5,0.75,1,
unique_00445,H002,GC,15,10,0.25,-1,
unique_00446,H002,GC,15,10,0.25,1,
unique_00447,H002,GC,15,10,0.5,-1,
unique_00448,H002,GC,15,10,0.5,1,
unique_00449,H002,GC,15,10,0.75,-1,
unique_00450,H002,GC,15,10,0.75,1,
unique_00451,H002,GC,15,20,0.25,-1,
unique_00452,H002,GC,15,20,0.25,1,
unique_00453,H002,GC,15,20,0.5,-1,
unique_00454,H002,GC,15,20,0.5,1,
unique_00455,H002,GC,15,20,0.75,-1,
unique_00456,H002,GC,15,20,0.75,1,
unique_00457,H003,GC,15,20,0.0,-1,
unique_00458,H003,GC,15,20,0.0,1,
unique_00459,H003,GC,15,20,0.5,-1,
unique_00460,H003,GC,15,20,0.5,1,
unique_00461,H003,GC,15,20,1.0,-1,
unique_00462,H003,GC,15,20,1.0,1,
unique_00463,H003,GC,15,60,0.0,-1,
unique_00464,H003,GC,15,60,0.0,1,
unique_00465,H003,GC,15,60,0.5,-1,
unique_00466,H003,GC,15,60,0.5,1,
unique_00467,H003,GC,15,60,1.0,-1,
unique_00468,H003,GC,15,60,1.0,1,
unique_00469,H004,GC,15,10,0.2,-1,
unique_00470,H004,GC,15,10,0.2,1,
unique_00471,H004,GC,15,10,0.35,-1,
unique_00472,H004,GC,15,10,0.35,1,
unique_00473,H004,GC,15,20,0.2,-1,
unique_00474,H004,GC,15,20,0.2,1,
unique_00475,H004,GC,15,20,0.35,-1,
unique_00476,H004,GC,15,20,0.35,1,
unique_00477,H004,GC,15,40,0.2,-1,
unique_00478,H004,GC,15,40,0.2,1,
unique_00479,H004,GC,15,40,0.35,-1,
unique_00480,H004,GC,15,40,0.35,1,
unique_00481,H002,HG,15,2,0.25,-1,
unique_00482,H002,HG,15,2,0.25,1,
unique_00483,H002,HG,15,2,0.5,-1,
unique_00484,H002,HG,15,2,0.5,1,
unique_00485,H002,HG,15,2,0.75,-1,
unique_00486,H002,HG,15,2,0.75,1,
unique_00487,H002,HG,15,5,0.25,-1,
unique_00488,H002,HG,15,5,0.25,1,
unique_00489,H002,HG,15,5,0.5,-1,
unique_00490,H002,HG,15,5,0.5,1,
unique_00491,H002,HG,15,5,0.75,-1,
unique_00492,H002,HG,15,5,0.75,1,
unique_00493,H002,HG,15,10,0.25,-1,
unique_00494,H002,HG,15,10,0.25,1,
unique_00495,H002,HG,15,10,0.5,-1,
unique_00496,H002,HG,15,10,0.5,1,
unique_00497,H002,HG,15,10,0.75,-1,
unique_00498,H002,HG,15,10,0.75,1,
unique_00499,H002,HG,15,20,0.25,-1,
unique_00500,H002,HG,15,20,0.25,1,
unique_00501,H002,HG,15,20,0.5,-1,
unique_00502,H002,HG,15,20,0.5,1,
unique_00503,H002,HG,15,20,0.75,-1,
unique_00504,H002,HG,15,20,0.75,1,
unique_00505,H003,HG,15,20,0.0,-1,
unique_00506,H003,HG,15,20,0.0,1,
unique_00507,H003,HG,15,20,0.5,-1,
unique_00508,H003,HG,15,20,0.5,1,
unique_00509,H003,HG,15,20,1.0,-1,
unique_00510,H003,HG,15,20,1.0,1,
unique_00511,H003,HG,15,60,0.0,-1,
unique_00512,H003,HG,15,60,0.0,1,
unique_00513,H003,HG,15,60,0.5,-1,
unique_00514,H003,HG,15,60,0.5,1,
unique_00515,H003,HG,15,60,1.0,-1,
unique_00516,H003,HG,15,60,1.0,1,
unique_00517,H004,HG,15,10,0.2,-1,
unique_00518,H004,HG,15,10,0.2,1,
unique_00519,H004,HG,15,10,0.35,-1,
unique_00520,H004,HG,15,10,0.35,1,
unique_00521,H004,HG,15,20,0.2,-1,
unique_00522,H004,HG,15,20,0.2,1,
unique_00523,H004,HG,15,20,0.35,-1,
unique_00524,H004,HG,15,20,0.35,1,
unique_00525,H004,HG,15,40,0.2,-1,
unique_00526,H004,HG,15,40,0.2,1,
unique_00527,H004,HG,15,40,0.35,-1,
unique_00528,H004,HG,15,40,0.35,1,
unique_00529,H002,NG,15,2,0.25,-1,
unique_00530,H002,NG,15,2,0.25,1,
unique_00531,H002,NG,15,2,0.5,-1,
unique_00532,H002,NG,15,2,0.5,1,
unique_00533,H002,NG,15,2,0.75,-1,
unique_00534,H002,NG,15,2,0.75,1,
unique_00535,H002,NG,15,5,0.25,-1,
unique_00536,H002,NG,15,5,0.25,1,
unique_00537,H002,NG,15,5,0.5,-1,
unique_00538,H002,NG,15,5,0.5,1,
unique_00539,H002,NG,15,5,0.75,-1,
unique_00540,H002,NG,15,5,0.75,1,
unique_00541,H002,NG,15,10,0.25,-1,
unique_00542,H002,NG,15,10,0.25,1,
unique_00543,H002,NG,15,10,0.5,-1,
unique_00544,H002,NG,15,10,0.5,1,
unique_00545,H002,NG,15,10,0.75,-1,
unique_00546,H002,NG,15,10,0.75,1,
unique_00547,H002,NG,15,20,0.25,-1,
unique_00548,H002,NG,15,20,0.25,1,
unique_00549,H002,NG,15,20,0.5,-1,
unique_00550,H002,NG,15,20,0.5,1,
unique_00551,H002,NG,15,20,0.75,-1,
unique_00552,H002,NG,15,20,0.75,1,
unique_00553,H003,NG,15,20,0.0,-1,
unique_00554,H003,NG,15,20,0.0,1,
unique_00555,H003,NG,15,20,0.5,-1,
unique_00556,H003,NG,15,20,0.5,1,
unique_00557,H003,NG,15,20,1.0,-1,
unique_00558,H003,NG,15,20,1.0,1,
unique_00559,H003,NG,15,60,0.0,-1,
unique_00560,H003,NG,15,60,0.0,1,
unique_00561,H003,NG,15,60,0.5,-1,
unique_00562,H003,NG,15,60,0.5,1,
unique_00563,H003,NG,15,60,1.0,-1,
unique_00564,H003,NG,15,60,1.0,1,
unique_00565,H004,NG,15,10,0.2,-1,
unique_00566,H004,NG,15,10,0.2,1,
unique_00567,H004,NG,15,10,0.35,-1,
unique_00568,H004,NG,15,10,0.35,1,
unique_00569,H004,NG,15,20,0.2,-1,
unique_00570,H004,NG,15,20,0.2,1,
unique_00571,H004,NG,15,20,0.35,-1,
unique_00572,H004,NG,15,20,0.35,1,
unique_00573,H004,NG,15,40,0.2,-1,
unique_00574,H004,NG,15,40,0.2,1,
unique_00575,H004,NG,15,40,0.35,-1,
unique_00576,H004,NG,15,40,0.35,1,
unique_00577,H002,NKD,15,2,0.25,-1,
unique_00578,H002,NKD,15,2,0.25,1,
unique_00579,H002,NKD,15,2,0.5,-1,
unique_00580,H002,NKD,15,2,0.5,1,
unique_00581,H002,NKD,15,2,0.75,-1,
unique_00582,H002,NKD,15,2,0.75,1,
unique_00583,H002,NKD,15,5,0.25,-1,
unique_00584,H002,NKD,15,5,0.25,1,
unique_00585,H002,NKD,15,5,0.5,-1,
unique_00586,H002,NKD,15,5,0.5,1,
unique_00587,H002,NKD,15,5,0.75,-1,
unique_00588,H002,NKD,15,5,0.75,1,
unique_00589,H002,NKD,15,10,0.25,-1,
unique_00590,H002,NKD,15,10,0.25,1,
unique_00591,H002,NKD,15,10,0.5,-1,
unique_00592,H002,NKD,15,10,0.5,1,
unique_00593,H002,NKD,15,10,0.75,-1,
unique_00594,H002,NKD,15,10,0.75,1,
unique_00595,H002,NKD,15,20,0.25,-1,
unique_00596,H002,NKD,15,20,0.25,1,
unique_00597,H002,NKD,15,20,0.5,-1,
unique_00598,H002,NKD,15,20,0.5,1,
unique_00599,H002,NKD,15,20,0.75,-1,
unique_00600,H002,NKD,15,20,0.75,1,
unique_00601,H003,NKD,15,20,0.0,-1,
unique_00602,H003,NKD,15,20,0.0,1,
unique_00603,H003,NKD,15,20,0.5,-1,
unique_00604,H003,NKD,15,20,0.5,1,
unique_00605,H003,NKD,15,20,1.0,-1,
unique_00606,H003,NKD,15,20,1.0,1,
unique_00607,H003,NKD,15,60,0.0,-1,
unique_00608,H003,NKD,15,60,0.0,1,
unique_00609,H003,NKD,15,60,0.5,-1,
unique_00610,H003,NKD,15,60,0.5,1,
unique_00611,H003,NKD,15,60,1.0,-1,
unique_00612,H003,NKD,15,60,1.0,1,
unique_00613,H004,NKD,15,10,0.2,-1,
unique_00614,H004,NKD,15,10,0.2,1,
unique_00615,H004,NKD,15,10,0.35,-1,
unique_00616,H004,NKD,15,10,0.35,1,
unique_00617,H004,NKD,15,20,0.2,-1,
unique_00618,H004,NKD,15,20,0.2,1,
unique_00619,H004,NKD,15,20,0.35,-1,
unique_00620,H004,NKD,15,20,0.35,1,
unique_00621,H004,NKD,15,40,0.2,-1,
unique_00622,H004,NKD,15,40,0.2,1,
unique_00623,H004,NKD,15,40,0.35,-1,
unique_00624,H004,NKD,15,40,0.35,1,
unique_00625,H002,ZC,15,2,0.25,-1,
unique_00626,H002,ZC,15,2,0.25,1,
unique_00627,H002,ZC,15,2,0.5,-1,
unique_00628,H002,ZC,15,2,0.5,1,
unique_00629,H002,ZC,15,2,0.75,-1,
unique_00630,H002,ZC,15,2,0.75,1,
unique_00631,H002,ZC,15,5,0.25,-1,
unique_00632,H002,ZC,15,5,0.25,1,
unique_00633,H002,ZC,15,5,0.5,-1,
unique_00634,H002,ZC,15,5,0.5,1,
unique_00635,H002,ZC,15,5,0.75,-1,
unique_00636,H002,ZC,15,5,0.75,1,
unique_00637,H002,ZC,15,10,0.25,-1,
unique_00638,H002,ZC,15,10,0.25,1,
unique_00639,H002,ZC,15,10,0.5,-1,
unique_00640,H002,ZC,15,10,0.5,1,
unique_00641,H002,ZC,15,10,0.75,-1,
unique_00642,H002,ZC,15,10,0.75,1,
unique_00643,H002,ZC,15,20,0.25,-1,
unique_00644,H002,ZC,15,20,0.25,1,
unique_00645,H002,ZC,15,20,0.5,-1,
unique_00646,H002,ZC,15,20,0.5,1,
unique_00647,H002,ZC,15,20,0.75,-1,
unique_00648,H002,ZC,15,20,0.75,1,
unique_00649,H003,ZC,15,20,0.0,-1,
unique_00650,H003,ZC,15,20,0.0,1,
unique_00651,H003,ZC,15,20,0.5,-1,
unique_00652,H003,ZC,15,20,0.5,1,
unique_00653,H003,ZC,15,20,1.0,-1,
unique_00654,H003,ZC,15,20,1.0,1,
unique_00655,H003,ZC,15,60,0.0,-1,
unique_00656,H003,ZC,15,60,0.0,1,
unique_00657,H003,ZC,15,60,0.5,-1,
unique_00658,H003,ZC,15,60,0.5,1,
unique_00659,H003,ZC,15,60,1.0,-1,
unique_00660,H003,ZC,15,60,1.0,1,
unique_00661,H004,ZC,15,10,0.2,-1,
unique_00662,H004,ZC,15,10,0.2,1,
unique_00663,H004,ZC,15,10,0.35,-1,
unique_00664,H004,ZC,15,10,0.35,1,
unique_00665,H004,ZC,15,20,0.2,-1,
unique_00666,H004,ZC,15,20,0.2,1,
unique_00667,H004,ZC,15,20,0.35,-1,
unique_00668,H004,ZC,15,20,0.35,1,
unique_00669,H004,ZC,15,40,0.2,-1,
unique_00670,H004,ZC,15,40,0.2,1,
unique_00671,H004,ZC,15,40,0.35,-1,
unique_00672,H004,ZC,15,40,0.35,1,
unique_00673,H002,ZN,15,2,0.25,-1,
unique_00674,H002,ZN,15,2,0.25,1,
unique_00675,H002,ZN,15,2,0.5,-1,
unique_00676,H002,ZN,15,2,0.5,1,
unique_00677,H002,ZN,15,2,0.75,-1,
unique_00678,H002,ZN,15,2,0.75,1,
unique_00679,H002,ZN,15,5,0.25,-1,
unique_00680,H002,ZN,15,5,0.25,1,
unique_00681,H002,ZN,15,5,0.5,-1,
unique_00682,H002,ZN,15,5,0.5,1,
unique_00683,H002,ZN,15,5,0.75,-1,
unique_00684,H002,ZN,15,5,0.75,1,
unique_00685,H002,ZN,15,10,0.25,-1,
unique_00686,H002,ZN,15,10,0.25,1,
unique_00687,H002,ZN,15,10,0.5,-1,
unique_00688,H002,ZN,15,10,0.5,1,
unique_00689,H002,ZN,15,10,0.75,-1,
unique_00690,H002,ZN,15,10,0.75,1,
unique_00691,H002,ZN,15,20,0.25,-1,
unique_00692,H002,ZN,15,20,0.25,1,
unique_00693,H002,ZN,15,20,0.5,-1,
unique_00694,H002,ZN,15,20,0.5,1,
unique_00695,H002,ZN,15,20,0.75,-1,
unique_00696,H002,ZN,15,20,0.75,1,
unique_00697,H003,ZN,15,20,0.0,-1,
unique_00698,H003,ZN,15,20,0.0,1,
unique_00699,H003,ZN,15,20,0.5,-1,
unique_00700,H003,ZN,15,20,0.5,1,
unique_00701,H003,ZN,15,20,1.0,-1,
unique_00702,H003,ZN,15,20,1.0,1,
unique_00703,H003,ZN,15,60,0.0,-1,
unique_00704,H003,ZN,15,60,0.0,1,
unique_00705,H003,ZN,15,60,0.5,-1,
unique_00706,H003,ZN,15,60,0.5,1,
unique_00707,H003,ZN,15,60,1.0,-1,
unique_00708,H003,ZN,15,60,1.0,1,
unique_00709,H004,ZN,15,10,0.2,-1,
unique_00710,H004,ZN,15,10,0.2,1,
unique_00711,H004,ZN,15,10,0.35,-1,
unique_00712,H004,ZN,15,10,0.35,1,
unique_00713,H004,ZN,15,20,0.2,-1,
unique_00714,H004,ZN,15,20,0.2,1,
unique_00715,H004,ZN,15,20,0.35,-1,
unique_00716,H004,ZN,15,20,0.35,1,
unique_00717,H004,ZN,15,40,0.2,-1,
unique_00718,H004,ZN,15,40,0.2,1,
unique_00719,H004,ZN,15,40,0.35,-1,
unique_00720,H004,ZN,15,40,0.35,1,
unique_00721,H005,6E,30,1,0.5,-1,6J
unique_00722,H005,6E,30,1,0.5,1,6J
unique_00723,H005,6E,30,1,1.0,-1,6J
unique_00724,H005,6E,30,1,1.0,1,6J
unique_00725,H005,6J,30,1,0.5,-1,6E
unique_00726,H005,6J,30,1,0.5,1,6E
unique_00727,H005,6J,30,1,1.0,-1,6E
unique_00728,H005,6J,30,1,1.0,1,6E
unique_00729,H005,CL,30,1,0.5,-1,NG
unique_00730,H005,CL,30,1,0.5,1,NG
unique_00731,H005,CL,30,1,1.0,-1,NG
unique_00732,H005,CL,30,1,1.0,1,NG
unique_00733,H005,ES,30,1,0.5,-1,ZN
unique_00734,H005,ES,30,1,0.5,1,ZN
unique_00735,H005,ES,30,1,1.0,-1,ZN
unique_00736,H005,ES,30,1,1.0,1,ZN
unique_00737,H005,GC,30,1,0.5,-1,HG
unique_00738,H005,GC,30,1,0.5,1,HG
unique_00739,H005,GC,30,1,1.0,-1,HG
unique_00740,H005,GC,30,1,1.0,1,HG
unique_00741,H005,HG,30,1,0.5,-1,GC
unique_00742,H005,HG,30,1,0.5,1,GC
unique_00743,H005,HG,30,1,1.0,-1,GC
unique_00744,H005,HG,30,1,1.0,1,GC
unique_00745,H005,NG,30,1,0.5,-1,CL
unique_00746,H005,NG,30,1,0.5,1,CL
unique_00747,H005,NG,30,1,1.0,-1,CL
unique_00748,H005,NG,30,1,1.0,1,CL
unique_00749,H005,NKD,30,1,0.5,-1,ES
unique_00750,H005,NKD,30,1,0.5,1,ES
unique_00751,H005,NKD,30,1,1.0,-1,ES
unique_00752,H005,NKD,30,1,1.0,1,ES
unique_00753,H005,ZC,30,1,0.5,-1,CL
unique_00754,H005,ZC,30,1,0.5,1,CL
unique_00755,H005,ZC,30,1,1.0,-1,CL
unique_00756,H005,ZC,30,1,1.0,1,CL
unique_00757,H005,ZN,30,1,0.5,-1,ES
unique_00758,H005,ZN,30,1,0.5,1,ES
unique_00759,H005,ZN,30,1,1.0,-1,ES
unique_00760,H005,ZN,30,1,1.0,1,ES
unique_00761,H005,6E,30,2,0.5,-1,6J
unique_00762,H005,6E,30,2,0.5,1,6J
unique_00763,H005,6E,30,2,1.0,-1,6J
unique_00764,H005,6E,30,2,1.0,1,6J
unique_00765,H005,6J,30,2,0.5,-1,6E
unique_00766,H005,6J,30,2,0.5,1,6E
unique_00767,H005,6J,30,2,1.0,-1,6E
unique_00768,H005,6J,30,2,1.0,1,6E
unique_00769,H005,CL,30,2,0.5,-1,NG
unique_00770,H005,CL,30,2,0.5,1,NG
unique_00771,H005,CL,30,2,1.0,-1,NG
unique_00772,H005,CL,30,2,1.0,1,NG
unique_00773,H005,ES,30,2,0.5,-1,ZN
unique_00774,H005,ES,30,2,0.5,1,ZN
unique_00775,H005,ES,30,2,1.0,-1,ZN
unique_00776,H005,ES,30,2,1.0,1,ZN
unique_00777,H005,GC,30,2,0.5,-1,HG
unique_00778,H005,GC,30,2,0.5,1,HG
unique_00779,H005,GC,30,2,1.0,-1,HG
unique_00780,H005,GC,30,2,1.0,1,HG
unique_00781,H005,HG,30,2,0.5,-1,GC
unique_00782,H005,HG,30,2,0.5,1,GC
unique_00783,H005,HG,30,2,1.0,-1,GC
unique_00784,H005,HG,30,2,1.0,1,GC
unique_00785,H005,NG,30,2,0.5,-1,CL
unique_00786,H005,NG,30,2,0.5,1,CL
unique_00787,H005,NG,30,2,1.0,-1,CL
unique_00788,H005,NG,30,2,1.0,1,CL
unique_00789,H005,NKD,30,2,0.5,-1,ES
unique_00790,H005,NKD,30,2,0.5,1,ES
unique_00791,H005,NKD,30,2,1.0,-1,ES
unique_00792,H005,NKD,30,2,1.0,1,ES
unique_00793,H005,ZC,30,2,0.5,-1,CL
unique_00794,H005,ZC,30,2,0.5,1,CL
unique_00795,H005,ZC,30,2,1.0,-1,CL
unique_00796,H005,ZC,30,2,1.0,1,CL
unique_00797,H005,ZN,30,2,0.5,-1,ES
unique_00798,H005,ZN,30,2,0.5,1,ES
unique_00799,H005,ZN,30,2,1.0,-1,ES
unique_00800,H005,ZN,30,2,1.0,1,ES
unique_00801,H005,6E,30,4,0.5,-1,6J
unique_00802,H005,6E,30,4,0.5,1,6J
unique_00803,H005,6E,30,4,1.0,-1,6J
unique_00804,H005,6E,30,4,1.0,1,6J
unique_00805,H005,6J,30,4,0.5,-1,6E
unique_00806,H005,6J,30,4,0.5,1,6E
unique_00807,H005,6J,30,4,1.0,-1,6E
unique_00808,H005,6J,30,4,1.0,1,6E
unique_00809,H005,CL,30,4,0.5,-1,NG
unique_00810,H005,CL,30,4,0.5,1,NG
unique_00811,H005,CL,30,4,1.0,-1,NG
unique_00812,H005,CL,30,4,1.0,1,NG
unique_00813,H005,ES,30,4,0.5,-1,ZN
unique_00814,H005,ES,30,4,0.5,1,ZN
unique_00815,H005,ES,30,4,1.0,-1,ZN
unique_00816,H005,ES,30,4,1.0,1,ZN
unique_00817,H005,GC,30,4,0.5,-1,HG
unique_00818,H005,GC,30,4,0.5,1,HG
unique_00819,H005,GC,30,4,1.0,-1,HG
unique_00820,H005,GC,30,4,1.0,1,HG
unique_00821,H005,HG,30,4,0.5,-1,GC
unique_00822,H005,HG,30,4,0.5,1,GC
unique_00823,H005,HG,30,4,1.0,-1,GC
unique_00824,H005,HG,30,4,1.0,1,GC
unique_00825,H005,NG,30,4,0.5,-1,CL
unique_00826,H005,NG,30,4,0.5,1,CL
unique_00827,H005,NG,30,4,1.0,-1,CL
unique_00828,H005,NG,30,4,1.0,1,CL
unique_00829,H005,NKD,30,4,0.5,-1,ES
unique_00830,H005,NKD,30,4,0.5,1,ES
unique_00831,H005,NKD,30,4,1.0,-1,ES
unique_00832,H005,NKD,30,4,1.0,1,ES
unique_00833,H005,ZC,30,4,0.5,-1,CL
unique_00834,H005,ZC,30,4,0.5,1,CL
unique_00835,H005,ZC,30,4,1.0,-1,CL
unique_00836,H005,ZC,30,4,1.0,1,CL
unique_00837,H005,ZN,30,4,0.5,-1,ES
unique_00838,H005,ZN,30,4,0.5,1,ES
unique_00839,H005,ZN,30,4,1.0,-1,ES
unique_00840,H005,ZN,30,4,1.0,1,ES
unique_00841,H006,6E,30,2,0.5,-1,
unique_00842,H006,6E,30,2,0.5,1,
unique_00843,H006,6E,30,2,1.0,-1,
unique_00844,H006,6E,30,2,1.0,1,
unique_00845,H006,6J,30,2,0.5,-1,
unique_00846,H006,6J,30,2,0.5,1,
unique_00847,H006,6J,30,2,1.0,-1,
unique_00848,H006,6J,30,2,1.0,1,
unique_00849,H006,CL,30,2,0.5,-1,
unique_00850,H006,CL,30,2,0.5,1,
unique_00851,H006,CL,30,2,1.0,-1,
unique_00852,H006,CL,30,2,1.0,1,
unique_00853,H006,ES,30,2,0.5,-1,
unique_00854,H006,ES,30,2,0.5,1,
unique_00855,H006,ES,30,2,1.0,-1,
unique_00856,H006,ES,30,2,1.0,1,
unique_00857,H006,GC,30,2,0.5,-1,
unique_00858,H006,GC,30,2,0.5,1,
unique_00859,H006,GC,30,2,1.0,-1,
unique_00860,H006,GC,30,2,1.0,1,
unique_00861,H006,HG,30,2,0.5,-1,
unique_00862,H006,HG,30,2,0.5,1,
unique_00863,H006,HG,30,2,1.0,-1,
unique_00864,H006,HG,30,2,1.0,1,
unique_00865,H006,NG,30,2,0.5,-1,
unique_00866,H006,NG,30,2,0.5,1,
unique_00867,H006,NG,30,2,1.0,-1,
unique_00868,H006,NG,30,2,1.0,1,
unique_00869,H006,NKD,30,2,0.5,-1,
unique_00870,H006,NKD,30,2,0.5,1,
unique_00871,H006,NKD,30,2,1.0,-1,
unique_00872,H006,NKD,30,2,1.0,1,
unique_00873,H006,ZC,30,2,0.5,-1,
unique_00874,H006,ZC,30,2,0.5,1,
unique_00875,H006,ZC,30,2,1.0,-1,
unique_00876,H006,ZC,30,2,1.0,1,
unique_00877,H006,ZN,30,2,0.5,-1,
unique_00878,H006,ZN,30,2,0.5,1,
unique_00879,H006,ZN,30,2,1.0,-1,
unique_00880,H006,ZN,30,2,1.0,1,
unique_00881,H006,6E,30,4,0.5,-1,
unique_00882,H006,6E,30,4,0.5,1,
unique_00883,H006,6E,30,4,1.0,-1,
unique_00884,H006,6E,30,4,1.0,1,
unique_00885,H006,6J,30,4,0.5,-1,
unique_00886,H006,6J,30,4,0.5,1,
unique_00887,H006,6J,30,4,1.0,-1,
unique_00888,H006,6J,30,4,1.0,1,
unique_00889,H006,CL,30,4,0.5,-1,
unique_00890,H006,CL,30,4,0.5,1,
unique_00891,H006,CL,30,4,1.0,-1,
unique_00892,H006,CL,30,4,1.0,1,
unique_00893,H006,ES,30,4,0.5,-1,
unique_00894,H006,ES,30,4,0.5,1,
unique_00895,H006,ES,30,4,1.0,-1,
unique_00896,H006,ES,30,4,1.0,1,
unique_00897,H006,GC,30,4,0.5,-1,
unique_00898,H006,GC,30,4,0.5,1,
unique_00899,H006,GC,30,4,1.0,-1,
unique_00900,H006,GC,30,4,1.0,1,
unique_00901,H006,HG,30,4,0.5,-1,
unique_00902,H006,HG,30,4,0.5,1,
unique_00903,H006,HG,30,4,1.0,-1,
unique_00904,H006,HG,30,4,1.0,1,
unique_00905,H006,NG,30,4,0.5,-1,
unique_00906,H006,NG,30,4,0.5,1,
unique_00907,H006,NG,30,4,1.0,-1,
unique_00908,H006,NG,30,4,1.0,1,
unique_00909,H006,NKD,30,4,0.5,-1,
unique_00910,H006,NKD,30,4,0.5,1,
unique_00911,H006,NKD,30,4,1.0,-1,
unique_00912,H006,NKD,30,4,1.0,1,
unique_00913,H006,ZC,30,4,0.5,-1,
unique_00914,H006,ZC,30,4,0.5,1,
unique_00915,H006,ZC,30,4,1.0,-1,
unique_00916,H006,ZC,30,4,1.0,1,
unique_00917,H006,ZN,30,4,0.5,-1,
unique_00918,H006,ZN,30,4,0.5,1,
unique_00919,H006,ZN,30,4,1.0,-1,
unique_00920,H006,ZN,30,4,1.0,1,
unique_00921,H006,6E,30,8,0.5,-1,
unique_00922,H006,6E,30,8,0.5,1,
unique_00923,H006,6E,30,8,1.0,-1,
unique_00924,H006,6E,30,8,1.0,1,
unique_00925,H006,6J,30,8,0.5,-1,
unique_00926,H006,6J,30,8,0.5,1,
unique_00927,H006,6J,30,8,1.0,-1,
unique_00928,H006,6J,30,8,1.0,1,
unique_00929,H006,CL,30,8,0.5,-1,
unique_00930,H006,CL,30,8,0.5,1,
unique_00931,H006,CL,30,8,1.0,-1,
unique_00932,H006,CL,30,8,1.0,1,
unique_00933,H006,ES,30,8,0.5,-1,
unique_00934,H006,ES,30,8,0.5,1,
unique_00935,H006,ES,30,8,1.0,-1,
unique_00936,H006,ES,30,8,1.0,1,
unique_00937,H006,GC,30,8,0.5,-1,
unique_00938,H006,GC,30,8,0.5,1,
unique_00939,H006,GC,30,8,1.0,-1,
unique_00940,H006,GC,30,8,1.0,1,
unique_00941,H006,HG,30,8,0.5,-1,
unique_00942,H006,HG,30,8,0.5,1,
unique_00943,H006,HG,30,8,1.0,-1,
unique_00944,H006,HG,30,8,1.0,1,
unique_00945,H006,NG,30,8,0.5,-1,
unique_00946,H006,NG,30,8,0.5,1,
unique_00947,H006,NG,30,8,1.0,-1,
unique_00948,H006,NG,30,8,1.0,1,
unique_00949,H006,NKD,30,8,0.5,-1,
unique_00950,H006,NKD,30,8,0.5,1,
unique_00951,H006,NKD,30,8,1.0,-1,
unique_00952,H006,NKD,30,8,1.0,1,
unique_00953,H006,ZC,30,8,0.5,-1,
unique_00954,H006,ZC,30,8,0.5,1,
unique_00955,H006,ZC,30,8,1.0,-1,
unique_00956,H006,ZC,30,8,1.0,1,
unique_00957,H006,ZN,30,8,0.5,-1,
unique_00958,H006,ZN,30,8,0.5,1,
unique_00959,H006,ZN,30,8,1.0,-1,
unique_00960,H006,ZN,30,8,1.0,1,
unique_00961,H002,6E,30,2,0.25,-1,
unique_00962,H002,6E,30,2,0.25,1,
unique_00963,H002,6E,30,2,0.5,-1,
unique_00964,H002,6E,30,2,0.5,1,
unique_00965,H002,6E,30,2,0.75,-1,
unique_00966,H002,6E,30,2,0.75,1,
unique_00967,H002,6E,30,5,0.25,-1,
unique_00968,H002,6E,30,5,0.25,1,
unique_00969,H002,6E,30,5,0.5,-1,
unique_00970,H002,6E,30,5,0.5,1,
unique_00971,H002,6E,30,5,0.75,-1,
unique_00972,H002,6E,30,5,0.75,1,
unique_00973,H002,6E,30,10,0.25,-1,
unique_00974,H002,6E,30,10,0.25,1,
unique_00975,H002,6E,30,10,0.5,-1,
unique_00976,H002,6E,30,10,0.5,1,
unique_00977,H002,6E,30,10,0.75,-1,
unique_00978,H002,6E,30,10,0.75,1,
unique_00979,H002,6E,30,20,0.25,-1,
unique_00980,H002,6E,30,20,0.25,1,
unique_00981,H002,6E,30,20,0.5,-1,
unique_00982,H002,6E,30,20,0.5,1,
unique_00983,H002,6E,30,20,0.75,-1,
unique_00984,H002,6E,30,20,0.75,1,
unique_00985,H003,6E,30,20,0.0,-1,
unique_00986,H003,6E,30,20,0.0,1,
unique_00987,H003,6E,30,20,0.5,-1,
unique_00988,H003,6E,30,20,0.5,1,
unique_00989,H003,6E,30,20,1.0,-1,
unique_00990,H003,6E,30,20,1.0,1,
unique_00991,H003,6E,30,60,0.0,-1,
unique_00992,H003,6E,30,60,0.0,1,
unique_00993,H003,6E,30,60,0.5,-1,
unique_00994,H003,6E,30,60,0.5,1,
unique_00995,H003,6E,30,60,1.0,-1,
unique_00996,H003,6E,30,60,1.0,1,
unique_00997,H004,6E,30,10,0.2,-1,
unique_00998,H004,6E,30,10,0.2,1,
unique_00999,H004,6E,30,10,0.35,-1,
unique_01000,H004,6E,30,10,0.35,1,
unique_01001,H004,6E,30,20,0.2,-1,
unique_01002,H004,6E,30,20,0.2,1,
unique_01003,H004,6E,30,20,0.35,-1,
unique_01004,H004,6E,30,20,0.35,1,
unique_01005,H004,6E,30,40,0.2,-1,
unique_01006,H004,6E,30,40,0.2,1,
unique_01007,H004,6E,30,40,0.35,-1,
unique_01008,H004,6E,30,40,0.35,1,
unique_01009,H002,6J,30,2,0.25,-1,
unique_01010,H002,6J,30,2,0.25,1,
unique_01011,H002,6J,30,2,0.5,-1,
unique_01012,H002,6J,30,2,0.5,1,
unique_01013,H002,6J,30,2,0.75,-1,
unique_01014,H002,6J,30,2,0.75,1,
unique_01015,H002,6J,30,5,0.25,-1,
unique_01016,H002,6J,30,5,0.25,1,
unique_01017,H002,6J,30,5,0.5,-1,
unique_01018,H002,6J,30,5,0.5,1,
unique_01019,H002,6J,30,5,0.75,-1,
unique_01020,H002,6J,30,5,0.75,1,
unique_01021,H002,6J,30,10,0.25,-1,
unique_01022,H002,6J,30,10,0.25,1,
unique_01023,H002,6J,30,10,0.5,-1,
unique_01024,H002,6J,30,10,0.5,1,
unique_01025,H002,6J,30,10,0.75,-1,
unique_01026,H002,6J,30,10,0.75,1,
unique_01027,H002,6J,30,20,0.25,-1,
unique_01028,H002,6J,30,20,0.25,1,
unique_01029,H002,6J,30,20,0.5,-1,
unique_01030,H002,6J,30,20,0.5,1,
unique_01031,H002,6J,30,20,0.75,-1,
unique_01032,H002,6J,30,20,0.75,1,
unique_01033,H003,6J,30,20,0.0,-1,
unique_01034,H003,6J,30,20,0.0,1,
unique_01035,H003,6J,30,20,0.5,-1,
unique_01036,H003,6J,30,20,0.5,1,
unique_01037,H003,6J,30,20,1.0,-1,
unique_01038,H003,6J,30,20,1.0,1,
unique_01039,H003,6J,30,60,0.0,-1,
unique_01040,H003,6J,30,60,0.0,1,
unique_01041,H003,6J,30,60,0.5,-1,
unique_01042,H003,6J,30,60,0.5,1,
unique_01043,H003,6J,30,60,1.0,-1,
unique_01044,H003,6J,30,60,1.0,1,
unique_01045,H004,6J,30,10,0.2,-1,
unique_01046,H004,6J,30,10,0.2,1,
unique_01047,H004,6J,30,10,0.35,-1,
unique_01048,H004,6J,30,10,0.35,1,
unique_01049,H004,6J,30,20,0.2,-1,
unique_01050,H004,6J,30,20,0.2,1,
unique_01051,H004,6J,30,20,0.35,-1,
unique_01052,H004,6J,30,20,0.35,1,
unique_01053,H004,6J,30,40,0.2,-1,
unique_01054,H004,6J,30,40,0.2,1,
unique_01055,H004,6J,30,40,0.35,-1,
unique_01056,H004,6J,30,40,0.35,1,
unique_01057,H002,CL,30,2,0.25,-1,
unique_01058,H002,CL,30,2,0.25,1,
unique_01059,H002,CL,30,2,0.5,-1,
unique_01060,H002,CL,30,2,0.5,1,
unique_01061,H002,CL,30,2,0.75,-1,
unique_01062,H002,CL,30,2,0.75,1,
unique_01063,H002,CL,30,5,0.25,-1,
unique_01064,H002,CL,30,5,0.25,1,
unique_01065,H002,CL,30,5,0.5,-1,
unique_01066,H002,CL,30,5,0.5,1,
unique_01067,H002,CL,30,5,0.75,-1,
unique_01068,H002,CL,30,5,0.75,1,
unique_01069,H002,CL,30,10,0.25,-1,
unique_01070,H002,CL,30,10,0.25,1,
unique_01071,H002,CL,30,10,0.5,-1,
unique_01072,H002,CL,30,10,0.5,1,
unique_01073,H002,CL,30,10,0.75,-1,
unique_01074,H002,CL,30,10,0.75,1,
unique_01075,H002,CL,30,20,0.25,-1,
unique_01076,H002,CL,30,20,0.25,1,
unique_01077,H002,CL,30,20,0.5,-1,
unique_01078,H002,CL,30,20,0.5,1,
unique_01079,H002,CL,30,20,0.75,-1,
unique_01080,H002,CL,30,20,0.75,1,
unique_01081,H003,CL,30,20,0.0,-1,
unique_01082,H003,CL,30,20,0.0,1,
unique_01083,H003,CL,30,20,0.5,-1,
unique_01084,H003,CL,30,20,0.5,1,
unique_01085,H003,CL,30,20,1.0,-1,
unique_01086,H003,CL,30,20,1.0,1,
unique_01087,H003,CL,30,60,0.0,-1,
unique_01088,H003,CL,30,60,0.0,1,
unique_01089,H003,CL,30,60,0.5,-1,
unique_01090,H003,CL,30,60,0.5,1,
unique_01091,H003,CL,30,60,1.0,-1,
unique_01092,H003,CL,30,60,1.0,1,
unique_01093,H004,CL,30,10,0.2,-1,
unique_01094,H004,CL,30,10,0.2,1,
unique_01095,H004,CL,30,10,0.35,-1,
unique_01096,H004,CL,30,10,0.35,1,
unique_01097,H004,CL,30,20,0.2,-1,
unique_01098,H004,CL,30,20,0.2,1,
unique_01099,H004,CL,30,20,0.35,-1,
unique_01100,H004,CL,30,20,0.35,1,
unique_01101,H004,CL,30,40,0.2,-1,
unique_01102,H004,CL,30,40,0.2,1,
unique_01103,H004,CL,30,40,0.35,-1,
unique_01104,H004,CL,30,40,0.35,1,
unique_01105,H002,ES,30,2,0.25,-1,
unique_01106,H002,ES,30,2,0.25,1,
unique_01107,H002,ES,30,2,0.5,-1,
unique_01108,H002,ES,30,2,0.5,1,
unique_01109,H002,ES,30,2,0.75,-1,
unique_01110,H002,ES,30,2,0.75,1,
unique_01111,H002,ES,30,5,0.25,-1,
unique_01112,H002,ES,30,5,0.25,1,
unique_01113,H002,ES,30,5,0.5,-1,
unique_01114,H002,ES,30,5,0.5,1,
unique_01115,H002,ES,30,5,0.75,-1,
unique_01116,H002,ES,30,5,0.75,1,
unique_01117,H002,ES,30,10,0.25,-1,
unique_01118,H002,ES,30,10,0.25,1,
unique_01119,H002,ES,30,10,0.5,-1,
unique_01120,H002,ES,30,10,0.5,1,
unique_01121,H002,ES,30,10,0.75,-1,
unique_01122,H002,ES,30,10,0.75,1,
unique_01123,H002,ES,30,20,0.25,-1,
unique_01124,H002,ES,30,20,0.25,1,
unique_01125,H002,ES,30,20,0.5,-1,
unique_01126,H002,ES,30,20,0.5,1,
unique_01127,H002,ES,30,20,0.75,-1,
unique_01128,H002,ES,30,20,0.75,1,
unique_01129,H003,ES,30,20,0.0,-1,
unique_01130,H003,ES,30,20,0.0,1,
unique_01131,H003,ES,30,20,0.5,-1,
unique_01132,H003,ES,30,20,0.5,1,
unique_01133,H003,ES,30,20,1.0,-1,
unique_01134,H003,ES,30,20,1.0,1,
unique_01135,H003,ES,30,60,0.0,-1,
unique_01136,H003,ES,30,60,0.0,1,
unique_01137,H003,ES,30,60,0.5,-1,
unique_01138,H003,ES,30,60,0.5,1,
unique_01139,H003,ES,30,60,1.0,-1,
unique_01140,H003,ES,30,60,1.0,1,
unique_01141,H004,ES,30,10,0.2,-1,
unique_01142,H004,ES,30,10,0.2,1,
unique_01143,H004,ES,30,10,0.35,-1,
unique_01144,H004,ES,30,10,0.35,1,
unique_01145,H004,ES,30,20,0.2,-1,
unique_01146,H004,ES,30,20,0.2,1,
unique_01147,H004,ES,30,20,0.35,-1,
unique_01148,H004,ES,30,20,0.35,1,
unique_01149,H004,ES,30,40,0.2,-1,
unique_01150,H004,ES,30,40,0.2,1,
unique_01151,H004,ES,30,40,0.35,-1,
unique_01152,H004,ES,30,40,0.35,1,
unique_01153,H002,GC,30,2,0.25,-1,
unique_01154,H002,GC,30,2,0.25,1,
unique_01155,H002,GC,30,2,0.5,-1,
unique_01156,H002,GC,30,2,0.5,1,
unique_01157,H002,GC,30,2,0.75,-1,
unique_01158,H002,GC,30,2,0.75,1,
unique_01159,H002,GC,30,5,0.25,-1,
unique_01160,H002,GC,30,5,0.25,1,
unique_01161,H002,GC,30,5,0.5,-1,
unique_01162,H002,GC,30,5,0.5,1,
unique_01163,H002,GC,30,5,0.75,-1,
unique_01164,H002,GC,30,5,0.75,1,
unique_01165,H002,GC,30,10,0.25,-1,
unique_01166,H002,GC,30,10,0.25,1,
unique_01167,H002,GC,30,10,0.5,-1,
unique_01168,H002,GC,30,10,0.5,1,
unique_01169,H002,GC,30,10,0.75,-1,
unique_01170,H002,GC,30,10,0.75,1,
unique_01171,H002,GC,30,20,0.25,-1,
unique_01172,H002,GC,30,20,0.25,1,
unique_01173,H002,GC,30,20,0.5,-1,
unique_01174,H002,GC,30,20,0.5,1,
unique_01175,H002,GC,30,20,0.75,-1,
unique_01176,H002,GC,30,20,0.75,1,
unique_01177,H003,GC,30,20,0.0,-1,
unique_01178,H003,GC,30,20,0.0,1,
unique_01179,H003,GC,30,20,0.5,-1,
unique_01180,H003,GC,30,20,0.5,1,
unique_01181,H003,GC,30,20,1.0,-1,
unique_01182,H003,GC,30,20,1.0,1,
unique_01183,H003,GC,30,60,0.0,-1,
unique_01184,H003,GC,30,60,0.0,1,
unique_01185,H003,GC,30,60,0.5,-1,
unique_01186,H003,GC,30,60,0.5,1,
unique_01187,H003,GC,30,60,1.0,-1,
unique_01188,H003,GC,30,60,1.0,1,
unique_01189,H004,GC,30,10,0.2,-1,
unique_01190,H004,GC,30,10,0.2,1,
unique_01191,H004,GC,30,10,0.35,-1,
unique_01192,H004,GC,30,10,0.35,1,
unique_01193,H004,GC,30,20,0.2,-1,
unique_01194,H004,GC,30,20,0.2,1,
unique_01195,H004,GC,30,20,0.35,-1,
unique_01196,H004,GC,30,20,0.35,1,
unique_01197,H004,GC,30,40,0.2,-1,
unique_01198,H004,GC,30,40,0.2,1,
unique_01199,H004,GC,30,40,0.35,-1,
unique_01200,H004,GC,30,40,0.35,1,
unique_01201,H002,HG,30,2,0.25,-1,
unique_01202,H002,HG,30,2,0.25,1,
unique_01203,H002,HG,30,2,0.5,-1,
unique_01204,H002,HG,30,2,0.5,1,
unique_01205,H002,HG,30,2,0.75,-1,
unique_01206,H002,HG,30,2,0.75,1,
unique_01207,H002,HG,30,5,0.25,-1,
unique_01208,H002,HG,30,5,0.25,1,
unique_01209,H002,HG,30,5,0.5,-1,
unique_01210,H002,HG,30,5,0.5,1,
unique_01211,H002,HG,30,5,0.75,-1,
unique_01212,H002,HG,30,5,0.75,1,
unique_01213,H002,HG,30,10,0.25,-1,
unique_01214,H002,HG,30,10,0.25,1,
unique_01215,H002,HG,30,10,0.5,-1,
unique_01216,H002,HG,30,10,0.5,1,
unique_01217,H002,HG,30,10,0.75,-1,
unique_01218,H002,HG,30,10,0.75,1,
unique_01219,H002,HG,30,20,0.25,-1,
unique_01220,H002,HG,30,20,0.25,1,
unique_01221,H002,HG,30,20,0.5,-1,
unique_01222,H002,HG,30,20,0.5,1,
unique_01223,H002,HG,30,20,0.75,-1,
unique_01224,H002,HG,30,20,0.75,1,
unique_01225,H003,HG,30,20,0.0,-1,
unique_01226,H003,HG,30,20,0.0,1,
unique_01227,H003,HG,30,20,0.5,-1,
unique_01228,H003,HG,30,20,0.5,1,
unique_01229,H003,HG,30,20,1.0,-1,
unique_01230,H003,HG,30,20,1.0,1,
unique_01231,H003,HG,30,60,0.0,-1,
unique_01232,H003,HG,30,60,0.0,1,
unique_01233,H003,HG,30,60,0.5,-1,
unique_01234,H003,HG,30,60,0.5,1,
unique_01235,H003,HG,30,60,1.0,-1,
unique_01236,H003,HG,30,60,1.0,1,
unique_01237,H004,HG,30,10,0.2,-1,
unique_01238,H004,HG,30,10,0.2,1,
unique_01239,H004,HG,30,10,0.35,-1,
unique_01240,H004,HG,30,10,0.35,1,
unique_01241,H004,HG,30,20,0.2,-1,
unique_01242,H004,HG,30,20,0.2,1,
unique_01243,H004,HG,30,20,0.35,-1,
unique_01244,H004,HG,30,20,0.35,1,
unique_01245,H004,HG,30,40,0.2,-1,
unique_01246,H004,HG,30,40,0.2,1,
unique_01247,H004,HG,30,40,0.35,-1,
unique_01248,H004,HG,30,40,0.35,1,
unique_01249,H002,NG,30,2,0.25,-1,
unique_01250,H002,NG,30,2,0.25,1,
unique_01251,H002,NG,30,2,0.5,-1,
unique_01252,H002,NG,30,2,0.5,1,
unique_01253,H002,NG,30,2,0.75,-1,
unique_01254,H002,NG,30,2,0.75,1,
unique_01255,H002,NG,30,5,0.25,-1,
unique_01256,H002,NG,30,5,0.25,1,
unique_01257,H002,NG,30,5,0.5,-1,
unique_01258,H002,NG,30,5,0.5,1,
unique_01259,H002,NG,30,5,0.75,-1,
unique_01260,H002,NG,30,5,0.75,1,
unique_01261,H002,NG,30,10,0.25,-1,
unique_01262,H002,NG,30,10,0.25,1,
unique_01263,H002,NG,30,10,0.5,-1,
unique_01264,H002,NG,30,10,0.5,1,
unique_01265,H002,NG,30,10,0.75,-1,
unique_01266,H002,NG,30,10,0.75,1,
unique_01267,H002,NG,30,20,0.25,-1,
unique_01268,H002,NG,30,20,0.25,1,
unique_01269,H002,NG,30,20,0.5,-1,
unique_01270,H002,NG,30,20,0.5,1,
unique_01271,H002,NG,30,20,0.75,-1,
unique_01272,H002,NG,30,20,0.75,1,
unique_01273,H003,NG,30,20,0.0,-1,
unique_01274,H003,NG,30,20,0.0,1,
unique_01275,H003,NG,30,20,0.5,-1,
unique_01276,H003,NG,30,20,0.5,1,
unique_01277,H003,NG,30,20,1.0,-1,
unique_01278,H003,NG,30,20,1.0,1,
unique_01279,H003,NG,30,60,0.0,-1,
unique_01280,H003,NG,30,60,0.0,1,
unique_01281,H003,NG,30,60,0.5,-1,
unique_01282,H003,NG,30,60,0.5,1,
unique_01283,H003,NG,30,60,1.0,-1,
unique_01284,H003,NG,30,60,1.0,1,
unique_01285,H004,NG,30,10,0.2,-1,
unique_01286,H004,NG,30,10,0.2,1,
unique_01287,H004,NG,30,10,0.35,-1,
unique_01288,H004,NG,30,10,0.35,1,
unique_01289,H004,NG,30,20,0.2,-1,
unique_01290,H004,NG,30,20,0.2,1,
unique_01291,H004,NG,30,20,0.35,-1,
unique_01292,H004,NG,30,20,0.35,1,
unique_01293,H004,NG,30,40,0.2,-1,
unique_01294,H004,NG,30,40,0.2,1,
unique_01295,H004,NG,30,40,0.35,-1,
unique_01296,H004,NG,30,40,0.35,1,
unique_01297,H002,NKD,30,2,0.25,-1,
unique_01298,H002,NKD,30,2,0.25,1,
unique_01299,H002,NKD,30,2,0.5,-1,
unique_01300,H002,NKD,30,2,0.5,1,
unique_01301,H002,NKD,30,2,0.75,-1,
unique_01302,H002,NKD,30,2,0.75,1,
unique_01303,H002,NKD,30,5,0.25,-1,
unique_01304,H002,NKD,30,5,0.25,1,
unique_01305,H002,NKD,30,5,0.5,-1,
unique_01306,H002,NKD,30,5,0.5,1,
unique_01307,H002,NKD,30,5,0.75,-1,
unique_01308,H002,NKD,30,5,0.75,1,
unique_01309,H002,NKD,30,10,0.25,-1,
unique_01310,H002,NKD,30,10,0.25,1,
unique_01311,H002,NKD,30,10,0.5,-1,
unique_01312,H002,NKD,30,10,0.5,1,
unique_01313,H002,NKD,30,10,0.75,-1,
unique_01314,H002,NKD,30,10,0.75,1,
unique_01315,H002,NKD,30,20,0.25,-1,
unique_01316,H002,NKD,30,20,0.25,1,
unique_01317,H002,NKD,30,20,0.5,-1,
unique_01318,H002,NKD,30,20,0.5,1,
unique_01319,H002,NKD,30,20,0.75,-1,
unique_01320,H002,NKD,30,20,0.75,1,
unique_01321,H003,NKD,30,20,0.0,-1,
unique_01322,H003,NKD,30,20,0.0,1,
unique_01323,H003,NKD,30,20,0.5,-1,
unique_01324,H003,NKD,30,20,0.5,1,
unique_01325,H003,NKD,30,20,1.0,-1,
unique_01326,H003,NKD,30,20,1.0,1,
unique_01327,H003,NKD,30,60,0.0,-1,
unique_01328,H003,NKD,30,60,0.0,1,
unique_01329,H003,NKD,30,60,0.5,-1,
unique_01330,H003,NKD,30,60,0.5,1,
unique_01331,H003,NKD,30,60,1.0,-1,
unique_01332,H003,NKD,30,60,1.0,1,
unique_01333,H004,NKD,30,10,0.2,-1,
unique_01334,H004,NKD,30,10,0.2,1,
unique_01335,H004,NKD,30,10,0.35,-1,
unique_01336,H004,NKD,30,10,0.35,1,
unique_01337,H004,NKD,30,20,0.2,-1,
unique_01338,H004,NKD,30,20,0.2,1,
unique_01339,H004,NKD,30,20,0.35,-1,
unique_01340,H004,NKD,30,20,0.35,1,
unique_01341,H004,NKD,30,40,0.2,-1,
unique_01342,H004,NKD,30,40,0.2,1,
unique_01343,H004,NKD,30,40,0.35,-1,
unique_01344,H004,NKD,30,40,0.35,1,
unique_01345,H002,ZC,30,2,0.25,-1,
unique_01346,H002,ZC,30,2,0.25,1,
unique_01347,H002,ZC,30,2,0.5,-1,
unique_01348,H002,ZC,30,2,0.5,1,
unique_01349,H002,ZC,30,2,0.75,-1,
unique_01350,H002,ZC,30,2,0.75,1,
unique_01351,H002,ZC,30,5,0.25,-1,
unique_01352,H002,ZC,30,5,0.25,1,
unique_01353,H002,ZC,30,5,0.5,-1,
unique_01354,H002,ZC,30,5,0.5,1,
unique_01355,H002,ZC,30,5,0.75,-1,
unique_01356,H002,ZC,30,5,0.75,1,
unique_01357,H002,ZC,30,10,0.25,-1,
unique_01358,H002,ZC,30,10,0.25,1,
unique_01359,H002,ZC,30,10,0.5,-1,
unique_01360,H002,ZC,30,10,0.5,1,
unique_01361,H002,ZC,30,10,0.75,-1,
unique_01362,H002,ZC,30,10,0.75,1,
unique_01363,H002,ZC,30,20,0.25,-1,
unique_01364,H002,ZC,30,20,0.25,1,
unique_01365,H002,ZC,30,20,0.5,-1,
unique_01366,H002,ZC,30,20,0.5,1,
unique_01367,H002,ZC,30,20,0.75,-1,
unique_01368,H002,ZC,30,20,0.75,1,
unique_01369,H003,ZC,30,20,0.0,-1,
unique_01370,H003,ZC,30,20,0.0,1,
unique_01371,H003,ZC,30,20,0.5,-1,
unique_01372,H003,ZC,30,20,0.5,1,
unique_01373,H003,ZC,30,20,1.0,-1,
unique_01374,H003,ZC,30,20,1.0,1,
unique_01375,H003,ZC,30,60,0.0,-1,
unique_01376,H003,ZC,30,60,0.0,1,
unique_01377,H003,ZC,30,60,0.5,-1,
unique_01378,H003,ZC,30,60,0.5,1,
unique_01379,H003,ZC,30,60,1.0,-1,
unique_01380,H003,ZC,30,60,1.0,1,
unique_01381,H004,ZC,30,10,0.2,-1,
unique_01382,H004,ZC,30,10,0.2,1,
unique_01383,H004,ZC,30,10,0.35,-1,
unique_01384,H004,ZC,30,10,0.35,1,
unique_01385,H004,ZC,30,20,0.2,-1,
unique_01386,H004,ZC,30,20,0.2,1,
unique_01387,H004,ZC,30,20,0.35,-1,
unique_01388,H004,ZC,30,20,0.35,1,
unique_01389,H004,ZC,30,40,0.2,-1,
unique_01390,H004,ZC,30,40,0.2,1,
unique_01391,H004,ZC,30,40,0.35,-1,
unique_01392,H004,ZC,30,40,0.35,1,
unique_01393,H002,ZN,30,2,0.25,-1,
unique_01394,H002,ZN,30,2,0.25,1,
unique_01395,H002,ZN,30,2,0.5,-1,
unique_01396,H002,ZN,30,2,0.5,1,
unique_01397,H002,ZN,30,2,0.75,-1,
unique_01398,H002,ZN,30,2,0.75,1,
unique_01399,H002,ZN,30,5,0.25,-1,
unique_01400,H002,ZN,30,5,0.25,1,
unique_01401,H002,ZN,30,5,0.5,-1,
unique_01402,H002,ZN,30,5,0.5,1,
unique_01403,H002,ZN,30,5,0.75,-1,
unique_01404,H002,ZN,30,5,0.75,1,
unique_01405,H002,ZN,30,10,0.25,-1,
unique_01406,H002,ZN,30,10,0.25,1,
unique_01407,H002,ZN,30,10,0.5,-1,
unique_01408,H002,ZN,30,10,0.5,1,
unique_01409,H002,ZN,30,10,0.75,-1,
unique_01410,H002,ZN,30,10,0.75,1,
unique_01411,H002,ZN,30,20,0.25,-1,
unique_01412,H002,ZN,30,20,0.25,1,
unique_01413,H002,ZN,30,20,0.5,-1,
unique_01414,H002,ZN,30,20,0.5,1,
unique_01415,H002,ZN,30,20,0.75,-1,
unique_01416,H002,ZN,30,20,0.75,1,
unique_01417,H003,ZN,30,20,0.0,-1,
unique_01418,H003,ZN,30,20,0.0,1,
unique_01419,H003,ZN,30,20,0.5,-1,
unique_01420,H003,ZN,30,20,0.5,1,
unique_01421,H003,ZN,30,20,1.0,-1,
unique_01422,H003,ZN,30,20,1.0,1,
unique_01423,H003,ZN,30,60,0.0,-1,
unique_01424,H003,ZN,30,60,0.0,1,
unique_01425,H003,ZN,30,60,0.5,-1,
unique_01426,H003,ZN,30,60,0.5,1,
unique_01427,H003,ZN,30,60,1.0,-1,
unique_01428,H003,ZN,30,60,1.0,1,
unique_01429,H004,ZN,30,10,0.2,-1,
unique_01430,H004,ZN,30,10,0.2,1,
unique_01431,H004,ZN,30,10,0.35,-1,
unique_01432,H004,ZN,30,10,0.35,1,
unique_01433,H004,ZN,30,20,0.2,-1,
unique_01434,H004,ZN,30,20,0.2,1,
unique_01435,H004,ZN,30,20,0.35,-1,
unique_01436,H004,ZN,30,20,0.35,1,
unique_01437,H004,ZN,30,40,0.2,-1,
unique_01438,H004,ZN,30,40,0.2,1,
unique_01439,H004,ZN,30,40,0.35,-1,
unique_01440,H004,ZN,30,40,0.35,1,
unique_01441,H005,6E,60,1,0.5,-1,6J
unique_01442,H005,6E,60,1,0.5,1,6J
unique_01443,H005,6E,60,1,1.0,-1,6J
unique_01444,H005,6E,60,1,1.0,1,6J
unique_01445,H005,6J,60,1,0.5,-1,6E
unique_01446,H005,6J,60,1,0.5,1,6E
unique_01447,H005,6J,60,1,1.0,-1,6E
unique_01448,H005,6J,60,1,1.0,1,6E
unique_01449,H005,CL,60,1,0.5,-1,NG
unique_01450,H005,CL,60,1,0.5,1,NG
unique_01451,H005,CL,60,1,1.0,-1,NG
unique_01452,H005,CL,60,1,1.0,1,NG
unique_01453,H005,ES,60,1,0.5,-1,ZN
unique_01454,H005,ES,60,1,0.5,1,ZN
unique_01455,H005,ES,60,1,1.0,-1,ZN
unique_01456,H005,ES,60,1,1.0,1,ZN
unique_01457,H005,GC,60,1,0.5,-1,HG
unique_01458,H005,GC,60,1,0.5,1,HG
unique_01459,H005,GC,60,1,1.0,-1,HG
unique_01460,H005,GC,60,1,1.0,1,HG
unique_01461,H005,HG,60,1,0.5,-1,GC
unique_01462,H005,HG,60,1,0.5,1,GC
unique_01463,H005,HG,60,1,1.0,-1,GC
unique_01464,H005,HG,60,1,1.0,1,GC
unique_01465,H005,NG,60,1,0.5,-1,CL
unique_01466,H005,NG,60,1,0.5,1,CL
unique_01467,H005,NG,60,1,1.0,-1,CL
unique_01468,H005,NG,60,1,1.0,1,CL
unique_01469,H005,NKD,60,1,0.5,-1,ES
unique_01470,H005,NKD,60,1,0.5,1,ES
unique_01471,H005,NKD,60,1,1.0,-1,ES
unique_01472,H005,NKD,60,1,1.0,1,ES
unique_01473,H005,ZC,60,1,0.5,-1,CL
unique_01474,H005,ZC,60,1,0.5,1,CL
unique_01475,H005,ZC,60,1,1.0,-1,CL
unique_01476,H005,ZC,60,1,1.0,1,CL
unique_01477,H005,ZN,60,1,0.5,-1,ES
unique_01478,H005,ZN,60,1,0.5,1,ES
unique_01479,H005,ZN,60,1,1.0,-1,ES
unique_01480,H005,ZN,60,1,1.0,1,ES
unique_01481,H005,6E,60,2,0.5,-1,6J
unique_01482,H005,6E,60,2,0.5,1,6J
unique_01483,H005,6E,60,2,1.0,-1,6J
unique_01484,H005,6E,60,2,1.0,1,6J
unique_01485,H005,6J,60,2,0.5,-1,6E
unique_01486,H005,6J,60,2,0.5,1,6E
unique_01487,H005,6J,60,2,1.0,-1,6E
unique_01488,H005,6J,60,2,1.0,1,6E
unique_01489,H005,CL,60,2,0.5,-1,NG
unique_01490,H005,CL,60,2,0.5,1,NG
unique_01491,H005,CL,60,2,1.0,-1,NG
unique_01492,H005,CL,60,2,1.0,1,NG
unique_01493,H005,ES,60,2,0.5,-1,ZN
unique_01494,H005,ES,60,2,0.5,1,ZN
unique_01495,H005,ES,60,2,1.0,-1,ZN
unique_01496,H005,ES,60,2,1.0,1,ZN
unique_01497,H005,GC,60,2,0.5,-1,HG
unique_01498,H005,GC,60,2,0.5,1,HG
unique_01499,H005,GC,60,2,1.0,-1,HG
unique_01500,H005,GC,60,2,1.0,1,HG
unique_01501,H005,HG,60,2,0.5,-1,GC
unique_01502,H005,HG,60,2,0.5,1,GC
unique_01503,H005,HG,60,2,1.0,-1,GC
unique_01504,H005,HG,60,2,1.0,1,GC
unique_01505,H005,NG,60,2,0.5,-1,CL
unique_01506,H005,NG,60,2,0.5,1,CL
unique_01507,H005,NG,60,2,1.0,-1,CL
unique_01508,H005,NG,60,2,1.0,1,CL
unique_01509,H005,NKD,60,2,0.5,-1,ES
unique_01510,H005,NKD,60,2,0.5,1,ES
unique_01511,H005,NKD,60,2,1.0,-1,ES
unique_01512,H005,NKD,60,2,1.0,1,ES
unique_01513,H005,ZC,60,2,0.5,-1,CL
unique_01514,H005,ZC,60,2,0.5,1,CL
unique_01515,H005,ZC,60,2,1.0,-1,CL
unique_01516,H005,ZC,60,2,1.0,1,CL
unique_01517,H005,ZN,60,2,0.5,-1,ES
unique_01518,H005,ZN,60,2,0.5,1,ES
unique_01519,H005,ZN,60,2,1.0,-1,ES
unique_01520,H005,ZN,60,2,1.0,1,ES
unique_01521,H005,6E,60,4,0.5,-1,6J
unique_01522,H005,6E,60,4,0.5,1,6J
unique_01523,H005,6E,60,4,1.0,-1,6J
unique_01524,H005,6E,60,4,1.0,1,6J
unique_01525,H005,6J,60,4,0.5,-1,6E
unique_01526,H005,6J,60,4,0.5,1,6E
unique_01527,H005,6J,60,4,1.0,-1,6E
unique_01528,H005,6J,60,4,1.0,1,6E
unique_01529,H005,CL,60,4,0.5,-1,NG
unique_01530,H005,CL,60,4,0.5,1,NG
unique_01531,H005,CL,60,4,1.0,-1,NG
unique_01532,H005,CL,60,4,1.0,1,NG
unique_01533,H005,ES,60,4,0.5,-1,ZN
unique_01534,H005,ES,60,4,0.5,1,ZN
unique_01535,H005,ES,60,4,1.0,-1,ZN
unique_01536,H005,ES,60,4,1.0,1,ZN
unique_01537,H005,GC,60,4,0.5,-1,HG
unique_01538,H005,GC,60,4,0.5,1,HG
unique_01539,H005,GC,60,4,1.0,-1,HG
unique_01540,H005,GC,60,4,1.0,1,HG
unique_01541,H005,HG,60,4,0.5,-1,GC
unique_01542,H005,HG,60,4,0.5,1,GC
unique_01543,H005,HG,60,4,1.0,-1,GC
unique_01544,H005,HG,60,4,1.0,1,GC
unique_01545,H005,NG,60,4,0.5,-1,CL
unique_01546,H005,NG,60,4,0.5,1,CL
unique_01547,H005,NG,60,4,1.0,-1,CL
unique_01548,H005,NG,60,4,1.0,1,CL
unique_01549,H005,NKD,60,4,0.5,-1,ES
unique_01550,H005,NKD,60,4,0.5,1,ES
unique_01551,H005,NKD,60,4,1.0,-1,ES
unique_01552,H005,NKD,60,4,1.0,1,ES
unique_01553,H005,ZC,60,4,0.5,-1,CL
unique_01554,H005,ZC,60,4,0.5,1,CL
unique_01555,H005,ZC,60,4,1.0,-1,CL
unique_01556,H005,ZC,60,4,1.0,1,CL
unique_01557,H005,ZN,60,4,0.5,-1,ES
unique_01558,H005,ZN,60,4,0.5,1,ES
unique_01559,H005,ZN,60,4,1.0,-1,ES
unique_01560,H005,ZN,60,4,1.0,1,ES
unique_01561,H006,6E,60,2,0.5,-1,
unique_01562,H006,6E,60,2,0.5,1,
unique_01563,H006,6E,60,2,1.0,-1,
unique_01564,H006,6E,60,2,1.0,1,
unique_01565,H006,6J,60,2,0.5,-1,
unique_01566,H006,6J,60,2,0.5,1,
unique_01567,H006,6J,60,2,1.0,-1,
unique_01568,H006,6J,60,2,1.0,1,
unique_01569,H006,CL,60,2,0.5,-1,
unique_01570,H006,CL,60,2,0.5,1,
unique_01571,H006,CL,60,2,1.0,-1,
unique_01572,H006,CL,60,2,1.0,1,
unique_01573,H006,ES,60,2,0.5,-1,
unique_01574,H006,ES,60,2,0.5,1,
unique_01575,H006,ES,60,2,1.0,-1,
unique_01576,H006,ES,60,2,1.0,1,
unique_01577,H006,GC,60,2,0.5,-1,
unique_01578,H006,GC,60,2,0.5,1,
unique_01579,H006,GC,60,2,1.0,-1,
unique_01580,H006,GC,60,2,1.0,1,
unique_01581,H006,HG,60,2,0.5,-1,
unique_01582,H006,HG,60,2,0.5,1,
unique_01583,H006,HG,60,2,1.0,-1,
unique_01584,H006,HG,60,2,1.0,1,
unique_01585,H006,NG,60,2,0.5,-1,
unique_01586,H006,NG,60,2,0.5,1,
unique_01587,H006,NG,60,2,1.0,-1,
unique_01588,H006,NG,60,2,1.0,1,
unique_01589,H006,NKD,60,2,0.5,-1,
unique_01590,H006,NKD,60,2,0.5,1,
unique_01591,H006,NKD,60,2,1.0,-1,
unique_01592,H006,NKD,60,2,1.0,1,
unique_01593,H006,ZC,60,2,0.5,-1,
unique_01594,H006,ZC,60,2,0.5,1,
unique_01595,H006,ZC,60,2,1.0,-1,
unique_01596,H006,ZC,60,2,1.0,1,
unique_01597,H006,ZN,60,2,0.5,-1,
unique_01598,H006,ZN,60,2,0.5,1,
unique_01599,H006,ZN,60,2,1.0,-1,
unique_01600,H006,ZN,60,2,1.0,1,
unique_01601,H006,6E,60,4,0.5,-1,
unique_01602,H006,6E,60,4,0.5,1,
unique_01603,H006,6E,60,4,1.0,-1,
unique_01604,H006,6E,60,4,1.0,1,
unique_01605,H006,6J,60,4,0.5,-1,
unique_01606,H006,6J,60,4,0.5,1,
unique_01607,H006,6J,60,4,1.0,-1,
unique_01608,H006,6J,60,4,1.0,1,
unique_01609,H006,CL,60,4,0.5,-1,
unique_01610,H006,CL,60,4,0.5,1,
unique_01611,H006,CL,60,4,1.0,-1,
unique_01612,H006,CL,60,4,1.0,1,
unique_01613,H006,ES,60,4,0.5,-1,
unique_01614,H006,ES,60,4,0.5,1,
unique_01615,H006,ES,60,4,1.0,-1,
unique_01616,H006,ES,60,4,1.0,1,
unique_01617,H006,GC,60,4,0.5,-1,
unique_01618,H006,GC,60,4,0.5,1,
unique_01619,H006,GC,60,4,1.0,-1,
unique_01620,H006,GC,60,4,1.0,1,
unique_01621,H006,HG,60,4,0.5,-1,
unique_01622,H006,HG,60,4,0.5,1,
unique_01623,H006,HG,60,4,1.0,-1,
unique_01624,H006,HG,60,4,1.0,1,
unique_01625,H006,NG,60,4,0.5,-1,
unique_01626,H006,NG,60,4,0.5,1,
unique_01627,H006,NG,60,4,1.0,-1,
unique_01628,H006,NG,60,4,1.0,1,
unique_01629,H006,NKD,60,4,0.5,-1,
unique_01630,H006,NKD,60,4,0.5,1,
unique_01631,H006,NKD,60,4,1.0,-1,
unique_01632,H006,NKD,60,4,1.0,1,
unique_01633,H006,ZC,60,4,0.5,-1,
unique_01634,H006,ZC,60,4,0.5,1,
unique_01635,H006,ZC,60,4,1.0,-1,
unique_01636,H006,ZC,60,4,1.0,1,
unique_01637,H006,ZN,60,4,0.5,-1,
unique_01638,H006,ZN,60,4,0.5,1,
unique_01639,H006,ZN,60,4,1.0,-1,
unique_01640,H006,ZN,60,4,1.0,1,
unique_01641,H006,6E,60,8,0.5,-1,
unique_01642,H006,6E,60,8,0.5,1,
unique_01643,H006,6E,60,8,1.0,-1,
unique_01644,H006,6E,60,8,1.0,1,
unique_01645,H006,6J,60,8,0.5,-1,
unique_01646,H006,6J,60,8,0.5,1,
unique_01647,H006,6J,60,8,1.0,-1,
unique_01648,H006,6J,60,8,1.0,1,
unique_01649,H006,CL,60,8,0.5,-1,
unique_01650,H006,CL,60,8,0.5,1,
unique_01651,H006,CL,60,8,1.0,-1,
unique_01652,H006,CL,60,8,1.0,1,
unique_01653,H006,ES,60,8,0.5,-1,
unique_01654,H006,ES,60,8,0.5,1,
unique_01655,H006,ES,60,8,1.0,-1,
unique_01656,H006,ES,60,8,1.0,1,
unique_01657,H006,GC,60,8,0.5,-1,
unique_01658,H006,GC,60,8,0.5,1,
unique_01659,H006,GC,60,8,1.0,-1,
unique_01660,H006,GC,60,8,1.0,1,
unique_01661,H006,HG,60,8,0.5,-1,
unique_01662,H006,HG,60,8,0.5,1,
unique_01663,H006,HG,60,8,1.0,-1,
unique_01664,H006,HG,60,8,1.0,1,
unique_01665,H006,NG,60,8,0.5,-1,
unique_01666,H006,NG,60,8,0.5,1,
unique_01667,H006,NG,60,8,1.0,-1,
unique_01668,H006,NG,60,8,1.0,1,
unique_01669,H006,NKD,60,8,0.5,-1,
unique_01670,H006,NKD,60,8,0.5,1,
unique_01671,H006,NKD,60,8,1.0,-1,
unique_01672,H006,NKD,60,8,1.0,1,
unique_01673,H006,ZC,60,8,0.5,-1,
unique_01674,H006,ZC,60,8,0.5,1,
unique_01675,H006,ZC,60,8,1.0,-1,
unique_01676,H006,ZC,60,8,1.0,1,
unique_01677,H006,ZN,60,8,0.5,-1,
unique_01678,H006,ZN,60,8,0.5,1,
unique_01679,H006,ZN,60,8,1.0,-1,
unique_01680,H006,ZN,60,8,1.0,1,
unique_01681,H002,6E,60,2,0.25,-1,
unique_01682,H002,6E,60,2,0.25,1,
unique_01683,H002,6E,60,2,0.5,-1,
unique_01684,H002,6E,60,2,0.5,1,
unique_01685,H002,6E,60,2,0.75,-1,
unique_01686,H002,6E,60,2,0.75,1,
unique_01687,H002,6E,60,5,0.25,-1,
unique_01688,H002,6E,60,5,0.25,1,
unique_01689,H002,6E,60,5,0.5,-1,
unique_01690,H002,6E,60,5,0.5,1,
unique_01691,H002,6E,60,5,0.75,-1,
unique_01692,H002,6E,60,5,0.75,1,
unique_01693,H002,6E,60,10,0.25,-1,
unique_01694,H002,6E,60,10,0.25,1,
unique_01695,H002,6E,60,10,0.5,-1,
unique_01696,H002,6E,60,10,0.5,1,
unique_01697,H002,6E,60,10,0.75,-1,
unique_01698,H002,6E,60,10,0.75,1,
unique_01699,H002,6E,60,20,0.25,-1,
unique_01700,H002,6E,60,20,0.25,1,
unique_01701,H002,6E,60,20,0.5,-1,
unique_01702,H002,6E,60,20,0.5,1,
unique_01703,H002,6E,60,20,0.75,-1,
unique_01704,H002,6E,60,20,0.75,1,
unique_01705,H003,6E,60,20,0.0,-1,
unique_01706,H003,6E,60,20,0.0,1,
unique_01707,H003,6E,60,20,0.5,-1,
unique_01708,H003,6E,60,20,0.5,1,
unique_01709,H003,6E,60,20,1.0,-1,
unique_01710,H003,6E,60,20,1.0,1,
unique_01711,H003,6E,60,60,0.0,-1,
unique_01712,H003,6E,60,60,0.0,1,
unique_01713,H003,6E,60,60,0.5,-1,
unique_01714,H003,6E,60,60,0.5,1,
unique_01715,H003,6E,60,60,1.0,-1,
unique_01716,H003,6E,60,60,1.0,1,
unique_01717,H004,6E,60,10,0.2,-1,
unique_01718,H004,6E,60,10,0.2,1,
unique_01719,H004,6E,60,10,0.35,-1,
unique_01720,H004,6E,60,10,0.35,1,
unique_01721,H004,6E,60,20,0.2,-1,
unique_01722,H004,6E,60,20,0.2,1,
unique_01723,H004,6E,60,20,0.35,-1,
unique_01724,H004,6E,60,20,0.35,1,
unique_01725,H004,6E,60,40,0.2,-1,
unique_01726,H004,6E,60,40,0.2,1,
unique_01727,H004,6E,60,40,0.35,-1,
unique_01728,H004,6E,60,40,0.35,1,
unique_01729,H002,6J,60,2,0.25,-1,
unique_01730,H002,6J,60,2,0.25,1,
unique_01731,H002,6J,60,2,0.5,-1,
unique_01732,H002,6J,60,2,0.5,1,
unique_01733,H002,6J,60,2,0.75,-1,
unique_01734,H002,6J,60,2,0.75,1,
unique_01735,H002,6J,60,5,0.25,-1,
unique_01736,H002,6J,60,5,0.25,1,
unique_01737,H002,6J,60,5,0.5,-1,
unique_01738,H002,6J,60,5,0.5,1,
unique_01739,H002,6J,60,5,0.75,-1,
unique_01740,H002,6J,60,5,0.75,1,
unique_01741,H002,6J,60,10,0.25,-1,
unique_01742,H002,6J,60,10,0.25,1,
unique_01743,H002,6J,60,10,0.5,-1,
unique_01744,H002,6J,60,10,0.5,1,
unique_01745,H002,6J,60,10,0.75,-1,
unique_01746,H002,6J,60,10,0.75,1,
unique_01747,H002,6J,60,20,0.25,-1,
unique_01748,H002,6J,60,20,0.25,1,
unique_01749,H002,6J,60,20,0.5,-1,
unique_01750,H002,6J,60,20,0.5,1,
unique_01751,H002,6J,60,20,0.75,-1,
unique_01752,H002,6J,60,20,0.75,1,
unique_01753,H003,6J,60,20,0.0,-1,
unique_01754,H003,6J,60,20,0.0,1,
unique_01755,H003,6J,60,20,0.5,-1,
unique_01756,H003,6J,60,20,0.5,1,
unique_01757,H003,6J,60,20,1.0,-1,
unique_01758,H003,6J,60,20,1.0,1,
unique_01759,H003,6J,60,60,0.0,-1,
unique_01760,H003,6J,60,60,0.0,1,
unique_01761,H003,6J,60,60,0.5,-1,
unique_01762,H003,6J,60,60,0.5,1,
unique_01763,H003,6J,60,60,1.0,-1,
unique_01764,H003,6J,60,60,1.0,1,
unique_01765,H004,6J,60,10,0.2,-1,
unique_01766,H004,6J,60,10,0.2,1,
unique_01767,H004,6J,60,10,0.35,-1,
unique_01768,H004,6J,60,10,0.35,1,
unique_01769,H004,6J,60,20,0.2,-1,
unique_01770,H004,6J,60,20,0.2,1,
unique_01771,H004,6J,60,20,0.35,-1,
unique_01772,H004,6J,60,20,0.35,1,
unique_01773,H004,6J,60,40,0.2,-1,
unique_01774,H004,6J,60,40,0.2,1,
unique_01775,H004,6J,60,40,0.35,-1,
unique_01776,H004,6J,60,40,0.35,1,
unique_01777,H002,CL,60,2,0.25,-1,
unique_01778,H002,CL,60,2,0.25,1,
unique_01779,H002,CL,60,2,0.5,-1,
unique_01780,H002,CL,60,2,0.5,1,
unique_01781,H002,CL,60,2,0.75,-1,
unique_01782,H002,CL,60,2,0.75,1,
unique_01783,H002,CL,60,5,0.25,-1,
unique_01784,H002,CL,60,5,0.25,1,
unique_01785,H002,CL,60,5,0.5,-1,
unique_01786,H002,CL,60,5,0.5,1,
unique_01787,H002,CL,60,5,0.75,-1,
unique_01788,H002,CL,60,5,0.75,1,
unique_01789,H002,CL,60,10,0.25,-1,
unique_01790,H002,CL,60,10,0.25,1,
unique_01791,H002,CL,60,10,0.5,-1,
unique_01792,H002,CL,60,10,0.5,1,
unique_01793,H002,CL,60,10,0.75,-1,
unique_01794,H002,CL,60,10,0.75,1,
unique_01795,H002,CL,60,20,0.25,-1,
unique_01796,H002,CL,60,20,0.25,1,
unique_01797,H002,CL,60,20,0.5,-1,
unique_01798,H002,CL,60,20,0.5,1,
unique_01799,H002,CL,60,20,0.75,-1,
unique_01800,H002,CL,60,20,0.75,1,
unique_01801,H003,CL,60,20,0.0,-1,
unique_01802,H003,CL,60,20,0.0,1,
unique_01803,H003,CL,60,20,0.5,-1,
unique_01804,H003,CL,60,20,0.5,1,
unique_01805,H003,CL,60,20,1.0,-1,
unique_01806,H003,CL,60,20,1.0,1,
unique_01807,H003,CL,60,60,0.0,-1,
unique_01808,H003,CL,60,60,0.0,1,
unique_01809,H003,CL,60,60,0.5,-1,
unique_01810,H003,CL,60,60,0.5,1,
unique_01811,H003,CL,60,60,1.0,-1,
unique_01812,H003,CL,60,60,1.0,1,
unique_01813,H004,CL,60,10,0.2,-1,
unique_01814,H004,CL,60,10,0.2,1,
unique_01815,H004,CL,60,10,0.35,-1,
unique_01816,H004,CL,60,10,0.35,1,
unique_01817,H004,CL,60,20,0.2,-1,
unique_01818,H004,CL,60,20,0.2,1,
unique_01819,H004,CL,60,20,0.35,-1,
unique_01820,H004,CL,60,20,0.35,1,
unique_01821,H004,CL,60,40,0.2,-1,
unique_01822,H004,CL,60,40,0.2,1,
unique_01823,H004,CL,60,40,0.35,-1,
unique_01824,H004,CL,60,40,0.35,1,
unique_01825,H002,ES,60,2,0.25,-1,
unique_01826,H002,ES,60,2,0.25,1,
unique_01827,H002,ES,60,2,0.5,-1,
unique_01828,H002,ES,60,2,0.5,1,
unique_01829,H002,ES,60,2,0.75,-1,
unique_01830,H002,ES,60,2,0.75,1,
unique_01831,H002,ES,60,5,0.25,-1,
unique_01832,H002,ES,60,5,0.25,1,
unique_01833,H002,ES,60,5,0.5,-1,
unique_01834,H002,ES,60,5,0.5,1,
unique_01835,H002,ES,60,5,0.75,-1,
unique_01836,H002,ES,60,5,0.75,1,
unique_01837,H002,ES,60,10,0.25,-1,
unique_01838,H002,ES,60,10,0.25,1,
unique_01839,H002,ES,60,10,0.5,-1,
unique_01840,H002,ES,60,10,0.5,1,
unique_01841,H002,ES,60,10,0.75,-1,
unique_01842,H002,ES,60,10,0.75,1,
unique_01843,H002,ES,60,20,0.25,-1,
unique_01844,H002,ES,60,20,0.25,1,
unique_01845,H002,ES,60,20,0.5,-1,
unique_01846,H002,ES,60,20,0.5,1,
unique_01847,H002,ES,60,20,0.75,-1,
unique_01848,H002,ES,60,20,0.75,1,
unique_01849,H003,ES,60,20,0.0,-1,
unique_01850,H003,ES,60,20,0.0,1,
unique_01851,H003,ES,60,20,0.5,-1,
unique_01852,H003,ES,60,20,0.5,1,
unique_01853,H003,ES,60,20,1.0,-1,
unique_01854,H003,ES,60,20,1.0,1,
unique_01855,H003,ES,60,60,0.0,-1,
unique_01856,H003,ES,60,60,0.0,1,
unique_01857,H003,ES,60,60,0.5,-1,
unique_01858,H003,ES,60,60,0.5,1,
unique_01859,H003,ES,60,60,1.0,-1,
unique_01860,H003,ES,60,60,1.0,1,
unique_01861,H004,ES,60,10,0.2,-1,
unique_01862,H004,ES,60,10,0.2,1,
unique_01863,H004,ES,60,10,0.35,-1,
unique_01864,H004,ES,60,10,0.35,1,
unique_01865,H004,ES,60,20,0.2,-1,
unique_01866,H004,ES,60,20,0.2,1,
unique_01867,H004,ES,60,20,0.35,-1,
unique_01868,H004,ES,60,20,0.35,1,
unique_01869,H004,ES,60,40,0.2,-1,
unique_01870,H004,ES,60,40,0.2,1,
unique_01871,H004,ES,60,40,0.35,-1,
unique_01872,H004,ES,60,40,0.35,1,
unique_01873,H002,GC,60,2,0.25,-1,
unique_01874,H002,GC,60,2,0.25,1,
unique_01875,H002,GC,60,2,0.5,-1,
unique_01876,H002,GC,60,2,0.5,1,
unique_01877,H002,GC,60,2,0.75,-1,
unique_01878,H002,GC,60,2,0.75,1,
unique_01879,H002,GC,60,5,0.25,-1,
unique_01880,H002,GC,60,5,0.25,1,
unique_01881,H002,GC,60,5,0.5,-1,
unique_01882,H002,GC,60,5,0.5,1,
unique_01883,H002,GC,60,5,0.75,-1,
unique_01884,H002,GC,60,5,0.75,1,
unique_01885,H002,GC,60,10,0.25,-1,
unique_01886,H002,GC,60,10,0.25,1,
unique_01887,H002,GC,60,10,0.5,-1,
unique_01888,H002,GC,60,10,0.5,1,
unique_01889,H002,GC,60,10,0.75,-1,
unique_01890,H002,GC,60,10,0.75,1,
unique_01891,H002,GC,60,20,0.25,-1,
unique_01892,H002,GC,60,20,0.25,1,
unique_01893,H002,GC,60,20,0.5,-1,
unique_01894,H002,GC,60,20,0.5,1,
unique_01895,H002,GC,60,20,0.75,-1,
unique_01896,H002,GC,60,20,0.75,1,
unique_01897,H003,GC,60,20,0.0,-1,
unique_01898,H003,GC,60,20,0.0,1,
unique_01899,H003,GC,60,20,0.5,-1,
unique_01900,H003,GC,60,20,0.5,1,
unique_01901,H003,GC,60,20,1.0,-1,
unique_01902,H003,GC,60,20,1.0,1,
unique_01903,H003,GC,60,60,0.0,-1,
unique_01904,H003,GC,60,60,0.0,1,
unique_01905,H003,GC,60,60,0.5,-1,
unique_01906,H003,GC,60,60,0.5,1,
unique_01907,H003,GC,60,60,1.0,-1,
unique_01908,H003,GC,60,60,1.0,1,
unique_01909,H004,GC,60,10,0.2,-1,
unique_01910,H004,GC,60,10,0.2,1,
unique_01911,H004,GC,60,10,0.35,-1,
unique_01912,H004,GC,60,10,0.35,1,
unique_01913,H004,GC,60,20,0.2,-1,
unique_01914,H004,GC,60,20,0.2,1,
unique_01915,H004,GC,60,20,0.35,-1,
unique_01916,H004,GC,60,20,0.35,1,
unique_01917,H004,GC,60,40,0.2,-1,
unique_01918,H004,GC,60,40,0.2,1,
unique_01919,H004,GC,60,40,0.35,-1,
unique_01920,H004,GC,60,40,0.35,1,
unique_01921,H002,HG,60,2,0.25,-1,
unique_01922,H002,HG,60,2,0.25,1,
unique_01923,H002,HG,60,2,0.5,-1,
unique_01924,H002,HG,60,2,0.5,1,
unique_01925,H002,HG,60,2,0.75,-1,
unique_01926,H002,HG,60,2,0.75,1,
unique_01927,H002,HG,60,5,0.25,-1,
unique_01928,H002,HG,60,5,0.25,1,
unique_01929,H002,HG,60,5,0.5,-1,
unique_01930,H002,HG,60,5,0.5,1,
unique_01931,H002,HG,60,5,0.75,-1,
unique_01932,H002,HG,60,5,0.75,1,
unique_01933,H002,HG,60,10,0.25,-1,
unique_01934,H002,HG,60,10,0.25,1,
unique_01935,H002,HG,60,10,0.5,-1,
unique_01936,H002,HG,60,10,0.5,1,
unique_01937,H002,HG,60,10,0.75,-1,
unique_01938,H002,HG,60,10,0.75,1,
unique_01939,H002,HG,60,20,0.25,-1,
unique_01940,H002,HG,60,20,0.25,1,
unique_01941,H002,HG,60,20,0.5,-1,
unique_01942,H002,HG,60,20,0.5,1,
unique_01943,H002,HG,60,20,0.75,-1,
unique_01944,H002,HG,60,20,0.75,1,
unique_01945,H003,HG,60,20,0.0,-1,
unique_01946,H003,HG,60,20,0.0,1,
unique_01947,H003,HG,60,20,0.5,-1,
unique_01948,H003,HG,60,20,0.5,1,
unique_01949,H003,HG,60,20,1.0,-1,
unique_01950,H003,HG,60,20,1.0,1,
unique_01951,H003,HG,60,60,0.0,-1,
unique_01952,H003,HG,60,60,0.0,1,
unique_01953,H003,HG,60,60,0.5,-1,
unique_01954,H003,HG,60,60,0.5,1,
unique_01955,H003,HG,60,60,1.0,-1,
unique_01956,H003,HG,60,60,1.0,1,
unique_01957,H004,HG,60,10,0.2,-1,
unique_01958,H004,HG,60,10,0.2,1,
unique_01959,H004,HG,60,10,0.35,-1,
unique_01960,H004,HG,60,10,0.35,1,
unique_01961,H004,HG,60,20,0.2,-1,
unique_01962,H004,HG,60,20,0.2,1,
unique_01963,H004,HG,60,20,0.35,-1,
unique_01964,H004,HG,60,20,0.35,1,
unique_01965,H004,HG,60,40,0.2,-1,
unique_01966,H004,HG,60,40,0.2,1,
unique_01967,H004,HG,60,40,0.35,-1,
unique_01968,H004,HG,60,40,0.35,1,
unique_01969,H002,NG,60,2,0.25,-1,
unique_01970,H002,NG,60,2,0.25,1,
unique_01971,H002,NG,60,2,0.5,-1,
unique_01972,H002,NG,60,2,0.5,1,
unique_01973,H002,NG,60,2,0.75,-1,
unique_01974,H002,NG,60,2,0.75,1,
unique_01975,H002,NG,60,5,0.25,-1,
unique_01976,H002,NG,60,5,0.25,1,
unique_01977,H002,NG,60,5,0.5,-1,
unique_01978,H002,NG,60,5,0.5,1,
unique_01979,H002,NG,60,5,0.75,-1,
unique_01980,H002,NG,60,5,0.75,1,
unique_01981,H002,NG,60,10,0.25,-1,
unique_01982,H002,NG,60,10,0.25,1,
unique_01983,H002,NG,60,10,0.5,-1,
unique_01984,H002,NG,60,10,0.5,1,
unique_01985,H002,NG,60,10,0.75,-1,
unique_01986,H002,NG,60,10,0.75,1,
unique_01987,H002,NG,60,20,0.25,-1,
unique_01988,H002,NG,60,20,0.25,1,
unique_01989,H002,NG,60,20,0.5,-1,
unique_01990,H002,NG,60,20,0.5,1,
unique_01991,H002,NG,60,20,0.75,-1,
unique_01992,H002,NG,60,20,0.75,1,
unique_01993,H003,NG,60,20,0.0,-1,
unique_01994,H003,NG,60,20,0.0,1,
unique_01995,H003,NG,60,20,0.5,-1,
unique_01996,H003,NG,60,20,0.5,1,
unique_01997,H003,NG,60,20,1.0,-1,
unique_01998,H003,NG,60,20,1.0,1,
unique_01999,H003,NG,60,60,0.0,-1,
unique_02000,H003,NG,60,60,0.0,1,
unique_02001,H003,NG,60,60,0.5,-1,
unique_02002,H003,NG,60,60,0.5,1,
unique_02003,H003,NG,60,60,1.0,-1,
unique_02004,H003,NG,60,60,1.0,1,
unique_02005,H004,NG,60,10,0.2,-1,
unique_02006,H004,NG,60,10,0.2,1,
unique_02007,H004,NG,60,10,0.35,-1,
unique_02008,H004,NG,60,10,0.35,1,
unique_02009,H004,NG,60,20,0.2,-1,
unique_02010,H004,NG,60,20,0.2,1,
unique_02011,H004,NG,60,20,0.35,-1,
unique_02012,H004,NG,60,20,0.35,1,
unique_02013,H004,NG,60,40,0.2,-1,
unique_02014,H004,NG,60,40,0.2,1,
unique_02015,H004,NG,60,40,0.35,-1,
unique_02016,H004,NG,60,40,0.35,1,
unique_02017,H002,NKD,60,2,0.25,-1,
unique_02018,H002,NKD,60,2,0.25,1,
unique_02019,H002,NKD,60,2,0.5,-1,
unique_02020,H002,NKD,60,2,0.5,1,
unique_02021,H002,NKD,60,2,0.75,-1,
unique_02022,H002,NKD,60,2,0.75,1,
unique_02023,H002,NKD,60,5,0.25,-1,
unique_02024,H002,NKD,60,5,0.25,1,
unique_02025,H002,NKD,60,5,0.5,-1,
unique_02026,H002,NKD,60,5,0.5,1,
unique_02027,H002,NKD,60,5,0.75,-1,
unique_02028,H002,NKD,60,5,0.75,1,
unique_02029,H002,NKD,60,10,0.25,-1,
unique_02030,H002,NKD,60,10,0.25,1,
unique_02031,H002,NKD,60,10,0.5,-1,
unique_02032,H002,NKD,60,10,0.5,1,
unique_02033,H002,NKD,60,10,0.75,-1,
unique_02034,H002,NKD,60,10,0.75,1,
unique_02035,H002,NKD,60,20,0.25,-1,
unique_02036,H002,NKD,60,20,0.25,1,
unique_02037,H002,NKD,60,20,0.5,-1,
unique_02038,H002,NKD,60,20,0.5,1,
unique_02039,H002,NKD,60,20,0.75,-1,
unique_02040,H002,NKD,60,20,0.75,1,
unique_02041,H003,NKD,60,20,0.0,-1,
unique_02042,H003,NKD,60,20,0.0,1,
unique_02043,H003,NKD,60,20,0.5,-1,
unique_02044,H003,NKD,60,20,0.5,1,
unique_02045,H003,NKD,60,20,1.0,-1,
unique_02046,H003,NKD,60,20,1.0,1,
unique_02047,H003,NKD,60,60,0.0,-1,
unique_02048,H003,NKD,60,60,0.0,1,
unique_02049,H003,NKD,60,60,0.5,-1,
unique_02050,H003,NKD,60,60,0.5,1,
unique_02051,H003,NKD,60,60,1.0,-1,
unique_02052,H003,NKD,60,60,1.0,1,
unique_02053,H004,NKD,60,10,0.2,-1,
unique_02054,H004,NKD,60,10,0.2,1,
unique_02055,H004,NKD,60,10,0.35,-1,
unique_02056,H004,NKD,60,10,0.35,1,
unique_02057,H004,NKD,60,20,0.2,-1,
unique_02058,H004,NKD,60,20,0.2,1,
unique_02059,H004,NKD,60,20,0.35,-1,
unique_02060,H004,NKD,60,20,0.35,1,
unique_02061,H004,NKD,60,40,0.2,-1,
unique_02062,H004,NKD,60,40,0.2,1,
unique_02063,H004,NKD,60,40,0.35,-1,
unique_02064,H004,NKD,60,40,0.35,1,
unique_02065,H002,ZC,60,2,0.25,-1,
unique_02066,H002,ZC,60,2,0.25,1,
unique_02067,H002,ZC,60,2,0.5,-1,
unique_02068,H002,ZC,60,2,0.5,1,
unique_02069,H002,ZC,60,2,0.75,-1,
unique_02070,H002,ZC,60,2,0.75,1,
unique_02071,H002,ZC,60,5,0.25,-1,
unique_02072,H002,ZC,60,5,0.25,1,
unique_02073,H002,ZC,60,5,0.5,-1,
unique_02074,H002,ZC,60,5,0.5,1,
unique_02075,H002,ZC,60,5,0.75,-1,
unique_02076,H002,ZC,60,5,0.75,1,
unique_02077,H002,ZC,60,10,0.25,-1,
unique_02078,H002,ZC,60,10,0.25,1,
unique_02079,H002,ZC,60,10,0.5,-1,
unique_02080,H002,ZC,60,10,0.5,1,
unique_02081,H002,ZC,60,10,0.75,-1,
unique_02082,H002,ZC,60,10,0.75,1,
unique_02083,H002,ZC,60,20,0.25,-1,
unique_02084,H002,ZC,60,20,0.25,1,
unique_02085,H002,ZC,60,20,0.5,-1,
unique_02086,H002,ZC,60,20,0.5,1,
unique_02087,H002,ZC,60,20,0.75,-1,
unique_02088,H002,ZC,60,20,0.75,1,
unique_02089,H003,ZC,60,20,0.0,-1,
unique_02090,H003,ZC,60,20,0.0,1,
unique_02091,H003,ZC,60,20,0.5,-1,
unique_02092,H003,ZC,60,20,0.5,1,
unique_02093,H003,ZC,60,20,1.0,-1,
unique_02094,H003,ZC,60,20,1.0,1,
unique_02095,H003,ZC,60,60,0.0,-1,
unique_02096,H003,ZC,60,60,0.0,1,
unique_02097,H003,ZC,60,60,0.5,-1,
unique_02098,H003,ZC,60,60,0.5,1,
unique_02099,H003,ZC,60,60,1.0,-1,
unique_02100,H003,ZC,60,60,1.0,1,
unique_02101,H004,ZC,60,10,0.2,-1,
unique_02102,H004,ZC,60,10,0.2,1,
unique_02103,H004,ZC,60,10,0.35,-1,
unique_02104,H004,ZC,60,10,0.35,1,
unique_02105,H004,ZC,60,20,0.2,-1,
unique_02106,H004,ZC,60,20,0.2,1,
unique_02107,H004,ZC,60,20,0.35,-1,
unique_02108,H004,ZC,60,20,0.35,1,
unique_02109,H004,ZC,60,40,0.2,-1,
unique_02110,H004,ZC,60,40,0.2,1,
unique_02111,H004,ZC,60,40,0.35,-1,
unique_02112,H004,ZC,60,40,0.35,1,
unique_02113,H002,ZN,60,2,0.25,-1,
unique_02114,H002,ZN,60,2,0.25,1,
unique_02115,H002,ZN,60,2,0.5,-1,
unique_02116,H002,ZN,60,2,0.5,1,
unique_02117,H002,ZN,60,2,0.75,-1,
unique_02118,H002,ZN,60,2,0.75,1,
unique_02119,H002,ZN,60,5,0.25,-1,
unique_02120,H002,ZN,60,5,0.25,1,
unique_02121,H002,ZN,60,5,0.5,-1,
unique_02122,H002,ZN,60,5,0.5,1,
unique_02123,H002,ZN,60,5,0.75,-1,
unique_02124,H002,ZN,60,5,0.75,1,
unique_02125,H002,ZN,60,10,0.25,-1,
unique_02126,H002,ZN,60,10,0.25,1,
unique_02127,H002,ZN,60,10,0.5,-1,
unique_02128,H002,ZN,60,10,0.5,1,
unique_02129,H002,ZN,60,10,0.75,-1,
unique_02130,H002,ZN,60,10,0.75,1,
unique_02131,H002,ZN,60,20,0.25,-1,
unique_02132,H002,ZN,60,20,0.25,1,
unique_02133,H002,ZN,60,20,0.5,-1,
unique_02134,H002,ZN,60,20,0.5,1,
unique_02135,H002,ZN,60,20,0.75,-1,
unique_02136,H002,ZN,60,20,0.75,1,
unique_02137,H003,ZN,60,20,0.0,-1,
unique_02138,H003,ZN,60,20,0.0,1,
unique_02139,H003,ZN,60,20,0.5,-1,
unique_02140,H003,ZN,60,20,0.5,1,
unique_02141,H003,ZN,60,20,1.0,-1,
unique_02142,H003,ZN,60,20,1.0,1,
unique_02143,H003,ZN,60,60,0.0,-1,
unique_02144,H003,ZN,60,60,0.0,1,
unique_02145,H003,ZN,60,60,0.5,-1,
unique_02146,H003,ZN,60,60,0.5,1,
unique_02147,H003,ZN,60,60,1.0,-1,
unique_02148,H003,ZN,60,60,1.0,1,
unique_02149,H004,ZN,60,10,0.2,-1,
unique_02150,H004,ZN,60,10,0.2,1,
unique_02151,H004,ZN,60,10,0.35,-1,
unique_02152,H004,ZN,60,10,0.35,1,
unique_02153,H004,ZN,60,20,0.2,-1,
unique_02154,H004,ZN,60,20,0.2,1,
unique_02155,H004,ZN,60,20,0.35,-1,
unique_02156,H004,ZN,60,20,0.35,1,
unique_02157,H004,ZN,60,40,0.2,-1,
unique_02158,H004,ZN,60,40,0.2,1,
unique_02159,H004,ZN,60,40,0.35,-1,
unique_02160,H004,ZN,60,40,0.35,1,
unique_02161,H005,6E,240,1,0.5,-1,6J
unique_02162,H005,6E,240,1,0.5,1,6J
unique_02163,H005,6E,240,1,1.0,-1,6J
unique_02164,H005,6E,240,1,1.0,1,6J
unique_02165,H005,6J,240,1,0.5,-1,6E
unique_02166,H005,6J,240,1,0.5,1,6E
unique_02167,H005,6J,240,1,1.0,-1,6E
unique_02168,H005,6J,240,1,1.0,1,6E
unique_02169,H005,CL,240,1,0.5,-1,NG
unique_02170,H005,CL,240,1,0.5,1,NG
unique_02171,H005,CL,240,1,1.0,-1,NG
unique_02172,H005,CL,240,1,1.0,1,NG
unique_02173,H005,ES,240,1,0.5,-1,ZN
unique_02174,H005,ES,240,1,0.5,1,ZN
unique_02175,H005,ES,240,1,1.0,-1,ZN
unique_02176,H005,ES,240,1,1.0,1,ZN
unique_02177,H005,GC,240,1,0.5,-1,HG
unique_02178,H005,GC,240,1,0.5,1,HG
unique_02179,H005,GC,240,1,1.0,-1,HG
unique_02180,H005,GC,240,1,1.0,1,HG
unique_02181,H005,HG,240,1,0.5,-1,GC
unique_02182,H005,HG,240,1,0.5,1,GC
unique_02183,H005,HG,240,1,1.0,-1,GC
unique_02184,H005,HG,240,1,1.0,1,GC
unique_02185,H005,NG,240,1,0.5,-1,CL
unique_02186,H005,NG,240,1,0.5,1,CL
unique_02187,H005,NG,240,1,1.0,-1,CL
unique_02188,H005,NG,240,1,1.0,1,CL
unique_02189,H005,NKD,240,1,0.5,-1,ES
unique_02190,H005,NKD,240,1,0.5,1,ES
unique_02191,H005,NKD,240,1,1.0,-1,ES
unique_02192,H005,NKD,240,1,1.0,1,ES
unique_02193,H005,ZC,240,1,0.5,-1,CL
unique_02194,H005,ZC,240,1,0.5,1,CL
unique_02195,H005,ZC,240,1,1.0,-1,CL
unique_02196,H005,ZC,240,1,1.0,1,CL
unique_02197,H005,ZN,240,1,0.5,-1,ES
unique_02198,H005,ZN,240,1,0.5,1,ES
unique_02199,H005,ZN,240,1,1.0,-1,ES
unique_02200,H005,ZN,240,1,1.0,1,ES
unique_02201,H005,6E,240,2,0.5,-1,6J
unique_02202,H005,6E,240,2,0.5,1,6J
unique_02203,H005,6E,240,2,1.0,-1,6J
unique_02204,H005,6E,240,2,1.0,1,6J
unique_02205,H005,6J,240,2,0.5,-1,6E
unique_02206,H005,6J,240,2,0.5,1,6E
unique_02207,H005,6J,240,2,1.0,-1,6E
unique_02208,H005,6J,240,2,1.0,1,6E
unique_02209,H005,CL,240,2,0.5,-1,NG
unique_02210,H005,CL,240,2,0.5,1,NG
unique_02211,H005,CL,240,2,1.0,-1,NG
unique_02212,H005,CL,240,2,1.0,1,NG
unique_02213,H005,ES,240,2,0.5,-1,ZN
unique_02214,H005,ES,240,2,0.5,1,ZN
unique_02215,H005,ES,240,2,1.0,-1,ZN
unique_02216,H005,ES,240,2,1.0,1,ZN
unique_02217,H005,GC,240,2,0.5,-1,HG
unique_02218,H005,GC,240,2,0.5,1,HG
unique_02219,H005,GC,240,2,1.0,-1,HG
unique_02220,H005,GC,240,2,1.0,1,HG
unique_02221,H005,HG,240,2,0.5,-1,GC
unique_02222,H005,HG,240,2,0.5,1,GC
unique_02223,H005,HG,240,2,1.0,-1,GC
unique_02224,H005,HG,240,2,1.0,1,GC
unique_02225,H005,NG,240,2,0.5,-1,CL
unique_02226,H005,NG,240,2,0.5,1,CL
unique_02227,H005,NG,240,2,1.0,-1,CL
unique_02228,H005,NG,240,2,1.0,1,CL
unique_02229,H005,NKD,240,2,0.5,-1,ES
unique_02230,H005,NKD,240,2,0.5,1,ES
unique_02231,H005,NKD,240,2,1.0,-1,ES
unique_02232,H005,NKD,240,2,1.0,1,ES
unique_02233,H005,ZC,240,2,0.5,-1,CL
unique_02234,H005,ZC,240,2,0.5,1,CL
unique_02235,H005,ZC,240,2,1.0,-1,CL
unique_02236,H005,ZC,240,2,1.0,1,CL
unique_02237,H005,ZN,240,2,0.5,-1,ES
unique_02238,H005,ZN,240,2,0.5,1,ES
unique_02239,H005,ZN,240,2,1.0,-1,ES
unique_02240,H005,ZN,240,2,1.0,1,ES
unique_02241,H005,6E,240,4,0.5,-1,6J
unique_02242,H005,6E,240,4,0.5,1,6J
unique_02243,H005,6E,240,4,1.0,-1,6J
unique_02244,H005,6E,240,4,1.0,1,6J
unique_02245,H005,6J,240,4,0.5,-1,6E
unique_02246,H005,6J,240,4,0.5,1,6E
unique_02247,H005,6J,240,4,1.0,-1,6E
unique_02248,H005,6J,240,4,1.0,1,6E
unique_02249,H005,CL,240,4,0.5,-1,NG
unique_02250,H005,CL,240,4,0.5,1,NG
unique_02251,H005,CL,240,4,1.0,-1,NG
unique_02252,H005,CL,240,4,1.0,1,NG
unique_02253,H005,ES,240,4,0.5,-1,ZN
unique_02254,H005,ES,240,4,0.5,1,ZN
unique_02255,H005,ES,240,4,1.0,-1,ZN
unique_02256,H005,ES,240,4,1.0,1,ZN
unique_02257,H005,GC,240,4,0.5,-1,HG
unique_02258,H005,GC,240,4,0.5,1,HG
unique_02259,H005,GC,240,4,1.0,-1,HG
unique_02260,H005,GC,240,4,1.0,1,HG
unique_02261,H005,HG,240,4,0.5,-1,GC
unique_02262,H005,HG,240,4,0.5,1,GC
unique_02263,H005,HG,240,4,1.0,-1,GC
unique_02264,H005,HG,240,4,1.0,1,GC
unique_02265,H005,NG,240,4,0.5,-1,CL
unique_02266,H005,NG,240,4,0.5,1,CL
unique_02267,H005,NG,240,4,1.0,-1,CL
unique_02268,H005,NG,240,4,1.0,1,CL
unique_02269,H005,NKD,240,4,0.5,-1,ES
unique_02270,H005,NKD,240,4,0.5,1,ES
unique_02271,H005,NKD,240,4,1.0,-1,ES
unique_02272,H005,NKD,240,4,1.0,1,ES
unique_02273,H005,ZC,240,4,0.5,-1,CL
unique_02274,H005,ZC,240,4,0.5,1,CL
unique_02275,H005,ZC,240,4,1.0,-1,CL
unique_02276,H005,ZC,240,4,1.0,1,CL
unique_02277,H005,ZN,240,4,0.5,-1,ES
unique_02278,H005,ZN,240,4,0.5,1,ES
unique_02279,H005,ZN,240,4,1.0,-1,ES
unique_02280,H005,ZN,240,4,1.0,1,ES
unique_02281,H006,6E,240,2,0.5,-1,
unique_02282,H006,6E,240,2,0.5,1,
unique_02283,H006,6E,240,2,1.0,-1,
unique_02284,H006,6E,240,2,1.0,1,
unique_02285,H006,6J,240,2,0.5,-1,
unique_02286,H006,6J,240,2,0.5,1,
unique_02287,H006,6J,240,2,1.0,-1,
unique_02288,H006,6J,240,2,1.0,1,
unique_02289,H006,CL,240,2,0.5,-1,
unique_02290,H006,CL,240,2,0.5,1,
unique_02291,H006,CL,240,2,1.0,-1,
unique_02292,H006,CL,240,2,1.0,1,
unique_02293,H006,ES,240,2,0.5,-1,
unique_02294,H006,ES,240,2,0.5,1,
unique_02295,H006,ES,240,2,1.0,-1,
unique_02296,H006,ES,240,2,1.0,1,
unique_02297,H006,GC,240,2,0.5,-1,
unique_02298,H006,GC,240,2,0.5,1,
unique_02299,H006,GC,240,2,1.0,-1,
unique_02300,H006,GC,240,2,1.0,1,
unique_02301,H006,HG,240,2,0.5,-1,
unique_02302,H006,HG,240,2,0.5,1,
unique_02303,H006,HG,240,2,1.0,-1,
unique_02304,H006,HG,240,2,1.0,1,
unique_02305,H006,NG,240,2,0.5,-1,
unique_02306,H006,NG,240,2,0.5,1,
unique_02307,H006,NG,240,2,1.0,-1,
unique_02308,H006,NG,240,2,1.0,1,
unique_02309,H006,NKD,240,2,0.5,-1,
unique_02310,H006,NKD,240,2,0.5,1,
unique_02311,H006,NKD,240,2,1.0,-1,
unique_02312,H006,NKD,240,2,1.0,1,
unique_02313,H006,ZC,240,2,0.5,-1,
unique_02314,H006,ZC,240,2,0.5,1,
unique_02315,H006,ZC,240,2,1.0,-1,
unique_02316,H006,ZC,240,2,1.0,1,
unique_02317,H006,ZN,240,2,0.5,-1,
unique_02318,H006,ZN,240,2,0.5,1,
unique_02319,H006,ZN,240,2,1.0,-1,
unique_02320,H006,ZN,240,2,1.0,1,
unique_02321,H006,6E,240,4,0.5,-1,
unique_02322,H006,6E,240,4,0.5,1,
unique_02323,H006,6E,240,4,1.0,-1,
unique_02324,H006,6E,240,4,1.0,1,
unique_02325,H006,6J,240,4,0.5,-1,
unique_02326,H006,6J,240,4,0.5,1,
unique_02327,H006,6J,240,4,1.0,-1,
unique_02328,H006,6J,240,4,1.0,1,
unique_02329,H006,CL,240,4,0.5,-1,
unique_02330,H006,CL,240,4,0.5,1,
unique_02331,H006,CL,240,4,1.0,-1,
unique_02332,H006,CL,240,4,1.0,1,
unique_02333,H006,ES,240,4,0.5,-1,
unique_02334,H006,ES,240,4,0.5,1,
unique_02335,H006,ES,240,4,1.0,-1,
unique_02336,H006,ES,240,4,1.0,1,
unique_02337,H006,GC,240,4,0.5,-1,
unique_02338,H006,GC,240,4,0.5,1,
unique_02339,H006,GC,240,4,1.0,-1,
unique_02340,H006,GC,240,4,1.0,1,
unique_02341,H006,HG,240,4,0.5,-1,
unique_02342,H006,HG,240,4,0.5,1,
unique_02343,H006,HG,240,4,1.0,-1,
unique_02344,H006,HG,240,4,1.0,1,
unique_02345,H006,NG,240,4,0.5,-1,
unique_02346,H006,NG,240,4,0.5,1,
unique_02347,H006,NG,240,4,1.0,-1,
unique_02348,H006,NG,240,4,1.0,1,
unique_02349,H006,NKD,240,4,0.5,-1,
unique_02350,H006,NKD,240,4,0.5,1,
unique_02351,H006,NKD,240,4,1.0,-1,
unique_02352,H006,NKD,240,4,1.0,1,
unique_02353,H006,ZC,240,4,0.5,-1,
unique_02354,H006,ZC,240,4,0.5,1,
unique_02355,H006,ZC,240,4,1.0,-1,
unique_02356,H006,ZC,240,4,1.0,1,
unique_02357,H006,ZN,240,4,0.5,-1,
unique_02358,H006,ZN,240,4,0.5,1,
unique_02359,H006,ZN,240,4,1.0,-1,
unique_02360,H006,ZN,240,4,1.0,1,
unique_02361,H006,6E,240,8,0.5,-1,
unique_02362,H006,6E,240,8,0.5,1,
unique_02363,H006,6E,240,8,1.0,-1,
unique_02364,H006,6E,240,8,1.0,1,
unique_02365,H006,6J,240,8,0.5,-1,
unique_02366,H006,6J,240,8,0.5,1,
unique_02367,H006,6J,240,8,1.0,-1,
unique_02368,H006,6J,240,8,1.0,1,
unique_02369,H006,CL,240,8,0.5,-1,
unique_02370,H006,CL,240,8,0.5,1,
unique_02371,H006,CL,240,8,1.0,-1,
unique_02372,H006,CL,240,8,1.0,1,
unique_02373,H006,ES,240,8,0.5,-1,
unique_02374,H006,ES,240,8,0.5,1,
unique_02375,H006,ES,240,8,1.0,-1,
unique_02376,H006,ES,240,8,1.0,1,
unique_02377,H006,GC,240,8,0.5,-1,
unique_02378,H006,GC,240,8,0.5,1,
unique_02379,H006,GC,240,8,1.0,-1,
unique_02380,H006,GC,240,8,1.0,1,
unique_02381,H006,HG,240,8,0.5,-1,
unique_02382,H006,HG,240,8,0.5,1,
unique_02383,H006,HG,240,8,1.0,-1,
unique_02384,H006,HG,240,8,1.0,1,
unique_02385,H006,NG,240,8,0.5,-1,
unique_02386,H006,NG,240,8,0.5,1,
unique_02387,H006,NG,240,8,1.0,-1,
unique_02388,H006,NG,240,8,1.0,1,
unique_02389,H006,NKD,240,8,0.5,-1,
unique_02390,H006,NKD,240,8,0.5,1,
unique_02391,H006,NKD,240,8,1.0,-1,
unique_02392,H006,NKD,240,8,1.0,1,
unique_02393,H006,ZC,240,8,0.5,-1,
unique_02394,H006,ZC,240,8,0.5,1,
unique_02395,H006,ZC,240,8,1.0,-1,
unique_02396,H006,ZC,240,8,1.0,1,
unique_02397,H006,ZN,240,8,0.5,-1,
unique_02398,H006,ZN,240,8,0.5,1,
unique_02399,H006,ZN,240,8,1.0,-1,
unique_02400,H006,ZN,240,8,1.0,1,
unique_02401,H002,6E,240,2,0.25,-1,
unique_02402,H002,6E,240,2,0.25,1,
unique_02403,H002,6E,240,2,0.5,-1,
unique_02404,H002,6E,240,2,0.5,1,
unique_02405,H002,6E,240,2,0.75,-1,
unique_02406,H002,6E,240,2,0.75,1,
unique_02407,H002,6E,240,5,0.25,-1,
unique_02408,H002,6E,240,5,0.25,1,
unique_02409,H002,6E,240,5,0.5,-1,
unique_02410,H002,6E,240,5,0.5,1,
unique_02411,H002,6E,240,5,0.75,-1,
unique_02412,H002,6E,240,5,0.75,1,
unique_02413,H002,6E,240,10,0.25,-1,
unique_02414,H002,6E,240,10,0.25,1,
unique_02415,H002,6E,240,10,0.5,-1,
unique_02416,H002,6E,240,10,0.5,1,
unique_02417,H002,6E,240,10,0.75,-1,
unique_02418,H002,6E,240,10,0.75,1,
unique_02419,H002,6E,240,20,0.25,-1,
unique_02420,H002,6E,240,20,0.25,1,
unique_02421,H002,6E,240,20,0.5,-1,
unique_02422,H002,6E,240,20,0.5,1,
unique_02423,H002,6E,240,20,0.75,-1,
unique_02424,H002,6E,240,20,0.75,1,
unique_02425,H003,6E,240,20,0.0,-1,
unique_02426,H003,6E,240,20,0.0,1,
unique_02427,H003,6E,240,20,0.5,-1,
unique_02428,H003,6E,240,20,0.5,1,
unique_02429,H003,6E,240,20,1.0,-1,
unique_02430,H003,6E,240,20,1.0,1,
unique_02431,H003,6E,240,60,0.0,-1,
unique_02432,H003,6E,240,60,0.0,1,
unique_02433,H003,6E,240,60,0.5,-1,
unique_02434,H003,6E,240,60,0.5,1,
unique_02435,H003,6E,240,60,1.0,-1,
unique_02436,H003,6E,240,60,1.0,1,
unique_02437,H004,6E,240,10,0.2,-1,
unique_02438,H004,6E,240,10,0.2,1,
unique_02439,H004,6E,240,10,0.35,-1,
unique_02440,H004,6E,240,10,0.35,1,
unique_02441,H004,6E,240,20,0.2,-1,
unique_02442,H004,6E,240,20,0.2,1,
unique_02443,H004,6E,240,20,0.35,-1,
unique_02444,H004,6E,240,20,0.35,1,
unique_02445,H004,6E,240,40,0.2,-1,
unique_02446,H004,6E,240,40,0.2,1,
unique_02447,H004,6E,240,40,0.35,-1,
unique_02448,H004,6E,240,40,0.35,1,
unique_02449,H002,6J,240,2,0.25,-1,
unique_02450,H002,6J,240,2,0.25,1,
unique_02451,H002,6J,240,2,0.5,-1,
unique_02452,H002,6J,240,2,0.5,1,
unique_02453,H002,6J,240,2,0.75,-1,
unique_02454,H002,6J,240,2,0.75,1,
unique_02455,H002,6J,240,5,0.25,-1,
unique_02456,H002,6J,240,5,0.25,1,
unique_02457,H002,6J,240,5,0.5,-1,
unique_02458,H002,6J,240,5,0.5,1,
unique_02459,H002,6J,240,5,0.75,-1,
unique_02460,H002,6J,240,5,0.75,1,
unique_02461,H002,6J,240,10,0.25,-1,
unique_02462,H002,6J,240,10,0.25,1,
unique_02463,H002,6J,240,10,0.5,-1,
unique_02464,H002,6J,240,10,0.5,1,
unique_02465,H002,6J,240,10,0.75,-1,
unique_02466,H002,6J,240,10,0.75,1,
unique_02467,H002,6J,240,20,0.25,-1,
unique_02468,H002,6J,240,20,0.25,1,
unique_02469,H002,6J,240,20,0.5,-1,
unique_02470,H002,6J,240,20,0.5,1,
unique_02471,H002,6J,240,20,0.75,-1,
unique_02472,H002,6J,240,20,0.75,1,
unique_02473,H003,6J,240,20,0.0,-1,
unique_02474,H003,6J,240,20,0.0,1,
unique_02475,H003,6J,240,20,0.5,-1,
unique_02476,H003,6J,240,20,0.5,1,
unique_02477,H003,6J,240,20,1.0,-1,
unique_02478,H003,6J,240,20,1.0,1,
unique_02479,H003,6J,240,60,0.0,-1,
unique_02480,H003,6J,240,60,0.0,1,
unique_02481,H003,6J,240,60,0.5,-1,
unique_02482,H003,6J,240,60,0.5,1,
unique_02483,H003,6J,240,60,1.0,-1,
unique_02484,H003,6J,240,60,1.0,1,
unique_02485,H004,6J,240,10,0.2,-1,
unique_02486,H004,6J,240,10,0.2,1,
unique_02487,H004,6J,240,10,0.35,-1,
unique_02488,H004,6J,240,10,0.35,1,
unique_02489,H004,6J,240,20,0.2,-1,
unique_02490,H004,6J,240,20,0.2,1,
unique_02491,H004,6J,240,20,0.35,-1,
unique_02492,H004,6J,240,20,0.35,1,
unique_02493,H004,6J,240,40,0.2,-1,
unique_02494,H004,6J,240,40,0.2,1,
unique_02495,H004,6J,240,40,0.35,-1,
unique_02496,H004,6J,240,40,0.35,1,
unique_02497,H002,CL,240,2,0.25,-1,
unique_02498,H002,CL,240,2,0.25,1,
unique_02499,H002,CL,240,2,0.5,-1,
unique_02500,H002,CL,240,2,0.5,1,
unique_02501,H002,CL,240,2,0.75,-1,
unique_02502,H002,CL,240,2,0.75,1,
unique_02503,H002,CL,240,5,0.25,-1,
unique_02504,H002,CL,240,5,0.25,1,
unique_02505,H002,CL,240,5,0.5,-1,
unique_02506,H002,CL,240,5,0.5,1,
unique_02507,H002,CL,240,5,0.75,-1,
unique_02508,H002,CL,240,5,0.75,1,
unique_02509,H002,CL,240,10,0.25,-1,
unique_02510,H002,CL,240,10,0.25,1,
unique_02511,H002,CL,240,10,0.5,-1,
unique_02512,H002,CL,240,10,0.5,1,
unique_02513,H002,CL,240,10,0.75,-1,
unique_02514,H002,CL,240,10,0.75,1,
unique_02515,H002,CL,240,20,0.25,-1,
unique_02516,H002,CL,240,20,0.25,1,
unique_02517,H002,CL,240,20,0.5,-1,
unique_02518,H002,CL,240,20,0.5,1,
unique_02519,H002,CL,240,20,0.75,-1,
unique_02520,H002,CL,240,20,0.75,1,
unique_02521,H003,CL,240,20,0.0,-1,
unique_02522,H003,CL,240,20,0.0,1,
unique_02523,H003,CL,240,20,0.5,-1,
unique_02524,H003,CL,240,20,0.5,1,
unique_02525,H003,CL,240,20,1.0,-1,
unique_02526,H003,CL,240,20,1.0,1,
unique_02527,H003,CL,240,60,0.0,-1,
unique_02528,H003,CL,240,60,0.0,1,
unique_02529,H003,CL,240,60,0.5,-1,
unique_02530,H003,CL,240,60,0.5,1,
unique_02531,H003,CL,240,60,1.0,-1,
unique_02532,H003,CL,240,60,1.0,1,
unique_02533,H004,CL,240,10,0.2,-1,
unique_02534,H004,CL,240,10,0.2,1,
unique_02535,H004,CL,240,10,0.35,-1,
unique_02536,H004,CL,240,10,0.35,1,
unique_02537,H004,CL,240,20,0.2,-1,
unique_02538,H004,CL,240,20,0.2,1,
unique_02539,H004,CL,240,20,0.35,-1,
unique_02540,H004,CL,240,20,0.35,1,
unique_02541,H004,CL,240,40,0.2,-1,
unique_02542,H004,CL,240,40,0.2,1,
unique_02543,H004,CL,240,40,0.35,-1,
unique_02544,H004,CL,240,40,0.35,1,
unique_02545,H002,ES,240,2,0.25,-1,
unique_02546,H002,ES,240,2,0.25,1,
unique_02547,H002,ES,240,2,0.5,-1,
unique_02548,H002,ES,240,2,0.5,1,
unique_02549,H002,ES,240,2,0.75,-1,
unique_02550,H002,ES,240,2,0.75,1,
unique_02551,H002,ES,240,5,0.25,-1,
unique_02552,H002,ES,240,5,0.25,1,
unique_02553,H002,ES,240,5,0.5,-1,
unique_02554,H002,ES,240,5,0.5,1,
unique_02555,H002,ES,240,5,0.75,-1,
unique_02556,H002,ES,240,5,0.75,1,
unique_02557,H002,ES,240,10,0.25,-1,
unique_02558,H002,ES,240,10,0.25,1,
unique_02559,H002,ES,240,10,0.5,-1,
unique_02560,H002,ES,240,10,0.5,1,
unique_02561,H002,ES,240,10,0.75,-1,
unique_02562,H002,ES,240,10,0.75,1,
unique_02563,H002,ES,240,20,0.25,-1,
unique_02564,H002,ES,240,20,0.25,1,
unique_02565,H002,ES,240,20,0.5,-1,
unique_02566,H002,ES,240,20,0.5,1,
unique_02567,H002,ES,240,20,0.75,-1,
unique_02568,H002,ES,240,20,0.75,1,
unique_02569,H003,ES,240,20,0.0,-1,
unique_02570,H003,ES,240,20,0.0,1,
unique_02571,H003,ES,240,20,0.5,-1,
unique_02572,H003,ES,240,20,0.5,1,
unique_02573,H003,ES,240,20,1.0,-1,
unique_02574,H003,ES,240,20,1.0,1,
unique_02575,H003,ES,240,60,0.0,-1,
unique_02576,H003,ES,240,60,0.0,1,
unique_02577,H003,ES,240,60,0.5,-1,
unique_02578,H003,ES,240,60,0.5,1,
unique_02579,H003,ES,240,60,1.0,-1,
unique_02580,H003,ES,240,60,1.0,1,
unique_02581,H004,ES,240,10,0.2,-1,
unique_02582,H004,ES,240,10,0.2,1,
unique_02583,H004,ES,240,10,0.35,-1,
unique_02584,H004,ES,240,10,0.35,1,
unique_02585,H004,ES,240,20,0.2,-1,
unique_02586,H004,ES,240,20,0.2,1,
unique_02587,H004,ES,240,20,0.35,-1,
unique_02588,H004,ES,240,20,0.35,1,
unique_02589,H004,ES,240,40,0.2,-1,
unique_02590,H004,ES,240,40,0.2,1,
unique_02591,H004,ES,240,40,0.35,-1,
unique_02592,H004,ES,240,40,0.35,1,
unique_02593,H002,GC,240,2,0.25,-1,
unique_02594,H002,GC,240,2,0.25,1,
unique_02595,H002,GC,240,2,0.5,-1,
unique_02596,H002,GC,240,2,0.5,1,
unique_02597,H002,GC,240,2,0.75,-1,
unique_02598,H002,GC,240,2,0.75,1,
unique_02599,H002,GC,240,5,0.25,-1,
unique_02600,H002,GC,240,5,0.25,1,
unique_02601,H002,GC,240,5,0.5,-1,
unique_02602,H002,GC,240,5,0.5,1,
unique_02603,H002,GC,240,5,0.75,-1,
unique_02604,H002,GC,240,5,0.75,1,
unique_02605,H002,GC,240,10,0.25,-1,
unique_02606,H002,GC,240,10,0.25,1,
unique_02607,H002,GC,240,10,0.5,-1,
unique_02608,H002,GC,240,10,0.5,1,
unique_02609,H002,GC,240,10,0.75,-1,
unique_02610,H002,GC,240,10,0.75,1,
unique_02611,H002,GC,240,20,0.25,-1,
unique_02612,H002,GC,240,20,0.25,1,
unique_02613,H002,GC,240,20,0.5,-1,
unique_02614,H002,GC,240,20,0.5,1,
unique_02615,H002,GC,240,20,0.75,-1,
unique_02616,H002,GC,240,20,0.75,1,
unique_02617,H003,GC,240,20,0.0,-1,
unique_02618,H003,GC,240,20,0.0,1,
unique_02619,H003,GC,240,20,0.5,-1,
unique_02620,H003,GC,240,20,0.5,1,
unique_02621,H003,GC,240,20,1.0,-1,
unique_02622,H003,GC,240,20,1.0,1,
unique_02623,H003,GC,240,60,0.0,-1,
unique_02624,H003,GC,240,60,0.0,1,
unique_02625,H003,GC,240,60,0.5,-1,
unique_02626,H003,GC,240,60,0.5,1,
unique_02627,H003,GC,240,60,1.0,-1,
unique_02628,H003,GC,240,60,1.0,1,
unique_02629,H004,GC,240,10,0.2,-1,
unique_02630,H004,GC,240,10,0.2,1,
unique_02631,H004,GC,240,10,0.35,-1,
unique_02632,H004,GC,240,10,0.35,1,
unique_02633,H004,GC,240,20,0.2,-1,
unique_02634,H004,GC,240,20,0.2,1,
unique_02635,H004,GC,240,20,0.35,-1,
unique_02636,H004,GC,240,20,0.35,1,
unique_02637,H004,GC,240,40,0.2,-1,
unique_02638,H004,GC,240,40,0.2,1,
unique_02639,H004,GC,240,40,0.35,-1,
unique_02640,H004,GC,240,40,0.35,1,
unique_02641,H002,HG,240,2,0.25,-1,
unique_02642,H002,HG,240,2,0.25,1,
unique_02643,H002,HG,240,2,0.5,-1,
unique_02644,H002,HG,240,2,0.5,1,
unique_02645,H002,HG,240,2,0.75,-1,
unique_02646,H002,HG,240,2,0.75,1,
unique_02647,H002,HG,240,5,0.25,-1,
unique_02648,H002,HG,240,5,0.25,1,
unique_02649,H002,HG,240,5,0.5,-1,
unique_02650,H002,HG,240,5,0.5,1,
unique_02651,H002,HG,240,5,0.75,-1,
unique_02652,H002,HG,240,5,0.75,1,
unique_02653,H002,HG,240,10,0.25,-1,
unique_02654,H002,HG,240,10,0.25,1,
unique_02655,H002,HG,240,10,0.5,-1,
unique_02656,H002,HG,240,10,0.5,1,
unique_02657,H002,HG,240,10,0.75,-1,
unique_02658,H002,HG,240,10,0.75,1,
unique_02659,H002,HG,240,20,0.25,-1,
unique_02660,H002,HG,240,20,0.25,1,
unique_02661,H002,HG,240,20,0.5,-1,
unique_02662,H002,HG,240,20,0.5,1,
unique_02663,H002,HG,240,20,0.75,-1,
unique_02664,H002,HG,240,20,0.75,1,
unique_02665,H003,HG,240,20,0.0,-1,
unique_02666,H003,HG,240,20,0.0,1,
unique_02667,H003,HG,240,20,0.5,-1,
unique_02668,H003,HG,240,20,0.5,1,
unique_02669,H003,HG,240,20,1.0,-1,
unique_02670,H003,HG,240,20,1.0,1,
unique_02671,H003,HG,240,60,0.0,-1,
unique_02672,H003,HG,240,60,0.0,1,
unique_02673,H003,HG,240,60,0.5,-1,
unique_02674,H003,HG,240,60,0.5,1,
unique_02675,H003,HG,240,60,1.0,-1,
unique_02676,H003,HG,240,60,1.0,1,
unique_02677,H004,HG,240,10,0.2,-1,
unique_02678,H004,HG,240,10,0.2,1,
unique_02679,H004,HG,240,10,0.35,-1,
unique_02680,H004,HG,240,10,0.35,1,
unique_02681,H004,HG,240,20,0.2,-1,
unique_02682,H004,HG,240,20,0.2,1,
unique_02683,H004,HG,240,20,0.35,-1,
unique_02684,H004,HG,240,20,0.35,1,
unique_02685,H004,HG,240,40,0.2,-1,
unique_02686,H004,HG,240,40,0.2,1,
unique_02687,H004,HG,240,40,0.35,-1,
unique_02688,H004,HG,240,40,0.35,1,
unique_02689,H002,NG,240,2,0.25,-1,
unique_02690,H002,NG,240,2,0.25,1,
unique_02691,H002,NG,240,2,0.5,-1,
unique_02692,H002,NG,240,2,0.5,1,
unique_02693,H002,NG,240,2,0.75,-1,
unique_02694,H002,NG,240,2,0.75,1,
unique_02695,H002,NG,240,5,0.25,-1,
unique_02696,H002,NG,240,5,0.25,1,
unique_02697,H002,NG,240,5,0.5,-1,
unique_02698,H002,NG,240,5,0.5,1,
unique_02699,H002,NG,240,5,0.75,-1,
unique_02700,H002,NG,240,5,0.75,1,
unique_02701,H002,NG,240,10,0.25,-1,
unique_02702,H002,NG,240,10,0.25,1,
unique_02703,H002,NG,240,10,0.5,-1,
unique_02704,H002,NG,240,10,0.5,1,
unique_02705,H002,NG,240,10,0.75,-1,
unique_02706,H002,NG,240,10,0.75,1,
unique_02707,H002,NG,240,20,0.25,-1,
unique_02708,H002,NG,240,20,0.25,1,
unique_02709,H002,NG,240,20,0.5,-1,
unique_02710,H002,NG,240,20,0.5,1,
unique_02711,H002,NG,240,20,0.75,-1,
unique_02712,H002,NG,240,20,0.75,1,
unique_02713,H003,NG,240,20,0.0,-1,
unique_02714,H003,NG,240,20,0.0,1,
unique_02715,H003,NG,240,20,0.5,-1,
unique_02716,H003,NG,240,20,0.5,1,
unique_02717,H003,NG,240,20,1.0,-1,
unique_02718,H003,NG,240,20,1.0,1,
unique_02719,H003,NG,240,60,0.0,-1,
unique_02720,H003,NG,240,60,0.0,1,
unique_02721,H003,NG,240,60,0.5,-1,
unique_02722,H003,NG,240,60,0.5,1,
unique_02723,H003,NG,240,60,1.0,-1,
unique_02724,H003,NG,240,60,1.0,1,
unique_02725,H004,NG,240,10,0.2,-1,
unique_02726,H004,NG,240,10,0.2,1,
unique_02727,H004,NG,240,10,0.35,-1,
unique_02728,H004,NG,240,10,0.35,1,
unique_02729,H004,NG,240,20,0.2,-1,
unique_02730,H004,NG,240,20,0.2,1,
unique_02731,H004,NG,240,20,0.35,-1,
unique_02732,H004,NG,240,20,0.35,1,
unique_02733,H004,NG,240,40,0.2,-1,
unique_02734,H004,NG,240,40,0.2,1,
unique_02735,H004,NG,240,40,0.35,-1,
unique_02736,H004,NG,240,40,0.35,1,
unique_02737,H002,NKD,240,2,0.25,-1,
unique_02738,H002,NKD,240,2,0.25,1,
unique_02739,H002,NKD,240,2,0.5,-1,
unique_02740,H002,NKD,240,2,0.5,1,
unique_02741,H002,NKD,240,2,0.75,-1,
unique_02742,H002,NKD,240,2,0.75,1,
unique_02743,H002,NKD,240,5,0.25,-1,
unique_02744,H002,NKD,240,5,0.25,1,
unique_02745,H002,NKD,240,5,0.5,-1,
unique_02746,H002,NKD,240,5,0.5,1,
unique_02747,H002,NKD,240,5,0.75,-1,
unique_02748,H002,NKD,240,5,0.75,1,
unique_02749,H002,NKD,240,10,0.25,-1,
unique_02750,H002,NKD,240,10,0.25,1,
unique_02751,H002,NKD,240,10,0.5,-1,
unique_02752,H002,NKD,240,10,0.5,1,
unique_02753,H002,NKD,240,10,0.75,-1,
unique_02754,H002,NKD,240,10,0.75,1,
unique_02755,H002,NKD,240,20,0.25,-1,
unique_02756,H002,NKD,240,20,0.25,1,
unique_02757,H002,NKD,240,20,0.5,-1,
unique_02758,H002,NKD,240,20,0.5,1,
unique_02759,H002,NKD,240,20,0.75,-1,
unique_02760,H002,NKD,240,20,0.75,1,
unique_02761,H003,NKD,240,20,0.0,-1,
unique_02762,H003,NKD,240,20,0.0,1,
unique_02763,H003,NKD,240,20,0.5,-1,
unique_02764,H003,NKD,240,20,0.5,1,
unique_02765,H003,NKD,240,20,1.0,-1,
unique_02766,H003,NKD,240,20,1.0,1,
unique_02767,H003,NKD,240,60,0.0,-1,
unique_02768,H003,NKD,240,60,0.0,1,
unique_02769,H003,NKD,240,60,0.5,-1,
unique_02770,H003,NKD,240,60,0.5,1,
unique_02771,H003,NKD,240,60,1.0,-1,
unique_02772,H003,NKD,240,60,1.0,1,
unique_02773,H004,NKD,240,10,0.2,-1,
unique_02774,H004,NKD,240,10,0.2,1,
unique_02775,H004,NKD,240,10,0.35,-1,
unique_02776,H004,NKD,240,10,0.35,1,
unique_02777,H004,NKD,240,20,0.2,-1,
unique_02778,H004,NKD,240,20,0.2,1,
unique_02779,H004,NKD,240,20,0.35,-1,
unique_02780,H004,NKD,240,20,0.35,1,
unique_02781,H004,NKD,240,40,0.2,-1,
unique_02782,H004,NKD,240,40,0.2,1,
unique_02783,H004,NKD,240,40,0.35,-1,
unique_02784,H004,NKD,240,40,0.35,1,
unique_02785,H002,ZC,240,2,0.25,-1,
unique_02786,H002,ZC,240,2,0.25,1,
unique_02787,H002,ZC,240,2,0.5,-1,
unique_02788,H002,ZC,240,2,0.5,1,
unique_02789,H002,ZC,240,2,0.75,-1,
unique_02790,H002,ZC,240,2,0.75,1,
unique_02791,H002,ZC,240,5,0.25,-1,
unique_02792,H002,ZC,240,5,0.25,1,
unique_02793,H002,ZC,240,5,0.5,-1,
unique_02794,H002,ZC,240,5,0.5,1,
unique_02795,H002,ZC,240,5,0.75,-1,
unique_02796,H002,ZC,240,5,0.75,1,
unique_02797,H002,ZC,240,10,0.25,-1,
unique_02798,H002,ZC,240,10,0.25,1,
unique_02799,H002,ZC,240,10,0.5,-1,
unique_02800,H002,ZC,240,10,0.5,1,
unique_02801,H002,ZC,240,10,0.75,-1,
unique_02802,H002,ZC,240,10,0.75,1,
unique_02803,H002,ZC,240,20,0.25,-1,
unique_02804,H002,ZC,240,20,0.25,1,
unique_02805,H002,ZC,240,20,0.5,-1,
unique_02806,H002,ZC,240,20,0.5,1,
unique_02807,H002,ZC,240,20,0.75,-1,
unique_02808,H002,ZC,240,20,0.75,1,
unique_02809,H003,ZC,240,20,0.0,-1,
unique_02810,H003,ZC,240,20,0.0,1,
unique_02811,H003,ZC,240,20,0.5,-1,
unique_02812,H003,ZC,240,20,0.5,1,
unique_02813,H003,ZC,240,20,1.0,-1,
unique_02814,H003,ZC,240,20,1.0,1,
unique_02815,H003,ZC,240,60,0.0,-1,
unique_02816,H003,ZC,240,60,0.0,1,
unique_02817,H003,ZC,240,60,0.5,-1,
unique_02818,H003,ZC,240,60,0.5,1,
unique_02819,H003,ZC,240,60,1.0,-1,
unique_02820,H003,ZC,240,60,1.0,1,
unique_02821,H004,ZC,240,10,0.2,-1,
unique_02822,H004,ZC,240,10,0.2,1,
unique_02823,H004,ZC,240,10,0.35,-1,
unique_02824,H004,ZC,240,10,0.35,1,
unique_02825,H004,ZC,240,20,0.2,-1,
unique_02826,H004,ZC,240,20,0.2,1,
unique_02827,H004,ZC,240,20,0.35,-1,
unique_02828,H004,ZC,240,20,0.35,1,
unique_02829,H004,ZC,240,40,0.2,-1,
unique_02830,H004,ZC,240,40,0.2,1,
unique_02831,H004,ZC,240,40,0.35,-1,
unique_02832,H004,ZC,240,40,0.35,1,
unique_02833,H002,ZN,240,2,0.25,-1,
unique_02834,H002,ZN,240,2,0.25,1,
unique_02835,H002,ZN,240,2,0.5,-1,
unique_02836,H002,ZN,240,2,0.5,1,
unique_02837,H002,ZN,240,2,0.75,-1,
unique_02838,H002,ZN,240,2,0.75,1,
unique_02839,H002,ZN,240,5,0.25,-1,
unique_02840,H002,ZN,240,5,0.25,1,
unique_02841,H002,ZN,240,5,0.5,-1,
unique_02842,H002,ZN,240,5,0.5,1,
unique_02843,H002,ZN,240,5,0.75,-1,
unique_02844,H002,ZN,240,5,0.75,1,
unique_02845,H002,ZN,240,10,0.25,-1,
unique_02846,H002,ZN,240,10,0.25,1,
unique_02847,H002,ZN,240,10,0.5,-1,
unique_02848,H002,ZN,240,10,0.5,1,
unique_02849,H002,ZN,240,10,0.75,-1,
unique_02850,H002,ZN,240,10,0.75,1,
unique_02851,H002,ZN,240,20,0.25,-1,
unique_02852,H002,ZN,240,20,0.25,1,
unique_02853,H002,ZN,240,20,0.5,-1,
unique_02854,H002,ZN,240,20,0.5,1,
unique_02855,H002,ZN,240,20,0.75,-1,
unique_02856,H002,ZN,240,20,0.75,1,
unique_02857,H003,ZN,240,20,0.0,-1,
unique_02858,H003,ZN,240,20,0.0,1,
unique_02859,H003,ZN,240,20,0.5,-1,
unique_02860,H003,ZN,240,20,0.5,1,
unique_02861,H003,ZN,240,20,1.0,-1,
unique_02862,H003,ZN,240,20,1.0,1,
unique_02863,H003,ZN,240,60,0.0,-1,
unique_02864,H003,ZN,240,60,0.0,1,
unique_02865,H003,ZN,240,60,0.5,-1,
unique_02866,H003,ZN,240,60,0.5,1,
unique_02867,H003,ZN,240,60,1.0,-1,
unique_02868,H003,ZN,240,60,1.0,1,
unique_02869,H004,ZN,240,10,0.2,-1,
unique_02870,H004,ZN,240,10,0.2,1,
unique_02871,H004,ZN,240,10,0.35,-1,
unique_02872,H004,ZN,240,10,0.35,1,
unique_02873,H004,ZN,240,20,0.2,-1,
unique_02874,H004,ZN,240,20,0.2,1,
unique_02875,H004,ZN,240,20,0.35,-1,
unique_02876,H004,ZN,240,20,0.35,1,
unique_02877,H004,ZN,240,40,0.2,-1,
unique_02878,H004,ZN,240,40,0.2,1,
unique_02879,H004,ZN,240,40,0.35,-1,
unique_02880,H004,ZN,240,40,0.35,1,
