path,sha256
evidence/all_strategy_gross_returns.parquet,97c9f16fb86a5ef89e1fcfd19442c4ac8b37d01843cdd5bc22477e38a54087fd
evidence/all_strategy_net_returns.parquet,1749c68f9d3d789d5566943b9d7f9afdc5962e82d193bfae9d6f6caac1b92ab9
evidence/all_strategy_trade_sides.parquet,4a998eff923f0edfaa8ac5f20361e23f6ffac0ac5cd286603a4c80388994fa63
evidence/audit_gates.json,fe4f046733dc7ae398a6870b36d492e5100c7bc08d9525984107b5e3cca62313
evidence/bootstrap.json,2f995179a2e9a1499808f6e2b7ac7c8c59c617c086c59927f5c51857178fda62
evidence/cost_stress.csv,78ff8fcdb4da6fee9f4fb2251dd24b78ce04f692bf805f1674e66ca3a69d8a50
evidence/fold_audit.csv,7cb6e8ab9f91b057c68c1ee435ac1fb5f01cca7d609c02d444558166894da2ae
evidence/outlier_stress.csv,9a878959d94499aa2847db28aab5eb5020fce3dba287d2aaa141ac24127ee21e
evidence/run_manifest.json,c0a6a89949560419ad8ea5e69873d7317f5e236f99bc6f89a38aeddb3d109565
evidence/strategy_registry.csv,2d92c393ea76edadac5c8ce8162f9aafc5b90bba79143e76cdb4fc556244105f
evidence/walk_forward_family_sleeves.parquet,d4a914670b776610e6a7e6675f091e3ad73c81e681fde622a2daff073febb524
evidence/walk_forward_portfolio_returns.parquet,900113e85fdd14b64c7de636739c84d1ffdb903643d9a527905776a8a93e1aba
evidence/walk_forward_selections.csv,cc2d15ea309f2b1793901b37eaa769d73acc0d14479b1906f6e14099d5197251
MASTER_INDEX.md,6a5dcbae57830b58526ada72e4d9a469f114c8044dd83f1b811f07005af0ca39
source_snapshot/pyproject.toml,b6dae9803572631ffe7214224a8aa13c09fce0913af485fbbe3044c0d329d011
source_snapshot/research_program__hypothesis_registry.csv,769299f63a2b180fcf52ad24859b3c24f71419dc9e779195f8dd8e5a610ff306
source_snapshot/research_program__learning_log.md,fb55436d2a1f098799c2fb2a9a345e8cbb6c2646333600e91eeaa2af4c2019be
source_snapshot/research_program__RESEARCH_LOOP_PROTOCOL.md,7155dd3324028f8cd2704d7e9cf02eeea3aa1ce09bfd77db4af0e26782a5180a
source_snapshot/src__systematic_research__unique_hypothesis_factory.py,e7c93c6f1a4ecbdf0aeaa87cfcc3197691dc939b693c33d2f5de969a75983f27
source_snapshot/tests__test_unique_hypothesis_factory.py,c8e4a6aa95fbe58afbc72985aca7b7e2201f40b8b3c36b7280869d5eedd4258e
source_snapshot/uv.lock,fcf2f208a4f0f6b11830ec6f32e9a209c99bde8bd014c452ea72dfb760de4f66
strategies/H002/unique_00241/daily_evidence.parquet,e06c2b9a82f0373bc3fcab5486f049cca641957b238999afccad03f4fea10b94
strategies/H002/unique_00241/README.md,64b85c69d608c4d32fd7a6fc756c53ef411655fd53316409d0a1b949e128d239
strategies/H002/unique_00241/strategy_definition.json,b385b98a177c2ded6d0c86705e1ba817303e3f7562625ef99c353c6c96f96c55
strategies/H002/unique_00242/daily_evidence.parquet,3b02fb1194c10981fbed879633a87b839a56d62f942f3b69f168106788013e97
strategies/H002/unique_00242/README.md,baa97d6110610959e0fe69f666d8c6eee915b6619a4bba4c9e0d42cee7b99e2f
strategies/H002/unique_00242/strategy_definition.json,1b39b371930d6d32ac7b49cd04934579f6cee38ffc325730e26232ce5b2c4496
strategies/H002/unique_00243/daily_evidence.parquet,cfb86e397295781672b9c01b7ed71d28046e86f3daf744bafde66734f564b0e8
strategies/H002/unique_00243/README.md,093004c1c870491d6f1c749c3db85dd218f31aa563a1d910116d81cd26e900af
strategies/H002/unique_00243/strategy_definition.json,e74b742d15128ac04a83c92fbdb175ace10fc4c12d0b0bb4c2a550214d6df278
strategies/H002/unique_00244/daily_evidence.parquet,eee145f255c5c480fb5223a922a38239f5e0118f9d4bc7cd5666519c0a263e06
strategies/H002/unique_00244/README.md,606525a4a2900cd433d4ce30368d90cf8115bacfd88c60bdfb76bb57ef5de30f
strategies/H002/unique_00244/strategy_definition.json,7f93140af7850e9eb82b11391dfe86a3b3df8d90b5abc54c4219636fbd2707eb
strategies/H002/unique_00245/daily_evidence.parquet,ed03570547f513d04f1b7d93fd87a06b9f4a2d1b01effdcefa4e7446c7510075
strategies/H002/unique_00245/README.md,8da8687d15a65709de92156b06b535cc75bfa1e51b8c7478abac8fa69acf2005
strategies/H002/unique_00245/strategy_definition.json,0e5444801b298ccd3d2aca04604466ff1d9aa8d323902daea47d96d92deea57f
strategies/H002/unique_00246/daily_evidence.parquet,ed03570547f513d04f1b7d93fd87a06b9f4a2d1b01effdcefa4e7446c7510075
strategies/H002/unique_00246/README.md,a5a3b2b0255272c6b8f8f9723f06e0113ba5dedd5b59fac53e2d39491d1faa62
strategies/H002/unique_00246/strategy_definition.json,411bc6f8658faebb504600d98803d69d2e4a86024666468b271cbd04cd3de151
strategies/H002/unique_00247/daily_evidence.parquet,e9568e0ef5ceec45fa05997f73b4ba95e47ae8c2350d49236220769db5da2087
strategies/H002/unique_00247/README.md,c830a20cdb9459f5c91f0320dea293cbc87bf49d602cd1726aad625f2f300cd2
strategies/H002/unique_00247/strategy_definition.json,5a839f552f52cba695ad9e5e650e5cdbe48eec69bd23e5faa9021410a64124b5
strategies/H002/unique_00248/daily_evidence.parquet,0a0a4b5318463305047139a19bc273479a353ec5e0712d71ef26cb72028b21c1
strategies/H002/unique_00248/README.md,8c7231daa4a441318978dbb5b9d0e5ce9d89173ddda606523a50bebea1338271
strategies/H002/unique_00248/strategy_definition.json,6741ca1f675b139ba88959e8046e8f719331ab6f05ba918e4a9b0d628940f26a
strategies/H002/unique_00249/daily_evidence.parquet,fdd4bdaecd8e38ff11d87c40e08ff21169825fe96c3ee22372ea907556543908
strategies/H002/unique_00249/README.md,dbf841dcca55864d3983aa13e33831506d81dcd38793a75e5ef58bebea0b3f56
strategies/H002/unique_00249/strategy_definition.json,e33f81a1a121c3e430bbde22aaf52f65d214484a0ac1b7355d940eca71004f4e
strategies/H002/unique_00250/daily_evidence.parquet,0acbfe4774b5ccc090941c1a05140484c1b528baf5867401b23017af25f128d8
strategies/H002/unique_00250/README.md,d89538f4fefd7e644b3725e700570cee745e4957c7e9bfa23b645442ed088819
strategies/H002/unique_00250/strategy_definition.json,aa7c35801c7ed45d89d5a2a0628882b56844bbecb4ec940d5c0bd603c35a3a8f
strategies/H002/unique_00251/daily_evidence.parquet,ed03570547f513d04f1b7d93fd87a06b9f4a2d1b01effdcefa4e7446c7510075
strategies/H002/unique_00251/README.md,7ee377ec946bc079b2fbdf972d192b48126f89b96d92b37585d6e2c6da4d9a7b
strategies/H002/unique_00251/strategy_definition.json,9a36a5a96b221752ad7a62697221d460d61e6150af209c58b0792c4c865daa50
strategies/H002/unique_00252/daily_evidence.parquet,ed03570547f513d04f1b7d93fd87a06b9f4a2d1b01effdcefa4e7446c7510075
strategies/H002/unique_00252/README.md,f9b9fff82e24266d9f7f516349db33506fe01dc5300f05e89510585de692bb07
strategies/H002/unique_00252/strategy_definition.json,e44d6d3b18fe640940bd09d272088cfd7750dd7a9f46cf9ba947811db8228b45
strategies/H002/unique_00253/daily_evidence.parquet,1e51599b8052dff32fe3381aac92919ef704daee065fc0ef7841e3d12a5b3e73
strategies/H002/unique_00253/README.md,d0492cadf8780653291bc0cc695899d60a8e309557c6b644ae7e0426bcb7f31c
strategies/H002/unique_00253/strategy_definition.json,290f9a4bc8079bd749ff2fc8ffda88bd8b6a84b8ab33d0f8332bf20532f07772
strategies/H002/unique_00254/daily_evidence.parquet,f8321741a6162d1f3f1de52d95952b8755774ce18b2c981c5b74cb7266a0a6a4
strategies/H002/unique_00254/README.md,0178c14e5a0979c67c5f55806a78b10d53cef4b1170e639f7d636531f825aaaa
strategies/H002/unique_00254/strategy_definition.json,3f84302891390876f4f88cf07939db2c4cba26c69f94ceb9ec7ca0b11bb2d219
strategies/H002/unique_00255/daily_evidence.parquet,ed03570547f513d04f1b7d93fd87a06b9f4a2d1b01effdcefa4e7446c7510075
strategies/H002/unique_00255/README.md,e50a81a39c09163b2bc11a9a0d99451cbf24b4ea0db86894893c308ab710f676
strategies/H002/unique_00255/strategy_definition.json,09bd4d067ce223554e1dc4d81c6d2925eafd12c6b5cdf2a562ef1fe557bd2063
strategies/H002/unique_00256/daily_evidence.parquet,ed03570547f513d04f1b7d93fd87a06b9f4a2d1b01effdcefa4e7446c7510075
strategies/H002/unique_00256/README.md,117ec4ae4f6dc011a36866620154e5b8cd2923e64f1fe1930a9c56ecd845c172
strategies/H002/unique_00256/strategy_definition.json,170e3ad0def3ed7b985878753f552cb8d83eeba58c9005685eb97fa772e58486
strategies/H002/unique_00257/daily_evidence.parquet,ed03570547f513d04f1b7d93fd87a06b9f4a2d1b01effdcefa4e7446c7510075
strategies/H002/unique_00257/README.md,4361dfbe2b334f1e33b331f38ca3e0922338e193d62327cff5cec81ddc0f98d4
strategies/H002/unique_00257/strategy_definition.json,7b910fa0ee5acec965bf4bafe1517fc8fed19b7acb213daf52f543739f55de0b
strategies/H002/unique_00258/daily_evidence.parquet,ed03570547f513d04f1b7d93fd87a06b9f4a2d1b01effdcefa4e7446c7510075
strategies/H002/unique_00258/README.md,9157fb8e35d9c75a5cd97874c1f9e7c868fefcde8c77498a7adb07887d704449
strategies/H002/unique_00258/strategy_definition.json,a5088400ca92d454006bc6e03161f6446b6db986226a6df99aa2090b539ad8de
strategies/H002/unique_00259/daily_evidence.parquet,61763c67ac3542c9eab7c96fb1ac434796c3fccd10217c5485d3057f927ae4f9
strategies/H002/unique_00259/README.md,d7f75ff8bbf6ac868d02d67fe6d55e3a50ff2b19cd365c48cfcdc3390e3fd8b3
strategies/H002/unique_00259/strategy_definition.json,2102c424fee76949e87c2508fbe057caff0fdd96a7ae40e63df67e9d2784f4d2
strategies/H002/unique_00260/daily_evidence.parquet,c49db22b78a00d75f78316ad37da6011e53a6c8bcacc6c7da511d306e6cb5d96
strategies/H002/unique_00260/README.md,6a68990ea9d4033af7c0c841869f5d1597fea69e7c10a878d4716c430c965ed9
strategies/H002/unique_00260/strategy_definition.json,b176cdf8551eeb232a1d7cbf24248207058a3c4adff8021d6fd51d18ea4f9488
strategies/H002/unique_00261/daily_evidence.parquet,ed03570547f513d04f1b7d93fd87a06b9f4a2d1b01effdcefa4e7446c7510075
strategies/H002/unique_00261/README.md,5de076b44cf300667b4fbccef4abcbe1ea2502ad4e175b8eec6123129fc6d5dd
strategies/H002/unique_00261/strategy_definition.json,2a56ca2edd3e6dfea75283b79567bbf9121c1610e3337ece395f65550377824c
strategies/H002/unique_00262/daily_evidence.parquet,ed03570547f513d04f1b7d93fd87a06b9f4a2d1b01effdcefa4e7446c7510075
strategies/H002/unique_00262/README.md,d3c6132bd99ecfb34c3b374453aeb8cad7005320d1eb36a157317d3e4ef3ac10
strategies/H002/unique_00262/strategy_definition.json,a9b1cdd37df500ff11e67436212bf403388c5ead534737a1bd08b63a267436d4
strategies/H002/unique_00263/daily_evidence.parquet,ed03570547f513d04f1b7d93fd87a06b9f4a2d1b01effdcefa4e7446c7510075
strategies/H002/unique_00263/README.md,2cda0ee7a0fa59aeac42adbeb72239724b87191aeec4c75dbb009bd5b10ac3cb
strategies/H002/unique_00263/strategy_definition.json,ac42c6b3b4d9efd8e953e6947288743f92805854b640963d69a21976c8af88b1
strategies/H002/unique_00264/daily_evidence.parquet,ed03570547f513d04f1b7d93fd87a06b9f4a2d1b01effdcefa4e7446c7510075
strategies/H002/unique_00264/README.md,dc146790300f90ed688640afc37481ffcf03dedc0ce1cb83dca3b05b082ce977
strategies/H002/unique_00264/strategy_definition.json,047a254e03996f0f7d1e60c51933e40999423a831a98a23921da9c45984db620
strategies/H002/unique_00289/daily_evidence.parquet,f2a066b797d2a5f8320707ddec5bf8e071b923c53a601652a7b7109672bdfca1
strategies/H002/unique_00289/README.md,afa0aa0bb1086648ee54be46af62f123a1188f0bcf0c37c603d47ec021b6b475
strategies/H002/unique_00289/strategy_definition.json,ceb4fd97cfc2e63b4e8f9902b7a31f967a19e2ab6d6e6844657aa80e87a16b8e
strategies/H002/unique_00290/daily_evidence.parquet,e10efb0953a1610aac14e0d9ca22204f1cd29496427d3ca83ab0ea3f98d489b1
strategies/H002/unique_00290/README.md,43ec09ba0566b87b49e6a705e0cea2c9f3414d90b0e676fc283eb2674cd77a12
strategies/H002/unique_00290/strategy_definition.json,3c502cdea3bb5fcc8119a726368b445998fa67bc6ccae5d356ad63cd457fcfbd
strategies/H002/unique_00291/daily_evidence.parquet,8d3b1dfc43ec8d8b5768dc0c2eb2f3b391392f07c87ef164d8025104df13fa04
strategies/H002/unique_00291/README.md,d56c0857febdfcf5b4b716daf78a0053255ae1d4caa28130017fc36a4fa1a36f
strategies/H002/unique_00291/strategy_definition.json,44ed6cd993e7a33cf995e4cdc3633f75187aeec931dec8ae2fc775be4d7b45d4
strategies/H002/unique_00292/daily_evidence.parquet,f2a4a06415c948c74d47f6dae2148beb4689bf182be2afafd5b04790ca640ae1
strategies/H002/unique_00292/README.md,3216352cd1f5b7103bb8fef539809b07251e1d76a477b20946cbc7789b8d4e57
strategies/H002/unique_00292/strategy_definition.json,d3d1ef31662cf0c96a059cd1fce2439edca19279e2759d9ccade52082cdd3796
strategies/H002/unique_00293/daily_evidence.parquet,0b8006d994a0402d8b31c4255a9203c380117220a8e72b6b773094251f311b44
strategies/H002/unique_00293/README.md,3feb9bb3871196418b2e0b9ecc4dd7da01391afeb4c8bb3f315171d589d47241
strategies/H002/unique_00293/strategy_definition.json,3c92a6cf0ee1d930efaf569c00f7288a092db48aa454987080c5038b1947baff
strategies/H002/unique_00294/daily_evidence.parquet,0b8006d994a0402d8b31c4255a9203c380117220a8e72b6b773094251f311b44
strategies/H002/unique_00294/README.md,24296cf51aeb8719013af16ecfb33dfe6a48ad53472bd39e80021a4d8b270332
strategies/H002/unique_00294/strategy_definition.json,f7b3fac6dd38b501481a7c9425360727b143e3fa75edd7a23d4f880473f6ca80
strategies/H002/unique_00295/daily_evidence.parquet,32b82357ab8e6095460be35080dac2cb1239f43a857ac972e94f848c949ec00e
strategies/H002/unique_00295/README.md,a3f70ec81da1c217018fea94503a154660b873ee0bff5475ad6845fb7e61efa6
strategies/H002/unique_00295/strategy_definition.json,57a300169d0e7a46b49185d1fbbe375e13f6aba0cc518212a4f416cbc3ac6419
strategies/H002/unique_00296/daily_evidence.parquet,120e0883f24e5eb87051abea544bb8cbed61d06e58422f931a958554c1a41f31
strategies/H002/unique_00296/README.md,65927a8d446241f1a02bbd1e3ec4cd9f3527ab85b5276f89caee05f1ca0dfe73
strategies/H002/unique_00296/strategy_definition.json,b5f02b11d6c38d7772e4228f43dc7b759bc13fbe2e337826ee5799ec9b15996d
strategies/H002/unique_00297/daily_evidence.parquet,d117d7710116bbf80ae2f69807ed0a98a91e4a0dbcbba7ac913d4ca8eee5270d
strategies/H002/unique_00297/README.md,7bca6ac0809fd66ac2cc171df6294311d3ddbf998383bc3039d5ff5922da32df
strategies/H002/unique_00297/strategy_definition.json,825527f63e0f2acb2183993c9aff3eff0c706f81e81fe1803e7f6446b3d4c5ba
strategies/H002/unique_00298/daily_evidence.parquet,e53e3231a270bb9b320350844cda87a6dafddd9f0f9259eb30b1e476171a4ead
strategies/H002/unique_00298/README.md,307178d135cbe560ab989c43092c7c9fd9fee8e17a7a91d5b6b7966ffc8575e3
strategies/H002/unique_00298/strategy_definition.json,f687d27506682d27f885afb975edfd6bfc44132b14ecbecbe5cb118cba9e6c39
strategies/H002/unique_00299/daily_evidence.parquet,0b8006d994a0402d8b31c4255a9203c380117220a8e72b6b773094251f311b44
strategies/H002/unique_00299/README.md,febc12e50b4e519a2775509aeaff488f327815b9733328c84acd7c36f867bb44
strategies/H002/unique_00299/strategy_definition.json,43ebd27dcc27f1d7d93799018de4c798ec5c9634534354c25d9c5a060bd11984
strategies/H002/unique_00300/daily_evidence.parquet,0b8006d994a0402d8b31c4255a9203c380117220a8e72b6b773094251f311b44
strategies/H002/unique_00300/README.md,a6b746a36d1dd8ff5917ab9b473b2082c3fff020b0eb71815080dcf2a45c8d0c
strategies/H002/unique_00300/strategy_definition.json,9ebe4d1efab906bef672a7f3857ac65be8d650780e097d55bb4e2aa56e0cdd36
strategies/H002/unique_00301/daily_evidence.parquet,4f893b48bc443549eaabbcddb0cf96f4ed07994e9cde01ad3fe85f1dc3b55baa
strategies/H002/unique_00301/README.md,5411b09381e6451cb88bd7deab416e767191b449155857958be2dfda4af6524a
strategies/H002/unique_00301/strategy_definition.json,bb3eedbe5c6f9886a374d5a1baa442605a3e7299bfd96fb3bb1de8031afda96d
strategies/H002/unique_00302/daily_evidence.parquet,d58b946dd9999afd3614e5a900a532781d3e618dca3ae7c96575dffbc470e4ba
strategies/H002/unique_00302/README.md,9a3c58918e2d6bd96f485510dd9449e07951618b07eca5b98b6f7916dfa7244f
strategies/H002/unique_00302/strategy_definition.json,9a927c3ab3af5fcb507c9b9ffb0343150c0ad9a45ec870ccd3d77deef9bea7fb
strategies/H002/unique_00303/daily_evidence.parquet,0b8006d994a0402d8b31c4255a9203c380117220a8e72b6b773094251f311b44
strategies/H002/unique_00303/README.md,ecdd0530116235237e6686549103e77caf0f011b6ecca0954013e80ff96c354c
strategies/H002/unique_00303/strategy_definition.json,ef7cf374d5843218326439aa57af8101330a1e5b895cb7080d391b0d466290b2
strategies/H002/unique_00304/daily_evidence.parquet,0b8006d994a0402d8b31c4255a9203c380117220a8e72b6b773094251f311b44
strategies/H002/unique_00304/README.md,3d643fb4d27d473ca0417f10f8b51afdf0f1e7c7439b9eed4b06f5e44eb943c2
strategies/H002/unique_00304/strategy_definition.json,fab1575b4c41fa663add3179bcb58fe7ec0842c8fb6d99de18481ab02b4a8c71
strategies/H002/unique_00305/daily_evidence.parquet,0b8006d994a0402d8b31c4255a9203c380117220a8e72b6b773094251f311b44
strategies/H002/unique_00305/README.md,934536719feec5034edf586b92a525081b36b45fbfefd73fa1341c6ea1e63c81
strategies/H002/unique_00305/strategy_definition.json,6e094759aeb02745a799f8de747e3caae07f1c06c0f6ccaafc7f489751f9533d
strategies/H002/unique_00306/daily_evidence.parquet,0b8006d994a0402d8b31c4255a9203c380117220a8e72b6b773094251f311b44
strategies/H002/unique_00306/README.md,f1a1501fb4611ed890ad0f80a311c6b72b1aaed7a71a1c16bcd4fbfc898fe13f
strategies/H002/unique_00306/strategy_definition.json,69e261755d2a1a5a22cb98d7a4931a111bac8925e8ca1babf9f7d933b2891b32
strategies/H002/unique_00307/daily_evidence.parquet,2e9e5fc58cc0b3598be1236435d5dee550e481dd2808566fe39aa08eca30e854
strategies/H002/unique_00307/README.md,bfae9100295d0a48705c2477ab2cbd7afa3817243bb3bb1ee9cc02b255a0ecc5
strategies/H002/unique_00307/strategy_definition.json,4c3c0ba520bfb4151bf32964572955fb7e189e31e7e30550fb8cd1a109690654
strategies/H002/unique_00308/daily_evidence.parquet,f0c1517bb641b39faeab67e947c75f77ce22a9d99b3b72ccd4c4fcf5e9e16ee0
strategies/H002/unique_00308/README.md,3e2cc4858af29b77dab9de71f8cd7767889f0b607933fadc02d1ae28ff11d18c
strategies/H002/unique_00308/strategy_definition.json,e83260689429c6a2b2398314b17a209136f727a8a007ede85ceb79b3d4194181
strategies/H002/unique_00309/daily_evidence.parquet,0b8006d994a0402d8b31c4255a9203c380117220a8e72b6b773094251f311b44
strategies/H002/unique_00309/README.md,44683057a5648779ad055c6b87e96eef765b6e4641d15215d2429f9c53738a89
strategies/H002/unique_00309/strategy_definition.json,859660f602fb898c2ec72bd3078e8bcc7ac8932f5543154ca150ffdd0069caf7
strategies/H002/unique_00310/daily_evidence.parquet,0b8006d994a0402d8b31c4255a9203c380117220a8e72b6b773094251f311b44
strategies/H002/unique_00310/README.md,401b6c77ea31d067d58aaae3bbe21d92ba9d4de0b21c90213b5050fc1ec72419
strategies/H002/unique_00310/strategy_definition.json,0d5a197e390f7dbec1869260e4db989b4e04022d0d47e01019947bad336984be
strategies/H002/unique_00311/daily_evidence.parquet,0b8006d994a0402d8b31c4255a9203c380117220a8e72b6b773094251f311b44
strategies/H002/unique_00311/README.md,5c0a3e1d3aae771cd92ec5f64d364e8e9e4bb46b5ecd4d29e4bb6b33830902aa
strategies/H002/unique_00311/strategy_definition.json,e358d73d3b1173af22ea324f690ff967c6153482c5897c7011f0ec237574d0d4
strategies/H002/unique_00312/daily_evidence.parquet,0b8006d994a0402d8b31c4255a9203c380117220a8e72b6b773094251f311b44
strategies/H002/unique_00312/README.md,688214cc77f1315deeaf5dbed0ee25ca0664014f30889ff8b644548a023ffcc5
strategies/H002/unique_00312/strategy_definition.json,6810f34a93141ffcef65522656ca36d71c37afbb3dd5af3170de85f60f0ef3fa
strategies/H002/unique_00337/daily_evidence.parquet,f157df7727da63037fd4d4e3602fb1da2a915d5c90f9d68c1d1135a62fd39dd6
strategies/H002/unique_00337/README.md,e708265c56d4f66db27b2be38179a4a5dcefa74d72270d3f013d9064d94a0c51
strategies/H002/unique_00337/strategy_definition.json,1c0df81ae351322a81173b7b795a5a8a419a2abda192df5fbb5c90758afed0ce
strategies/H002/unique_00338/daily_evidence.parquet,cca878bccba82aa49c66d9a9152476f2b7a4bece0bbafcdb274e41c445be151a
strategies/H002/unique_00338/README.md,4c4dd1654d78965ad609c72e70dc88a56391ed0bd80b682ebb39350f506f5627
strategies/H002/unique_00338/strategy_definition.json,7d34066211e8d4bf34bc67460dcece796cfe77512268165f69c865eab65bb7b2
strategies/H002/unique_00339/daily_evidence.parquet,636d668cc89540d51ec51b19b6462c4bdd9fe0b28d4ae78488a9b172bf51a428
strategies/H002/unique_00339/README.md,dd15279927af1fb38ba76ecdd03cf642723d5fb5ff9abbcaff967f691ab83266
strategies/H002/unique_00339/strategy_definition.json,4b1aaae422f4600c6980faf1a091e726908a48583c9c26937d9cd277159d68de
strategies/H002/unique_00340/daily_evidence.parquet,fc74793b35a19de4c48489654b93e35d733dc2fb62f08552723e1555c2c9720f
strategies/H002/unique_00340/README.md,2a6ceef72da99cca9e7e752ced6b61e4a486c16d09d5ba99c804440631a8bae9
strategies/H002/unique_00340/strategy_definition.json,163af75b6f4a06693e769132ea98480a7f208bc849c17d5853878aa931b94b4f
strategies/H002/unique_00341/daily_evidence.parquet,1c32441caf37981e78ad1f3365ec88397698521a0ba29ca5431323147d793661
strategies/H002/unique_00341/README.md,f1918293f13156fe082bca83b69beb9e026089cf91125240500737798a3c440a
strategies/H002/unique_00341/strategy_definition.json,0d3928b3d28863d97b8389b19db8d7ec0e3550716058d1257e0d4d89019640cd
strategies/H002/unique_00342/daily_evidence.parquet,1c32441caf37981e78ad1f3365ec88397698521a0ba29ca5431323147d793661
strategies/H002/unique_00342/README.md,f61a91ea0dd92fc4d3f18c1683f537497e24591886d16d085b78959f98b6eebd
strategies/H002/unique_00342/strategy_definition.json,1005fbb4a2b5d5afe225446aaca172911393f2041547c85dfa4a41e217ceb580
strategies/H002/unique_00343/daily_evidence.parquet,5b667765f3fc139db29e5b3c193463664bef5a46178e19d61f7d99f2391fb631
strategies/H002/unique_00343/README.md,fdf32cfe596c6c8a9cdf1f6f6c0ef3fe2e68e3c0fbf9862b008513c959b14fc6
strategies/H002/unique_00343/strategy_definition.json,8e1597da8d7d4465fb0c4e4ea4ab638b765393ba77f539eb3022a535d98e46fc
strategies/H002/unique_00344/daily_evidence.parquet,ec1162d0b0c636b662721fb32b90fea09a9d6650f944fd6b2c28a67e69760ff8
strategies/H002/unique_00344/README.md,fcaa3345490dc0618c89edcadd418b6c87747727f2be67de537e421de3fd3a7d
strategies/H002/unique_00344/strategy_definition.json,0294a400a2700368caeb543ca552c90eb4d57bb8c932c8c498e94c61c7c70f59
strategies/H002/unique_00345/daily_evidence.parquet,1c32441caf37981e78ad1f3365ec88397698521a0ba29ca5431323147d793661
strategies/H002/unique_00345/README.md,8ebf6f3a597446ab4141ef9053befb80b498ed4af03646ff4616176027a0f573
strategies/H002/unique_00345/strategy_definition.json,3c3c5f6eeb8cb9e41031349cf0ecf240025832fa2e00dfe541ce1bca2041290a
strategies/H002/unique_00346/daily_evidence.parquet,1c32441caf37981e78ad1f3365ec88397698521a0ba29ca5431323147d793661
strategies/H002/unique_00346/README.md,e3b321d473b889a41aee4f299e2c87d3511958aeb24c35f8439a6ad770e7b22c
strategies/H002/unique_00346/strategy_definition.json,3c15d2bca642330da5b5b2305eccca70e344a757b68619b8ada56afd0eacc985
strategies/H002/unique_00347/daily_evidence.parquet,1c32441caf37981e78ad1f3365ec88397698521a0ba29ca5431323147d793661
strategies/H002/unique_00347/README.md,1dcdb22bd1fbbef9df1e2cd9257508762f2db5ef9fcb97ca98b9159442a59196
strategies/H002/unique_00347/strategy_definition.json,ecf61fd4da158b23e91058b3ad11d4e371da81721f7592127af1778b57774016
strategies/H002/unique_00348/daily_evidence.parquet,1c32441caf37981e78ad1f3365ec88397698521a0ba29ca5431323147d793661
strategies/H002/unique_00348/README.md,b47b61d84896d94e86f2bcd1814eb492dc307003f596c61800e9f99b1ac1f514
strategies/H002/unique_00348/strategy_definition.json,05ead7bd7dbeb6c12b647d0e33ad9f84fb9b6890806eaba4cb89d83dbe8dfc72
strategies/H002/unique_00349/daily_evidence.parquet,442e39ee6d7ec85dac82c3900665fd2d5a84bfffed6795724d756fe0ee0dabb6
strategies/H002/unique_00349/README.md,32a840f2293035b3b5ebaf8791169d5f5f724e5e483018cf359d3c4ce98a5d18
strategies/H002/unique_00349/strategy_definition.json,2d768d80409c839c5a7fb68eeb26bb8dab1783968dd538060a3a74198a401830
strategies/H002/unique_00350/daily_evidence.parquet,18c22bad95c63eb106814b25aa6b127a20847f44997672b726b1249362df8506
strategies/H002/unique_00350/README.md,823f48869ccdcf80d36b26563a0a927f3e33561fcea528afd2fc580e9e567a34
strategies/H002/unique_00350/strategy_definition.json,75a25f69b6b4b88c769970e455a456614514a26586911191ac3b15dfbf1bd7de
strategies/H002/unique_00351/daily_evidence.parquet,1c32441caf37981e78ad1f3365ec88397698521a0ba29ca5431323147d793661
strategies/H002/unique_00351/README.md,c53a96d329a646999361dafc3181f608222bcabe3ea7ff834122c49935a3c734
strategies/H002/unique_00351/strategy_definition.json,f66c1bde83510fe47f33533b113442e403636cbe1d53f19cf21356d30bfb0a38
strategies/H002/unique_00352/daily_evidence.parquet,1c32441caf37981e78ad1f3365ec88397698521a0ba29ca5431323147d793661
strategies/H002/unique_00352/README.md,a246e927734863b59f06ff00dfbc04c4c8cb9019fb6ac1968e481012aa12af40
strategies/H002/unique_00352/strategy_definition.json,bf1b7fb5b580f643db61a65d455633f09417335f04d8ef5b81fe6de139ba55f8
strategies/H002/unique_00353/daily_evidence.parquet,1c32441caf37981e78ad1f3365ec88397698521a0ba29ca5431323147d793661
strategies/H002/unique_00353/README.md,24916cfd7b43ea89b568bd6e147921778b9d259d4aee2d7a615d65e67c0231c7
strategies/H002/unique_00353/strategy_definition.json,e943b7452d43e84828398a6954206a2375f14fcadb2e04a222ff1fbddd714769
strategies/H002/unique_00354/daily_evidence.parquet,1c32441caf37981e78ad1f3365ec88397698521a0ba29ca5431323147d793661
strategies/H002/unique_00354/README.md,c7160aa89061eb6baf0e38a6850403b3ab9b890fed1df1a8d5053c7d10d93be9
strategies/H002/unique_00354/strategy_definition.json,e81cb2162c36d689f8d9df35d71278de24ba55992258206d260877c8f597cd72
strategies/H002/unique_00355/daily_evidence.parquet,5043367c664dad0ec59703f9d7fe184011105d80ece72d621b448db3100e990c
strategies/H002/unique_00355/README.md,a68e114b0d1ce2aa68ad00f857e233c70a9ca763a60d37e2eabb2ecb00321593
strategies/H002/unique_00355/strategy_definition.json,b88482cf23632c6d63efe57fea189699a5f96d3f553be59afd8bf17cab4541d5
strategies/H002/unique_00356/daily_evidence.parquet,48d49168642dd80a74204a84288b2e703e192f9401861dfe8fefac2475fe8f68
strategies/H002/unique_00356/README.md,3566d6105f62dc7567e35ad24a6d2a6ff025fbd69c10fcdc68670ccd2a562919
strategies/H002/unique_00356/strategy_definition.json,cac3cb9ada074670c26b690afbedf1a7e263ecbab17aa641a06f1a0acff6536c
strategies/H002/unique_00357/daily_evidence.parquet,1c32441caf37981e78ad1f3365ec88397698521a0ba29ca5431323147d793661
strategies/H002/unique_00357/README.md,aa701a0be7212ab1a321320b60c9235affae91043b63925b406e07bc1de3d806
strategies/H002/unique_00357/strategy_definition.json,055ecf36101028cc80752a9259730dd7894517cc84c96fcc3d7e74cdf61cfbd5
strategies/H002/unique_00358/daily_evidence.parquet,1c32441caf37981e78ad1f3365ec88397698521a0ba29ca5431323147d793661
strategies/H002/unique_00358/README.md,7e898cf6994938e305fadc0107e5a05c245e47af756ef6ca427d243dd943ac46
strategies/H002/unique_00358/strategy_definition.json,0aa3ca5b473efab3cae72b8bec3d177cfe53282830879282eb5f9619b1a00168
strategies/H002/unique_00359/daily_evidence.parquet,1c32441caf37981e78ad1f3365ec88397698521a0ba29ca5431323147d793661
strategies/H002/unique_00359/README.md,2dfbd1400563346a4abb457da85056ba2860101f68717ef39ae638f6caa0664a
strategies/H002/unique_00359/strategy_definition.json,53594a333136162d58a756844ae53d2d015db06cf65cfccd9d31c31a706825d4
strategies/H002/unique_00360/daily_evidence.parquet,1c32441caf37981e78ad1f3365ec88397698521a0ba29ca5431323147d793661
strategies/H002/unique_00360/README.md,0e0cf7c30e2bda01921161b3a41c892741223d03156a8a33fc807157960a796f
strategies/H002/unique_00360/strategy_definition.json,7017535596a4f07797d74897b4952afc1a0fdf5dc20e918f854c9b742ebac11e
strategies/H002/unique_00385/daily_evidence.parquet,e0f4cbbde72ae52c95e85a5e111640296f15088f5452fd22805d499c2b40128f
strategies/H002/unique_00385/README.md,cbf57910bfa469c1709a20ca1e96ea06d78471b85ed7cb1f4861abbf6f93b51c
strategies/H002/unique_00385/strategy_definition.json,c2796a0769eb3b652af3146e8cd2b5e058ee1e17fc0229f9ae6c83707d48e587
strategies/H002/unique_00386/daily_evidence.parquet,d2f6becdd8eb9245814ada848e30731024d83200974f321483e7805ae03b4f2b
strategies/H002/unique_00386/README.md,b99cb115f5796de4935bd41dd2b4f210263e4884380800cf988dd4941b8f156b
strategies/H002/unique_00386/strategy_definition.json,9137509fef98963426d180102d3ccb521d1569137b485b7e229000198a4447d5
strategies/H002/unique_00387/daily_evidence.parquet,3dbe80a0cf9d3e39ba873c66dcc801a718dcaf98d6b45178c25591473e9552db
strategies/H002/unique_00387/README.md,3f798c882cc72ce50acf9267bf144eb39174478da7eab9b3a4c7fa6596578a48
strategies/H002/unique_00387/strategy_definition.json,f7eb357d8c02fc0a7d925414aac73414d632721beb907bc90b89c82060f04fdb
strategies/H002/unique_00388/daily_evidence.parquet,0c4c987f920a2b1ed1b16a5c89461bc5693534a301fb9d5c7968c9fc8c5c5d01
strategies/H002/unique_00388/README.md,95ff185db5289f53da7b98005b59a2a5183eb2c58a36140b37ff67e90068e43f
strategies/H002/unique_00388/strategy_definition.json,ec0afc60a3f1e224c5f4afe350050d24b2915a227a8bcd0d3aedbf3154d7db92
strategies/H002/unique_00389/daily_evidence.parquet,d126cdfb9c8a8e03961701781cb9f0e7e6f3aa26122e54926b7339d233e21aea
strategies/H002/unique_00389/README.md,39fac844e6f376fc654168c2ac2cdbe9da17024a8955dcc0f605743db144dbbb
strategies/H002/unique_00389/strategy_definition.json,e9247eb4cfe227c3efaf627a84dddc84037f6f0335424a564012116b41812d4d
strategies/H002/unique_00390/daily_evidence.parquet,d126cdfb9c8a8e03961701781cb9f0e7e6f3aa26122e54926b7339d233e21aea
strategies/H002/unique_00390/README.md,010dcd26ece6159447f9d796e11736d64922c6c22c299f82e70cb2ba433eb8fc
strategies/H002/unique_00390/strategy_definition.json,12a2f78e1969b27f2f9e5653685021a0e0519a4d21b7283a444cfc92db0eb673
strategies/H002/unique_00391/daily_evidence.parquet,14a593790439790cabe962a5b985dbc3e0684d2146c2efa2b6192ea1a587e57e
strategies/H002/unique_00391/README.md,30f711394c5d83f85f1fdde891f8674d70b74fd137159db5af6648d89dbc3805
strategies/H002/unique_00391/strategy_definition.json,f5b3a5505f1713e4e5f9165582667c55d43a09879f9446dca5fcff0fd209e041
strategies/H002/unique_00392/daily_evidence.parquet,bf73f0e27f45733ac6c5b668b422574e7d9d26f0df9a323f07840610cfc4a6c6
strategies/H002/unique_00392/README.md,4f841fd616cf398bbc0d0c22dc233194abb9d5adeba1ae257df77e6279064f12
strategies/H002/unique_00392/strategy_definition.json,b93c4b9c657923c10958a78940d0ed0a61789288b853c1870d60c6ce39251eea
strategies/H002/unique_00393/daily_evidence.parquet,d126cdfb9c8a8e03961701781cb9f0e7e6f3aa26122e54926b7339d233e21aea
strategies/H002/unique_00393/README.md,9d1951ae98211859c199b74c23bc03eaa91585ea2da31abb7effd0ee551ef836
strategies/H002/unique_00393/strategy_definition.json,85b614a9305a3fc00368be0bc48134a6dab7db925bcffc40f342ff0e28d1a77d
strategies/H002/unique_00394/daily_evidence.parquet,d126cdfb9c8a8e03961701781cb9f0e7e6f3aa26122e54926b7339d233e21aea
strategies/H002/unique_00394/README.md,5487c6ab2a445092cccd0450eb8325b4277479a8a48d426f031238362d987fff
strategies/H002/unique_00394/strategy_definition.json,34000d07533b2020373b6813bbcb8b44dbfddcef04f2de51ae971031591b21af
strategies/H002/unique_00395/daily_evidence.parquet,d126cdfb9c8a8e03961701781cb9f0e7e6f3aa26122e54926b7339d233e21aea
strategies/H002/unique_00395/README.md,73b642d088c2d9aaf7377bdd82f779ac453e46e0943aa28932a4a1a01359feda
strategies/H002/unique_00395/strategy_definition.json,34e01d58c3af214ca6a5124b7d3b2bfd40ccf425d8260940274497c164aafc58
strategies/H002/unique_00396/daily_evidence.parquet,d126cdfb9c8a8e03961701781cb9f0e7e6f3aa26122e54926b7339d233e21aea
strategies/H002/unique_00396/README.md,1cbe80cf2417bf7820bde373930f3f36a3d3047ac8ff522ba57abf169a281068
strategies/H002/unique_00396/strategy_definition.json,a9bc121b326b87c1b18e31d3c1f72f9f295052eccf3b6b5c306cac95fceceeb9
strategies/H002/unique_00397/daily_evidence.parquet,747daa3ead9b78048fb58dd4d3f58accf73d535223d07cc0dfdbb0c7990ee9fe
strategies/H002/unique_00397/README.md,daa8c7beec2bf97910bd798f61c4125371d8389f8979bf02bb0a545f4cd9d1f0
strategies/H002/unique_00397/strategy_definition.json,721baa6239454ee3219e09bca8012207d8b7b370a6b10611069bad0b6702a0e7
strategies/H002/unique_00398/daily_evidence.parquet,d8dfc77e47b8f03deac8c769cb0509d0d101881cc641a492f78b421e6858ff12
strategies/H002/unique_00398/README.md,e28c421bd3f7ca83f469959af8732dff167e934e88356845f61ac1cdb4a629b6
strategies/H002/unique_00398/strategy_definition.json,000daa4609c42b8db09c557e88aeab356425867290a20ba843944c285d9e1595
strategies/H002/unique_00399/daily_evidence.parquet,d126cdfb9c8a8e03961701781cb9f0e7e6f3aa26122e54926b7339d233e21aea
strategies/H002/unique_00399/README.md,5237adcdc576b15c2ee4ae80c6072e75dcbc488abeb334726f447aa4fa789456
strategies/H002/unique_00399/strategy_definition.json,623516ddaa201bdbc7f4867c43e75bf7b8e2f3fdc1e6051919c721b1a5488778
strategies/H002/unique_00400/daily_evidence.parquet,d126cdfb9c8a8e03961701781cb9f0e7e6f3aa26122e54926b7339d233e21aea
strategies/H002/unique_00400/README.md,7a9804a30e60dcbf0d9f1a64b8e1459b32385086149100d48065ae7e560ea88c
strategies/H002/unique_00400/strategy_definition.json,a5900d955e388eac7fbcba572cd595734cbc99ab2baaab305c454586192b7c02
strategies/H002/unique_00401/daily_evidence.parquet,d126cdfb9c8a8e03961701781cb9f0e7e6f3aa26122e54926b7339d233e21aea
strategies/H002/unique_00401/README.md,a4d64c305a2eb1e1eb35dff6ad4bca7965ab03e11e2522ff3c6a7b91715dd823
strategies/H002/unique_00401/strategy_definition.json,6885b6962d873c34379818f4083b97d189f5c947b94dcd5b8d3c702478e287c2
strategies/H002/unique_00402/daily_evidence.parquet,d126cdfb9c8a8e03961701781cb9f0e7e6f3aa26122e54926b7339d233e21aea
strategies/H002/unique_00402/README.md,5aff0a01748f9c74703d152265766bbfe29113f17cb4e10f78a22f3bbe74afc9
strategies/H002/unique_00402/strategy_definition.json,c303d12e2244af3975aa88f39b177458a33d62f3212488bde9f6286d01729e31
strategies/H002/unique_00403/daily_evidence.parquet,26a74711f39ba57ea75a7326038d3ba57d25f0bb72527e1a2e92c9ef5c8875fb
strategies/H002/unique_00403/README.md,5c349e208e68ad6cea56974903db4395d1c2a9638cabe091877e2364879200f3
strategies/H002/unique_00403/strategy_definition.json,05adb60814d3db756ab91a4a97d698be6c7bc787bf2e4cd0216b327bbf37db6a
strategies/H002/unique_00404/daily_evidence.parquet,3217fedc25a963ac7434d47e8f01b6df8001ae0ca740784d38b19baddcff7f4b
strategies/H002/unique_00404/README.md,b6202a50de71023cedc56c63cb0fcb4e05b1e2a784e26ddf28f1fd0165112eb9
strategies/H002/unique_00404/strategy_definition.json,bc13ad56c08f60c086a8378c25732279fd2f295626ad58ea5c117c6b2f06674f
strategies/H002/unique_00405/daily_evidence.parquet,d126cdfb9c8a8e03961701781cb9f0e7e6f3aa26122e54926b7339d233e21aea
strategies/H002/unique_00405/README.md,9ad4a1baa52483698d2835142b40244f6cb52378e9bc080c1f33aab0853cdd23
strategies/H002/unique_00405/strategy_definition.json,164d4dd0b0933e930fbef9d75d22bf27dceb93b1a68899fc07bbd9011986e49d
strategies/H002/unique_00406/daily_evidence.parquet,d126cdfb9c8a8e03961701781cb9f0e7e6f3aa26122e54926b7339d233e21aea
strategies/H002/unique_00406/README.md,daeb407fd6ef7a7183d58b0ac748d407a24d9f10318fa49b1ce8dedd43b2ee13
strategies/H002/unique_00406/strategy_definition.json,d6910b70d41b3f5fe16b34773f986db2e29a50d90cd2539e49871e4f572bcf87
strategies/H002/unique_00407/daily_evidence.parquet,d126cdfb9c8a8e03961701781cb9f0e7e6f3aa26122e54926b7339d233e21aea
strategies/H002/unique_00407/README.md,11d9d69e99735cdff5866b0c091254adbe5a2eaf0b1eac4c03a2f9be70047aea
strategies/H002/unique_00407/strategy_definition.json,c84210422cee34b2599c3ed2545cd6f41b6e6f2580bd72240dfb921396db9c12
strategies/H002/unique_00408/daily_evidence.parquet,d126cdfb9c8a8e03961701781cb9f0e7e6f3aa26122e54926b7339d233e21aea
strategies/H002/unique_00408/README.md,6d99d3fb3063de618377a80f057e27b4021fc757eb6eab538f6e5cae20cefd0c
strategies/H002/unique_00408/strategy_definition.json,dff66584fc6eb15fe848a1679c72f44aa1461cec60f4b61ffb3f3e99c4bf986d
strategies/H002/unique_00433/daily_evidence.parquet,d3e51c9a69304a94a51d575930769128d40432ea53f09729575eef00dd48b518
strategies/H002/unique_00433/README.md,8a40c81ee9dda00665eda72adca19ca1c467ebe34b75fda099c0fff2f3204707
strategies/H002/unique_00433/strategy_definition.json,d4c560fb0109ec30e1d5a1c3cf622ee248bc1beb515bd441f4e66d047ddf882f
strategies/H002/unique_00434/daily_evidence.parquet,67ee7182187e881faae87f620a499b66c87228deed569e5ba59f21fbd09ea8f6
strategies/H002/unique_00434/README.md,768b91dce97334eecaa3dc083d2a394c21ebc3ccc71df9ed2e95f6d7ac3056e3
strategies/H002/unique_00434/strategy_definition.json,93b04329756af5ff08871798c50728cd0b983b4b4f5db0ba5d6fa65856a54430
strategies/H002/unique_00435/daily_evidence.parquet,1fa298be56fb21aa9c8aded0e25c17544bd95eafb3a04733edb38e430ffa8b10
strategies/H002/unique_00435/README.md,a04b98181d5b5afa059f5e9e33924af6601e11254de05801656543494595d3d3
strategies/H002/unique_00435/strategy_definition.json,bb9b65488bfadea1b7b28e92f93d9fd856749141e0e55f66ffc4d8560d78aec2
strategies/H002/unique_00436/daily_evidence.parquet,2ce95e7573eb178037c21ae57c6b30a4b87e3c17091d39b20cc4b7a847ce32bd
strategies/H002/unique_00436/README.md,72da9679318f6f23104f4a7c7f9e5abb0b7ebff8db16f9e98f424b39f7bec079
strategies/H002/unique_00436/strategy_definition.json,acbcfde1127b46e0e3348bef522bb068cafb5a05addd5262b2581be07c2f06db
strategies/H002/unique_00437/daily_evidence.parquet,c36c667ed547e46d68421208941b41b37a17c7bc1cb6f359ba90eea6763d0f8d
strategies/H002/unique_00437/README.md,0a4e4390caba3ce2bd254e0054d9e5b0fb36feb3f667cc204974b608b75e35e5
strategies/H002/unique_00437/strategy_definition.json,f74f8190abfb5fc4c7d4fd22f7ec87387f5e9115da18b953d77deb36fd16d7b8
strategies/H002/unique_00438/daily_evidence.parquet,c36c667ed547e46d68421208941b41b37a17c7bc1cb6f359ba90eea6763d0f8d
strategies/H002/unique_00438/README.md,89a47814b9279bc88034fd4f98b5ed5d3bc4d1d4743c7dbf8b0fdc81188b2b78
strategies/H002/unique_00438/strategy_definition.json,547c4d0dd965ce2ee2746d4400157cd6b779c620008fafba5ee77fe90ae293f8
strategies/H002/unique_00439/daily_evidence.parquet,055f7107728850b758c80d5129927444e96c68cba7df970473bfc1b46b62df40
strategies/H002/unique_00439/README.md,dd9e8dca53935f48b65b09df53194666f27aa9a5e3b2528ec709f3b7dec595ff
strategies/H002/unique_00439/strategy_definition.json,ca225eb2650baa1100f8466e845ff279d837dc4564c1c64eabce0295ddaa2ea5
strategies/H002/unique_00440/daily_evidence.parquet,bc246cc878db5b6f52943662ae0a8d461853ae746bf5452ee9bd7e05c1336bac
strategies/H002/unique_00440/README.md,1f482e2ecc43a1cd6e196285aefb55044c6bd0093e33f7ae22fa66f116989d9e
strategies/H002/unique_00440/strategy_definition.json,7f7ea865e86015f627f0e749661105e33e94be05af44c2fa4dc907fc14bf0d3a
strategies/H002/unique_00441/daily_evidence.parquet,c36c667ed547e46d68421208941b41b37a17c7bc1cb6f359ba90eea6763d0f8d
strategies/H002/unique_00441/README.md,eed7663afa5781dc3ced4b393b204adffdc2162c7625485bde606c22b5fd46af
strategies/H002/unique_00441/strategy_definition.json,ba90a074ba9aaf2a8989d2bb97ce161aef30c0c033a2a69c2ef5c6e62fe52bfe
strategies/H002/unique_00442/daily_evidence.parquet,c36c667ed547e46d68421208941b41b37a17c7bc1cb6f359ba90eea6763d0f8d
strategies/H002/unique_00442/README.md,28ac4cb17e05137ee5e5367cbab79101642c5ede5e750c67cf01b746970c53d1
strategies/H002/unique_00442/strategy_definition.json,6aa6a480dc2a0e5baf8cb1f1d8f7b5ecff9f81345a8247c1271deac54e514e4d
strategies/H002/unique_00443/daily_evidence.parquet,c36c667ed547e46d68421208941b41b37a17c7bc1cb6f359ba90eea6763d0f8d
strategies/H002/unique_00443/README.md,321863fb1cbcd4264b9ceaa03d91bf9f01dc27134c3849e83fcdbe7df28eee2e
strategies/H002/unique_00443/strategy_definition.json,3ed6dacc04574b938b967534e5fcaac11fb9572da42a04d79042fa2364b2dd42
strategies/H002/unique_00444/daily_evidence.parquet,c36c667ed547e46d68421208941b41b37a17c7bc1cb6f359ba90eea6763d0f8d
strategies/H002/unique_00444/README.md,d4b9f22a5880f04a3e308eabe616ff4ec4660c60c0d9d846edf619af105b969f
strategies/H002/unique_00444/strategy_definition.json,cb38f8478a23f1258e7da1c85da81e79b0c144a942071cc96b6348cfaae2eec2
strategies/H002/unique_00445/daily_evidence.parquet,e445a6cdb3af9c557575f00e68bcb58e2d34fe71cf095d4b5a18bfce20bdd8e0
strategies/H002/unique_00445/README.md,47ebaa7ae5f3128706961a3982b302e947af42bbb47126c6e3dbc738aff67a74
strategies/H002/unique_00445/strategy_definition.json,340e9139987886c0992c5fbb95e247187d6ae2d57787f3e81a7eda782147c556
strategies/H002/unique_00446/daily_evidence.parquet,c2eb9323560d18f0c7e24a1c80cd0647da42473eadc53c118b5df198de973257
strategies/H002/unique_00446/README.md,ff86f9b59dd056da6df1d01aeebe5cc97c8570d5272375c0fb61e9d1dd1639a4
strategies/H002/unique_00446/strategy_definition.json,cf2136bab1860b597342fdcb526783d6e757ad4c595843530a588d80033adf47
strategies/H002/unique_00447/daily_evidence.parquet,c36c667ed547e46d68421208941b41b37a17c7bc1cb6f359ba90eea6763d0f8d
strategies/H002/unique_00447/README.md,c8333a24be93ef29775e8efdea4d61d49a99716438d4fbe7ca7a520d63a3c740
strategies/H002/unique_00447/strategy_definition.json,10f97c0cecf5e59979451731c0aaaefcb97b4558491efb08fa9ba151c3ef24d1
strategies/H002/unique_00448/daily_evidence.parquet,c36c667ed547e46d68421208941b41b37a17c7bc1cb6f359ba90eea6763d0f8d
strategies/H002/unique_00448/README.md,2c8d0c8d89e15a63166b33118cbe1798b61c22d43da25a9018eaf7fcab49a4c5
strategies/H002/unique_00448/strategy_definition.json,abc7b5f904b99ad801ed0d853f3607ab5dd37009db8acf2c3ef8e837bc3bc72a
strategies/H002/unique_00449/daily_evidence.parquet,c36c667ed547e46d68421208941b41b37a17c7bc1cb6f359ba90eea6763d0f8d
strategies/H002/unique_00449/README.md,9a60e38f7fba0cb43be20ab6329a8801875c77746878a23dfe995c04b3495823
strategies/H002/unique_00449/strategy_definition.json,c47789b50a58cff62cdb246cba9fc3d9f44368e624f9c88b932fbedfbc7b4d39
strategies/H002/unique_00450/daily_evidence.parquet,c36c667ed547e46d68421208941b41b37a17c7bc1cb6f359ba90eea6763d0f8d
strategies/H002/unique_00450/README.md,5477664a7ba8b0b3a1b661505cd88db86d0045e16f651ef108809c93a3eb5cd4
strategies/H002/unique_00450/strategy_definition.json,23ba8b2b3056be026e2277d4c8813354c2eed588b69e551e89fd0e6314cabe8e
strategies/H002/unique_00451/daily_evidence.parquet,4223db6a94ad3ed2959a47f37b102e17555f9b1bdc5629b919cc7eb73f0e9f58
strategies/H002/unique_00451/README.md,dc8bc69d9882524708821a6a1e5ca4321e4f18a15d253c03d7630d106263fabf
strategies/H002/unique_00451/strategy_definition.json,1a4ea22c17d9a4bcbb45b18ee1b42374d4bd56555b74f05a80b3adabf27c0738
strategies/H002/unique_00452/daily_evidence.parquet,4feffa4b67e79b6d476d9cbedc43026f4399f77f2e53700ac25d04baec9c632b
strategies/H002/unique_00452/README.md,207a70350d30cc9552e4b1056ad9743ca3cb9ed25f4fc8b514ea132f5fcdb680
strategies/H002/unique_00452/strategy_definition.json,7409a953f9e3555bbbe91f2332b878c1fd7d6fd35e6a7e2ac79f8d853346cb8a
strategies/H002/unique_00453/daily_evidence.parquet,c36c667ed547e46d68421208941b41b37a17c7bc1cb6f359ba90eea6763d0f8d
strategies/H002/unique_00453/README.md,af06d21179a73b754bcdfbc22a7df7e9b1a36f45ec2a5289a4e616e655075ca8
strategies/H002/unique_00453/strategy_definition.json,b93d062b67eecf37bb622856480ba45a983b64a9fe90abfdb06aa2df0e92e450
strategies/H002/unique_00454/daily_evidence.parquet,c36c667ed547e46d68421208941b41b37a17c7bc1cb6f359ba90eea6763d0f8d
strategies/H002/unique_00454/README.md,830adc26eba79413f1e47b65b90cbf6693943c4ff569d8058e08e8daec3a7bdc
strategies/H002/unique_00454/strategy_definition.json,a4b5f15864db5d797b4de9d008d9ae49b9b67440cf2e839bb5644ce23552dd85
strategies/H002/unique_00455/daily_evidence.parquet,c36c667ed547e46d68421208941b41b37a17c7bc1cb6f359ba90eea6763d0f8d
strategies/H002/unique_00455/README.md,481b074a2329d2697033b7093dfa4536b265178de0398e7f48eb86d714af2ed0
strategies/H002/unique_00455/strategy_definition.json,28a27cb87229e4b05b2735e7b190b46c724604fdb7179e50040b00094de9c870
strategies/H002/unique_00456/daily_evidence.parquet,c36c667ed547e46d68421208941b41b37a17c7bc1cb6f359ba90eea6763d0f8d
strategies/H002/unique_00456/README.md,a027eae00e9dd398454ee514a254ae86541bd760e58c05834170bcf086d39bc2
strategies/H002/unique_00456/strategy_definition.json,eaf93422eeaa57415dad8d9d35b2f69f2b4ed2acac41b0d5437302d244f8cd25
strategies/H002/unique_00481/daily_evidence.parquet,16e07cb45865aab373d7346504ca8b80308e3cd8c2a7a1cb6a8233a854cb66af
strategies/H002/unique_00481/README.md,9827c8712ec79154b56d1a2bb3bec9a57c02b22c9da4887bcf055ee2f2cc4f50
strategies/H002/unique_00481/strategy_definition.json,83b10ea78115be541e93bfea222b8854594941b5729edf9510567e4783815d51
strategies/H002/unique_00482/daily_evidence.parquet,47af122a4dbae130d5b537c47bc208ca9992ec65724978d36b99fc198bed24a1
strategies/H002/unique_00482/README.md,04c6a59a5fc686fec252e02d7beb8e6ad96dc738df86218831753364ee0756a2
strategies/H002/unique_00482/strategy_definition.json,addf6a5f8d9eb2bd52332f013180f7e216d1e6b834c38b68676421ecec6ace82
strategies/H002/unique_00483/daily_evidence.parquet,bf5ed7cc9b4c569c8a20896e995ddcbced17c27306f35f23c578ff5073248d56
strategies/H002/unique_00483/README.md,b7da74c0d8e9b76923b64596ac0fdbdc8de1edb524de7b407d680a3d6a66e923
strategies/H002/unique_00483/strategy_definition.json,56d047ffa8ee07edd5c08060c39232cebcaf73631bd08b0bb268b7f528b7a380
strategies/H002/unique_00484/daily_evidence.parquet,23c6efa2691c621c63950d16c480ffca0c0ede42068694d21aaa06da84aa0427
strategies/H002/unique_00484/README.md,f3587e11b295d0389a846d7f28c705c93c9f3ee5e718641a6f654b250f4bc8b5
strategies/H002/unique_00484/strategy_definition.json,858991acc6114f039606ff85568319a2dae71aff53336a3fae6f56d2305e5edf
strategies/H002/unique_00485/daily_evidence.parquet,9dd65c4123b6393c39bc11d7e49a62f3f2fb22f9d3261e0b9f9552f39069dfab
strategies/H002/unique_00485/README.md,3196b399be23d4b77f389fb75121a5dc0ef4262819f3ebba2193571f59ba2225
strategies/H002/unique_00485/strategy_definition.json,d339c8d2d4d509e8c8922a8e5157f196221a76377aa76f371bcab26d890a8022
strategies/H002/unique_00486/daily_evidence.parquet,9dd65c4123b6393c39bc11d7e49a62f3f2fb22f9d3261e0b9f9552f39069dfab
strategies/H002/unique_00486/README.md,742c984ecf2db3f862f72904e1b3f6f5af155098c79bb05fe88e08b7816b38aa
strategies/H002/unique_00486/strategy_definition.json,53f4664de8b58afe5c85afc40adf53662a239aef6bc4850bcc3e739cda5391d0
strategies/H002/unique_00487/daily_evidence.parquet,e6bc37bac5da4a9ff4f2fd2ed8656cc62abeeff879935216300cdb9db877c1bc
strategies/H002/unique_00487/README.md,3e4d708014b6d7584092276064aa458ba68432eeffd8a47dea41dafe43d71526
strategies/H002/unique_00487/strategy_definition.json,23aec5f02b69adcafc4173796fcd3de652b53af0ea44d25ca580f6fb4b63fec7
strategies/H002/unique_00488/daily_evidence.parquet,883ec9b9c42153cf70c441bacbee189984c0537b9f71bfd46fcea12379860bb8
strategies/H002/unique_00488/README.md,24b4ed7433e75aa4d98ef323f30fc50ea0b90a6642e883453aa7c30889df9cd2
strategies/H002/unique_00488/strategy_definition.json,171ed6dee25bf5cfa7bbbb3d5d5a092d1eb29b6c78bbb8dd6b45aec2f7fd43ee
strategies/H002/unique_00489/daily_evidence.parquet,9dd65c4123b6393c39bc11d7e49a62f3f2fb22f9d3261e0b9f9552f39069dfab
strategies/H002/unique_00489/README.md,4fb15e02ceb3e5b591cfea6ef8f47674d0260c5c467ae60210721d5da46ff54c
strategies/H002/unique_00489/strategy_definition.json,d1caf012d53e1a3d63e46e9781de35f317b164a687e68dbab328950be4105036
strategies/H002/unique_00490/daily_evidence.parquet,9dd65c4123b6393c39bc11d7e49a62f3f2fb22f9d3261e0b9f9552f39069dfab
strategies/H002/unique_00490/README.md,b6e1ecf242108468f456c5d36057b135397af778722829ee5d0673f2cd135694
strategies/H002/unique_00490/strategy_definition.json,653aa7a7d32c27eb68eeed2768981b0892fc84260a09c0e22f572c8aa9cc34fa
strategies/H002/unique_00491/daily_evidence.parquet,9dd65c4123b6393c39bc11d7e49a62f3f2fb22f9d3261e0b9f9552f39069dfab
strategies/H002/unique_00491/README.md,4bfd7cd22d55355a0ae46e957b0cdad523ee2b2474d6d080477546cdd6651f02
strategies/H002/unique_00491/strategy_definition.json,3bc3e4da599408f303275b067d6dd973b4ff356cc6e8565061b919ccea26f6d4
strategies/H002/unique_00492/daily_evidence.parquet,9dd65c4123b6393c39bc11d7e49a62f3f2fb22f9d3261e0b9f9552f39069dfab
strategies/H002/unique_00492/README.md,819a24268ca682f7255a0e6b2f6ee8500762e04390db04d693817bcc7e8a748b
strategies/H002/unique_00492/strategy_definition.json,ca3b0c7a99ad9c6c697311e06f0aa2823fcd0c66d87542f0704daeb336d974e9
strategies/H002/unique_00493/daily_evidence.parquet,845334650bcb26d2506a90107c3347bd6d3da5cef87401985f322ecbc60990f6
strategies/H002/unique_00493/README.md,a0a4f75e6ab9965b15a8027f87e490d23e174ece6c9fad07b1233635a3932300
strategies/H002/unique_00493/strategy_definition.json,c75189914aa7f5aa82cbc56f058bb43ecbb2331cb4ae299b370df348d80d4c85
strategies/H002/unique_00494/daily_evidence.parquet,f8023e383fa2372ab03af667b355e21ce68310e5bf786a041f133b3826a8ef3f
strategies/H002/unique_00494/README.md,1a81c8cd7731a76768e9948a22e3a1c516dc2317c0636327da1bcdce14059ec2
strategies/H002/unique_00494/strategy_definition.json,7e4604247e5d234e0d8f8aad71ea553e6272f7207e6fedd24eef58d8d369d2e2
strategies/H002/unique_00495/daily_evidence.parquet,9dd65c4123b6393c39bc11d7e49a62f3f2fb22f9d3261e0b9f9552f39069dfab
strategies/H002/unique_00495/README.md,c40aba974f5edee29d812f7e4ecc2f6bd1bd0810683820da4d574ff6a5971bed
strategies/H002/unique_00495/strategy_definition.json,e66bc594b95265cbffb7be33056ee520809d7536f3af8ee39d375eb1b6021304
strategies/H002/unique_00496/daily_evidence.parquet,9dd65c4123b6393c39bc11d7e49a62f3f2fb22f9d3261e0b9f9552f39069dfab
strategies/H002/unique_00496/README.md,e53e988a119c4408d63a8ac9827322b37b5a9b1c1c0078e8eb33fdbcb992c454
strategies/H002/unique_00496/strategy_definition.json,fcfb0fea7ec7c58167b780c5cb114166ca41e37434a34458c9228b4ebaccfda2
strategies/H002/unique_00497/daily_evidence.parquet,9dd65c4123b6393c39bc11d7e49a62f3f2fb22f9d3261e0b9f9552f39069dfab
strategies/H002/unique_00497/README.md,2dedd2db5d6a582ca8df2e32153cbf6d03e60d973c4db9ddc719e025b8b8f7c0
strategies/H002/unique_00497/strategy_definition.json,a212aca6409c0182cce0e9e746e8804080ddf96269fe8f7001f1f3dbbb360589
strategies/H002/unique_00498/daily_evidence.parquet,9dd65c4123b6393c39bc11d7e49a62f3f2fb22f9d3261e0b9f9552f39069dfab
strategies/H002/unique_00498/README.md,ea75364926e776cd1325f37bffb9e07b69abe4407e04b5e2b626151b43844aaa
strategies/H002/unique_00498/strategy_definition.json,01438d74ec29362a3e8e25fabb06875c07c569e175ee23c4da3b092699d1f30d
strategies/H002/unique_00499/daily_evidence.parquet,c3539eeede541ab6db22c342c9b7637ffd65450295502d10fb3c91211d7ca61e
strategies/H002/unique_00499/README.md,49f8b69cf4b8c17ac361aaab7a8c660bd4019c3f7c9a125f2a60b4f930153e83
strategies/H002/unique_00499/strategy_definition.json,74864e4661283a5da4314b0f3a167464bf7be3f4ba210cff9b28d899f2689eda
strategies/H002/unique_00500/daily_evidence.parquet,f50799ed35dc84ce9f8c1ee3d88b7b17ede50a064dce19397969a37703d3b610
strategies/H002/unique_00500/README.md,cd8f13f064454e9be860b042717ea707548dcaeb963ac40cc7b1a6118012a298
strategies/H002/unique_00500/strategy_definition.json,186a3645e8269c1f3dd6a58636907b99bb4b871eba69716ffa9366f861d5704f
strategies/H002/unique_00501/daily_evidence.parquet,9dd65c4123b6393c39bc11d7e49a62f3f2fb22f9d3261e0b9f9552f39069dfab
strategies/H002/unique_00501/README.md,f77bee7c40cb5fb7ac545c6574b43365760ad5dcff3c1ed0c879d5fcffd8650b
strategies/H002/unique_00501/strategy_definition.json,7ae26525706f084b894a92c580364eadf4c9f979babdea0bb77a88dca6f69ee7
strategies/H002/unique_00502/daily_evidence.parquet,9dd65c4123b6393c39bc11d7e49a62f3f2fb22f9d3261e0b9f9552f39069dfab
strategies/H002/unique_00502/README.md,a00606a0e1bc4ed8a1163dffc8be807edd00db202bf51437be6678615c3dc353
strategies/H002/unique_00502/strategy_definition.json,7b3b7871660ef46c585008175adbc6a20bc229a765f764a7df6d8bea046f30bb
strategies/H002/unique_00503/daily_evidence.parquet,9dd65c4123b6393c39bc11d7e49a62f3f2fb22f9d3261e0b9f9552f39069dfab
strategies/H002/unique_00503/README.md,103bf9eb6db03615e4b98da7a8bbdc7161a0ac620837610db2ab198a2de472d4
strategies/H002/unique_00503/strategy_definition.json,97650c7f9fa06f12b3e14e2065dfa1e32cc626aebf98c719e8a3c8146b39d429
strategies/H002/unique_00504/daily_evidence.parquet,9dd65c4123b6393c39bc11d7e49a62f3f2fb22f9d3261e0b9f9552f39069dfab
strategies/H002/unique_00504/README.md,fa13a8c98f9458b81e45066f4f2e62c03606c30808601df6d36a0cb80b95c5ab
strategies/H002/unique_00504/strategy_definition.json,3232542a6d204a8e4f7aea4d228419e4202f43f5fcdcde49f33f758ac12f64f4
strategies/H002/unique_00529/daily_evidence.parquet,866ddc423ec4b64432b978589590a60066eabe06f25941fe1561f8a409687a05
strategies/H002/unique_00529/README.md,4abfc37686e7843ffd590d3e08c807cf910786ca08735de7c0b6b7232a943257
strategies/H002/unique_00529/strategy_definition.json,250707d574f7bbcae450f4bae678550a9f54f9459d3435028653dcbd1f827f56
strategies/H002/unique_00530/daily_evidence.parquet,4c0fde19b4365bf525da7cecbf36b13a585ce354abacab6989b2d4058f44b8c9
strategies/H002/unique_00530/README.md,eff845f1d2538635ff640bf3e7f29fcadba56a8842d75171b6669655191363db
strategies/H002/unique_00530/strategy_definition.json,9f9d641ebdd0fc1fd4799a01b39a03addb6783913916deac90af68d69d50d787
strategies/H002/unique_00531/daily_evidence.parquet,a812ebd44b0335928949854f928eac8cf92bd9bad9a5096fe104b554e54be46f
strategies/H002/unique_00531/README.md,38aa90564d7763e73c4efadc868c8f281310bbab2c4f9aeb81a8d8ebc347cdd7
strategies/H002/unique_00531/strategy_definition.json,49e58177d585475098b708e5785c5f5ba7e7ea8f3465567134436fab7e4a3a3b
strategies/H002/unique_00532/daily_evidence.parquet,0a7fcddc5695623f7e3346cd561bdb1cdb8d511ac15ca175a3169571cfe71188
strategies/H002/unique_00532/README.md,ca8e9aaf051d7060a539154c85fea6a27fb55fdea248015fc169000cdde4162e
strategies/H002/unique_00532/strategy_definition.json,24fe02cd47e31a7a0325198a15cffdeae178372a9c57635f555c5aa5396ec3e0
strategies/H002/unique_00533/daily_evidence.parquet,298bfda7aa2a2dec2a0144c334f5597f1517f060b837aa821a53da46958dc2b9
strategies/H002/unique_00533/README.md,1f1c162143fe5edf84d8700cefea06a7d587435714b2956747c45c7557129bf1
strategies/H002/unique_00533/strategy_definition.json,b06e7595703b08fe766076a5a70cf8d4a703534400a49456011896c123143b98
strategies/H002/unique_00534/daily_evidence.parquet,298bfda7aa2a2dec2a0144c334f5597f1517f060b837aa821a53da46958dc2b9
strategies/H002/unique_00534/README.md,f512189bd6b69e184cbc9e79389aac177ff960c977488ed9096d3d303807e296
strategies/H002/unique_00534/strategy_definition.json,96f78fa39a43fb0f3855579736379476980c89803d86f3ea84a716fb7bb4f326
strategies/H002/unique_00535/daily_evidence.parquet,4eeca7daed52e28886d1126acad0094925e98d74b2285651c3cb36752533b523
strategies/H002/unique_00535/README.md,1ecf1f232b11a730566e14dbb7ff37e07326f48264bedc2fdf0a42fc862a2ac3
strategies/H002/unique_00535/strategy_definition.json,e6a4ccbabc2da851dd4c01fc17eda077ec9aad6f4267ed5fe32ffd178745aa8a
strategies/H002/unique_00536/daily_evidence.parquet,33d15ca2b30b7aafceefd4ca8c44eee261ed7f71d61232bfe58b4d3eea2a2579
strategies/H002/unique_00536/README.md,10740c20e8934fcb7792b14d616f26b20e31beecba19db3fdd9966382cdc4f9a
strategies/H002/unique_00536/strategy_definition.json,ca6b6c899fa7de326e315f001cc6b0550f5ef33ad35b138b59801b986b8df05a
strategies/H002/unique_00537/daily_evidence.parquet,298bfda7aa2a2dec2a0144c334f5597f1517f060b837aa821a53da46958dc2b9
strategies/H002/unique_00537/README.md,bafb4c652a4a0377868f070b45527f1c26ee3c52c6adc315d18bcae76ee7754c
strategies/H002/unique_00537/strategy_definition.json,1594dd0172972c3b69a224c08167cec0b3931e8b86b6cc7a93c7b660e686edfd
strategies/H002/unique_00538/daily_evidence.parquet,298bfda7aa2a2dec2a0144c334f5597f1517f060b837aa821a53da46958dc2b9
strategies/H002/unique_00538/README.md,978eeca967cb0da2a052dc149cb4af9324f222c0c563f4c43955678639c485d2
strategies/H002/unique_00538/strategy_definition.json,efacdc8e8f3aa1bc56e6a1d0f18ee4ba248a8492fdd94a21a5e0df8f31f4e318
strategies/H002/unique_00539/daily_evidence.parquet,298bfda7aa2a2dec2a0144c334f5597f1517f060b837aa821a53da46958dc2b9
strategies/H002/unique_00539/README.md,cb93d227338fd71e4172444196b887ae8b8f18ef41270a13db91ebaa6ed90a7a
strategies/H002/unique_00539/strategy_definition.json,536191be1b2087435ef3f6a14bfb6c491928fb1c0d239323d5e66be83120488e
strategies/H002/unique_00540/daily_evidence.parquet,298bfda7aa2a2dec2a0144c334f5597f1517f060b837aa821a53da46958dc2b9
strategies/H002/unique_00540/README.md,686c930b6a7db1f07ae64ce3509559b835e8f153a398a7ad62a3349e6ed9890c
strategies/H002/unique_00540/strategy_definition.json,99bbe0c5bf232700e3a95a6f5adcf9d263dbb5ac6f3927f12097bc837dfa30f5
strategies/H002/unique_00541/daily_evidence.parquet,8c2cf530cd8f816c1a659037e7ec7ef8ae008f2304032817e4922b90fac1c616
strategies/H002/unique_00541/README.md,453117ffb85fa290a14a7917490006f96e5da729f96b592bb852549fdaaaf37e
strategies/H002/unique_00541/strategy_definition.json,87ec1b7e16b345fa7a8af437806bbd88f8806a25b5d4da3622d462992dfe5606
strategies/H002/unique_00542/daily_evidence.parquet,d783eddfbf80ac14dd7d2c505da859f69d69946723adca98df835e69651db14e
strategies/H002/unique_00542/README.md,439ab60fd7aa7424b2d9b04f282a9a222abb07461332f1041fc1e316501e3dd5
strategies/H002/unique_00542/strategy_definition.json,e28fee9118f506b71189d6edcb421e0cf649892d43355e2ffdd4117ef0ca40ec
strategies/H002/unique_00543/daily_evidence.parquet,298bfda7aa2a2dec2a0144c334f5597f1517f060b837aa821a53da46958dc2b9
strategies/H002/unique_00543/README.md,7d4f7d12c7b09ea0b178074ba76476067d5af7b379ce8f809a7142f80e65a802
strategies/H002/unique_00543/strategy_definition.json,b5757454c5cd6b0f55927906fdc1c4bcb989dae82a521c6fea25fe5f24570e67
strategies/H002/unique_00544/daily_evidence.parquet,298bfda7aa2a2dec2a0144c334f5597f1517f060b837aa821a53da46958dc2b9
strategies/H002/unique_00544/README.md,1841828157f886ff1d77f4ebbcbd698f87bff0739bab7fc9bc547a30c22fd09d
strategies/H002/unique_00544/strategy_definition.json,e5b714d7848e2181cb65fb2a8d9c5edb85851754de10dd81c031a9a5f62e14d3
strategies/H002/unique_00545/daily_evidence.parquet,298bfda7aa2a2dec2a0144c334f5597f1517f060b837aa821a53da46958dc2b9
strategies/H002/unique_00545/README.md,311b4b249527f22b3a3237d0f3fef197aa625eeb41d7b29a8769e1b0cd4b1341
strategies/H002/unique_00545/strategy_definition.json,4d1a6aba3c1425de4ec0209464cca4d86e5f3e9dd44463661f35dacd2f73f24f
strategies/H002/unique_00546/daily_evidence.parquet,298bfda7aa2a2dec2a0144c334f5597f1517f060b837aa821a53da46958dc2b9
strategies/H002/unique_00546/README.md,6c0645b8e7e50bf9dbe0c12ab07ed49cd8c965b99b9c7e1bf0bda177a3701d80
strategies/H002/unique_00546/strategy_definition.json,3be7b570a54f97c3a7c0718cd71568851456783de45fa97281d5f1ea68a2b019
strategies/H002/unique_00547/daily_evidence.parquet,4ea4170d14ce352201d51e91033be4afb6ebf59e31845c87a5fbbb517c266156
strategies/H002/unique_00547/README.md,261925296761d6830a8a8cf797ea9832cb43ee1dd81c3dc2b02afea610c1a8b3
strategies/H002/unique_00547/strategy_definition.json,0d780425849fa35ca713fc3d1b7dfc6874d0663480ac4078ae59bb20c258b747
strategies/H002/unique_00548/daily_evidence.parquet,eff2e077019a11133f40f5491942000aaaf458df0a756861bd08ddf1e8837bb4
strategies/H002/unique_00548/README.md,a5b54b9680749eab2c1032167d942c6e8493e23efe83c810ff62d371ea9558d5
strategies/H002/unique_00548/strategy_definition.json,64811fdf71cd2d5f742f59635e1f85aeca74210d122ea7f5680054c2f911d816
strategies/H002/unique_00549/daily_evidence.parquet,298bfda7aa2a2dec2a0144c334f5597f1517f060b837aa821a53da46958dc2b9
strategies/H002/unique_00549/README.md,3ce1ef3f28bf94f20daab2f4a0e279df02c218bfa136391be654ab42e42bf127
strategies/H002/unique_00549/strategy_definition.json,ad0c453a8620546b9234bc941bc4880e753a0dca52cf69e8ce4dc3ef9bde4d05
strategies/H002/unique_00550/daily_evidence.parquet,298bfda7aa2a2dec2a0144c334f5597f1517f060b837aa821a53da46958dc2b9
strategies/H002/unique_00550/README.md,4269c929dae53852eae68bd43298b6ba60ef7375a3293f94574f498484d9d600
strategies/H002/unique_00550/strategy_definition.json,24fff084b8f33c03029c1b2a73b03c352a439b9b9de1467df419ce67d7f5d5c1
strategies/H002/unique_00551/daily_evidence.parquet,298bfda7aa2a2dec2a0144c334f5597f1517f060b837aa821a53da46958dc2b9
strategies/H002/unique_00551/README.md,f375b34fc1ce8afce4cc9714f3630babad0f75eb6eb984f0dad2024db4d5a9e5
strategies/H002/unique_00551/strategy_definition.json,78ea2642f7c70155c31732938d6ff8ff0229d00c5039ff3ce5a3a62961f4a2e4
strategies/H002/unique_00552/daily_evidence.parquet,298bfda7aa2a2dec2a0144c334f5597f1517f060b837aa821a53da46958dc2b9
strategies/H002/unique_00552/README.md,7362926435165c6016ef2b2536ef5b2494922e1a40c71e2d277b9c845e3cd3f9
strategies/H002/unique_00552/strategy_definition.json,8de205c47fbb4ad8291ad5b6a8b112fc03a3b245c6145833f0acf3d25adabc98
strategies/H002/unique_00577/daily_evidence.parquet,51c67b733013e0cfeb9a8538457c5e58ed42d85cf5c504a8bb46a8bc58c94321
strategies/H002/unique_00577/README.md,b0f8b1e787f092d29dd6aefb6804b76593e692525adb2766a27baa9fa7bb3c20
strategies/H002/unique_00577/strategy_definition.json,ba4d68ca5383478944173e329e126519249a6a1b90985d97a94624c4b85b9237
strategies/H002/unique_00578/daily_evidence.parquet,38038e9fb1a3cbc8acde6bc0990f4522323243c1ffa8125a299d37139d04c5de
strategies/H002/unique_00578/README.md,d0cd4061f9fbb16efcbf29f1da0234cd62ca2c49f82c615761eb14cdecf0e053
strategies/H002/unique_00578/strategy_definition.json,7a109b91df73a114adfc5ffc3d099e82bfd61452b7debbc89513b94fd27f48f0
strategies/H002/unique_00579/daily_evidence.parquet,8baad80e6e4351a4e3731514f19b34e9080019cbc2ab2496197424ca322a0b71
strategies/H002/unique_00579/README.md,54f1c0d795b200a4a5f7b4155916f7a7b5e0b7ac8f0cb090e3d7aa9d32a38d41
strategies/H002/unique_00579/strategy_definition.json,0c05525d70121856e160251d4c97c5ec22ba8e3ed52ee9a034b55f286fa71000
strategies/H002/unique_00580/daily_evidence.parquet,37990b6b3da06c1417589b50f0ee45bee1e2d2cf946616a0b30fcd6ec245659c
strategies/H002/unique_00580/README.md,007b11a42a43577d1de7af242064204ca99d37085847bff27f480370db1cd387
strategies/H002/unique_00580/strategy_definition.json,0ba9a0328cffa07b2730b1d3104ad677f20c75b3e88717057e7fd41ad0d4813f
strategies/H002/unique_00581/daily_evidence.parquet,13d81315f7c47eb19dfca8ab2e46757884b3de508f913041ab810075ee231e4d
strategies/H002/unique_00581/README.md,41ed25279cda10d8beb70eb5c77d4ac849ff756827b21e9559771d68f4ef54ff
strategies/H002/unique_00581/strategy_definition.json,6c42f69155d06d7a37cead84d24954bb5bf3bf344f0184acb1a9a236cf640f32
strategies/H002/unique_00582/daily_evidence.parquet,13d81315f7c47eb19dfca8ab2e46757884b3de508f913041ab810075ee231e4d
strategies/H002/unique_00582/README.md,164e0226677aaa2a81fa1354d3a0be601755df0355a594d24bf8c1318dfe1da2
strategies/H002/unique_00582/strategy_definition.json,4db146b483938ee6bf31856d751dfe1e74a6ab8688bdd14dc418bdccbde35d74
strategies/H002/unique_00583/daily_evidence.parquet,718e05ae32310e690b1a4a7e8412f902094d2313faec9dbe43c7191ae92fef05
strategies/H002/unique_00583/README.md,2c5d604f789980731b4f98133ec786096387e51917e0971f96f76c5e6b477b78
strategies/H002/unique_00583/strategy_definition.json,179a6c287003d32a18b07b209877e760d5d54d33d73794352d9130a70ceac8b7
strategies/H002/unique_00584/daily_evidence.parquet,14d55f891a3e62a5a6c4e593a376ef125a06ad247b6c09913db6f81ee6947f52
strategies/H002/unique_00584/README.md,8bf3c6da6f84a07aa8d53ec7d14fab739e9570d7251df0ae07120de7d8d3d751
strategies/H002/unique_00584/strategy_definition.json,890df7156d8d8bf14d1cc015f0a0eb1679f930aa56592c51ee7fa6d7cce9cd2e
strategies/H002/unique_00585/daily_evidence.parquet,13d81315f7c47eb19dfca8ab2e46757884b3de508f913041ab810075ee231e4d
strategies/H002/unique_00585/README.md,ecc2a0058a1f2a2a979c504590902158dad2c17dccfe1a38fa3adbbf99f1832b
strategies/H002/unique_00585/strategy_definition.json,0ba314a35bf9ebe8f886d05f0cfe6e9aaef350625a9bc4110575afdc3b3e0a65
strategies/H002/unique_00586/daily_evidence.parquet,13d81315f7c47eb19dfca8ab2e46757884b3de508f913041ab810075ee231e4d
strategies/H002/unique_00586/README.md,fb913404cf3c7d61ce9ae966c09156a2efcf84b05456cd4a52c4d125b2579fd4
strategies/H002/unique_00586/strategy_definition.json,3b02fc45d57124f6588b2b5e47f66d01bc579b9c5ceb26e87a6cf831d16dd580
strategies/H002/unique_00587/daily_evidence.parquet,13d81315f7c47eb19dfca8ab2e46757884b3de508f913041ab810075ee231e4d
strategies/H002/unique_00587/README.md,1d588c37739e29b428f005a5f4a3bf37315778e7756b03b0806776ba40717b41
strategies/H002/unique_00587/strategy_definition.json,d6f29c68209442e77c7ed6ce0dd87af05b931a83f4e5c43f66df282d413dcfd1
strategies/H002/unique_00588/daily_evidence.parquet,13d81315f7c47eb19dfca8ab2e46757884b3de508f913041ab810075ee231e4d
strategies/H002/unique_00588/README.md,36f354e8fcc5afe6183f546336ac964182b3382bda5d8efccbf5e1fbecf0fd03
strategies/H002/unique_00588/strategy_definition.json,be059199c929c361ba47a9db13ed94cce5ed8990c2a2f8aa043853346a650070
strategies/H002/unique_00589/daily_evidence.parquet,64c94abd950e30119edd9f49765ef3985f490c1fe61d5fa8e3ba1f418139cdd4
strategies/H002/unique_00589/README.md,4480823619d443f4828eb423a89617641c446a38684ecf2a7f48d13d2f83ece7
strategies/H002/unique_00589/strategy_definition.json,e909c8ee71b4391381a276f75f756198a95512391069acdd731e483da9aeac73
strategies/H002/unique_00590/daily_evidence.parquet,2f5e74d1ad6e18f1d3940662eec3ec1b3a9aadc6d051b5526b6341fec97bbfe2
strategies/H002/unique_00590/README.md,abdfcc80f041d4fcfddb96cd7168917f09ccf6a05e300b923ce2f2064e0850ae
strategies/H002/unique_00590/strategy_definition.json,be9e82163ddc139939ece0f858be0d5bc1a7f6c7188a493579c6b81f0e62b567
strategies/H002/unique_00591/daily_evidence.parquet,13d81315f7c47eb19dfca8ab2e46757884b3de508f913041ab810075ee231e4d
strategies/H002/unique_00591/README.md,4e38f4e480bafe054ea897e7ebf6b29703fd7b58ab49c59c297a31abb155b52e
strategies/H002/unique_00591/strategy_definition.json,71c407c5dcbc76cfd312d4d6d7ef02684a964064d87a77845d287c8c2c503f52
strategies/H002/unique_00592/daily_evidence.parquet,13d81315f7c47eb19dfca8ab2e46757884b3de508f913041ab810075ee231e4d
strategies/H002/unique_00592/README.md,78387c440f758107590ee3935d4f97677c6a58be5eb229f957d54fa2f20c2ed8
strategies/H002/unique_00592/strategy_definition.json,cf42fc0409d7e122b3b957e0b590eeacc97f0208a853f48a97c9db9d1a999160
strategies/H002/unique_00593/daily_evidence.parquet,13d81315f7c47eb19dfca8ab2e46757884b3de508f913041ab810075ee231e4d
strategies/H002/unique_00593/README.md,57e6290a1ffe88eaa37799bfb2a0c153fb4730436abf96eec493d0590d677f5f
strategies/H002/unique_00593/strategy_definition.json,d97947f4104e9bca7d9350bc7632ccf8ff505f726ef6b4600e24fb5633c67bef
strategies/H002/unique_00594/daily_evidence.parquet,13d81315f7c47eb19dfca8ab2e46757884b3de508f913041ab810075ee231e4d
strategies/H002/unique_00594/README.md,a9c8f71482f3c32397ad42b10886d2d84bf25bbc242048560ec80f3d64a0ffca
strategies/H002/unique_00594/strategy_definition.json,929cc6c1a8825c13d2a3647240850249528564b6be4ca72cca40667f0d1981a3
strategies/H002/unique_00595/daily_evidence.parquet,5cdf0e9ece55cdebcdbec9252c650b04f435805e06fc75cbda8b1eef65d4da3a
strategies/H002/unique_00595/README.md,7685a9ef1544637b2cd427b5f33dc277e4d713f7cd3445e4ad8760db2ec3494d
strategies/H002/unique_00595/strategy_definition.json,498392dc6b36b01e2950280ab125278a2cacdaaf6fd4f7afd066148ac898e0c0
strategies/H002/unique_00596/daily_evidence.parquet,bed4695fbcd1408436a6baaff2d16224487a4925be7e9350e54f830040ffa2a6
strategies/H002/unique_00596/README.md,02e22da243d95b41ca24c223cdab5b7259d2038e36250fcd58e4203c9a3bcc47
strategies/H002/unique_00596/strategy_definition.json,940f24276662b2ab394ca231c72df573b436e42b62c4f71c02f6426da5da92df
strategies/H002/unique_00597/daily_evidence.parquet,13d81315f7c47eb19dfca8ab2e46757884b3de508f913041ab810075ee231e4d
strategies/H002/unique_00597/README.md,9ad15b7d08a0dca48877dc1f5865be50ffd540f71b41f1f6f6c7baab74e17139
strategies/H002/unique_00597/strategy_definition.json,3264332a26b2a4ef4f103ed505492191a22f64c84d6e244ded2a90f13d39c32b
strategies/H002/unique_00598/daily_evidence.parquet,13d81315f7c47eb19dfca8ab2e46757884b3de508f913041ab810075ee231e4d
strategies/H002/unique_00598/README.md,12ec0afbb5959ece69dd733b1195a0827ce9daadb23d0214870f286800b08b09
strategies/H002/unique_00598/strategy_definition.json,b21bbc846a0eb28ff5b0eb6eea14471810701582d5bd762016e9679537fd33da
strategies/H002/unique_00599/daily_evidence.parquet,13d81315f7c47eb19dfca8ab2e46757884b3de508f913041ab810075ee231e4d
strategies/H002/unique_00599/README.md,e20c0e434c1b4776a7a2d770592030363a073c7f3fb67e1288f295a1d9f8c5c3
strategies/H002/unique_00599/strategy_definition.json,f86eb3f236373cf9dbce3f67f02e373af03a5a1e84cfba1f3308d4363d57c7e9
strategies/H002/unique_00600/daily_evidence.parquet,13d81315f7c47eb19dfca8ab2e46757884b3de508f913041ab810075ee231e4d
strategies/H002/unique_00600/README.md,d23dafce523675ef9e31d8d17b9a988baf804cfd45d3654dd9fdc7b018ac4cdf
strategies/H002/unique_00600/strategy_definition.json,f7d4b55cff14b92e70cf1587cc4875bd73f1cd18776c2d480f085d6517c1cade
strategies/H002/unique_00625/daily_evidence.parquet,7ef40e73bd11e233c6605d507989eed9bc62e6bc346673f4b389c99506d6e514
strategies/H002/unique_00625/README.md,3a41bccbc9c1e66f745983937dac44e99429b33dab4d6c2b6c11bfcda82927cf
strategies/H002/unique_00625/strategy_definition.json,1a4102278fac60df4a400c180bbefb92cead7d5662fe70be0bbe972a3712d03b
strategies/H002/unique_00626/daily_evidence.parquet,2865f9c9ac765f29c88190bf3c91777e52724deef8fb5b0a5c6120fc77cbaaf5
strategies/H002/unique_00626/README.md,6bd9f1b656905e2cc3d7be4fb395ea018c9fca5ba1cec042e50f73856b6a7d24
strategies/H002/unique_00626/strategy_definition.json,d9c50143bb3e4dd485f8e7595b90a1dd4e922e159fd47e72f474b06bbea36536
strategies/H002/unique_00627/daily_evidence.parquet,351285b2d564e7a5051d9ce7b55439bef5637c1b274bed1260a1de006d2e4a0c
strategies/H002/unique_00627/README.md,030f7fad72c33f65d89a0462e4f217fbe3979c9ff54886d97695a3aee39e2f6e
strategies/H002/unique_00627/strategy_definition.json,44c835a003c3e72be17dbda407aaadf9625ee2da11a32ef15d0fcff14a7f40a0
strategies/H002/unique_00628/daily_evidence.parquet,b45d051b1929366325b2f5c1df59496dbef856bbf88e3d48efd0f9b25862001f
strategies/H002/unique_00628/README.md,78f804c01d33bf635086c7bc7ca66bd5c8de20b56549ad2a1e3a73609153b883
strategies/H002/unique_00628/strategy_definition.json,eb96b0523bf5bbfde9b5e40fa4a4e8c8185edd601e101815f11ede318afc3d1d
strategies/H002/unique_00629/daily_evidence.parquet,8841b446a7bd47335f299bcbffd5239ced84c148babf8b0b5c242d5136a5ac45
strategies/H002/unique_00629/README.md,f00905c814226dca8bbbe3c6dbcf5fcd1d837998acee5457e35d021d7a5cdbd4
strategies/H002/unique_00629/strategy_definition.json,aaa03a0ca52c0860bd39f4654f00e370d6c8117d42d2a9656b22047f16f34901
strategies/H002/unique_00630/daily_evidence.parquet,8841b446a7bd47335f299bcbffd5239ced84c148babf8b0b5c242d5136a5ac45
strategies/H002/unique_00630/README.md,e4e26d609343353bb4529da304c606070370a6c2c5cfbbe0c5f1d790706e422b
strategies/H002/unique_00630/strategy_definition.json,318b2059c6af9b70de8bb3a75aae873663ec15d81d47eef76f480cd2f0f8374c
strategies/H002/unique_00631/daily_evidence.parquet,2cf3ec403175974d352640492752f80e6a07cb388249ad4e7f0aac8ac6cb378a
strategies/H002/unique_00631/README.md,55033d9e15d4bc04cbbab28a68cb18d5129afdf16f90de1bf71e121eba0bf222
strategies/H002/unique_00631/strategy_definition.json,307c95475370cdb8b3fa0a979461b918b876203965ae170831e6c3785f974cfd
strategies/H002/unique_00632/daily_evidence.parquet,b48e19c497eab92b792b5c88a97596c3045c7a07e5640c261c66f683531decc3
strategies/H002/unique_00632/README.md,6cb27a8705a5dcb812ba62ba9d0622ee28679582f50f93870d51ebde0537624c
strategies/H002/unique_00632/strategy_definition.json,255a8c4341c1326d882310f81421d29f0f88990458152abdaa6f9e4312e18963
strategies/H002/unique_00633/daily_evidence.parquet,64f81baa58bebd372214cb0cc464f41d4f0c373b35cf32576d2f64874dba2eee
strategies/H002/unique_00633/README.md,045578be00e52684a6453202aec059cde3c47f6666b5d301469a501c9e08dd58
strategies/H002/unique_00633/strategy_definition.json,46c854012136cd443d8690e60602239eed813c770849b1f299823b45df2af1c8
strategies/H002/unique_00634/daily_evidence.parquet,65afed82e5cd6e4fcf23650023654dc4aee9293e2fcb67d7e5e81e48dfd8d5bc
strategies/H002/unique_00634/README.md,0f23f13fc15179e1715142769389ed16c4d63f0ebe3f29c0de3fa6b9c0057a81
strategies/H002/unique_00634/strategy_definition.json,57af7bc6fddf31e31b10e931210ae5fc56e2913996ac78a3e6b31e2f9356f31d
strategies/H002/unique_00635/daily_evidence.parquet,8841b446a7bd47335f299bcbffd5239ced84c148babf8b0b5c242d5136a5ac45
strategies/H002/unique_00635/README.md,7de9e7b4ea5ea1652f6aee5607e36e581fd53d61679950f4b1b28201a4822da1
strategies/H002/unique_00635/strategy_definition.json,a3a7cbbb7a32af4200e4c28e62506f8a0733a67a84d445e5a36f6ea398c641fb
strategies/H002/unique_00636/daily_evidence.parquet,8841b446a7bd47335f299bcbffd5239ced84c148babf8b0b5c242d5136a5ac45
strategies/H002/unique_00636/README.md,1e5a6c7f86ab6622bba34b154066cc55c318643af42690db2b170463aedcc23a
strategies/H002/unique_00636/strategy_definition.json,826728df3cec2bb1ad49e9f8bf184bceb055bdfc0a6f856feba4ce41dade8888
strategies/H002/unique_00637/daily_evidence.parquet,9e3e039b07f593f939f37a5674a0f05a87d93c51a9660f188e5b95c1e11bc433
strategies/H002/unique_00637/README.md,9da62f822ab46e2cd74df2d365f6c8fece1639db44c9a8571afc29ff14ad2d62
strategies/H002/unique_00637/strategy_definition.json,02bf707bfe81c1a580bb24263f9c8e4ab076729aab273ed21d3de01650dfc761
strategies/H002/unique_00638/daily_evidence.parquet,50f180188ef3423308afa9793788f09b7498877a02b622b0ba09e2221ed8a0f5
strategies/H002/unique_00638/README.md,ce9701f129b5721f0c342dbe65a3d9cbde8a7f885b12943dd3bbfb09e83c39a2
strategies/H002/unique_00638/strategy_definition.json,1f702cdd7db17eb3b6f92a2582afde2ed38406f1da443d961e8e1c3930519dc9
strategies/H002/unique_00639/daily_evidence.parquet,8841b446a7bd47335f299bcbffd5239ced84c148babf8b0b5c242d5136a5ac45
strategies/H002/unique_00639/README.md,1fe0c0fb52cc111232a0b03171142f9a796e2fd05ed99d9eae8626768706a47d
strategies/H002/unique_00639/strategy_definition.json,97bfe5140d2216886b4237ae00c9cbac6ad8fe5c963792dd9fd586b5bfa381e3
strategies/H002/unique_00640/daily_evidence.parquet,8841b446a7bd47335f299bcbffd5239ced84c148babf8b0b5c242d5136a5ac45
strategies/H002/unique_00640/README.md,4dfa164c1d7c1c14b4ee8424160c37ab5b01f1314133082ad534056139c8ef93
strategies/H002/unique_00640/strategy_definition.json,d6d5f1071dbc9fa4857db3dfb30eaa2f4466412b49a908f1e42614a9746996cc
strategies/H002/unique_00641/daily_evidence.parquet,8841b446a7bd47335f299bcbffd5239ced84c148babf8b0b5c242d5136a5ac45
strategies/H002/unique_00641/README.md,04dff92272e5186bcfb4f94ff9267634f676dfe83a0a1e234ff0efaed6531dee
strategies/H002/unique_00641/strategy_definition.json,6e131537d3fb48ef4c2e1941778c74da72396b7a50971777cc5f7537228640a4
strategies/H002/unique_00642/daily_evidence.parquet,8841b446a7bd47335f299bcbffd5239ced84c148babf8b0b5c242d5136a5ac45
strategies/H002/unique_00642/README.md,1665ec708264dd7574b3e969bddac6c50dba54a128ad128a96fdf803d8f1a1e0
strategies/H002/unique_00642/strategy_definition.json,48d65c44da4280353421250257687fd085ea26109530b246279ec44f74375976
strategies/H002/unique_00643/daily_evidence.parquet,be885cac758994fc67ebcd05d4ce36a1309a8cd44c87864a711a6b29e5cd857c
strategies/H002/unique_00643/README.md,62fc4478f44f006d6f450389aa1c793bbd1794b28576be2003d4825bebf7dffc
strategies/H002/unique_00643/strategy_definition.json,3ac95a4f7ca216af9aa7bf1e5fe78f666e97267ffaf1a631bb204fc82e5266ca
strategies/H002/unique_00644/daily_evidence.parquet,4207677834d18d7cfe81b667fef42e667516739289513a829a954d90d3a50bb3
strategies/H002/unique_00644/README.md,27be30195e95e8b7d16de4679589de74961a59dcd78c52f22129f7383fb884a4
strategies/H002/unique_00644/strategy_definition.json,4d11ffbf82e6519d877e6c6400341cb9fa83eb9257f0fa14e18a50441cd623cc
strategies/H002/unique_00645/daily_evidence.parquet,8841b446a7bd47335f299bcbffd5239ced84c148babf8b0b5c242d5136a5ac45
strategies/H002/unique_00645/README.md,862c422e248259f640e97396c49e403defa8b43072a63997063fe248080a54be
strategies/H002/unique_00645/strategy_definition.json,9717a14079b79b564653b5168343c78c043b1ae634d8b128055f3b0984f9bedd
strategies/H002/unique_00646/daily_evidence.parquet,8841b446a7bd47335f299bcbffd5239ced84c148babf8b0b5c242d5136a5ac45
strategies/H002/unique_00646/README.md,ee4a4592b93e28464a3796d7961d4453309603b0572aece7ad5d5c3769f6da24
strategies/H002/unique_00646/strategy_definition.json,ae6eaca93b64168f97600e97c7cce0832b5ef49b6438053dd81ea10c7eb026c4
strategies/H002/unique_00647/daily_evidence.parquet,8841b446a7bd47335f299bcbffd5239ced84c148babf8b0b5c242d5136a5ac45
strategies/H002/unique_00647/README.md,86c28e16bdd01c10ab3ccf63d4ee501bda68541f0b86ab0d446e0e9a59b8045e
strategies/H002/unique_00647/strategy_definition.json,bb68e1953615d37fa0ed811621e945ffc6c6f94108ceaed69843c82e059c4e8f
strategies/H002/unique_00648/daily_evidence.parquet,8841b446a7bd47335f299bcbffd5239ced84c148babf8b0b5c242d5136a5ac45
strategies/H002/unique_00648/README.md,595efaa6aa47434abe2bd9eaedd66ffa3c79cd4aed547d5aa53c6b1ada310d85
strategies/H002/unique_00648/strategy_definition.json,be3ed5684ebda388b384fd51c9414210af180b6b8ab053d679da3178cf3dd3bf
strategies/H002/unique_00673/daily_evidence.parquet,28684eb23d31465d90bb645e6a75fa84037c188c2da2f13400f8d3cfa2857d05
strategies/H002/unique_00673/README.md,b2deff684dddefa18fa3e2e24bf9fb4ffeb8dd6164a8de98720d1e9a2ba4b674
strategies/H002/unique_00673/strategy_definition.json,633c199d8c0f94260739cb9cf8c6b9fd4f06c93fecf366b1cc904371f45bfc7a
strategies/H002/unique_00674/daily_evidence.parquet,9830c5b100313597cf6a77bd5e1ef29b5536c1c2fd8c81e0e6b61a571373e86e
strategies/H002/unique_00674/README.md,113b00706968907ab6fee247c99b3b40beadfe6558e7e72d0e458efedaba4acd
strategies/H002/unique_00674/strategy_definition.json,b4668e41c4bb1cb0d5d3fd4aec58b618e9ca3a73e8558340a0e80d5120c8fc4e
strategies/H002/unique_00675/daily_evidence.parquet,a4d691e77564a69d093ad787cdd7bbdcbd75f88432b947cb7e784bea08011f0b
strategies/H002/unique_00675/README.md,3db0088765dd41535f01e229fdccb337e5fb5396fff57370a2973e7e19515661
strategies/H002/unique_00675/strategy_definition.json,c4b82b54ae6680dd101974db095d9a54e1f1e08e1bb9ebcd755e62dff824926c
strategies/H002/unique_00676/daily_evidence.parquet,5eadaa29766329beabfaa05c8805a7583f3433c56a79fbf4285ba7bfc29f1310
strategies/H002/unique_00676/README.md,de68d0324f29bde261b9997e0e7d106644cbb29d72e9b37b42a4b785fd706fd5
strategies/H002/unique_00676/strategy_definition.json,50c1ba59253d800c66e5fdd9de9e05b1a8ba6f150335d2ef06c7b3993fcdb513
strategies/H002/unique_00677/daily_evidence.parquet,7edfade50f7cd1288b9d877e5bca6e61e3a31d0b4b6d6b86d23a7750ff86bc18
strategies/H002/unique_00677/README.md,11a2469f9f30beda1797ca1a525243222bd1291e664f6ff9b61c187bc0705138
strategies/H002/unique_00677/strategy_definition.json,5b5c5aab5598cc713fc614463e4562f8ad4a7b6820a321f6989d940838ba6c8f
strategies/H002/unique_00678/daily_evidence.parquet,7edfade50f7cd1288b9d877e5bca6e61e3a31d0b4b6d6b86d23a7750ff86bc18
strategies/H002/unique_00678/README.md,58bcfa7bd66777e11e65fcca4c48ffc8ab6a4276f0734f0798ee615f93897dcc
strategies/H002/unique_00678/strategy_definition.json,130c55eede09afc0f8b6b3bee324427a73e6433ee1e3679317d853b051379236
strategies/H002/unique_00679/daily_evidence.parquet,7f109620a73426f91c4df4432c76e43cc589eb12a33d9a84a9827b9fa3d0e5cf
strategies/H002/unique_00679/README.md,76f6aff40b5cc101b92454dd1e20a45f4236661ced2876fb9c8e9df37474bc5a
strategies/H002/unique_00679/strategy_definition.json,f08336fec131937fb61203c37a040c705c554aed9af85d47168e551f6075edc6
strategies/H002/unique_00680/daily_evidence.parquet,d35fde14237cf736f189bbcaa34d0bc6478870bbf3c88fad470ad55de7a36698
strategies/H002/unique_00680/README.md,4782e6b55c4b04c3b0952bad599fc76bd770547845f73423eb4c0cee32e00b0f
strategies/H002/unique_00680/strategy_definition.json,3e2effdeca1bbf4f403e0657de81b8ce03ff257edb761d69f795d32c70a74c7b
strategies/H002/unique_00681/daily_evidence.parquet,53a13aeef68fd477c5064a40db43eec3600af661bfdb9d94a8406d6eb351a720
strategies/H002/unique_00681/README.md,6b23a3c0ae70cd92b98e43b3fe8051bb34e2443b806fad6c53cba6c99fbac55e
strategies/H002/unique_00681/strategy_definition.json,e0f56dcbf19523a4d598183cfc8a85782a8e5f7919cb7c6d63be1e56962640a0
strategies/H002/unique_00682/daily_evidence.parquet,c60db314cd98884a00df49add156aadd099b0ed29d73c4e442bc9a03fd239a9e
strategies/H002/unique_00682/README.md,26b033b16e1acd9e4f29d851130d47fd570f180a38ee9856ceb96b12ba863e19
strategies/H002/unique_00682/strategy_definition.json,d5b8b7156f52059107a56919c393d72af63f07324f40edd2c7f39bfed4b7de86
strategies/H002/unique_00683/daily_evidence.parquet,7edfade50f7cd1288b9d877e5bca6e61e3a31d0b4b6d6b86d23a7750ff86bc18
strategies/H002/unique_00683/README.md,f9ea9a3142662bb8cba7bf4916523251c9382f2fc092759082faddccf9f5a0a6
strategies/H002/unique_00683/strategy_definition.json,70508dcff622d8f6332a715caa39c00ef772341f54fb1eb3a6616332440aa6d8
strategies/H002/unique_00684/daily_evidence.parquet,7edfade50f7cd1288b9d877e5bca6e61e3a31d0b4b6d6b86d23a7750ff86bc18
strategies/H002/unique_00684/README.md,4376265afaf902d8069bef664352a4bea88b0336c7bd41413688f7a4ef69fd6c
strategies/H002/unique_00684/strategy_definition.json,cea25517a6762c015e733c095a01c4fbda4eebd845d0e88272b0ffeefbf70bfa
strategies/H002/unique_00685/daily_evidence.parquet,3d5445baae8902c7167a47fecc5b19a8ae1cbe641f009cdb0e045d0355949c4b
strategies/H002/unique_00685/README.md,0299dccb006e656bda72a2dc3dd0b6a584c09174892a5b9e7d3aeb09093d27d5
strategies/H002/unique_00685/strategy_definition.json,1cb1e7584c0cee08c9dd347bd1c596cdf84903c9968d1345cc44c796d33edab4
strategies/H002/unique_00686/daily_evidence.parquet,8432bede3097022a1d5adbf5ea0794eb16824ef81d761b7139216160c77fb3d4
strategies/H002/unique_00686/README.md,2da410a910fe0113bc51df1e4f1868d1fc464bdafd870a3254b6f08e261ab276
strategies/H002/unique_00686/strategy_definition.json,a13e3d9858b620bd99ed278a192bf8240bd6bed10178d0a1416855ae8d0f44c6
strategies/H002/unique_00687/daily_evidence.parquet,7edfade50f7cd1288b9d877e5bca6e61e3a31d0b4b6d6b86d23a7750ff86bc18
strategies/H002/unique_00687/README.md,6f29ccfb18e9d0216afc0430c9007723794cb55139ec008bf6231b39c4bc7947
strategies/H002/unique_00687/strategy_definition.json,39ee9880d9ce1597c02377af514768b757fedc079fa7ed09328dccea99cd1bd1
strategies/H002/unique_00688/daily_evidence.parquet,7edfade50f7cd1288b9d877e5bca6e61e3a31d0b4b6d6b86d23a7750ff86bc18
strategies/H002/unique_00688/README.md,0cf6b658b984fe880a0d58301f0c5692a32df60fcc6c65d7d83d385457440f94
strategies/H002/unique_00688/strategy_definition.json,9779f53243de7971ab5bcbd81b46c99f3cbb1b723c8f825e86e4b989da4f4c24
strategies/H002/unique_00689/daily_evidence.parquet,7edfade50f7cd1288b9d877e5bca6e61e3a31d0b4b6d6b86d23a7750ff86bc18
strategies/H002/unique_00689/README.md,593bda84d64993bfda43f3e4d3638697547d704b18b9211667fb948f389152b3
strategies/H002/unique_00689/strategy_definition.json,00a02da9e51d29355a96fa9d97f92075a178f322ea5e513d77a40482fd421adc
strategies/H002/unique_00690/daily_evidence.parquet,7edfade50f7cd1288b9d877e5bca6e61e3a31d0b4b6d6b86d23a7750ff86bc18
strategies/H002/unique_00690/README.md,58876495cd9ac51e3c5179a54c9e82533790a8f444a3130437e056b60d903924
strategies/H002/unique_00690/strategy_definition.json,42e271fb4c76007641c2f571d399d1fa543ed6d9f44cad9aac861bc76bbca457
strategies/H002/unique_00691/daily_evidence.parquet,d9fb1f430005263781f2d2c9e32f48dd16b8db36b8674708afe832a0bc87506e
strategies/H002/unique_00691/README.md,eccd60dabc1c4273a94c13e1823f15c34cbc16a1df7b3a18fc21932189356143
strategies/H002/unique_00691/strategy_definition.json,549f82052bd94a6e95ccf5c67a8f32b118fe3099ce1157d24ec11aaa34ed8b7f
strategies/H002/unique_00692/daily_evidence.parquet,37afba0995d31ed004675937173358037a15f7efd850c23beae615d495588d14
strategies/H002/unique_00692/README.md,139295ef2a941d58d006060d414dae0e8f75a280dfbf88b315a962f35fbf1732
strategies/H002/unique_00692/strategy_definition.json,75f6347bc000c67876a93f50d44578c041f478ab9e01b16cf2eca119d3dac21f
strategies/H002/unique_00693/daily_evidence.parquet,7edfade50f7cd1288b9d877e5bca6e61e3a31d0b4b6d6b86d23a7750ff86bc18
strategies/H002/unique_00693/README.md,835e9461ac288a088d0598bf3a678c55b599e2ef401b439f1632adcdcbb6de4d
strategies/H002/unique_00693/strategy_definition.json,a21d1140ce4862ee36771522bce1ff47f87c94bf9dfcf633378bcca18aacf1cc
strategies/H002/unique_00694/daily_evidence.parquet,7edfade50f7cd1288b9d877e5bca6e61e3a31d0b4b6d6b86d23a7750ff86bc18
strategies/H002/unique_00694/README.md,1e7d47b91a0b53da2bb49fa4ce49163f63d462b2b5cb1b96f4775f1059f046db
strategies/H002/unique_00694/strategy_definition.json,70d3d297b4dde5e4a4c387dc4ea94b333ac23990b7961f3071878b5a6f6b5b86
strategies/H002/unique_00695/daily_evidence.parquet,7edfade50f7cd1288b9d877e5bca6e61e3a31d0b4b6d6b86d23a7750ff86bc18
strategies/H002/unique_00695/README.md,14f4c28d39152643eb746dc1c7250367760fe2f44765d748ab277f8cc1dfa0b1
strategies/H002/unique_00695/strategy_definition.json,165c6b1756ecd5ab6880125018baa8f015d3295d58b7a63009e31661d8ba49ce
strategies/H002/unique_00696/daily_evidence.parquet,7edfade50f7cd1288b9d877e5bca6e61e3a31d0b4b6d6b86d23a7750ff86bc18
strategies/H002/unique_00696/README.md,8b2dbbe3d059089268284a4b90b9a7e47946cb918ef74b3c1a09c5c655212d35
strategies/H002/unique_00696/strategy_definition.json,fcba98013f13ab09e9a82590715b80f1a3baf7b876c1fcd694063ae76eb83e54
strategies/H002/unique_00961/daily_evidence.parquet,6df98da138dd69720e48aa407c8912736dc647cd4056850f7399a6045c075ef0
strategies/H002/unique_00961/README.md,cb27b7ac5cfb23a43d997d286113e0bd786fd17c183fcc1bb45d63383b38edf8
strategies/H002/unique_00961/strategy_definition.json,e84091e3f02fa39f923a57d220b85e26659dfba6e687c07e5349bb34e4c200b9
strategies/H002/unique_00962/daily_evidence.parquet,19fef46a473a585f7e4b38ec397588e01ae6cba79bedc680b30ab5af50c7c6b3
strategies/H002/unique_00962/README.md,b3699b5d4987e3cfef5fbc986a016da899a9f4452d4e4e9f1ea080962f1cba9d
strategies/H002/unique_00962/strategy_definition.json,4008cf89db6f53ba1b96ddedfe915a6f2bbf3eb885e0017a61eea458a3deb4d2
strategies/H002/unique_00963/daily_evidence.parquet,a78e4f3e1f5eb661ebaf3003a45af3fc9c92ed6c12b29842b33f4c3017327424
strategies/H002/unique_00963/README.md,81b9dc2a4785279a1803c0230dddce3c3fdce55786fff4b34f3940754376ac79
strategies/H002/unique_00963/strategy_definition.json,f3bccc60f598a029280cdd5d8079d3b6e96f25d1b7405b60a97f526cffe4f279
strategies/H002/unique_00964/daily_evidence.parquet,af8722aedbe4e9934d74885b7fb616d013b0e4ad492eec8042b13df697ad0275
strategies/H002/unique_00964/README.md,d9f30f0b34e3c7e1acdd4da7d1b2a2d48ab298a4b0ef7d50e477e57ab55f2d04
strategies/H002/unique_00964/strategy_definition.json,a272e218df7855a227d1041757c6e034dda222b424fd7e8b67fb7487240565cb
strategies/H002/unique_00965/daily_evidence.parquet,ed03570547f513d04f1b7d93fd87a06b9f4a2d1b01effdcefa4e7446c7510075
strategies/H002/unique_00965/README.md,fa8796b293ee979db5dfe2658877bcd4f0a23dabcb96a03ce1d3b567af0e3106
strategies/H002/unique_00965/strategy_definition.json,af21529ed895f2117ad5145f493a2fc2979f32f0892ee2cdac63da894cd91683
strategies/H002/unique_00966/daily_evidence.parquet,ed03570547f513d04f1b7d93fd87a06b9f4a2d1b01effdcefa4e7446c7510075
strategies/H002/unique_00966/README.md,1eb54c392686b3c3674560dceb147ae3277748c3594a4e4dc60efc904c9165a3
strategies/H002/unique_00966/strategy_definition.json,9d2332c43edf382d7b3373a4dcb3f40fefde53a7432fa1ccba49997e2c18497d
strategies/H002/unique_00967/daily_evidence.parquet,9875c2818310e8575ca1e3481250553e516994235c53dd4a8ad45932759b1f68
strategies/H002/unique_00967/README.md,b3a6f9dc21d97fdca905bbc14becc5dafc5231882b30a6a511667dad89dc93ff
strategies/H002/unique_00967/strategy_definition.json,bb53bc2afde84f2828b5570c0732569a581030295d4a4f14cdc263a45f61d441
strategies/H002/unique_00968/daily_evidence.parquet,ca646948b865325f90b70d3d5f390a457f0225cb7ac37acdb95dd17ada427e39
strategies/H002/unique_00968/README.md,412b11b605fda3798bd2193decb72d8d3f7858d7b1ba28c9ab3c3d7ad6e643b1
strategies/H002/unique_00968/strategy_definition.json,b508cca7c6b36df73a0d83eddc8a5f2cb52575629b976ed35a2c184e882fd384
strategies/H002/unique_00969/daily_evidence.parquet,f782d1cf88cc453c10edec3426984872010cf7f7b9af15961f4b8f4aaada0564
strategies/H002/unique_00969/README.md,f4b9de6c42866793ac56f4cdd47fb9df6c01a5393fe32c01d7cdb1a5c60d58e3
strategies/H002/unique_00969/strategy_definition.json,866bd7f553084f65f71a8404ade33926566ffde4220c72d558aff25da8b40fc2
strategies/H002/unique_00970/daily_evidence.parquet,74ce335a457dcf8a8cad3fd3cb39a6cc4458a9a8baa3dad5e4f34122990efaca
strategies/H002/unique_00970/README.md,a4846c6e38e15bf1e927fdb6310d318ba5ac4980983d344415336acae7be6d7f
strategies/H002/unique_00970/strategy_definition.json,7c7992ace0ea1a1c706619d1917ae674268b19dade9da73706e2d35144a9f1c1
strategies/H002/unique_00971/daily_evidence.parquet,ed03570547f513d04f1b7d93fd87a06b9f4a2d1b01effdcefa4e7446c7510075
strategies/H002/unique_00971/README.md,789d1eaa2c466cb66d5ce80f68f5418c20632c6104bcd3e707c87549a300965a
strategies/H002/unique_00971/strategy_definition.json,d9544514882b62518d4be138119cc2f6cfde023f5cfad824703491619e3c6635
strategies/H002/unique_00972/daily_evidence.parquet,ed03570547f513d04f1b7d93fd87a06b9f4a2d1b01effdcefa4e7446c7510075
strategies/H002/unique_00972/README.md,b9de286a66087e828722fcde70ce5cb95c0392728ee932aba147aad859b5316e
strategies/H002/unique_00972/strategy_definition.json,14770f897d7ece9ac1aaab9f0121854582a39100e4945eb9d3d13cb21aa39812
strategies/H002/unique_00973/daily_evidence.parquet,dff7dbe1d163f6ccc8bdcf0a541015ea359c47ce0460418e7b88dbe292fae618
strategies/H002/unique_00973/README.md,c239d80764fac5b6aa504ee9232e444b6463e27f1ff05529a7f34116e1c5b2fd
strategies/H002/unique_00973/strategy_definition.json,734fff8d1155b01ae1a6f55ff2950f26742cee25593d91fea2ac392d309aba05
strategies/H002/unique_00974/daily_evidence.parquet,8f0c15578ff326ad935a9fcce918281e70d354aa38c2806ffdd17407920c74b5
strategies/H002/unique_00974/README.md,d99a818ffa93de89bc6e481f248a90182d5a737158ba331020cfeb607f297a3a
strategies/H002/unique_00974/strategy_definition.json,6a0a88b3696a9fc82cef938df68f72d11d0e3bbe9345ad22aa152365e87f58e9
strategies/H002/unique_00975/daily_evidence.parquet,ed03570547f513d04f1b7d93fd87a06b9f4a2d1b01effdcefa4e7446c7510075
strategies/H002/unique_00975/README.md,c99e4930fb8f31aa525993d733f518a1d4c01b54d954ee1058c63ef0b19cf0d7
strategies/H002/unique_00975/strategy_definition.json,98b59ad482ac30b42e0364dfe72b1a9c429ce814da75b93e056ac63b8c04218a
strategies/H002/unique_00976/daily_evidence.parquet,ed03570547f513d04f1b7d93fd87a06b9f4a2d1b01effdcefa4e7446c7510075
strategies/H002/unique_00976/README.md,de209e96e46eddafae0df37c8dbe7f85ebe321ee3548cec68fa7d56a705c0406
strategies/H002/unique_00976/strategy_definition.json,70c950c711ff765f9a9442d2a49f0f3b2a35c4a36320bc3f92c2c29ad00f53af
strategies/H002/unique_00977/daily_evidence.parquet,ed03570547f513d04f1b7d93fd87a06b9f4a2d1b01effdcefa4e7446c7510075
strategies/H002/unique_00977/README.md,6269b5a5bbd32fef123bd0560ad1137ee2d39f2aa6ce9939d7ad06641cf3267d
strategies/H002/unique_00977/strategy_definition.json,5ae5135a89c0ff02bad3c4b8c142c396a2e47926289f22183e6870ff1024eaa9
strategies/H002/unique_00978/daily_evidence.parquet,ed03570547f513d04f1b7d93fd87a06b9f4a2d1b01effdcefa4e7446c7510075
strategies/H002/unique_00978/README.md,763644103dbb60b8922c53790fb13a369810bea82358387938eaab803e8a85ff
strategies/H002/unique_00978/strategy_definition.json,343852fdfdb476f6f41ce2f1cb50315de644617e9806c7799fb9bb2a3086a14a
strategies/H002/unique_00979/daily_evidence.parquet,f964c6543e8cd5d4ca234f507f241ad367f9fdc0293940066eaeadb9d2e874e1
strategies/H002/unique_00979/README.md,f47ab0c9f2b069c64cb0e9b945359d5f8dda76d4bfaf03a63c93b998dcc67bdc
strategies/H002/unique_00979/strategy_definition.json,fbfb4d58dac2bea807890a15bb09f1f7f2b323748909e595535a3ddfc29a2dcc
strategies/H002/unique_00980/daily_evidence.parquet,6d76c1011b0d2d8a9cf64b50d5abedd57307b740362a4549bc6c09a43de74959
strategies/H002/unique_00980/README.md,71c2a628323f5afd80f9805925f8819c8bed8e76af78c2cd1c4021b059459a8d
strategies/H002/unique_00980/strategy_definition.json,222a2fec24c69cca51f4182abf735554df167f72ddd0d3f3a0909fa3223187ae
strategies/H002/unique_00981/daily_evidence.parquet,ed03570547f513d04f1b7d93fd87a06b9f4a2d1b01effdcefa4e7446c7510075
strategies/H002/unique_00981/README.md,db8a3b5b2b5e9c70294ba17dc0371e2d63ce249cf0de56707383efeafadb6cff
strategies/H002/unique_00981/strategy_definition.json,e1cc16d2ec5b135891b609aa531b06d92afc3d50c68ae4851a877a104089fd1f
strategies/H002/unique_00982/daily_evidence.parquet,ed03570547f513d04f1b7d93fd87a06b9f4a2d1b01effdcefa4e7446c7510075
strategies/H002/unique_00982/README.md,4864204619805c02b6ae20a5301907ec22e6a748f7c4e1d77ed9cbcc7ae9a902
strategies/H002/unique_00982/strategy_definition.json,62444c81a8d7bb3c9a6043b3ddb3312e8f2472364ed3f59c16d11d901bf6bb0b
strategies/H002/unique_00983/daily_evidence.parquet,ed03570547f513d04f1b7d93fd87a06b9f4a2d1b01effdcefa4e7446c7510075
strategies/H002/unique_00983/README.md,ba51232695d46465a1d0d4fbca9281e50f8b2a3dd9427f9537f5455d73a7bf03
strategies/H002/unique_00983/strategy_definition.json,5699502f3b2c13c7714c1fc8b6daa0561a408b26c80dcbd584e4fc9d048f1b98
strategies/H002/unique_00984/daily_evidence.parquet,ed03570547f513d04f1b7d93fd87a06b9f4a2d1b01effdcefa4e7446c7510075
strategies/H002/unique_00984/README.md,9ee3ad19c543c18f58b6f0efc8d8802f7f5849baca212c2ebf36e7b9a960d03b
strategies/H002/unique_00984/strategy_definition.json,c2df21bc8ec7773c7bb2cd152066bfdfb29d06af34215e50f00753514f0a7089
strategies/H002/unique_01009/daily_evidence.parquet,cadc18670677ee789bad4914d3728e97f50b0024bacd80ff24b024678bf2e6a3
strategies/H002/unique_01009/README.md,464dc3add107961f334e4146c3a243f1b8b554cba27cee36bd0ecfff11697f23
strategies/H002/unique_01009/strategy_definition.json,31b54583e19103a04f256772f0f8e18b1794c2e97264b21ec7c9d9f27dc94ece
strategies/H002/unique_01010/daily_evidence.parquet,27ef5eb5810bef8ca1c91ff04b3d982d1ba167f071ff3e623d9507932e0a5d39
strategies/H002/unique_01010/README.md,dbcbe2e199030d65db4a15080b3a6ae78966077adfa1dc4665575a569e2ff778
strategies/H002/unique_01010/strategy_definition.json,e506139b8ee6fb6fac142fa9477709c80137c86562e12cce64d92cebf54b27ce
strategies/H002/unique_01011/daily_evidence.parquet,07f5009317a7d7b2bb1899d516e52a3aecdb2ef1ea5aa4b99a64474073befc0b
strategies/H002/unique_01011/README.md,61132ffdc7ed3e386c45ffa5ecded3b0736014fcff14060b84a91b37c80ddbfb
strategies/H002/unique_01011/strategy_definition.json,e29589bae0d099277daf091a5684b141239b66549e355af496a5b012a15cd8f7
strategies/H002/unique_01012/daily_evidence.parquet,6a4d14a2deaa1274ba183979a86884d842afc774d8b40a4a8e3f7dbb28b19246
strategies/H002/unique_01012/README.md,eda28476decf4599b61faa5e990d9661f8aa284e3ee1bfc9cf3e5279fd07e3b4
strategies/H002/unique_01012/strategy_definition.json,08fd874b03eb87adcde43f0dd299c513e7274497ef8665832c8baa73321052cd
strategies/H002/unique_01013/daily_evidence.parquet,70cbcd406c868bff17c36fd7358bf921617e9f1588c2b36db87e84947e0dbe77
strategies/H002/unique_01013/README.md,6d51b81f6715f4beacfada32b70a7495edc5798f75f5ade6121d67339123deff
strategies/H002/unique_01013/strategy_definition.json,db44fc453f089032d49e6415ea552bdc8c14e14f9faf4a5acf82f32eac76abdc
strategies/H002/unique_01014/daily_evidence.parquet,8cd4bb428eeee6686e36045a02ee4a6f365ea9c15efe14bb49320e89f0e99564
strategies/H002/unique_01014/README.md,c80ccd216645cf291491b06b321870b2c2c6ae8065a78753b54949706cba8373
strategies/H002/unique_01014/strategy_definition.json,9039987e459809c4cfcf62c4084cbc03adeba96c54481a7a13a12cc5e3927db6
strategies/H002/unique_01015/daily_evidence.parquet,338a7f50f1a36b0fd83146a1a4044fb23305e4e844386f99507c5da23fd273f2
strategies/H002/unique_01015/README.md,3ffe0bb0b0ba1ef6c96dda15d54b0a6950ab61e7a66be56027db6d23deef7ab1
strategies/H002/unique_01015/strategy_definition.json,d0fe61ea512fce8b236a92afc3bd02c7467e84704efbcfbefc857413cc7487df
strategies/H002/unique_01016/daily_evidence.parquet,4931fdeb598892565e309e1cae9f5ff4fbdd208beaf29d6a945ad4be1e4cc3e8
strategies/H002/unique_01016/README.md,af60bf0671b091221650cef315c14ef91a1b2964665d78607530e4aab4afa88f
strategies/H002/unique_01016/strategy_definition.json,2fcc927de2728c1a287f230d1e58e8dd56ecb893a351835e3dd58d7a1504a865
strategies/H002/unique_01017/daily_evidence.parquet,5c0fb64923b29fc0c73500a3501bdd580d8c75604570289b34c1b289c2e1ba75
strategies/H002/unique_01017/README.md,7df224dbb85b22d6e041fa43fe801ea228840ab257577365ccf4ea6b00cfc564
strategies/H002/unique_01017/strategy_definition.json,a2f16d7191e1ca5223c743d26245f6ce5b50c32dd780801d1d2c88c027f2b761
strategies/H002/unique_01018/daily_evidence.parquet,a27bf582907276a193012bba001d6329a081a3456f81c6744137f18d29b5579a
strategies/H002/unique_01018/README.md,3425444b33eb32840737b82aed92a121feed3b1c0ca525f54370c9d93138d7a3
strategies/H002/unique_01018/strategy_definition.json,9b6ba459eb1527bfdcabf92671aa34096d7913d658aaef1b802ccce2ad0391d8
strategies/H002/unique_01019/daily_evidence.parquet,0b8006d994a0402d8b31c4255a9203c380117220a8e72b6b773094251f311b44
strategies/H002/unique_01019/README.md,73340506ce372c15504092583e6388236dec54a60e8f294e24c22c59d81653e2
strategies/H002/unique_01019/strategy_definition.json,00f00fa6c141229f23525443fe0ac127640900c883e1c1aaaf8cbe92333737af
strategies/H002/unique_01020/daily_evidence.parquet,0b8006d994a0402d8b31c4255a9203c380117220a8e72b6b773094251f311b44
strategies/H002/unique_01020/README.md,2ba9d332abf6cc3033f54b084020c756c9bc4b584e80c4726e9ff69074b8958d
strategies/H002/unique_01020/strategy_definition.json,2b2def19354939bd4a239dc038e230b97dfb8c335996b4f25d953a886a5e79c4
strategies/H002/unique_01021/daily_evidence.parquet,69f122b0ba017598c1edc23fcb1293f02bedaebe4992aa61925fbfa7076068c5
strategies/H002/unique_01021/README.md,cbd9d15b56ba61433e45a0008b7a988cd6ac1987fbe949f416fb761809299fd3
strategies/H002/unique_01021/strategy_definition.json,2929be69fea18e759d755d66978d7c9cb08d7984180a08b2996e63e222fe46f2
strategies/H002/unique_01022/daily_evidence.parquet,ec50f8ab48afe8160b09642cbd13f9ac1cb0a682c3c13c7fea06943be32916cb
strategies/H002/unique_01022/README.md,4a576dc664a742910310ae9b0c35524157c5448a248c0425d14d5ab5053dd3b7
strategies/H002/unique_01022/strategy_definition.json,748b3604158c09bee8bda8ec1f1e09265de14233f60ec432b1c9fb6c11f4302b
strategies/H002/unique_01023/daily_evidence.parquet,5d13d6aa7928845fa37810f46f6ac789d9ea9628fc0493b819c6a9fd96d16a5a
strategies/H002/unique_01023/README.md,32046d1c4f0017270adc385a63ac3a47fb2dfd1b7a3ccefb718126af5c5323d8
strategies/H002/unique_01023/strategy_definition.json,777411d5cd1e36f2172471d376d84765bdfe37d8fcb44005812fab5d9c845a9c
strategies/H002/unique_01024/daily_evidence.parquet,5c6c34f68a5b65313a3046e1535cfa617b29621400a2af774e8995f93911b6b3
strategies/H002/unique_01024/README.md,0074d8bbb584d64e4c141a890c131cd612ff0919bdc810b61781c0d293327af7
strategies/H002/unique_01024/strategy_definition.json,813d0ae618443a6c73eff56d187897a4e835ec7706650b45491059c97c3848fe
strategies/H002/unique_01025/daily_evidence.parquet,0b8006d994a0402d8b31c4255a9203c380117220a8e72b6b773094251f311b44
strategies/H002/unique_01025/README.md,36bb6f65154dff9beb7ffaf50e685c461d45ec7e37cccb095f36967624782b5b
strategies/H002/unique_01025/strategy_definition.json,68f95cd51a7e486c33f7a0d993ad2e2ed877ba478c495dba04f5d0ff75e1fddf
strategies/H002/unique_01026/daily_evidence.parquet,0b8006d994a0402d8b31c4255a9203c380117220a8e72b6b773094251f311b44
strategies/H002/unique_01026/README.md,bd0c3381dc2c6b87511e4c90140c69cda946aa059ac7ee33c068fee3723505fe
strategies/H002/unique_01026/strategy_definition.json,41c3ba1d486f4ac1767d9a5dcd0eb34d9e405faa938c66aeb6c40d0753c3456c
strategies/H002/unique_01027/daily_evidence.parquet,2479f08da063bf00e2bcbf056ec8c3f6b0f9dc0cc552d9736894b309e58a83f0
strategies/H002/unique_01027/README.md,bc09541547e66a0718eb96bdf35ea946a4b15f883b8a9784aea29fce730f227e
strategies/H002/unique_01027/strategy_definition.json,80aa6563e65f14d5825b1ecb7d9b196928128fd5fd2de990fdbc704944704712
strategies/H002/unique_01028/daily_evidence.parquet,a9206993401092f3147c407e087c921bc9e1cb18cd57bcee3720d9af8ab82a9d
strategies/H002/unique_01028/README.md,70d0fdac4ac76e0aeb42717ff65919bd00d516b256b638ccfdc688b29f68a19f
strategies/H002/unique_01028/strategy_definition.json,05b52c6b2392579174473e546cb007d4dbe1227606a7e71f9cd9eff51c2a9b8b
strategies/H002/unique_01029/daily_evidence.parquet,0b8006d994a0402d8b31c4255a9203c380117220a8e72b6b773094251f311b44
strategies/H002/unique_01029/README.md,a57eac3f0c22dacd30920f9ea9385a286837f03f768215483e836f486eda7ec6
strategies/H002/unique_01029/strategy_definition.json,b6fb20748d25a17eb6daa8db414e053e7cf23eceb46073bf4b43d23dbe0a9209
strategies/H002/unique_01030/daily_evidence.parquet,0b8006d994a0402d8b31c4255a9203c380117220a8e72b6b773094251f311b44
strategies/H002/unique_01030/README.md,24c636af2e9e418ccd4def0b34361cceaa74d5e36e9deef1fe69ddc98ab2de5d
strategies/H002/unique_01030/strategy_definition.json,3c72b76fb41dc7a369bbfbd5ac4e784e70d739f1779a16f7608f512d51a9d95b
strategies/H002/unique_01031/daily_evidence.parquet,0b8006d994a0402d8b31c4255a9203c380117220a8e72b6b773094251f311b44
strategies/H002/unique_01031/README.md,35c940b55590c4beedb33130544fc1168516b3bd14b948e2cebcada14a82cf01
strategies/H002/unique_01031/strategy_definition.json,5407980b52a6338914654a466b77bcbe51478e235be3afae4c4a7e5b96be368d
strategies/H002/unique_01032/daily_evidence.parquet,0b8006d994a0402d8b31c4255a9203c380117220a8e72b6b773094251f311b44
strategies/H002/unique_01032/README.md,c21277227cafebf4a441640048f136581571297e4a1f52b228da1081bb5ef7af
strategies/H002/unique_01032/strategy_definition.json,640c3805315a32cc9a3cde7a90d11a8ec937437076c00642baa56fc82cf479cb
strategies/H002/unique_01057/daily_evidence.parquet,b792b92d541bbe1e47173bc5324ce9a6ee20b084c6eee30536f384dd8e40615a
strategies/H002/unique_01057/README.md,9682fb6416239d4dcd5a35b9b21ae60addb5e2a44755a15c6f01df56cb6ec336
strategies/H002/unique_01057/strategy_definition.json,a9d04bd0122ee7e51414cb4131cf00e8181e446261732d3b5677da41e8ad3f56
strategies/H002/unique_01058/daily_evidence.parquet,8801220cb4df8cb86bbab5461a81d6f8345f3d9e1dc068d4fa1c4485682c347a
strategies/H002/unique_01058/README.md,af04c94bfb6bf06c60afd4ef4ccea124679c808df6afe79f7e73dc69b94b009d
strategies/H002/unique_01058/strategy_definition.json,acc482290bfbeb3bcac8c26bead300a78fd6fd8428699ac548fecd863e81a7e4
strategies/H002/unique_01059/daily_evidence.parquet,020f27c903e5bf1d12eed609f9cb1ba43391fd8c77b74ba8ded3becd931c0638
strategies/H002/unique_01059/README.md,cc0b620e3b4a0325ac4c314c021a5d84a712f748ab14dec472614aa76e16a6f1
strategies/H002/unique_01059/strategy_definition.json,6bfef4e92a296fb55ae2959fe78a2ffa63335cb8ede002a70fa204bf0306cd58
strategies/H002/unique_01060/daily_evidence.parquet,3fd733a75e22927ce7b216b3cec19f04298b48e50508a448463fb22256037b64
strategies/H002/unique_01060/README.md,a4da95c296ef805554db21e6486aa5e745c521661680aeab3b2232efd994ada9
strategies/H002/unique_01060/strategy_definition.json,7e57c4cd8ad7827f34d6768dc511ecdb05923acd05e0f1b810f4a46d090d093e
strategies/H002/unique_01061/daily_evidence.parquet,1c32441caf37981e78ad1f3365ec88397698521a0ba29ca5431323147d793661
strategies/H002/unique_01061/README.md,fbf8ea6b6ef915f589fd8bc605c9c63aecdacdef971a73bb4e8ba4b363f38d51
strategies/H002/unique_01061/strategy_definition.json,b4422ebebfd75490e348a74fc9143deccfff3c875cfeb7b9bc056ce831b642bb
strategies/H002/unique_01062/daily_evidence.parquet,1c32441caf37981e78ad1f3365ec88397698521a0ba29ca5431323147d793661
strategies/H002/unique_01062/README.md,c3d2645032c26b82cadbcb8890993b49aa2baf3ef32f046ec219e26a62bbe0f8
strategies/H002/unique_01062/strategy_definition.json,1069ff7e58fd16c78b248954d1eeddbcb8ebe439a9568535469b7d08a4b31e26
strategies/H002/unique_01063/daily_evidence.parquet,61bbafe316c12567d8676e1d227487d2e3ae0f4872dbdc28bec9c6cb5ce99cd5
strategies/H002/unique_01063/README.md,f094ab0865772a904f3dcca80c96e0973f18bc8a97e4802eb9158b31550b7a84
strategies/H002/unique_01063/strategy_definition.json,fe4b01b1e67be96ffc71fe33d9b910f5311d879682dfe2910c3bec5c1264ea6a
strategies/H002/unique_01064/daily_evidence.parquet,d2b90d7bd086ff5972c18ed35554d859f94dedd384b99d6161026fa6afedd83e
strategies/H002/unique_01064/README.md,b214625d958e964b9c6b2a2707eda753315c02113cfd50f1862b1d58fb3012af
strategies/H002/unique_01064/strategy_definition.json,48459a00cb0c80ef10d313538941e735c1811fb4e04dbf415e4de7a31e303850
strategies/H002/unique_01065/daily_evidence.parquet,ec44be10757672f6e57cb0d994f7cc6b7d0d569b1315ff2fc5d07e64ded408b3
strategies/H002/unique_01065/README.md,80df8942edc943fb6ff47a1230bff3710ce200b3b0c5d2b2988c66ec1b17decd
strategies/H002/unique_01065/strategy_definition.json,c50429bd5a1f68e6180f406dd35949c1dac476b164de52c9c79822556258deaf
strategies/H002/unique_01066/daily_evidence.parquet,dd726eb6e4ab31661341bcad60f6fe02ad6dfa6df966200167fac57dfc21aa93
strategies/H002/unique_01066/README.md,9ea1b280f777f81874918480f6a4b01a72062113fd2e4e7a043d19c3630dc550
strategies/H002/unique_01066/strategy_definition.json,e8049cd922bdc0228dac57e5e67b45c950e6b698f8cdd835573cc116ad00a88d
strategies/H002/unique_01067/daily_evidence.parquet,1c32441caf37981e78ad1f3365ec88397698521a0ba29ca5431323147d793661
strategies/H002/unique_01067/README.md,a91f5ed653f0d23c91eb4e2bbf0ed4cde93f6a10c1179f08275199eb49cf417b
strategies/H002/unique_01067/strategy_definition.json,02c6b7d414a1138c0013e6b9bdb51b9c5dcd19a9d187748af8301b20c1913cd1
strategies/H002/unique_01068/daily_evidence.parquet,1c32441caf37981e78ad1f3365ec88397698521a0ba29ca5431323147d793661
strategies/H002/unique_01068/README.md,86d74dd583e8736997cfb3ad8a2511b92801f6aaf50e77fb0191e0ddae23d739
strategies/H002/unique_01068/strategy_definition.json,43f992ee2db0e9396bcfbb09ce48bc41948b4113c95ecbbd6664b317b9fb4dcc
strategies/H002/unique_01069/daily_evidence.parquet,f70acf94407e2e3d4703c9e3cceecf8b2e5274e54319016a66e9152774b01dc0
strategies/H002/unique_01069/README.md,f8d938ed368144acac85bf1a04dac5a6d1a1c635954742bdf6a948e4e6b56f3d
strategies/H002/unique_01069/strategy_definition.json,5a286ec724e3e8d72e8dece56c04bbcef3b8d06fee8a20f55f5f001e553a30cc
strategies/H002/unique_01070/daily_evidence.parquet,e29a2b967bc490f83c46ae8326535adad7afe939a135e30110b4a8c3563f7e52
strategies/H002/unique_01070/README.md,c2e9e6c71378be4924ab90d888423b334b1f521775e41f97e94e63f47b44839f
strategies/H002/unique_01070/strategy_definition.json,3371822e3b23ddee9c9b676ea9a92b0daecab914de58245b487ef1b5266c968b
strategies/H002/unique_01071/daily_evidence.parquet,6bfc7642cd42db327c8f3d4b86d23ee7af25deffa2295d50d2e607d20cbfe1f3
strategies/H002/unique_01071/README.md,a346302ed4e058e1b70d46ec4e944cfa290078db7fec9ed26b355d99155fa2dc
strategies/H002/unique_01071/strategy_definition.json,4885651956913bfb3d3c91f81fafc62622d0fca364ee268d9f1854b4a915b091
strategies/H002/unique_01072/daily_evidence.parquet,f2f3078a227b957deea43cbf90d42f83e12c91ef01d1f37b4cbb5a925eac7b13
strategies/H002/unique_01072/README.md,a69930636bb1f08caa126bc61b7866fe3d1270fda64046602dcfcb02304b8dcd
strategies/H002/unique_01072/strategy_definition.json,0722ec856ffe3c37974db8cf7b94c218be37bb506dd7e08b0e393c837c739ff2
strategies/H002/unique_01073/daily_evidence.parquet,1c32441caf37981e78ad1f3365ec88397698521a0ba29ca5431323147d793661
strategies/H002/unique_01073/README.md,30e58196c07c5eb3d20a2b9cb3e09d3f1b61cb9a00cbc7055c4ffabd3beaa180
strategies/H002/unique_01073/strategy_definition.json,e63071e3b6799397ecdf453f976a5b46714d74c579838534e45b73defae67049
strategies/H002/unique_01074/daily_evidence.parquet,1c32441caf37981e78ad1f3365ec88397698521a0ba29ca5431323147d793661
strategies/H002/unique_01074/README.md,a3b14c434681c5ef56eef6e133e9de39af3361b4d4f3ef0debc945240c4da925
strategies/H002/unique_01074/strategy_definition.json,06e3b36a8ad0d0d5075673162c13ec637839e2397b1a354588ba97b0df78865c
strategies/H002/unique_01075/daily_evidence.parquet,7e01beb4372c3511ebd2f8fb0ddc84d93022354dfbb9be08dd48a4b3364ca90a
strategies/H002/unique_01075/README.md,62fb02ebfa436bf4a313292257813cfacb95949b11455685626f69e49814de23
strategies/H002/unique_01075/strategy_definition.json,8512536ea5a9000f951962afedc51fcf28215fe84ee71fad8fbbac018ac70a4c
strategies/H002/unique_01076/daily_evidence.parquet,ea81748b76837e78129f1667af955db73d709c6c913ffe8cb7e845365bc0b55c
strategies/H002/unique_01076/README.md,eed48bd02576ac16bdd74a071a06c7d1086a14ecdc886ebdd2114454dd5cc19e
strategies/H002/unique_01076/strategy_definition.json,19b96988a79ac19cfb38cde6096efcf91223cf49a55c0c9eacb8791b6805a174
strategies/H002/unique_01077/daily_evidence.parquet,1c32441caf37981e78ad1f3365ec88397698521a0ba29ca5431323147d793661
strategies/H002/unique_01077/README.md,08711d492164103fc2687edf5a06b5de4536412df6d83b40ce230b70bcde1f4b
strategies/H002/unique_01077/strategy_definition.json,028b99ec1e7e790ff837ea1b73e7ef7a6f4a96bf592a17748953ab538b5cfb50
strategies/H002/unique_01078/daily_evidence.parquet,1c32441caf37981e78ad1f3365ec88397698521a0ba29ca5431323147d793661
strategies/H002/unique_01078/README.md,0ebac974b1d13057032c320cf839c31baa9b3da4853a0b49f071d2dee9e5c961
strategies/H002/unique_01078/strategy_definition.json,bb60877ddac57d90037056cea6577220955aa6b4ef834f92a961ff0c3be59fc0
strategies/H002/unique_01079/daily_evidence.parquet,1c32441caf37981e78ad1f3365ec88397698521a0ba29ca5431323147d793661
strategies/H002/unique_01079/README.md,b263e904f56ea1465143ab7f822146785645c38d389fc58a66cb24c5bf9fdb50
strategies/H002/unique_01079/strategy_definition.json,6b596d3e264adfae4133bb7c8f0ba81ad6f33a2dead4e1cebb7e028cbd4b29e4
strategies/H002/unique_01080/daily_evidence.parquet,1c32441caf37981e78ad1f3365ec88397698521a0ba29ca5431323147d793661
strategies/H002/unique_01080/README.md,00c966c141e210beeeef1ffcd11c868213e5c30e55867d648e17d989687895f7
strategies/H002/unique_01080/strategy_definition.json,2f7de44fbec5da683226689e2645a9e437a0353f21bfbc246fa27bb62d6482ec
strategies/H002/unique_01105/daily_evidence.parquet,e37af36c1fcb0f9d8b2dfaf890af8813480f6325556dc39b14c959ccd1ffe873
strategies/H002/unique_01105/README.md,b745dfcb0ec23c714a6300f3c5817871b660970656c945dcba8bdfd6e3fc1e0d
strategies/H002/unique_01105/strategy_definition.json,ccf0b45b77a1b7b04eb112d1da6b914261df58e53620e6a59494ae165b0d16ce
strategies/H002/unique_01106/daily_evidence.parquet,6667f34cea2cbd114454e13c94de785df7376893a9c1d116a0b0ab7ff6a9c208
strategies/H002/unique_01106/README.md,c68f4e40eab7850954ea03a2b4096ab5139e4b3c59405cb880fad2569f8494fa
strategies/H002/unique_01106/strategy_definition.json,9e52693c28564a72a8e3c8555b57b647b9396907d7b5d18f1b63c2823fe6e8b9
strategies/H002/unique_01107/daily_evidence.parquet,f14c125d9555ebd3479767f4058f2fa2ff6c6259b5462d64a8bf208cb2694be7
strategies/H002/unique_01107/README.md,62a67c426aac8266ba98c380eff45a39455a2addfe5d46dbc63a2b7052b9ac6f
strategies/H002/unique_01107/strategy_definition.json,937ad924ad4d545fa27fc01da58cb3f2738dca1319826c33c3df8ebf451d2b74
strategies/H002/unique_01108/daily_evidence.parquet,d75e733bdb6a2ab5f12f59bc51314a127b88fdc6f796a9a99ea850854302160d
strategies/H002/unique_01108/README.md,69957217c5c9cd9b0d34ad1ace8616d709ac04ecd9297e1ba60a8e416e95b324
strategies/H002/unique_01108/strategy_definition.json,40da56f513b7defea6c2cb8747a4e8fbda290fd61fe03a1ee76de13efc775036
strategies/H002/unique_01109/daily_evidence.parquet,7bba3332bfb24de8077b4f2f2c5e70d22a5677e72e506608dae72ed07862c894
strategies/H002/unique_01109/README.md,8ba7c46f5a6662e23e8433dda07c7a3eeb0478930715beeba96f2927020ebd3a
strategies/H002/unique_01109/strategy_definition.json,b0e1eea2ba808ef6df75d4dbd1344fc2fc28591d0e22f7c9760aa419b0754ca4
strategies/H002/unique_01110/daily_evidence.parquet,73a8440c9a79ebc90c7647f73cb133bbc08f7a3cd2ce266eaa3468520e1c2bce
strategies/H002/unique_01110/README.md,92a5af33886319d55a435d2276707d42942582b2b98fd59c15b33809a3300b0b
strategies/H002/unique_01110/strategy_definition.json,b28e835bcacc62db26e977039ed6b5cd364479a3f71fe19fe49306308a767ba3
strategies/H002/unique_01111/daily_evidence.parquet,7a802169d162add580fa324e2466c1399670a47b0fec30769ae88165e5627cc0
strategies/H002/unique_01111/README.md,ffb8f9c86221c06dba58e60936961ae521c09db75464b832cff737c2be1f17b3
strategies/H002/unique_01111/strategy_definition.json,bd477d52999105b38a450cb3602d1f88529a1ee086d9675c88ae664d000d5997
strategies/H002/unique_01112/daily_evidence.parquet,6ab7b67cbaaaed3b8857adb65a55e14055525784038e41035d9fa54718f8d804
strategies/H002/unique_01112/README.md,74f2ce37908aeb10ed267bdf5dd6ff61bcbafa461ebd3b61601d99e9b41417d5
strategies/H002/unique_01112/strategy_definition.json,bc3776b5e00fe257a8b2fdebf76ac1ff8b2bdd73c6f1e5d60158ee9ccb081088
strategies/H002/unique_01113/daily_evidence.parquet,373aeb0691b314b5dde14dda4e18eff9460a6943d978c3bd3a7f30fe27fa9a48
strategies/H002/unique_01113/README.md,e52f9e4037cba0889d07c5e114143b47f38d8e0dfcfa6daaac6699e4ee3a2eb4
strategies/H002/unique_01113/strategy_definition.json,d6772c553a2c9c384e23c716770c5bf48bb5925d00d7aa56492e33eccf3da26e
strategies/H002/unique_01114/daily_evidence.parquet,03e859f3751f2ddf44a3029e67553d7acbdc339e8d1e5f726c788d67c57661d7
strategies/H002/unique_01114/README.md,ef457afe3957f480c301932d9bdda48e259a0066720540efe433ccdcd935e0b5
strategies/H002/unique_01114/strategy_definition.json,1a8a5501df0efa2ff1084a18b11b8ed37dd56d647dfad5664ea31fc9025deb03
strategies/H002/unique_01115/daily_evidence.parquet,d126cdfb9c8a8e03961701781cb9f0e7e6f3aa26122e54926b7339d233e21aea
strategies/H002/unique_01115/README.md,be2a56b97ad0fae523451ebd877fdce7ecd6add81d1b0d6d603105257098ff84
strategies/H002/unique_01115/strategy_definition.json,1223832be49d1b829e7f4b7729c5afedfcbe55414cbb9dda9e27a96d5ed323cf
strategies/H002/unique_01116/daily_evidence.parquet,d126cdfb9c8a8e03961701781cb9f0e7e6f3aa26122e54926b7339d233e21aea
strategies/H002/unique_01116/README.md,e0f3265f7ec96022b1c106afa78025403d74ed4c18dcbf57f7ce881b2e0dac97
strategies/H002/unique_01116/strategy_definition.json,428722dd105fe2749a094a7f77d6c8844e344fcdba461da1209810ad890e8c78
strategies/H002/unique_01117/daily_evidence.parquet,739aa5a0aa1377fca6f8230a40775647df7912cbad1f9343edd9d32c49d2a55f
strategies/H002/unique_01117/README.md,db07199fd33f9a243eb804f3eeb524f039a971f5176f5db81d07ca881bb5015a
strategies/H002/unique_01117/strategy_definition.json,72e50c7e164d553b0fc814eb6207c4ba23263063e7991b87e6e50c8cc447113f
strategies/H002/unique_01118/daily_evidence.parquet,a717e4603113aaa78c524f1e318614d627ebca18ab508f6a3aff3dc4a57a7f6b
strategies/H002/unique_01118/README.md,664cdd14ed01230b649ad4e9b166d072f044bf25f17bb9c9ec416d6db2a580c2
strategies/H002/unique_01118/strategy_definition.json,8bc575ef2e60a52342f03271fb2babe373768ed06c2e1800af4a1de21f6aa7cf
strategies/H002/unique_01119/daily_evidence.parquet,0070122b10345b76e9f8b580fdc3ccde21c9cd7d3cb96796c316e821a98673ac
strategies/H002/unique_01119/README.md,4923bfb20e0a88e47b8f373bf9555a854240114dcb460a4e3507899092eaf016
strategies/H002/unique_01119/strategy_definition.json,cb2070d8b9cacc98fa479a395f5d85ead86766fb230dbe87b423975d34905212
strategies/H002/unique_01120/daily_evidence.parquet,15708048eeaa8fd83f10c3b8ccb8ca64ef22c33727712d5ddcac27f0692c677d
strategies/H002/unique_01120/README.md,b2bdc26813ed349007ade266279ea144b5b9eac66db3edfde9ff125a58135dad
strategies/H002/unique_01120/strategy_definition.json,c90742cdcd09f8fde1db24232f6b4f08de1f53c69a7ed948fc14f3afb04576e5
strategies/H002/unique_01121/daily_evidence.parquet,d126cdfb9c8a8e03961701781cb9f0e7e6f3aa26122e54926b7339d233e21aea
strategies/H002/unique_01121/README.md,33fd45cdd1f9505c78010bc970f0835e1692a7496f2dd2acda7ea14c8fb307d0
strategies/H002/unique_01121/strategy_definition.json,2307bc24f6bbc0e4ed0f4a160e627a8e2506217d269ded0d961ed7e6de7ee81a
strategies/H002/unique_01122/daily_evidence.parquet,d126cdfb9c8a8e03961701781cb9f0e7e6f3aa26122e54926b7339d233e21aea
strategies/H002/unique_01122/README.md,247acd1b98ecede297cef9c1914bc30df3f2fe02514ef3b1d4c6b9944181543d
strategies/H002/unique_01122/strategy_definition.json,6b85123c931e6864181c17b5b9d8eb354ef46de9993a675ef1c8fbef99142629
strategies/H002/unique_01123/daily_evidence.parquet,887012d4b9433e6da6372f7819ae261ff15a75001ae86c499100f3eb6899a466
strategies/H002/unique_01123/README.md,d224672bf1ccf022b97a05842db92c492f81ed0c718e8207f3fe0ed0b6a3cac2
strategies/H002/unique_01123/strategy_definition.json,0dfb09f5506f746710a919b42921593d5d42c2c12dd38b2e56fc920a0536be8c
strategies/H002/unique_01124/daily_evidence.parquet,e4f64baf17d08e215970d0cde685a793f53d2ec0ec6189e9c36132fb93d721c4
strategies/H002/unique_01124/README.md,372649139c69081cbd281e9ef16cb87c1ed4cb5e17caf6650e87f60ddd5e9d95
strategies/H002/unique_01124/strategy_definition.json,bee49318436bdb167a68b15e416171120f919834b9fdfe1bc7481e2c221f1c77
strategies/H002/unique_01125/daily_evidence.parquet,d126cdfb9c8a8e03961701781cb9f0e7e6f3aa26122e54926b7339d233e21aea
strategies/H002/unique_01125/README.md,296cb1919e53fb26c9bedcae9dd869ad2c183ce22697edcde70d7c708efa9182
strategies/H002/unique_01125/strategy_definition.json,d92e3cc1631c0fa2679a0169b0f8ca52f4c4928b0b10a5822d529d102de5f53d
strategies/H002/unique_01126/daily_evidence.parquet,d126cdfb9c8a8e03961701781cb9f0e7e6f3aa26122e54926b7339d233e21aea
strategies/H002/unique_01126/README.md,ece716db9b4d2547b933e158c47a642f6bef7e8da352e4214aa3a00c08e2499d
strategies/H002/unique_01126/strategy_definition.json,068cc0c9203cf9ea851ce8ebb8ae47e481c9f367c75f9780379e7bbbd4c441a3
strategies/H002/unique_01127/daily_evidence.parquet,d126cdfb9c8a8e03961701781cb9f0e7e6f3aa26122e54926b7339d233e21aea
strategies/H002/unique_01127/README.md,c8e129f01307ae45d96e1964361deafc548f26844e820741065cbddf6dae961a
strategies/H002/unique_01127/strategy_definition.json,783b98d3ba132b4aa1a0da7102de2983f7658547e8ddf8b3a80ef1c39b8866cc
strategies/H002/unique_01128/daily_evidence.parquet,d126cdfb9c8a8e03961701781cb9f0e7e6f3aa26122e54926b7339d233e21aea
strategies/H002/unique_01128/README.md,a2685b062861f9562c151e3809f0b1dc62bd380d5660a67238cc36ea17ed03d7
strategies/H002/unique_01128/strategy_definition.json,21fa1f4431811ce40fa42afd21b22f958fddc6016ce7307b83fab01f82bb672b
strategies/H002/unique_01153/daily_evidence.parquet,1bff247c32abdffe487bc5b3c25e5ed5775f3537b7645e128d5307eeb04e38ac
strategies/H002/unique_01153/README.md,90a1c5cbbf79f2eba1f77106e959464f15039f88c39330772fdeaa326d33c7c2
strategies/H002/unique_01153/strategy_definition.json,43efa36b599cdc4cb7b7bf8fc2043e7eaab8da60d331a489410715445dbe1703
strategies/H002/unique_01154/daily_evidence.parquet,51cf5f3fa518daba77b39c27de9ea8b042587d447ed622938601a10cf1ecc8e0
strategies/H002/unique_01154/README.md,2ad29863705fea6141de96773ce90c9d7bab125f65a9517f2c510537c3d20b46
strategies/H002/unique_01154/strategy_definition.json,f9b1fca611e58b642b7ef3148cdb05bf2d04dcdd8fb4503c1db6705cdca6cb80
strategies/H002/unique_01155/daily_evidence.parquet,71a9fb1ef28d4c3edad80a3fcdaa26c7ad816c2e20b54c374f06508bebd8bfbe
strategies/H002/unique_01155/README.md,2ece2a7fed8e238a99fbcbb9b583b160d43f44778fb3429cf48ab62e42e3c8cf
strategies/H002/unique_01155/strategy_definition.json,335442d276371ba8b54f1019c45c1a1b5164932d6790cfa6fdb3f62cc0921acd
strategies/H002/unique_01156/daily_evidence.parquet,3bb0f3e469f6e25c9240c080178301576dacb6498569cd390e7c4cdc1e0f3255
strategies/H002/unique_01156/README.md,5b2a514412053e018c93c456f77ab5c6aa3fcf6cbca912d0931dca13b159e8c7
strategies/H002/unique_01156/strategy_definition.json,75ccbb34552558b386003b36aa5f67752ad7a6061d43ff46bd535d3ee20865d9
strategies/H002/unique_01157/daily_evidence.parquet,c36c667ed547e46d68421208941b41b37a17c7bc1cb6f359ba90eea6763d0f8d
strategies/H002/unique_01157/README.md,6fcf4239edda334424c820db05433416ed025a521b5a7e51c103f4e28924b525
strategies/H002/unique_01157/strategy_definition.json,32ee61f878ae75e275270003737011e034bf0d93c3c59842f5dd52735a925458
strategies/H002/unique_01158/daily_evidence.parquet,c36c667ed547e46d68421208941b41b37a17c7bc1cb6f359ba90eea6763d0f8d
strategies/H002/unique_01158/README.md,133b1a17b046b26caefad6b8e7690ae0cb1fa7b082463963326c931da214abe4
strategies/H002/unique_01158/strategy_definition.json,74215f4ff8ec319d442961b184d8187b49460c3efc0807b0105ad691c071ba41
strategies/H002/unique_01159/daily_evidence.parquet,0e1e13905ba3da30e65b9b3bd4666764d1cd5d801adde0531617b338c9e8b7c6
strategies/H002/unique_01159/README.md,7b71ca245981322f443404757d935bc389934c10c9f92739256eecb2864256d6
strategies/H002/unique_01159/strategy_definition.json,f6a3647ad9ed1b02c79ddf634f7fabc0db8db573155372597d37d9d6b1f7831d
strategies/H002/unique_01160/daily_evidence.parquet,4c789e4b4110caef5ef8a03e774e97e4fb3795a55cd6665c72a5c7169431bf53
strategies/H002/unique_01160/README.md,b5146cd15832a1a38663aa598ee3516353f92e0b7377d562c5174526a912d42e
strategies/H002/unique_01160/strategy_definition.json,1caaa652c8e7a064e21c4cb1059f22368e49270b460fda83bf5e694d94e9e19c
strategies/H002/unique_01161/daily_evidence.parquet,fae91ab2204e88cd6930c47085ef7ac2a783f861ddf87f7e7ecb2939212e5b43
strategies/H002/unique_01161/README.md,a08e7244c7f9f9cf76f29d9d31ac30da94cf85be58083eb0e25be6462b775de6
strategies/H002/unique_01161/strategy_definition.json,d873091d1f39ffd9de85d960ed260bb2269f0f5dddd1fbbb043b3031778127e6
strategies/H002/unique_01162/daily_evidence.parquet,3a3751af2103e8664fd7aef473dcf4478c81801111e59cfb7f00467122a488a5
strategies/H002/unique_01162/README.md,4f4e3786fe34f538c5589f9ebd92c5f3469714bc908f8b88d506ff196e81a151
strategies/H002/unique_01162/strategy_definition.json,9acfbcba7ca68685f2a374daa1c08501cd75521ce73caf3e3a4828a96b7fbd48
strategies/H002/unique_01163/daily_evidence.parquet,c36c667ed547e46d68421208941b41b37a17c7bc1cb6f359ba90eea6763d0f8d
strategies/H002/unique_01163/README.md,2a9211d6f470b58ce696a068ab0fa953fec41b1a2dfa0e1b9a96f2f917cc52ca
strategies/H002/unique_01163/strategy_definition.json,1083b03e2da9c97ce971766f48bea53d55e89e65a6f4ad8475ee582f62bec337
strategies/H002/unique_01164/daily_evidence.parquet,c36c667ed547e46d68421208941b41b37a17c7bc1cb6f359ba90eea6763d0f8d
strategies/H002/unique_01164/README.md,ce44604854c51d6fb87630d0f72eaea0c8f88c7c6fdaec68b5cdf245696b1743
strategies/H002/unique_01164/strategy_definition.json,c90139c10409b80a11871f69934dced4b3d93ea3cb9a9e343ca0228bf58cac47
strategies/H002/unique_01165/daily_evidence.parquet,daded412798ccae793eb32d5fd45a284f37201c09a54811faf74feb460d1ee3a
strategies/H002/unique_01165/README.md,8c601c4d14d107516497cad69f330764e6dbe74c77b349f4d5911faf10f871df
strategies/H002/unique_01165/strategy_definition.json,efe4cb5c0191ffc7b011aeecb6360dd6690a97c0d977df5aa133e07593a688e3
strategies/H002/unique_01166/daily_evidence.parquet,fbece5879a7217cee94a3089cb4a4309d5cf6fb0376ea11794136e498477b73b
strategies/H002/unique_01166/README.md,dd26d6e2650b8c574c2d7f564b5f407952328dee88bc5fdf57a4d63344bbd726
strategies/H002/unique_01166/strategy_definition.json,14070b2bd3adf3ee7cf7bf61fb94a74a31edc83ba9d12269d4b280277700e396
strategies/H002/unique_01167/daily_evidence.parquet,c36c667ed547e46d68421208941b41b37a17c7bc1cb6f359ba90eea6763d0f8d
strategies/H002/unique_01167/README.md,28df43c27f30064612a63c56ae76f357879f84b15650f7bfa45b4f7c6ea0b38e
strategies/H002/unique_01167/strategy_definition.json,04ccb8493a7f49a8aeef2009f9737845c7c92ebac3a284e1fa9c7891904991e6
strategies/H002/unique_01168/daily_evidence.parquet,c36c667ed547e46d68421208941b41b37a17c7bc1cb6f359ba90eea6763d0f8d
strategies/H002/unique_01168/README.md,11be78140589bbc9da4173d3857eb0944e953a6ee920ade8e5e8901b5f39f323
strategies/H002/unique_01168/strategy_definition.json,d2ba7dd75fa5039fc406679f481b9d3171fe14110abc64b3c619ae16da8541e2
strategies/H002/unique_01169/daily_evidence.parquet,c36c667ed547e46d68421208941b41b37a17c7bc1cb6f359ba90eea6763d0f8d
strategies/H002/unique_01169/README.md,d23e42ff2444945ef559f31f330d197ec094c59a3e22a5fe60dd7cb6cd64b867
strategies/H002/unique_01169/strategy_definition.json,6a4bc55f0d7fe0b97fb2e1814a40d0c0d15031ec6121b1ecf49a6411c0dafb45
strategies/H002/unique_01170/daily_evidence.parquet,c36c667ed547e46d68421208941b41b37a17c7bc1cb6f359ba90eea6763d0f8d
strategies/H002/unique_01170/README.md,041fe948b9c09eb67ad64939877bf9df996cc98195028529e667a59a2751b599
strategies/H002/unique_01170/strategy_definition.json,22019964ea5d69c6a2cef1eac1f11f1dd3d2c84f745294594459abc70f90acd7
strategies/H002/unique_01171/daily_evidence.parquet,31cc2747e5fbab8937442831726822693395c0c11dd10fa85da81b17a121d88b
strategies/H002/unique_01171/README.md,bd05d1250f443f8091339f076c9d67af84bb47727e07bfd5697369e24fbcb926
strategies/H002/unique_01171/strategy_definition.json,84dfe772b3e0ccd079a603b350738543c6f8ed22904993f2d2d18085c5f68aef
strategies/H002/unique_01172/daily_evidence.parquet,ca3668ca83d6b47553b1cd30cf6707715330c9562f9a583e1b9d565e970b258a
strategies/H002/unique_01172/README.md,f5859d8a367e70e198329afc1f127417cbd0324dea51a52d2bfaa2b2ad7c6c7b
strategies/H002/unique_01172/strategy_definition.json,84a373f00850cdb5804721e63f8b1d45cbb3d107278701614d1bd7a76e2ddabf
strategies/H002/unique_01173/daily_evidence.parquet,c36c667ed547e46d68421208941b41b37a17c7bc1cb6f359ba90eea6763d0f8d
strategies/H002/unique_01173/README.md,1991a8342c76cd4d3da702fc184acef482ae4e038bf98c91bebe6c77fdeb2641
strategies/H002/unique_01173/strategy_definition.json,177e5f017f13d0cecf2a21d7c15cdbc3e6c2c26e48c3d68549dd13473c2d85c1
strategies/H002/unique_01174/daily_evidence.parquet,c36c667ed547e46d68421208941b41b37a17c7bc1cb6f359ba90eea6763d0f8d
strategies/H002/unique_01174/README.md,979930b4da2da37c6ce48391a2643b6e6cb84242b1674eadd9dc9a681ee9e26e
strategies/H002/unique_01174/strategy_definition.json,9c55bef6b36d542990b3ee0591c6fdc76ffd0ee346153b739f5c0c482a6e1a23
strategies/H002/unique_01175/daily_evidence.parquet,c36c667ed547e46d68421208941b41b37a17c7bc1cb6f359ba90eea6763d0f8d
strategies/H002/unique_01175/README.md,ac7013d30db4c267f852e9f004ceb12b8eb0b655feb73a5e0c765ddad35882ce
strategies/H002/unique_01175/strategy_definition.json,16cdd39a22db3ce484e2d5acfbd1cd585bebfce72b63ce16bb07e3f00f5667a9
strategies/H002/unique_01176/daily_evidence.parquet,c36c667ed547e46d68421208941b41b37a17c7bc1cb6f359ba90eea6763d0f8d
strategies/H002/unique_01176/README.md,71aa73430e85d951a1064f882f71dda2833e716b951e53c7b038e1eedb08ac4e
strategies/H002/unique_01176/strategy_definition.json,aef682ec57b4b9141a91e18fb417a854ebd534b424d8838317ec279ccc0fe5a3
strategies/H002/unique_01201/daily_evidence.parquet,3b60404d391093840c4b295af1f9bbc2b3bd282c2984eccf8ecbc07010b6367a
strategies/H002/unique_01201/README.md,78f26568c853210c44eb1ee092e4ef7abb74e2c6751fbd5b5073428da264a495
strategies/H002/unique_01201/strategy_definition.json,c7e7b6fafb5ec318bbc003e9eeac105f5a5eed2b996060c67846bd1052a21585
strategies/H002/unique_01202/daily_evidence.parquet,66d1b0e98385c88359a3ba65ac14a5cef1876ec7065c70820efd5f54b07b821d
strategies/H002/unique_01202/README.md,ecaf6063b9c83006b246f3d07c66a91b84d965a11488d18f7c54346c5cc25742
strategies/H002/unique_01202/strategy_definition.json,634a93253751c8c90c4172dc84b2b09589a1a7e2dcd867469073b24586455844
strategies/H002/unique_01203/daily_evidence.parquet,0751a603444ce47a5284482e35a749ed565ae155addb6af362b803659c8106e6
strategies/H002/unique_01203/README.md,d3cb02eb46d36855e256b881d51afc54f96dba40b59023a3c433d66ef2575641
strategies/H002/unique_01203/strategy_definition.json,268bb51501dfef9ce6d49c3cd913a2c0445d296fcf6102312ff73948763c6772
strategies/H002/unique_01204/daily_evidence.parquet,626f2b478ec927767d16335262bf7d72475939eea14e84c5328fffed4d2f6329
strategies/H002/unique_01204/README.md,1de207db69c9b9c2e5727f046b2fa90632aed17b1ed8b3bd3ae901c121fdadec
strategies/H002/unique_01204/strategy_definition.json,16661e715a2ce99166a8888bd8756adc49cc6895400b43fe953ea54caccc8ca7
strategies/H002/unique_01205/daily_evidence.parquet,bcbdb83febe4a82d17a1439ee3e2ffa899e2bfee121088bb50279638a6cf50e6
strategies/H002/unique_01205/README.md,46756cdd4368e2aa5f38d16bd2eddb1e30bbad6a87db8455c7cfdd7ec25b6ab5
strategies/H002/unique_01205/strategy_definition.json,a6310cc503eca3344482d04377342ecb984863280671840ba80f8156042aa5fc
strategies/H002/unique_01206/daily_evidence.parquet,affe8d9311fa5ff82fdbba205afd8e68fd2a66147af8ec72d4f1bad096ea4044
strategies/H002/unique_01206/README.md,68e2bd0a603f79e1f2610d7f67815bfaf997d4b5b2ea93872a56ed8aa15cf6df
strategies/H002/unique_01206/strategy_definition.json,77b956c2c6be871c126cc2ea82937cd0ff56244b40a54743991fbfedb38e5f3a
strategies/H002/unique_01207/daily_evidence.parquet,aa3fcdb709be7a737eea158dbdfff6a171a78f4ec511c07711d8bf825a70f551
strategies/H002/unique_01207/README.md,572da2179d54ba8eb32f7e505f77759fb9088f03c184133f9d1922ce9287ab29
strategies/H002/unique_01207/strategy_definition.json,4c1092ac628c5c754b93a8a5ac02aae47b8b977d610ba34c9c3bb105a58b7d2b
strategies/H002/unique_01208/daily_evidence.parquet,f7e4934c09d6434101930611c158bc29f0fe44f30523303f1395cb0dd3940174
strategies/H002/unique_01208/README.md,2f59ef8b214d0beb9ed9dacb34aee0814d00e26efd3b1a8179a5e77abd495758
strategies/H002/unique_01208/strategy_definition.json,9e244b918f7967b68b6ea3ef76f7d0273a40f55c2c3bf4e3455212057ad4288b
strategies/H002/unique_01209/daily_evidence.parquet,c1bf6082457e447bba7a0f4753aaa9da55130d3e77b0a09e46dac0ec6d9927dd
strategies/H002/unique_01209/README.md,e5f2c5ed5488001c8868f20c0d783e20bf2672f56b62a99b6abe12f464ca3931
strategies/H002/unique_01209/strategy_definition.json,5ff12a17b3eb38715fd09b65060da69251c19310b70f3bb0a46004136c38f1dc
strategies/H002/unique_01210/daily_evidence.parquet,914be41cd5d423fa78f374e75aaac1719c986ed75a3244812f54dcf8a63df0d7
strategies/H002/unique_01210/README.md,d77fdc8877cbecb052ae2241d18ec63d15f573811424e68263ecc01cee468edc
strategies/H002/unique_01210/strategy_definition.json,83d22e732853d1796f10ab532934e523977b67901a4949e998c624ab7d8be2bd
strategies/H002/unique_01211/daily_evidence.parquet,9dd65c4123b6393c39bc11d7e49a62f3f2fb22f9d3261e0b9f9552f39069dfab
strategies/H002/unique_01211/README.md,77cb916bbd0d74b783ea93dbeace2aa957e199ef99b4d5bf23062110e09326cc
strategies/H002/unique_01211/strategy_definition.json,23e932aad306cb2a7ac690a375dc586fdae9947af88a910c911d16ac2f4b1a60
strategies/H002/unique_01212/daily_evidence.parquet,9dd65c4123b6393c39bc11d7e49a62f3f2fb22f9d3261e0b9f9552f39069dfab
strategies/H002/unique_01212/README.md,c9ea5f47ff0db46106118d9be36690a6663dc163f1a4ca92f68974435355d400
strategies/H002/unique_01212/strategy_definition.json,036be232a3ecffe7f78095261f0c9d158946c3101aad64552e9b53f3ec30d76b
strategies/H002/unique_01213/daily_evidence.parquet,e660c7055233593f11e49d5eff839f1412248c430586539be3fb9bfe9e8ded1a
strategies/H002/unique_01213/README.md,416d84765949ba9d16bcbc056a5216508ae660afaa7d92f05bcc061b86479f01
strategies/H002/unique_01213/strategy_definition.json,6c8da2c37d7a44d79b466977388c7578ee1ae7e862fea7c4d678443bfcb448a7
strategies/H002/unique_01214/daily_evidence.parquet,3cd93d49ee3ab01b11d8fcf98bcfbc87cf113ee787975b59a30921fbee900353
strategies/H002/unique_01214/README.md,50f6b09400a0e501f92612b1f0fabcaa3940c0dda06acfcb8f6d9aa2e9df0ab4
strategies/H002/unique_01214/strategy_definition.json,023d807e882ce6d34163c479203cc0c5e4fce18231fe48f140ab99dd594a0957
strategies/H002/unique_01215/daily_evidence.parquet,9dd65c4123b6393c39bc11d7e49a62f3f2fb22f9d3261e0b9f9552f39069dfab
strategies/H002/unique_01215/README.md,d5e469914d8c487335b53856c0fd37f8a3c51e400ec46f68490fc0e2bb954faa
strategies/H002/unique_01215/strategy_definition.json,f60259e3320c5cf62d5f3e4c1b70a075c78f5b8cb761653f70c277bec074ee61
strategies/H002/unique_01216/daily_evidence.parquet,9dd65c4123b6393c39bc11d7e49a62f3f2fb22f9d3261e0b9f9552f39069dfab
strategies/H002/unique_01216/README.md,388334c737c565213531a01d11e57b5d447a1e28e27c35a01494ceca5eba9136
strategies/H002/unique_01216/strategy_definition.json,8339853cb48d6edc064b5a37670f28f542245f34c23057148157a6340e1186ed
strategies/H002/unique_01217/daily_evidence.parquet,9dd65c4123b6393c39bc11d7e49a62f3f2fb22f9d3261e0b9f9552f39069dfab
strategies/H002/unique_01217/README.md,d6535200b065bff24c0eeeccddad28f3a7ef8da4ff3216b23ff15a832fa9eea9
strategies/H002/unique_01217/strategy_definition.json,253ebc92aae84b759fe39ffb9ad23df7760551d58a785f3367eae4abf9a59a4f
strategies/H002/unique_01218/daily_evidence.parquet,9dd65c4123b6393c39bc11d7e49a62f3f2fb22f9d3261e0b9f9552f39069dfab
strategies/H002/unique_01218/README.md,874338e518681378a7ff3cb18780d678758647c7554b36ad7f72d16f0db39f3c
strategies/H002/unique_01218/strategy_definition.json,ca4a829ab067ef682e1818ec535b9deafe37be1747f855bf7c6adce070d46a91
strategies/H002/unique_01219/daily_evidence.parquet,0c1e02224ab52683c34e65c28dc381e3f88aa9bbcd661e85239a27a98ca34542
strategies/H002/unique_01219/README.md,e351f8fa23f4189a278a185043098a21ce0e4894888e57d1a42cd8361948cca2
strategies/H002/unique_01219/strategy_definition.json,dccbef462d6d3dc7668e82b08859d3f178807de743f4b07698ecd40105a7e5e2
strategies/H002/unique_01220/daily_evidence.parquet,9c55c5ec0cc2a313ec7150cfdf5ff72141fa1fb9d873e1378e8609bd4c3a4364
strategies/H002/unique_01220/README.md,935fc92e6afcda9570ff80cac7f9fb2b58aa5c3a1ef4f9e2a320a8eea3c49574
strategies/H002/unique_01220/strategy_definition.json,0a118440a66ed41e4c621236b3bdd1f60bcb231783559d347db9fa1a86ee4307
strategies/H002/unique_01221/daily_evidence.parquet,9dd65c4123b6393c39bc11d7e49a62f3f2fb22f9d3261e0b9f9552f39069dfab
strategies/H002/unique_01221/README.md,682298cb3e663666af3551cee132c73d1c67d01c53eb8e33b05507ce721085c2
strategies/H002/unique_01221/strategy_definition.json,5f7094f333ec6b96fe14019e9e3441d52d269523eeae6db9f600bc634b5d07a6
strategies/H002/unique_01222/daily_evidence.parquet,9dd65c4123b6393c39bc11d7e49a62f3f2fb22f9d3261e0b9f9552f39069dfab
strategies/H002/unique_01222/README.md,a14df6030a7120e40298a46fa32edcb97c41b4d51a446a491745767ec2520f94
strategies/H002/unique_01222/strategy_definition.json,e6b216d7c7b248946c72c66aa442e48683b11f704b958e7ecc44a764632d7e38
strategies/H002/unique_01223/daily_evidence.parquet,9dd65c4123b6393c39bc11d7e49a62f3f2fb22f9d3261e0b9f9552f39069dfab
strategies/H002/unique_01223/README.md,d175c7c2769dbfbef6b7403bc7b1d547561fc02109fdd4aaa9085f06d7fae09a
strategies/H002/unique_01223/strategy_definition.json,d140e1f000e648c3fc6792044fcd74bcba188be37ba59abc50ecb99c29d4c970
strategies/H002/unique_01224/daily_evidence.parquet,9dd65c4123b6393c39bc11d7e49a62f3f2fb22f9d3261e0b9f9552f39069dfab
strategies/H002/unique_01224/README.md,dbe24a976d14b4f6788472c47a8ef8ae4cad5a5dbb96e7aa921fe1f767cca46b
strategies/H002/unique_01224/strategy_definition.json,a7c4f552eee5fa822b6315e95feaf0fb7e4835b5cbf34ebb25976c5e9be822a1
strategies/H002/unique_01249/daily_evidence.parquet,1a6915f5d4d65f29d98b399dc059f8b037d8b43f774e02ce3bdcd5e2bfe6ae3f
strategies/H002/unique_01249/README.md,d99fa776cc56f5fc6f4786c914dcdf719e0692ea2a6a9f4ee36d3ff4a3214d10
strategies/H002/unique_01249/strategy_definition.json,ba3effd2c79469ab94347e1e43e458044ff2caf5b540c8c26e5811fd63ab6739
strategies/H002/unique_01250/daily_evidence.parquet,af585248234c22438be0380762307991e47a99b1900f03d3f55c838d96d5d008
strategies/H002/unique_01250/README.md,837e69fdda376f5cf9c0e3bf0d5ce180e16f05daa81f3c32833e3d0ac00f9fab
strategies/H002/unique_01250/strategy_definition.json,d0b509fa644d016575721a2793afd9c4811d1b7bce5ff7a8e5331981933636bf
strategies/H002/unique_01251/daily_evidence.parquet,6a5da34569e080ee928678d7c340f8d374e381144d5f30ce48e301ca2c5800ac
strategies/H002/unique_01251/README.md,922f31d9c6abccac07879023945f4fd22984dd83c7cfc815886e0655e746ba93
strategies/H002/unique_01251/strategy_definition.json,37ef2cb583339020f324aa0202df4399f655473a70ad17a6e51b11a437002864
strategies/H002/unique_01252/daily_evidence.parquet,fa57f723ada6503c7abdd8c17db2d7ee2afa2e2cc49adb2f0cb8b1ce9eeefdfa
strategies/H002/unique_01252/README.md,18434f758205c59538e891ca4387431d4e34516ec0f881dc52d8d864ab6c9a87
strategies/H002/unique_01252/strategy_definition.json,9aa48a8ec4701bac1fb33b59e5e20f2ca84fe965fe35bb89f9ebe79346a40444
strategies/H002/unique_01253/daily_evidence.parquet,0567bb74aeaa277198d4ee05d64f38aafdd1e13d30fc503c298578c1322b077d
strategies/H002/unique_01253/README.md,b1b211ffe925a4a0534f33da536586746c7de3fa260183cfb2d28e5c2abaf41c
strategies/H002/unique_01253/strategy_definition.json,4efb09c7bfab2dc4d8db2388f3e55672af69dd74932f1abaa4c70401c8198575
strategies/H002/unique_01254/daily_evidence.parquet,ca16b884c144469a2cc188b3a57ced2e96e4be7eb57a8369038c901fffced20b
strategies/H002/unique_01254/README.md,06d7607f9d1b027a0672bdfdc28a08e8d9b06f61ebbf2a491068a93a91ec54cc
strategies/H002/unique_01254/strategy_definition.json,2b9853886b452f33208c11049cde500e6127389217dc562ad60890419bb54ed5
strategies/H002/unique_01255/daily_evidence.parquet,ce2a2c6dac14bd8a00575c203c815288bc3123c77955126857e9fc4207306b81
strategies/H002/unique_01255/README.md,17e27beef18cc3ec16aea0dcae7bdf510a24957f326998c8490199b490a68861
strategies/H002/unique_01255/strategy_definition.json,6b7554d0f66b9778f94f2f769099a44bfc37b95319e218334e52b20effd083da
strategies/H002/unique_01256/daily_evidence.parquet,1528f26404d3714211d8e747d71722ba1ded655b662d74658b52b946a3a0536a
strategies/H002/unique_01256/README.md,033c851230025400bdc97a4c2a34cda9fe487ee4ed54de3e4b211647a3569ab7
strategies/H002/unique_01256/strategy_definition.json,4bddbd40799013914edbe1e5884efed2aecb2c9795a8174141ae17d6eb06d60a
strategies/H002/unique_01257/daily_evidence.parquet,d6e77279a9ec45fdcc03fdfb4a901a7574d45a9d555f5d9d4836c5dc04497467
strategies/H002/unique_01257/README.md,4a51335158ed0ed2104fc188516402bb3c0d08d75017a3b145146e9f31894fe8
strategies/H002/unique_01257/strategy_definition.json,059e2e55256d931bdc532ad90af6b732eb6d2634e3f83db43752776041dfd9cf
strategies/H002/unique_01258/daily_evidence.parquet,7a458a247c1189d1793aaa38ec093d7c947b6094775d597342886abb0abbb734
strategies/H002/unique_01258/README.md,1c0284d209ae33e7cfb03e498b3277ccb76a48830d7538205e69bf23e0313fb7
strategies/H002/unique_01258/strategy_definition.json,d8f556b486f26e8c2632872ed6e1a9251f284e6bca171e84d2cbbc5fd9812361
strategies/H002/unique_01259/daily_evidence.parquet,298bfda7aa2a2dec2a0144c334f5597f1517f060b837aa821a53da46958dc2b9
strategies/H002/unique_01259/README.md,cc6a1e3da7d0fea8b14d5b5f97e825c1121bcefd68ced8a2cc3e29d9a480d0bb
strategies/H002/unique_01259/strategy_definition.json,489222a24f683c8adb9f6a518ece3ec2de2095888bec4dfc10863110306961c3
strategies/H002/unique_01260/daily_evidence.parquet,298bfda7aa2a2dec2a0144c334f5597f1517f060b837aa821a53da46958dc2b9
strategies/H002/unique_01260/README.md,767d697b98970082d1135b30479f08107cb98f6cf00e5990a4d3464931213358
strategies/H002/unique_01260/strategy_definition.json,c86559bdcba84a700f9aa132a470725bc983b69868140e0e537aa59c9cb94bb6
strategies/H002/unique_01261/daily_evidence.parquet,c671983c4ba03498cc15ea2d29ec4b4958523671791b4df2ed2e16d2c56b9c86
strategies/H002/unique_01261/README.md,4498bb98ea75b57b483aea7c2f3d9a27ad25f586f97c552b4541669866c922ec
strategies/H002/unique_01261/strategy_definition.json,435690ac799ece4a11e2cc7d798bc584abb7340c6f7c741466d37fa7416685c1
strategies/H002/unique_01262/daily_evidence.parquet,bde71f73b99e3739defae743ca2713a23faa213f4df0158620b9c8627b383c52
strategies/H002/unique_01262/README.md,81ea1b44df92c3c70d6110648166a988e9a86a8078052ccbedc09d025f5ee6c9
strategies/H002/unique_01262/strategy_definition.json,8f3b729689b5888f8788d64314b21ba2a4e3237a55242c0e003a61acf2d8eb7a
strategies/H002/unique_01263/daily_evidence.parquet,15b52c5d79344ee442005c1a991eba22b3fa57b85e0fc96b420952ae56708cd1
strategies/H002/unique_01263/README.md,97733286e6f198b23f9e517ba9081f29ace82b5e4e5fe16a9f4fba30134b3eb6
strategies/H002/unique_01263/strategy_definition.json,757b13c4c1fb68f6651aadfced476c72a1ffb0caff54e44840a0a1293fcd5ef5
strategies/H002/unique_01264/daily_evidence.parquet,69c72273565350c8636398d7936de2a355514ab0d2b713ee60987255fc2d39b4
strategies/H002/unique_01264/README.md,aeb4cb0dee14c14f77aea4f4eb0613e6c3587c56331080f5bf9998088f8c70a7
strategies/H002/unique_01264/strategy_definition.json,2ae5958174cc9bc642784b2d618cc01207a140e31ca8f15af369c75e2d02e69f
strategies/H002/unique_01265/daily_evidence.parquet,298bfda7aa2a2dec2a0144c334f5597f1517f060b837aa821a53da46958dc2b9
strategies/H002/unique_01265/README.md,5b5f003ceb2bf715b589bfd392591e7c3d5c0ebfb7baf0e77f1bce242c3e2ccb
strategies/H002/unique_01265/strategy_definition.json,1aee474eb28881d31faf6669ba07fb29c839ffbab4f6bd61f46ee07cdf6447b9
strategies/H002/unique_01266/daily_evidence.parquet,298bfda7aa2a2dec2a0144c334f5597f1517f060b837aa821a53da46958dc2b9
strategies/H002/unique_01266/README.md,b08d26326794b74f12192b305bda6886ff2f87b664713b68b55beb9c74c824d6
strategies/H002/unique_01266/strategy_definition.json,300c8ded210215a6f1adb6ad939b9c396cee3cfea987af821f47fd575e9043d2
strategies/H002/unique_01267/daily_evidence.parquet,b40a13e097da473fa07c3d88f80710a8e992b31d2019ce3b5b4c7c9b6c8dfba5
strategies/H002/unique_01267/README.md,ad2ac48786224e6ff202f0bebe6b3abdff18d6f2e33a9bddda29d0fd63e5b7e1
strategies/H002/unique_01267/strategy_definition.json,aee19ee76a754a4b9cda49a72c9c95ec7eb9e2c4441ec9182443382c58e7f70a
strategies/H002/unique_01268/daily_evidence.parquet,8b39b589a99728e47e2451ee38ecc99d986d6a026995e86b85ab82d121dd9c6d
strategies/H002/unique_01268/README.md,f3ba9cb500cf16d85b86f8725f9741a2f5ddf5285207431a7186695bf4fc4275
strategies/H002/unique_01268/strategy_definition.json,6d881ac5e0c52099b4a48cc130740c7aac8d7144cd5ae52bedf98e8c7df0faf8
strategies/H002/unique_01269/daily_evidence.parquet,298bfda7aa2a2dec2a0144c334f5597f1517f060b837aa821a53da46958dc2b9
strategies/H002/unique_01269/README.md,770eabbe574121c9c708dde00087cb29572bee703bf1eab21a2e12b251739aca
strategies/H002/unique_01269/strategy_definition.json,ca72009ac599f2c3e3e7250cfdde8962a0fbcaabe6e6790a8e56118012ddf88b
strategies/H002/unique_01270/daily_evidence.parquet,298bfda7aa2a2dec2a0144c334f5597f1517f060b837aa821a53da46958dc2b9
strategies/H002/unique_01270/README.md,1322d1555ce2561042c57e25236543ae74896dabdc843cd522da10d8a014411d
strategies/H002/unique_01270/strategy_definition.json,c89cc53ab3c8c8e68b842095f43ef701d3441147954292978c00b99abbd69041
strategies/H002/unique_01271/daily_evidence.parquet,298bfda7aa2a2dec2a0144c334f5597f1517f060b837aa821a53da46958dc2b9
strategies/H002/unique_01271/README.md,19198fd622c132fdfe9201c442e9ce7b80adc92d028a8407d6ca4cc886564071
strategies/H002/unique_01271/strategy_definition.json,82d052dc97939698ad5be1140d04690a6d8ec585a1cbc7de4a43572676bcfbe2
strategies/H002/unique_01272/daily_evidence.parquet,298bfda7aa2a2dec2a0144c334f5597f1517f060b837aa821a53da46958dc2b9
strategies/H002/unique_01272/README.md,6b79c96fee5fb83f5c9a1872477eca3e01992977705a73d3a0e1ad5da9f99f9e
strategies/H002/unique_01272/strategy_definition.json,73730faf8349364c7f0d684b0022757743f87c8f0d28ff890182554c45fa0ae7
strategies/H002/unique_01297/daily_evidence.parquet,78aac743edd5330c586e757e447aa6c75010c8a36e8a07693874d45a627df08a
strategies/H002/unique_01297/README.md,d6108e5c06a13c05f5f52df5d563b0c6071f73c71dd0330672b854285621f374
strategies/H002/unique_01297/strategy_definition.json,934da6ad1274f30ef3fd9166e158e648adaf34b3183bef8aead941baef3abb5f
strategies/H002/unique_01298/daily_evidence.parquet,8dad8b2122812f3e5e5db38a78a5e36d4c699e8e318854572450263fecf85923
strategies/H002/unique_01298/README.md,0999fd815dd2dbdbef061681e70a5e881b6ce532b1ac1b2fa3ccd76b88c1a09b
strategies/H002/unique_01298/strategy_definition.json,6a785e77ce22c7988c042c20a6290a10c2684b3c0e35834c458752fbbca2e939
strategies/H002/unique_01299/daily_evidence.parquet,1fa2efa41b46f6f9226d4ec219797f84e5d055bd91ef2e0dd11f24c4b1ace839
strategies/H002/unique_01299/README.md,902be53deb6cb367a01c6efd3b2ec4537478e99dba1edd15bf9da9098716ba57
strategies/H002/unique_01299/strategy_definition.json,73d7b31e230bd2fa86480191bf5dd6288ac060fb82de69d027a142a3f0017d59
strategies/H002/unique_01300/daily_evidence.parquet,eb9a5219ad2215cebc04bd1fcee518a18db5f9212f789c8133852224a50d0776
strategies/H002/unique_01300/README.md,3042b2fecfec7e768a51ed12be4964940eb327a05e28ce14868aa74b779a5f24
strategies/H002/unique_01300/strategy_definition.json,65b8afe2b46cc16c2968a136a06991eee1d45187dc13942e1d4f6d850f5186b0
strategies/H002/unique_01301/daily_evidence.parquet,13d81315f7c47eb19dfca8ab2e46757884b3de508f913041ab810075ee231e4d
strategies/H002/unique_01301/README.md,74cbba1f3100f54109f6090ed09c3fe20fcfd4693df498d3a73372a6745680eb
strategies/H002/unique_01301/strategy_definition.json,0a85682fd2f09f294658b9d76a301e2d1b0fe1d8f2a0618a20590dffc2126bcc
strategies/H002/unique_01302/daily_evidence.parquet,13d81315f7c47eb19dfca8ab2e46757884b3de508f913041ab810075ee231e4d
strategies/H002/unique_01302/README.md,7c427fe3e42c65dc64ca483ebc877158f52cb974f6d584c270aa6075a402c038
strategies/H002/unique_01302/strategy_definition.json,a5ae53dfc817b0318bb8431d2ff404966e841432068d59158f765549c5ac6c66
strategies/H002/unique_01303/daily_evidence.parquet,0736addb890b2cb858d533898a7b0b5cd7d0cc76198d7fb18a6ef6519fb755b6
strategies/H002/unique_01303/README.md,7e1b8b83fcc6a5ebdf3639b64967823585f2396a1b73cf4009f10a817fccdeca
strategies/H002/unique_01303/strategy_definition.json,3ea08e6b5d720cb0a30fc658f7b9b196039d6817a1f29a5337bc2931d2a29c1a
strategies/H002/unique_01304/daily_evidence.parquet,0d2e244dceb07839259d6ee5125a2574274cbbec851fc60003d3e225b42b049c
strategies/H002/unique_01304/README.md,f0ec44e73c69b20790654b9fdc7e0c3429e181d1ecbfada288947e1cce8d285d
strategies/H002/unique_01304/strategy_definition.json,1c5900349f34c932c4d100c2ca04aee9c6f79fdf6ed0901855522598cdf8154a
strategies/H002/unique_01305/daily_evidence.parquet,6212d4cd2f940cb6190d2cbda5fcd171d3c290bdf5a6ede62a539cbeae731068
strategies/H002/unique_01305/README.md,df03fa049df25660ebb2838ba75430a30d2e39fc50a6af9446e233d86c6675e1
strategies/H002/unique_01305/strategy_definition.json,54643da612b07bf72384075e24620b86c7fdccaaf1eaa50f2f7f6a6d92384ba3
strategies/H002/unique_01306/daily_evidence.parquet,463750329d185017c1c8291519d085dfb94d73181aa7730ecb6d04e2bb1db0da
strategies/H002/unique_01306/README.md,2f037218a6ae8e1d93f9ad71b92108b381b5b8fd2c1fe60a04178471a3e13bab
strategies/H002/unique_01306/strategy_definition.json,3d298169436a794005a4b5d7ec3582cc9c7eb2d9d1a2ca46fd2f85339af7afcb
strategies/H002/unique_01307/daily_evidence.parquet,13d81315f7c47eb19dfca8ab2e46757884b3de508f913041ab810075ee231e4d
strategies/H002/unique_01307/README.md,6ba45068423e62858e7b3720268791bd536daaae4167b85a497fa2719c783576
strategies/H002/unique_01307/strategy_definition.json,b7f06f1af4aa7abc4f63de028291d3415deb6b29a6d0108cc9f79d54e95e31d0
strategies/H002/unique_01308/daily_evidence.parquet,13d81315f7c47eb19dfca8ab2e46757884b3de508f913041ab810075ee231e4d
strategies/H002/unique_01308/README.md,e739a44490a57532e4249dbb511958e5b0b0fc9ff6a70eec2c826cb38077b623
strategies/H002/unique_01308/strategy_definition.json,6c7b128e294678e7c91a2b3deba9fbdf902781596668fff2c1bb633fbcb1cfea
strategies/H002/unique_01309/daily_evidence.parquet,de9faa17ae4fb68d151662e99bafa09275a85b1cc4927c63bdd8842088ca9b91
strategies/H002/unique_01309/README.md,7b409af094dbdac8adf7bca346c83bb2020c0ce3bf950212755f8ebd5b2b482d
strategies/H002/unique_01309/strategy_definition.json,d785dca1fbdb2174884e9267050d4add7dddf4d622155a00f0527a3ecbf2987d
strategies/H002/unique_01310/daily_evidence.parquet,aa4d0f7df8dd467ea012bbc6c1d59f86bb0131516cc4884f54c20a3a19d4824e
strategies/H002/unique_01310/README.md,4250ac25cba940eadefc47b627f2ad7beadd7d4741d46c3885151efe24e56489
strategies/H002/unique_01310/strategy_definition.json,afe945bbdc235a5d58e1f6048cc0ee0446c593d32b2021694b24219a8748eb0d
strategies/H002/unique_01311/daily_evidence.parquet,13d81315f7c47eb19dfca8ab2e46757884b3de508f913041ab810075ee231e4d
strategies/H002/unique_01311/README.md,1842256032e813cf89e76a375eb972a1e2c63a5d3dc480a64d59b8d85cc71e19
strategies/H002/unique_01311/strategy_definition.json,3174359b3d2d867671d9d1eedba08a64abccee0222e883c94cc6637a2db50a0b
strategies/H002/unique_01312/daily_evidence.parquet,13d81315f7c47eb19dfca8ab2e46757884b3de508f913041ab810075ee231e4d
strategies/H002/unique_01312/README.md,922751e1a89250ab5404744ac52f5708bf5098557e3ae0faa0c3e4ad39ff997e
strategies/H002/unique_01312/strategy_definition.json,9165bfc974d0c501e1a90cefac99d83d55e10893fa0465541dcd2ec1f4be01c0
strategies/H002/unique_01313/daily_evidence.parquet,13d81315f7c47eb19dfca8ab2e46757884b3de508f913041ab810075ee231e4d
strategies/H002/unique_01313/README.md,0bf94f8463f66fe0c8c3245c0a9d5c239fd56ec85c125c6e29024704cd271a65
strategies/H002/unique_01313/strategy_definition.json,8237dd471f0fc2c7c910627da9090a43c4df47aed7e2415911ef3fae7aca0d69
strategies/H002/unique_01314/daily_evidence.parquet,13d81315f7c47eb19dfca8ab2e46757884b3de508f913041ab810075ee231e4d
strategies/H002/unique_01314/README.md,2a30132d2be77c00d291c9b61044192217fd7f38724de972eb2a5cd3eb2d94bc
strategies/H002/unique_01314/strategy_definition.json,256d6a931770d4579024b543c6b9462d801184feed6691817015f5f5882e927a
strategies/H002/unique_01315/daily_evidence.parquet,854dd8bf689d321156a438c3df898c626c55ac18e4cf17b99bc7c33c330dbde8
strategies/H002/unique_01315/README.md,e733241f174bb1426ce7c7d52a57284854720f8474b72c83b1157253668560c5
strategies/H002/unique_01315/strategy_definition.json,1556b63cb36600b3e3d7c7b568d5a348571433ccecbc269e88adb86251a41c75
strategies/H002/unique_01316/daily_evidence.parquet,3b3c42d8195ec582a746919c87f37c6977438c6e2e810b1a94b8ee7f28461f36
strategies/H002/unique_01316/README.md,c08dc48db8f79d491458c354960cd1b707fb71c2f1aa3911afa383df8d8d941a
strategies/H002/unique_01316/strategy_definition.json,0297abfa38a40b166f205c5de72110d87cd4b4c8c2ad7d66a68c4b15a7be7276
strategies/H002/unique_01317/daily_evidence.parquet,13d81315f7c47eb19dfca8ab2e46757884b3de508f913041ab810075ee231e4d
strategies/H002/unique_01317/README.md,e3754c8f6a771dc817e0fc65f3ba6b63b1ea284caab316916e55f7ed91e889f1
strategies/H002/unique_01317/strategy_definition.json,a966af1a72a420dd38e83c8558be877e53a327aea59d25b6b7a39ced8f4f2762
strategies/H002/unique_01318/daily_evidence.parquet,13d81315f7c47eb19dfca8ab2e46757884b3de508f913041ab810075ee231e4d
strategies/H002/unique_01318/README.md,755baa06a84752933f6ef486ba8237c5c3eb5deefebc7150486a8e9ee893600b
strategies/H002/unique_01318/strategy_definition.json,1aa56280f0b9eec9f4153baa8413fbf0f90203f0daebfdaae7ac0b1985b87668
strategies/H002/unique_01319/daily_evidence.parquet,13d81315f7c47eb19dfca8ab2e46757884b3de508f913041ab810075ee231e4d
strategies/H002/unique_01319/README.md,4f7f555af4118c675ddfea01e052217c5a58bf5586deb7cbccd5c23812173c51
strategies/H002/unique_01319/strategy_definition.json,2ba5bd2990ee65c29298d7a749b4a9eb1a2c3161a39fd90b9acd0d53c6de2d7e
strategies/H002/unique_01320/daily_evidence.parquet,13d81315f7c47eb19dfca8ab2e46757884b3de508f913041ab810075ee231e4d
strategies/H002/unique_01320/README.md,2698bf8db5245d010b2e9ebb3ab0a0a884878f33d9ec339aae69c34d9edf893b
strategies/H002/unique_01320/strategy_definition.json,4633b4fd3fdd1fa29555f4568f865737cfca9420777a54fc9a5638c45c49d341
strategies/H002/unique_01345/daily_evidence.parquet,59547dee14d0566d0908d5712c9c393b3d7bc95659af72058aba3ae006aeef86
strategies/H002/unique_01345/README.md,d3aeb5723cf35b446a4e7c280515986cb7df76246ac7b92085d5eb6d81d1269a
strategies/H002/unique_01345/strategy_definition.json,d87b15b81a9dc422e966157cc8447a3f03d6d078540ce7c20808bdaf6abccb99
strategies/H002/unique_01346/daily_evidence.parquet,16fd2a29c6f1ab86675e827ee8867001ff74949088e240193b26567e6987e182
strategies/H002/unique_01346/README.md,35451410ca2744706a9a1ed0a9e3ebd7c955b671db762ebb77d7d4c22f9710fe
strategies/H002/unique_01346/strategy_definition.json,b319fec87a0622a19860945aa9f3ddd975cc63c62eab1515aa528d6b807c0c1f
strategies/H002/unique_01347/daily_evidence.parquet,9cf8002409c8423c54d4aa7bb0184688d9881754c9aa52917670088ec9af3783
strategies/H002/unique_01347/README.md,15a42270c1b8d9f072e922d27d9926f51081e59f065c54a4c32fe2bf8b94bf38
strategies/H002/unique_01347/strategy_definition.json,e2ce0f12f4cb495b506b059eccda11a9b4fc766c210c705e629d9607de5a7dfa
strategies/H002/unique_01348/daily_evidence.parquet,44ede9dcf3624ee83e238f3e1df8a49e758b20ec824e550e23fb9b9013b412af
strategies/H002/unique_01348/README.md,03b51c7b5c96df77e30c4a0595b8f022cf695cb5e11ff1dd95286e01d1460ddd
strategies/H002/unique_01348/strategy_definition.json,ec140bf6148c3d669589ef77f6496169fd4dd128a27fe01f18cfb1c3c813d0aa
strategies/H002/unique_01349/daily_evidence.parquet,a5e72da3b9020235b19febffb85125f0abab58c3ea8d05ff2fbc2661bb773e21
strategies/H002/unique_01349/README.md,e0244d0a5316077723f81ed6015b299615e2e89999cb2586a652ff9ccd38dea0
strategies/H002/unique_01349/strategy_definition.json,d574db9204ec588d3806dc040fc69ceb214f2ff32422502e31eb8b6f280bda9c
strategies/H002/unique_01350/daily_evidence.parquet,635e59b1a5ea9c60e0dc87e97e26c11502b7b68d3b4a5afb21f45ebe74368ceb
strategies/H002/unique_01350/README.md,11f364bc90102f4cca4b6450006f9621091eb683d15b533d14f2aef4b1113845
strategies/H002/unique_01350/strategy_definition.json,06ceb8a64ea8ca038a4e9323c28a0cb429104ec9ceb7a95b55f0826433fd919c
strategies/H002/unique_01351/daily_evidence.parquet,ba72ec46b5769c00e6594044d36e60d91dbbf985742d67941e8b9cfb58236e21
strategies/H002/unique_01351/README.md,3e185b40b3f6416160cee37f7529db55e288d23e93373bd7ffaa9c6758e0d606
strategies/H002/unique_01351/strategy_definition.json,e43f0a1d4ba6bb1ac6e95ab3419ff98b61ec7fdc4aceacd1db41742c894b1858
strategies/H002/unique_01352/daily_evidence.parquet,bafdc5444acead0430c53887588c6f19f08337dbf6afd29a02977cf699333c74
strategies/H002/unique_01352/README.md,a0568da8b0230ba5104db22bd9c702f13d81b609d626f682d5ec94db5c3fb1c2
strategies/H002/unique_01352/strategy_definition.json,409ba8ce9041b51243ce42f71277d6446e429daae940bcc1ab17ffb2e2884057
strategies/H002/unique_01353/daily_evidence.parquet,c42d4bcfe7f5bb80c2a138e3ab28e353ee75f9cd21d616cd833554a32eb63d88
strategies/H002/unique_01353/README.md,f711a4d8327acf9ca11d5a0551476810bb3fb133b17ab9795aec04410c9faf9a
strategies/H002/unique_01353/strategy_definition.json,a8be64a4bf5f22dffa22390069def9a400c83fc12a9d232214a4d89b9730658e
strategies/H002/unique_01354/daily_evidence.parquet,4826c62bdba5de929e8d0e302df59de610d39fe4b11c3841b31ad52ffde5d792
strategies/H002/unique_01354/README.md,84279fcfb2efc8d49ecb27514f137795be16b9c01b22b6b57d7034d6524fddfd
strategies/H002/unique_01354/strategy_definition.json,a2b42e6ff89b39cf04d48694837c8fbd348d927b08cd3a432cffa1dab5550c6a
strategies/H002/unique_01355/daily_evidence.parquet,8841b446a7bd47335f299bcbffd5239ced84c148babf8b0b5c242d5136a5ac45
strategies/H002/unique_01355/README.md,e705fecc7e7d8a5a97fe393fc5e6858b2d6ad2351957f22965f170b8c00b90a0
strategies/H002/unique_01355/strategy_definition.json,ba4ca3e45d7682c810ad7a74b33adc025cd0beac931832a7a8fd666867103319
strategies/H002/unique_01356/daily_evidence.parquet,8841b446a7bd47335f299bcbffd5239ced84c148babf8b0b5c242d5136a5ac45
strategies/H002/unique_01356/README.md,a1cf61ce37214c4d59b2b6c5645da8a33d94054318087464417856ed0fcdb5a6
strategies/H002/unique_01356/strategy_definition.json,c8ee1d1888cffcb596802a0ba8dbb62e37c213ed951055e36ae183da5ebe02a2
strategies/H002/unique_01357/daily_evidence.parquet,8b11a3911c7c56ae8aca703b0b0ce8cac48a35c8285f9b5aab1705eb1ca0cd1f
strategies/H002/unique_01357/README.md,decb54a6c79be789a7d642c62179e52f0a6a04a02e72bf788ba75331d8914200
strategies/H002/unique_01357/strategy_definition.json,b674294f9582e05f9fd9acd24b7a8b5a5e70e0bcee45fb09847d0dcde764589d
strategies/H002/unique_01358/daily_evidence.parquet,047088def6b7e79e581ad808f73043b12a7b801caed4381c9199172b4a1e6e8a
strategies/H002/unique_01358/README.md,04b253de8987fb37a925928085e29e141c5b53739b0233ee2d186add33171a99
strategies/H002/unique_01358/strategy_definition.json,a2eb8038b84b154cd8e1ec6e3f12fa3a366a99c9f513f941fdef3a5e42b4cb72
strategies/H002/unique_01359/daily_evidence.parquet,048705055e09937ba7ac1be3b7d96a59d1306e5cd93381ccf8a5647a5bbaf40d
strategies/H002/unique_01359/README.md,c87ee0860af88b986092cfa063695506187ea87b2d454ff318406b26e3ac54c3
strategies/H002/unique_01359/strategy_definition.json,ba11a8932fa6592e1d52224c421f66b5f80305d4b8e5204a26e4ecd5232c144b
strategies/H002/unique_01360/daily_evidence.parquet,9d9b054b76be366a244c7eb13cf555277e76cdcab269a2064fcd76548864ac44
strategies/H002/unique_01360/README.md,44e338fcec66c4542d3d88b0f28839275563c1d619acad8c5d7d3256c5f7d52e
strategies/H002/unique_01360/strategy_definition.json,fcb72ce515b34b2c9f42c73b17c528a6bdcc6f42945307b696e18baed2df4033
strategies/H002/unique_01361/daily_evidence.parquet,8841b446a7bd47335f299bcbffd5239ced84c148babf8b0b5c242d5136a5ac45
strategies/H002/unique_01361/README.md,b0d6ebdb065b225fc8ca47222725b9673277bca404871980596a7632a3b94236
strategies/H002/unique_01361/strategy_definition.json,dd1a4b2e3c6b21551a033bd127b8663abf2d52f35e0a8d0b44268f4413daf33c
strategies/H002/unique_01362/daily_evidence.parquet,8841b446a7bd47335f299bcbffd5239ced84c148babf8b0b5c242d5136a5ac45
strategies/H002/unique_01362/README.md,12e75466d2cc16ac51783756baaa86d253b36deb853f80d063bbb7fb433f8cf9
strategies/H002/unique_01362/strategy_definition.json,32002d16ca475490a8ceb7e55cd3c43559922f3e28492954155498c83afc9264
strategies/H002/unique_01363/daily_evidence.parquet,b79842dac0a95cf7bb685878fe98d43c11f96afc7af77b7e2dbb25a135d4c873
strategies/H002/unique_01363/README.md,a91e5bb4e6ce50849ab09c6bddb00ca1aeb118b03611b6408560173665c62879
strategies/H002/unique_01363/strategy_definition.json,50345021b71de46129e52051b55846ace1ed17786171d05871f7aaf26e31f1a0
strategies/H002/unique_01364/daily_evidence.parquet,a9dd5f32c38c4ab43851eb6fca4622f1d49e5a64163d28b70ca11cc218bc92a1
strategies/H002/unique_01364/README.md,df3607b8df1cd26157842275191981794ceb18731abad0659cad8bf8de91c237
strategies/H002/unique_01364/strategy_definition.json,6b666983eb5cc21d8eceee9de75686cd8d7258ffaffdb957f1599d6029d26d56
strategies/H002/unique_01365/daily_evidence.parquet,8841b446a7bd47335f299bcbffd5239ced84c148babf8b0b5c242d5136a5ac45
strategies/H002/unique_01365/README.md,10ab5f1cfcf66c049d5471d3cd0aaa96a86cb2259f1d61be1fa6f3cce9e4ad4b
strategies/H002/unique_01365/strategy_definition.json,94f26f4d2adc3b0599f4df3b6c9f26cdf7b6ab0647962c70fe4f85aee58420ba
strategies/H002/unique_01366/daily_evidence.parquet,8841b446a7bd47335f299bcbffd5239ced84c148babf8b0b5c242d5136a5ac45
strategies/H002/unique_01366/README.md,2eada8a4cbcca1f68b7291db365220b40d92915f358fee9381fe836e56e1d0be
strategies/H002/unique_01366/strategy_definition.json,91a21f465b4b1c3fe387eea0c3dfa7742648ee05db43e91a03a21e97b60c429d
strategies/H002/unique_01367/daily_evidence.parquet,8841b446a7bd47335f299bcbffd5239ced84c148babf8b0b5c242d5136a5ac45
strategies/H002/unique_01367/README.md,58f942929bd7e9aee16d0fdc84557e99a43c5b84c28735ddcb9b307e42c8e074
strategies/H002/unique_01367/strategy_definition.json,824d5a4832940244f756e018e01ad33fb213c1fb9be74c156b048d616f1d8fa3
strategies/H002/unique_01368/daily_evidence.parquet,8841b446a7bd47335f299bcbffd5239ced84c148babf8b0b5c242d5136a5ac45
strategies/H002/unique_01368/README.md,546f99ffb751d33cfc47d8aa4f65bce9a9591617d07c05a65241bf4e33284e6a
strategies/H002/unique_01368/strategy_definition.json,4eab474cfce6a2db0fb6e66899147c39b2bbc6b1ba8f25888e0e02c19d20e128
strategies/H002/unique_01393/daily_evidence.parquet,6750ce2cb06287729a43401542619e7401ae23387b76edbd6f78457717a710ff
strategies/H002/unique_01393/README.md,ee791a2e86d4c6c567f5a337aa92e59bb2c3e0a16a85af19703a82fee0004c42
strategies/H002/unique_01393/strategy_definition.json,cc1b9cc288318ca54dd10a7e27c72e791271b90a5e36a6fe48eb0e2b6c35c4c8
strategies/H002/unique_01394/daily_evidence.parquet,7e47d9ed0332dbdb7b7e93ff2361e96a92c741dea21941efc9e3ca228d7da25a
strategies/H002/unique_01394/README.md,1f7ea6176577023a0282bc65738166b550c6278c56c677ecdfddbb4fe3a89295
strategies/H002/unique_01394/strategy_definition.json,dfc9621c0daeda7b094573826bc275bfa1046c8a27971352dc4a09b2d5b19483
strategies/H002/unique_01395/daily_evidence.parquet,f68dc55ec9eb2e68e09e51f7496ab72ffe760733fd094c6a8c165849d2816e28
strategies/H002/unique_01395/README.md,aea5a6961af6963229a3e272cc9da1040c301f70fe69b9d074cb9ce945a43e22
strategies/H002/unique_01395/strategy_definition.json,55c7e4cfa10272b6ee12be9f304e25b3d01db5abe932f204258c10fb149b4365
strategies/H002/unique_01396/daily_evidence.parquet,24d8a0cd835eee20773f2e8c14b5adfb715829faa6113764570eefa618e541c2
strategies/H002/unique_01396/README.md,ca85396622eef668337ec31f99689b3ee2995dcaa13f5f37115534497919aec6
strategies/H002/unique_01396/strategy_definition.json,6e43daf850426cf042fdcb50adb07839b75e7ada80dda9e7651d8999deadf10e
strategies/H002/unique_01397/daily_evidence.parquet,1844442f28059652839a1afc7a71329580df9a80ea6e556c34cf0747a0eee489
strategies/H002/unique_01397/README.md,41c6c0d2db7bf23744c29b821968ee7fc56fd071e8bd581a871ff180b9126840
strategies/H002/unique_01397/strategy_definition.json,789f2403afc175f208e80b605128cef6da1f604aee53c30ae50355da29c69922
strategies/H002/unique_01398/daily_evidence.parquet,e81cc827b92b1fd633bfe41d6b4dccf01414764453a90431a66201bce738b1d9
strategies/H002/unique_01398/README.md,d7da1467eccd006e879fea0bdc4d12f5c4ccee040f1bc0526f7a56dc360efaef
strategies/H002/unique_01398/strategy_definition.json,f989010d3e19e1fb4f58cc3ef28e0752de2e8eaaeb2bce780b5c4e86d3b667a9
strategies/H002/unique_01399/daily_evidence.parquet,490543fea681258e3dd0ac072b29f8a301383d0770a1fba59a63b60d2e6f524c
strategies/H002/unique_01399/README.md,7492bce2dbe1e8dfcd3c4cfb3025d9dde324a1f3d6c8e3e3021063700fe357b4
strategies/H002/unique_01399/strategy_definition.json,57edc9a217f87b3af314c40c3fbf7ec7276bf7dcbb52a0ab569b807c949e5671
strategies/H002/unique_01400/daily_evidence.parquet,ca7bee89866a57a56a961c539fcafc2b33d1436a0a684fe614cc35a8a36662f2
strategies/H002/unique_01400/README.md,4f215e461edaac8881a31bf65ee78c884d9e072731556161d78dd3f2f2fa3d27
strategies/H002/unique_01400/strategy_definition.json,22d6e7a027fe9f88c52e48d1bc0f24a9b1c4bf39bcd6dd98bc64869e3d743142
strategies/H002/unique_01401/daily_evidence.parquet,471ded3d602c11ba4fdb4325df19c63a028225d458c5c01c29235ff88687969c
strategies/H002/unique_01401/README.md,6d640a95484de16ad294a69ce96267a296205cb23f0b0fd7128f9baed172bb2d
strategies/H002/unique_01401/strategy_definition.json,f3c4448d14af8b5a5714aa9e37562994d440e65dd5e8318295b70bfc64f3640c
strategies/H002/unique_01402/daily_evidence.parquet,31118e3662bb6261f9dd6b819672a5547971f12adc7445d31d6d76bceee76e73
strategies/H002/unique_01402/README.md,706acb89b28067fd965531fe557c651f6572798e753cb798e3b50bba3ed5be00
strategies/H002/unique_01402/strategy_definition.json,9144e88129c3072a4bbc93c58e5962168ccf4af02c2b97d6c7f1ae2b71e3f739
strategies/H002/unique_01403/daily_evidence.parquet,7edfade50f7cd1288b9d877e5bca6e61e3a31d0b4b6d6b86d23a7750ff86bc18
strategies/H002/unique_01403/README.md,3b62deda43bee77adf204a7b7b09c3f58e432b900b9722d4a81d1ddc6ac34293
strategies/H002/unique_01403/strategy_definition.json,14a8bdd049d0cecef070295652fc74b25f5fdb12516099985310a51da75e1465
strategies/H002/unique_01404/daily_evidence.parquet,7edfade50f7cd1288b9d877e5bca6e61e3a31d0b4b6d6b86d23a7750ff86bc18
strategies/H002/unique_01404/README.md,e7688ef5351e13fdc40510ee7d608a42e2bb8e7ce3ee16e434d1533fdca3063c
strategies/H002/unique_01404/strategy_definition.json,e05465f6be00f028ea776ec56b49a0cd79ee8a1b5077e7db6cc096e4856c6cb5
strategies/H002/unique_01405/daily_evidence.parquet,76d4bb9eaf060fec0a0912ee4d9bed2c9ad8177b90084488ba48f7411a18e503
strategies/H002/unique_01405/README.md,6abd555b922dde1a0e4340c0f95690fc06049b2da8169d905cce7a393e7c63d1
strategies/H002/unique_01405/strategy_definition.json,12c721395aeab61c4d1dd587e522a3e9a8c3dbee661b4d908b230e224ba11761
strategies/H002/unique_01406/daily_evidence.parquet,2cd460d6bdbed6a537c3db4daa7a35de7160bbb68d15559eb821e229414c8615
strategies/H002/unique_01406/README.md,d70092bdae33e7bbbfeaa54ecf4c6eed2df335c2940c0288d26ad26f2eb4d8d1
strategies/H002/unique_01406/strategy_definition.json,2980c4c7453bb94e6cf7bdac3ada7f4230a0e549f016bb005d744af454b1745f
strategies/H002/unique_01407/daily_evidence.parquet,758fc799b2c11f6baca05663c2db58b31606a6f396365a49b6b74e7fd1cd1bf7
strategies/H002/unique_01407/README.md,560e294ea17b80606ac81b874aa14b5e4322b3103e1a9b26f3ecd4aea6982317
strategies/H002/unique_01407/strategy_definition.json,7740573545a5a2ef5e6d01d9e3c3d640bf656443177f9fa2e50304140a459677
strategies/H002/unique_01408/daily_evidence.parquet,ef708939fffbf297582f71f75b63afaa3a4c84345a95302c3c44674e0f68cb2d
strategies/H002/unique_01408/README.md,f8d15fd6e916d737888527b5076e05b35dffa1b588dca78f22909303ff177716
strategies/H002/unique_01408/strategy_definition.json,4645704056e216fbe2fb940c0296e5510e070ed0056e30cd9e5076f1f44a2913
strategies/H002/unique_01409/daily_evidence.parquet,7edfade50f7cd1288b9d877e5bca6e61e3a31d0b4b6d6b86d23a7750ff86bc18
strategies/H002/unique_01409/README.md,23421bce643a0f0a3bc1219032bddccec13b2ba7167bf038f6a7d159fda3a718
strategies/H002/unique_01409/strategy_definition.json,820702214bc25234e2a5180324eba561692f8842b43a834e8d90cb14a8f7fc74
strategies/H002/unique_01410/daily_evidence.parquet,7edfade50f7cd1288b9d877e5bca6e61e3a31d0b4b6d6b86d23a7750ff86bc18
strategies/H002/unique_01410/README.md,e8a40f60e1917cf5c0f0fd0da50493693496bb0289feb95f2ebc7d029ecd454c
strategies/H002/unique_01410/strategy_definition.json,24d3cdb450c838a6f022a233716b9b58284327bbbbb035a0015b930d43eb1f01
strategies/H002/unique_01411/daily_evidence.parquet,6376a911999eb5b755161bfa87599dbc7854ad12e9aeb85a8e10b6cb4499b0ec
strategies/H002/unique_01411/README.md,f41cc194b4028ff0f03ea97a09d6a1eb8f9ce6a73387fcb723fe0995922896fa
strategies/H002/unique_01411/strategy_definition.json,521c18f3081cae5df3177aa96acfc8c8bb2db16fe2599992219dec3b8b190cd4
strategies/H002/unique_01412/daily_evidence.parquet,e0d7d9f20ff4f9cf8f7ee42e5f5990dea3f6e205cb668707906af029b8a9537a
strategies/H002/unique_01412/README.md,fb5944867064c997cb592dea97f9019b8b04c70c87568585eeaae6280819adce
strategies/H002/unique_01412/strategy_definition.json,a0de71b8e104744a6582fe85c75ceba86d9bda14f44905514fda4232cd4c48ca
strategies/H002/unique_01413/daily_evidence.parquet,7edfade50f7cd1288b9d877e5bca6e61e3a31d0b4b6d6b86d23a7750ff86bc18
strategies/H002/unique_01413/README.md,ef300299b87f95701ae18da81097911bf7e1dbfcfd81e9443bf27d7003355281
strategies/H002/unique_01413/strategy_definition.json,b31bd2bb85f9641b5b39906da24f163102341c0bb07676140ca5911eab64d8a1
strategies/H002/unique_01414/daily_evidence.parquet,7edfade50f7cd1288b9d877e5bca6e61e3a31d0b4b6d6b86d23a7750ff86bc18
strategies/H002/unique_01414/README.md,111d024365fe275cee90f3a7d15adc96fe640c45eaba971857fa06afa6bb17fe
strategies/H002/unique_01414/strategy_definition.json,40ed26ec173707ac51040011286c27d191a8ab42a3f481e6b2421fb6377f8fc2
strategies/H002/unique_01415/daily_evidence.parquet,7edfade50f7cd1288b9d877e5bca6e61e3a31d0b4b6d6b86d23a7750ff86bc18
strategies/H002/unique_01415/README.md,4c191b29d73705f7270d297eeac5d1f0780722a3715e73456830740d4bebb7ff
strategies/H002/unique_01415/strategy_definition.json,8fbe20b57e2d047ef890084d1100c01de9d3fb0c6216b33ade4be60a1ef75858
strategies/H002/unique_01416/daily_evidence.parquet,7edfade50f7cd1288b9d877e5bca6e61e3a31d0b4b6d6b86d23a7750ff86bc18
strategies/H002/unique_01416/README.md,295948ef26fa530da06736e57312b19339946709b767f63b7ba52345f2362aef
strategies/H002/unique_01416/strategy_definition.json,c29f0cf172968b3d15cfb660b72100ff2797254e4c8b12fc3d080c906be72b6c
strategies/H002/unique_01681/daily_evidence.parquet,40cd6915fc0b12aece4b7306851c626abea5813882194c85af8cdd0baf35f93a
strategies/H002/unique_01681/README.md,c4ac959f233945e5e4600747a6ae751a56ce0c105b7227eebe1de3259615a750
strategies/H002/unique_01681/strategy_definition.json,9040a62aa521a1f30b455c9315b66eb551ca67eb665db718e6911e07b0da3a72
strategies/H002/unique_01682/daily_evidence.parquet,4ca8082083b7937770aaa934ac69437ca766417210ab3093bc163409cc026637
strategies/H002/unique_01682/README.md,5b2aa091898892e856fa7f8d595bbe4d836548cd92c782c0ef4a3f33fb52b43d
strategies/H002/unique_01682/strategy_definition.json,e2ef900c04b30d0659027b8a990482bc63c8c26d2eb880e38033a4a8caddc998
strategies/H002/unique_01683/daily_evidence.parquet,25cff23fbeed175a91e0939d0287655e7dd2a920234de46cb42d36e60c4288c0
strategies/H002/unique_01683/README.md,5ad543c2a2302943375db0ead50895be4329752a72a51e1876898fc2a2c724b9
strategies/H002/unique_01683/strategy_definition.json,8332b35e9927edb2127bad8f77ebb52f83316354823ad6edbd2ff5bbd09d2d89
strategies/H002/unique_01684/daily_evidence.parquet,bb298fee5a775edaf6f789f45b3e90780ab08d4d86b6f6d7cd84bba7d86269e4
strategies/H002/unique_01684/README.md,f8111811c69bb9952a709b5379e7d4767b702c5eb27ea213af48baa25bf8518a
strategies/H002/unique_01684/strategy_definition.json,7f6f8221706b23ba3e2d25d8dee88f855a98cd8be0829d7aa56056489ad35052
strategies/H002/unique_01685/daily_evidence.parquet,368cb0878627e3c1c9f8bde6f63cd393b781aa3451ad22c18b899fdc1cd9b8ba
strategies/H002/unique_01685/README.md,2c94c12d5176c7282ee7e9d0263293d364f0b7f3853adb8859608a76be4b3bfc
strategies/H002/unique_01685/strategy_definition.json,c6251f811100751b7365ee540d2b5d2ab444def82b0f30378607c36b9c875db6
strategies/H002/unique_01686/daily_evidence.parquet,754686e210565ca4da907142388cbdb7bcb26671f9e43e856d2bb8c83cb184c6
strategies/H002/unique_01686/README.md,97aea18d3d181051e22c1fc730eac3bb72863ba21da24126be09eb1757b976a7
strategies/H002/unique_01686/strategy_definition.json,924f8aa831c48623ac638434c93cfefc8f970b5d581e5824ca2f7a7c550b87da
strategies/H002/unique_01687/daily_evidence.parquet,8410512625e26f564c4744ddbd4fe8c0ff18ca06fa2089ca174161ceec463184
strategies/H002/unique_01687/README.md,c1899a23103dccf2e4cf14c4f4fb09fc867b8b5af4f0524abf48cb470c6ba5b3
strategies/H002/unique_01687/strategy_definition.json,f4512cc2cea83ac1d980a178c29eef6f8ae455e8451042bc39fd8729d8ff2dd0
strategies/H002/unique_01688/daily_evidence.parquet,13d814d0d47694108d704cf843c6638c8b59fdbca174396d3c5b7f09400fe985
strategies/H002/unique_01688/README.md,f270f22a23f094334fd829b22ca5630c23183030e36ece7e9706780d8b0a8f4c
strategies/H002/unique_01688/strategy_definition.json,611aa0d46212fb0c57ccf675d93b75ac33aef1dae4c2df2be92fd90dba8659a5
strategies/H002/unique_01689/daily_evidence.parquet,20e9f90aef31524fbdedb3b5ef51d495944988510571e961257aa8c587050bdd
strategies/H002/unique_01689/README.md,34ad0e6c3513894817024e259aaa21b8466a7fee824a811eed157f4019e95513
strategies/H002/unique_01689/strategy_definition.json,b6099ca42f39111c2fb44c22cb8b95d604b2d5970df3f0072335326bf6faca20
strategies/H002/unique_01690/daily_evidence.parquet,9d32ba0d7148938bec53c8dba2a1a6698efc8d866a3873ad4be7d162e5d85a71
strategies/H002/unique_01690/README.md,4194e463ffff305bed47010c3e22a3f275f1d4ac9665b969464ac65d4bd694d8
strategies/H002/unique_01690/strategy_definition.json,33fa3dff0cbe04e438a82027238f29a93a1d74f50aeda3b01fe49beef7e191ec
strategies/H002/unique_01691/daily_evidence.parquet,f8458a0e41c8c73b5d119bbf7b9612e3f3e68b0920f7682900ebe5c48b106cd7
strategies/H002/unique_01691/README.md,623123131ce8a95363ad967617b76cd734749e2c48b903007e478f70bd223de8
strategies/H002/unique_01691/strategy_definition.json,67fa95fb77c4220b4b51d746d0f3a0a8ef2516443dba2ccf6fff3beca0977a37
strategies/H002/unique_01692/daily_evidence.parquet,8318eb8cdadd0ad596579a7f515f30136d9ca48272999928cb098568ffb2548d
strategies/H002/unique_01692/README.md,860d5c8d409beb7e1c7b41db1ec7d16541ad859c9a6053672bcb9b78ebab827d
strategies/H002/unique_01692/strategy_definition.json,4e8f5f15eb1f1bd2f82056c247006cc5dc377c0606885c7f7771d1d1116d6b9b
strategies/H002/unique_01693/daily_evidence.parquet,901b597d77405bbbad1531ba01f0ac13bd8c705d11c07cb771288b85c2f1533e
strategies/H002/unique_01693/README.md,3ec286799cd936205c79fdbc6507992769299732ae290e56f57c0238f5274622
strategies/H002/unique_01693/strategy_definition.json,9afc0bd089c31927344f90f3d7b5631219e6a663587d811c073e96db36ba87e4
strategies/H002/unique_01694/daily_evidence.parquet,c86e240d3f6068fc0c12816a1edf252e90e366c2bdcd560cd16b292a40d7cdca
strategies/H002/unique_01694/README.md,ec5f954147bce414037408756affb3da4d05a47a68c4965f4c17c2b27796e33a
strategies/H002/unique_01694/strategy_definition.json,945a27fa15ab058dc0f0f41a573b7eebeab7d6da4a2062b59465ecacbcd202bb
strategies/H002/unique_01695/daily_evidence.parquet,8e44f236590f5782acec6e298c9abedd7e27371c943537d34c29ae24f1e96ff6
strategies/H002/unique_01695/README.md,7249fc5b3ba67272293eec24e80f8c944c601eec8da75c06027cf1ed98561c34
strategies/H002/unique_01695/strategy_definition.json,8425124bdf83bbcc22304dc27db14440f7187352eaa1e72c2a4905bdd5935d40
strategies/H002/unique_01696/daily_evidence.parquet,2ff7dbadec0c36b1f93400ded10f94cc9b542a8efebe1dc3994e251080c6d233
strategies/H002/unique_01696/README.md,a958598ea90f4cf5fcca253f188750a9b39fb59b73c25ffe86b768cbf229609c
strategies/H002/unique_01696/strategy_definition.json,f05b20c37c5844e4070cfaed33dd5499a7bb44920a16bcf5b4722000f82d60cd
strategies/H002/unique_01697/daily_evidence.parquet,ed03570547f513d04f1b7d93fd87a06b9f4a2d1b01effdcefa4e7446c7510075
strategies/H002/unique_01697/README.md,6d468f8dd7d185ba6a00aedd30c8544ef57cd75ea3bce5ae6e3df7e47102825c
strategies/H002/unique_01697/strategy_definition.json,892f8ae01fb9af959dd3b4292fb01656e6dc9c79cb9f788d3a8c0c228e0b6bdf
strategies/H002/unique_01698/daily_evidence.parquet,ed03570547f513d04f1b7d93fd87a06b9f4a2d1b01effdcefa4e7446c7510075
strategies/H002/unique_01698/README.md,c2eeabdf68d37d8d06d29c28366884feaeea55fa5d58535c53bce6636bd25002
strategies/H002/unique_01698/strategy_definition.json,c18bd2252135359e745dd404578fff8677eaf6562cadaa72c539ae79c356f5b5
strategies/H002/unique_01699/daily_evidence.parquet,58931a031fd4603ef1557f1475680efadb6800512646d5ca54a77b8b0eeb7185
strategies/H002/unique_01699/README.md,d4dd73dd3e3e5dd53641bfa56a5b885159933f82fa04862e746bb3419705bc5d
strategies/H002/unique_01699/strategy_definition.json,a0f105a6fc85313ce2a9cc9cd4ca03b8cd38e19ed1afb2680df8a37bd2865704
strategies/H002/unique_01700/daily_evidence.parquet,c80a3b31269def31824c2b689a8a47a16780c50b89b268b433a9185bdbaf6327
strategies/H002/unique_01700/README.md,3f0006436fa984db0b3b217816640e7424dcab090f487408c3b943a438eb96b1
strategies/H002/unique_01700/strategy_definition.json,2dbb484343a8c54896fb3e98a41232d882d0d7f95c8f007119a0b0ad97b113ee
strategies/H002/unique_01701/daily_evidence.parquet,02253176a438b6289c4bb4cb75b9d6cfe5a13d89f0469ea565322ad6d30d51dc
strategies/H002/unique_01701/README.md,39638390506bf0b7371ff560be1e904822a12e9979ae1ab8fb1e323f3b929241
strategies/H002/unique_01701/strategy_definition.json,4d6db591079d2c6ed7c05c8819425689bacd3961c07c0e7fd016efadf34c4b5a
strategies/H002/unique_01702/daily_evidence.parquet,2246f6b3a296f6e9286eeeb80e040be1e46eb952aafac9a006913145602a7cad
strategies/H002/unique_01702/README.md,d8df5c79ec41c6dbeba16c2e838a3f91d9415f3152f1e84c3f1d6328c22786e3
strategies/H002/unique_01702/strategy_definition.json,87354ba9c69aca9d7ac58d533d8e817a290cd2b173fe4e61317f7ad93a4df3ae
strategies/H002/unique_01703/daily_evidence.parquet,ed03570547f513d04f1b7d93fd87a06b9f4a2d1b01effdcefa4e7446c7510075
strategies/H002/unique_01703/README.md,2004908d2b30abce1311fde505d9889a19ce325e904ab08a5d7f6d6ca1c1b716
strategies/H002/unique_01703/strategy_definition.json,e1b3de24ddc80883f6d3c4dfce25fe074289cf643dafacd7f32e769a32e52a39
strategies/H002/unique_01704/daily_evidence.parquet,ed03570547f513d04f1b7d93fd87a06b9f4a2d1b01effdcefa4e7446c7510075
strategies/H002/unique_01704/README.md,b48af91ac42acb3347f9ada53ce1fe9f748c21570ca9eb0cf7019d658c616080
strategies/H002/unique_01704/strategy_definition.json,f3911aa86ac03b5630292a12b802a4df0d46f0e2469a92d4688118e60263c65a
strategies/H002/unique_01729/daily_evidence.parquet,83a5d548e563c1b9ce8305c45762a1bcf759598d40db3a7aa36fae37c8303f0f
strategies/H002/unique_01729/README.md,e4c68b58c69f2ee5f8b05c83d1da96ec11e747e72aecd0c59b0737333414fab3
strategies/H002/unique_01729/strategy_definition.json,045bf9495450b3a626335bd16f033c684496c765e53b21a7967d08492a70bc11
strategies/H002/unique_01730/daily_evidence.parquet,b32af5e3da1d6c2d83b91420e9e7a0dc8d7ba3e927c60d71a95a8e360c22e871
strategies/H002/unique_01730/README.md,6f5c6f5f76ac7788794431ea104882928bf06901a71608230aacb0a42e782d29
strategies/H002/unique_01730/strategy_definition.json,540c55e01a5ecb9a1adfebb22df9d92d7532131ac7472016b7474b3b3f2d5987
strategies/H002/unique_01731/daily_evidence.parquet,15616712b4cab811fde5b0dc64aa9306f8fd19cc3d248c4d2ed726b9acb309fc
strategies/H002/unique_01731/README.md,0710abbf57a4e249ba5ddd96ae6ec07edcf1952ee3337d116e5915b124c9ffe1
strategies/H002/unique_01731/strategy_definition.json,818f3df24da70db2a18596e65f8a21ebebe6350011b005c1feda0ec2c472059f
strategies/H002/unique_01732/daily_evidence.parquet,6636c4ec6d2ad271f56a266b9a22d5874f0f420b44ed22b1b82a50a41c951824
strategies/H002/unique_01732/README.md,7384f7017e52481dc55f51aad159fbc5ef000d09569f93010c84b84eec31e600
strategies/H002/unique_01732/strategy_definition.json,1021075f2df7b19b7ba1d42d25c89a89d3c2614afb0326d0aab25483d5467de1
strategies/H002/unique_01733/daily_evidence.parquet,f5178b762a6c19bbc478fd353ec9981436d8c16d78923a36c2bf3620c3f6f4c5
strategies/H002/unique_01733/README.md,96d7d1f4ededc5c83d39541e640a82951b238ec45c75070cdd98ba870e5fa2f8
strategies/H002/unique_01733/strategy_definition.json,d3cd5ffa235046506575d017bf3c383a45536dc0ce1e344c5b0b5adff28036a4
strategies/H002/unique_01734/daily_evidence.parquet,d02fac660f9dd87713c1e4aec1c78214a20e72ae7e5762d3bbb64841c6ed7138
strategies/H002/unique_01734/README.md,2a0ec734f1ea4e7a01577b66903e4b071b7a1a1879feae9cbc2b7f7723f9c9e8
strategies/H002/unique_01734/strategy_definition.json,3f072d62cfe14b500259f6fecbe5ec4610cc45294ccdfda35e6cfa01d6a117dd
strategies/H002/unique_01735/daily_evidence.parquet,c71f966b45f89af4d1f3ddfaf856dc8f32bb1e37418e7e3bd6498540ad3709f8
strategies/H002/unique_01735/README.md,5536040733a3a7f903148acb8de4bf8c70734decbf9a693c46ca493ec111e46b
strategies/H002/unique_01735/strategy_definition.json,e90f66b38a0cd4d50f6124ff5a452651f29c813d7ee1daa8201cb28672a12a4e
strategies/H002/unique_01736/daily_evidence.parquet,76b025f0513639ab4a42746a492f4afd0ecd5e22361c08ece0a3e8b45a301e66
strategies/H002/unique_01736/README.md,5b22b58140202cd132d2619679f16e3d1bb59af061228b642e22a5da53575855
strategies/H002/unique_01736/strategy_definition.json,2be73e54117f6fc09231619cf6944947118d6737b9829167ed83dc83f5b0ee90
strategies/H002/unique_01737/daily_evidence.parquet,9386e18f861bd48fe782cc5c44dd5c5c4b5e4e794ad91e9174c04f09f1dcb7d1
strategies/H002/unique_01737/README.md,a0e073dac37bcf81e10c70b1dee98c5d0de0d216216814b21b01bf3b21ff827f
strategies/H002/unique_01737/strategy_definition.json,92340aebf8d2416891337cc84ec1bebf6ef10705b17e138c02b915284efef206
strategies/H002/unique_01738/daily_evidence.parquet,9ef7384baeebae5a80d23f207b885989fa9b90f8c6b10f1f05ab4cb81d7e5781
strategies/H002/unique_01738/README.md,7a6b9aa7c4bfb5437cbc35d682756506ebfa8f1680c04e80f7904143a514dc56
strategies/H002/unique_01738/strategy_definition.json,96c0e96c6e440740629693ff03a70b361e6d7febeb50646f2744abb9b989e3ea
strategies/H002/unique_01739/daily_evidence.parquet,69a6c6f0efd38fc8a0cd33484785b795aa44709a71ae6069abb55c597937f9ee
strategies/H002/unique_01739/README.md,091e0cd98c138bc4deedac1909707e1043dae9c36bd3f50605d0b93d86dcbec8
strategies/H002/unique_01739/strategy_definition.json,64c96b8a2e304f40e09cfd32c7aef73c85e643225aa18b94e6bee04d8700671f
strategies/H002/unique_01740/daily_evidence.parquet,c69cb477d9bfcec9ea91d31d7c95f47408e52805790a3cddb2bd67b8bd2a0765
strategies/H002/unique_01740/README.md,318edd9ea724fceea8d090b099ff723be9c971b6dfd4427fa75cfe4f866bbdfd
strategies/H002/unique_01740/strategy_definition.json,c7fe9354f872d97309cae371d0a5a6f45dab16c2803ebfbedea49a0fb971bf97
strategies/H002/unique_01741/daily_evidence.parquet,43a4f409a233a8791bfb30d3440af725872bbe92dd3a3b30562053b04700dae8
strategies/H002/unique_01741/README.md,6ecdf8a6fe8af4ba7837e2ab7272a3291e29e0cbac4d99e02d457d77904201b5
strategies/H002/unique_01741/strategy_definition.json,58ab5af7f0a58a68a178de34036506d1f37ccde3185406e7d0912e5321c4cd37
strategies/H002/unique_01742/daily_evidence.parquet,999508708c030d1d059acd3ee03698cb57a9fb5710f427230e7075d58e192d79
strategies/H002/unique_01742/README.md,ba1a44e101a2d9b7c01efe03d3ac4e82a25a97b340259e91a8a6a66643612540
strategies/H002/unique_01742/strategy_definition.json,ab1f3fab1ce181f2d636d4b68358101100c799ee24e4cfbe963a2452223a3171
strategies/H002/unique_01743/daily_evidence.parquet,5b968ec7ae0435d9d70529505157841d5be1d1e4d72fb90ea6c58430dfdfe094
strategies/H002/unique_01743/README.md,4af6a399eabc8cbe6406d9e32b3eef0b5ec1912cf9077b3d7c0a725600e3ff2f
strategies/H002/unique_01743/strategy_definition.json,ff31d1a9ae7c7826fb3d676c81a5c354253c29af83747a92f37de907b96248d6
strategies/H002/unique_01744/daily_evidence.parquet,d1a10593ba143a313f568347fa394e122480e8c6f240c157c9aadc993c3a6c32
strategies/H002/unique_01744/README.md,7e2798772225a16dc88ec912680e215e21279db6d18cc7432cee25d60060d998
strategies/H002/unique_01744/strategy_definition.json,3e1373a33330802662adb12189615b3ce74ee195d1fa3063e0579a72020c7860
strategies/H002/unique_01745/daily_evidence.parquet,0b8006d994a0402d8b31c4255a9203c380117220a8e72b6b773094251f311b44
strategies/H002/unique_01745/README.md,06e626efc339023c6e519a9bffc587e12499d0835345cf6e58a4295e4a544948
strategies/H002/unique_01745/strategy_definition.json,3117b79b2b378efef9207a6e5913f99d1b2d4b2152f5815902c90a861fadfe9e
strategies/H002/unique_01746/daily_evidence.parquet,0b8006d994a0402d8b31c4255a9203c380117220a8e72b6b773094251f311b44
strategies/H002/unique_01746/README.md,f93aedf584372b804534d7e72a1f44f2265ef886982efbf9f27e25423d022506
strategies/H002/unique_01746/strategy_definition.json,88a8c9092f46f3e8aeaa70a5cc68310d41611e021a44c031aa844175914c72e1
strategies/H002/unique_01747/daily_evidence.parquet,19753ed16c2f11b0cf6dffbef8cf9cf1b7b9f491371eea1bc963b8295888e942
strategies/H002/unique_01747/README.md,f0f65ec8c5c800016e7d32881fcffc9b6faff124c78df757f5cb005bafea6d54
strategies/H002/unique_01747/strategy_definition.json,7674e0b7264f89dd81fd7a99777c648e258ff237f1d9090f8530a15c62a38ffc
strategies/H002/unique_01748/daily_evidence.parquet,b38dd27b0b78e8b872f386ece24fb7dffd1a7319161c5c919830531bde759fe8
strategies/H002/unique_01748/README.md,e18fa038657585e6377ca5ebedac9cae2aaf119e8cdf6b7ab16944b07d6e54ad
strategies/H002/unique_01748/strategy_definition.json,58ac0c54572c3ac51ec94da64b9a34ebd62f80557ba576add3234c960ee914b4
strategies/H002/unique_01749/daily_evidence.parquet,4b0e1e123af8c2ecd4a4b60a7e62b1ee44474616d6ef2ac94c22ef828b965024
strategies/H002/unique_01749/README.md,f7cd86c2b45347ce14d733c1bcfa6a0d91a75b5ce5f17849e77ed4d0d8405a48
strategies/H002/unique_01749/strategy_definition.json,7946e948757c6b87e475d1d14bcb23fa034f69f8d25df0295da55d83a9bfedce
strategies/H002/unique_01750/daily_evidence.parquet,300ed9d5de8b62363d8d041ced8c99cada585aa8104de2b5fbcc3a1133b6a6f1
strategies/H002/unique_01750/README.md,59b873204c46c92fd228c98523530edf6302e3c1e6e8cd5ee6e80490667e911d
strategies/H002/unique_01750/strategy_definition.json,4ff3fe193947a7c676f077e1ea571bfa186ef5a53bade1a9578372672957bf3c
strategies/H002/unique_01751/daily_evidence.parquet,0b8006d994a0402d8b31c4255a9203c380117220a8e72b6b773094251f311b44
strategies/H002/unique_01751/README.md,e74e78f6bdf475bd107a20e5ccba1545605626a5c26b2fd3a45413cd49d87df8
strategies/H002/unique_01751/strategy_definition.json,e88b67d1f9ee14558fbe0f6a9d2c4f498d6f5d4b51ac3082b1bbfe59a427a787
strategies/H002/unique_01752/daily_evidence.parquet,0b8006d994a0402d8b31c4255a9203c380117220a8e72b6b773094251f311b44
strategies/H002/unique_01752/README.md,640592689759f020e09f5c2d199bc2c497547025e5694792bad1bbd20e32ac93
strategies/H002/unique_01752/strategy_definition.json,039de1d9393e6f6aab93e67b14822b8de8126c662881b150ca120d65409bf66c
strategies/H002/unique_01777/daily_evidence.parquet,d0a54071a238118858a2f5cd12a50e3e8bb9d35400f79817b435fdbcaa0cdb7c
strategies/H002/unique_01777/README.md,8af32bfb39c50c642d29cdd43f63b96090f4bcf199e7b7806dcce666fefdacfb
strategies/H002/unique_01777/strategy_definition.json,0ef0c9552f40d6a176baa0c1b69ed3aff38ac8c68a60a8aae0b8cdea142a4456
strategies/H002/unique_01778/daily_evidence.parquet,74ec25131fbc0d3b5f7937677049a74b205d6ac6218bc82f383a68342caf4cb5
strategies/H002/unique_01778/README.md,871559eb05bf7d4850eeb6db266b141bd1860e8dd5f547f9b024bf996a4da0be
strategies/H002/unique_01778/strategy_definition.json,1b5410d435e3446fedcbad5aaf61a22df04ff20f9ad1a37efbc26d20f928751c
strategies/H002/unique_01779/daily_evidence.parquet,39b5c09e594db0fb4a9447328acb0b90238f5dc0f37004a273f70735ab5ac04c
strategies/H002/unique_01779/README.md,c0f337050d0e2d743b31c96599d4b8671bc7601c4158d7952e73dd8b6cfc482e
strategies/H002/unique_01779/strategy_definition.json,138dcf411b9d3b47a20fcaa2dca399e8840068162501f06a22d421fd81438515
strategies/H002/unique_01780/daily_evidence.parquet,6a93642d0f53ee0b18fc6fe6e9619b518e82339d270b903a9ae8e0a8ddca41da
strategies/H002/unique_01780/README.md,3609e21fc13a16c3c057a1ac98342cd2a8c8eb5be69c6828c0153c42c024ff6f
strategies/H002/unique_01780/strategy_definition.json,8d3437f8bf8776356893afa824fd9431f9cf771fd422466ff8add6c6a834b1a7
strategies/H002/unique_01781/daily_evidence.parquet,f314a5d91f675fa967b4f6dae2e3369ecead5393b4a9bc6c303f34e67442b981
strategies/H002/unique_01781/README.md,42356e8345839462c0bbf876891081e48bccc30ca7096a62c98c3bd001ce168c
strategies/H002/unique_01781/strategy_definition.json,89b9d867ffb4d2ca9bab1e3974879dfbef6d0c04c5661d73a0a5c19be9bd980e
strategies/H002/unique_01782/daily_evidence.parquet,311b26e18d0d0c5f41e13cf548061c6effaee5e58d09ccfe5909002284b285ad
strategies/H002/unique_01782/README.md,0891daba8974f707fd0bc4eb69731ecf75e362c692f044ea0ad69794ade21367
strategies/H002/unique_01782/strategy_definition.json,041f4962278c409632ade81046d850da6475a6d2c2d70cbed16be20a5e25c55a
strategies/H002/unique_01783/daily_evidence.parquet,d1bfd658f98f34c50502d54f569849df77944d458678e1de8a978f672c84397f
strategies/H002/unique_01783/README.md,3541cbc553ed356b339db7c814fdb36a4294341f8fab757e52007a00171848c3
strategies/H002/unique_01783/strategy_definition.json,d6da6d9f75a0dbecef34fd015a236d607ec4b4fa04793e7c5cd1a5f324b34c80
strategies/H002/unique_01784/daily_evidence.parquet,521822c8da94fdcf3d25d6ba12cc8ec7ead8cf42bdf4a6fb818dd30f1ba357d4
strategies/H002/unique_01784/README.md,e1d1c5e5ba014214122f088e902b5b8a69ddd81af90102d6f6a8c247dcf0c1d1
strategies/H002/unique_01784/strategy_definition.json,830319a27e2c37c08e64f599e139e076aeeeb9b226eb5a0747051b2eddc71c16
strategies/H002/unique_01785/daily_evidence.parquet,ae1064cd500ebd41bf9d021c79c9d430cdbfd524cc691bfdd325b3f761fcc78c
strategies/H002/unique_01785/README.md,2f5c88e409abadef0c49f5c76e8150c0996333a4d291eaa449b3122d7b424c30
strategies/H002/unique_01785/strategy_definition.json,1d509f09422c6c3c6ff2de48bebb31dc022d523eb7e81cc389bb40746addec37
strategies/H002/unique_01786/daily_evidence.parquet,33639f32b8fbd0c0f53f9b3f459dd73c2a50a808a16f1b917bb9d5c918081210
strategies/H002/unique_01786/README.md,a6b484fb2a37000ba2e739e2f54999a71a234e74d469374397a979e7a845e84a
strategies/H002/unique_01786/strategy_definition.json,831ce9bbb66c4719b6ae4c40e37679f461eb5757f483d4a81b52ce2e398202d7
strategies/H002/unique_01787/daily_evidence.parquet,1c32441caf37981e78ad1f3365ec88397698521a0ba29ca5431323147d793661
strategies/H002/unique_01787/README.md,415610918ce1612f7d6df66519917898131a03c30d0d45ccbdec941f89203959
strategies/H002/unique_01787/strategy_definition.json,02d024b089539f2a7bdf0fa1d116a4ec7966364ff1773944c59d9e6dd0477ccc
strategies/H002/unique_01788/daily_evidence.parquet,1c32441caf37981e78ad1f3365ec88397698521a0ba29ca5431323147d793661
strategies/H002/unique_01788/README.md,45ee641725214f613b98999d2029974e392e31d880fdf90646ef38a8111c60d1
strategies/H002/unique_01788/strategy_definition.json,15aa7214d30f60ac52b16a0d0f4d1fdfa14045856034b24672e4083f33d003c9
strategies/H002/unique_01789/daily_evidence.parquet,cfb131cabc20c5b94c5e19e826b9ba896040b66d512cfff52f248f29160dc15c
strategies/H002/unique_01789/README.md,eae06d31f02919efb083d828d0a7a1eab763e1d4f824cba3720aaaa1335daec3
strategies/H002/unique_01789/strategy_definition.json,f29f6b48a81cf459ba970129b5ce96371223d33678ccfb5f185c6a3fc0bc3d16
strategies/H002/unique_01790/daily_evidence.parquet,9869de7cc7aa0e117545e1b3c96db29c54ce2aa75d9cbb3ac0f6725f65376a3b
strategies/H002/unique_01790/README.md,09aab0e2029efba4366a72e21cde487b63db5d2735c10b84cfeb2e530c66e3fc
strategies/H002/unique_01790/strategy_definition.json,c5b2f5c8cdd8c9cca37148f0f441cd52832f49091cf968a20af3c52aa7de0eb5
strategies/H002/unique_01791/daily_evidence.parquet,fb6223547c96efd03cff01f90aef4c39ee363213058b41ecf82594ac02407901
strategies/H002/unique_01791/README.md,859ca4d859abe4b34a92993977dae37ede144b0a75fd91b1ae370edd2e1f8bec
strategies/H002/unique_01791/strategy_definition.json,370fdf05b0ed40f09d12df6f801b740062db07fa0bd887502275fab727599127
strategies/H002/unique_01792/daily_evidence.parquet,c24602ef32748a018cc11c20f71d8573650f94fe24af6d6963b8aeb747e1fbee
strategies/H002/unique_01792/README.md,03112eab5a396b73368fa87c3cba5c998fb79a0060e0ee5978e57aece152d24c
strategies/H002/unique_01792/strategy_definition.json,8586c5144d4d795080a3bc82d1b2575db1bd5932625b72f3b7be267d79b31357
strategies/H002/unique_01793/daily_evidence.parquet,1c32441caf37981e78ad1f3365ec88397698521a0ba29ca5431323147d793661
strategies/H002/unique_01793/README.md,412290225bed9f9d4d5525e39fd577fceecd7143c448abfeb13cf667dbd805e6
strategies/H002/unique_01793/strategy_definition.json,8e610b635350ac0afebf6703777d6ff3fcf6792422510bb420a053fd6e82aabc
strategies/H002/unique_01794/daily_evidence.parquet,1c32441caf37981e78ad1f3365ec88397698521a0ba29ca5431323147d793661
strategies/H002/unique_01794/README.md,01b6750dd2ead9d19953c4b5ce399f023abe7a244a551a2ab3dc82eecf58df08
strategies/H002/unique_01794/strategy_definition.json,ebc3ba8c4d3b7d5f65dcd69304207e908ec818948e2eddf9d15e4c2ed21412a0
strategies/H002/unique_01795/daily_evidence.parquet,a67d492ea41482d17b647f8a19b1febad2aa836fd4127bd55964ffbef52515cb
strategies/H002/unique_01795/README.md,768d3a86d3d37e05a23456092aeb927675b6ab64b16426a08e9827552f100e45
strategies/H002/unique_01795/strategy_definition.json,1bc45babd280654afcabf2cc86d3b9c07de990ff7de82e999bf5f05772d163c0
strategies/H002/unique_01796/daily_evidence.parquet,7fe90bfb0c5324d29ddec46897047dab0373df4b040f2dd666111f3a16c5f759
strategies/H002/unique_01796/README.md,323f1f509da71c21c30c6e005b2e5d7b962e777179b71c308689fb54951f95cd
strategies/H002/unique_01796/strategy_definition.json,fc3589939063960879a922671ff73335810bbc8c65317355d0cc0fdaa6e31786
strategies/H002/unique_01797/daily_evidence.parquet,2e6465b8d779e78c50785d4147d0b05122f47febbf1d680de778600a462fbb0d
strategies/H002/unique_01797/README.md,f7c524b7da0d832f93571ffb50576c3917720b9274b01dc8b476e92179e560c0
strategies/H002/unique_01797/strategy_definition.json,875b1c7b7452c6f26e867a6e874aa0bc12414acac267fa38e99ed45222bdfee8
strategies/H002/unique_01798/daily_evidence.parquet,0c2319ea382cc56aeb7d119169511504340b39842448248f3cd289508daed46b
strategies/H002/unique_01798/README.md,34954b7af12fcf0946dc1e3323be563fe5a69db6f389244ef735dc60c4250709
strategies/H002/unique_01798/strategy_definition.json,465368fb497ada947930b1b27e42c1b76a924c72de0fcf29472929194929866e
strategies/H002/unique_01799/daily_evidence.parquet,1c32441caf37981e78ad1f3365ec88397698521a0ba29ca5431323147d793661
strategies/H002/unique_01799/README.md,355d811941d24f14b61318b75ed24276e2a6219624dfcece8b49d4c3f3c5a769
strategies/H002/unique_01799/strategy_definition.json,00bf726f24d06a5f06d32d3ad10bedb9f820f57be506f8f03476e4ee0cf1a743
strategies/H002/unique_01800/daily_evidence.parquet,1c32441caf37981e78ad1f3365ec88397698521a0ba29ca5431323147d793661
strategies/H002/unique_01800/README.md,bc03e5a546c484c7f9db8f183c3fe21c2a0d4ef9e53aa4c1d4478fa474c1406e
strategies/H002/unique_01800/strategy_definition.json,40ece5564d82c7e129151aff84b6eca8600ed82c50e0fd92b57041da5bf59ffd
strategies/H002/unique_01825/daily_evidence.parquet,05682a7af756ebf6e97848a0fec31ae419f266775bafb706376f90f740177d41
strategies/H002/unique_01825/README.md,ae02d0136736c3f71cec0bc7df032fc66377d9b282b4a62729e29b758adff7f7
strategies/H002/unique_01825/strategy_definition.json,502ed288e16b088fbcda403b1966086ab3dc6bf421f4ab9b31170d3e861e2c35
strategies/H002/unique_01826/daily_evidence.parquet,d998f195134c1725834516371f0c0cae9845a6a2d961322b14eb3aab44688e55
strategies/H002/unique_01826/README.md,21803bd5aabd0cf4e3b86a7e18cd8e45eb2568908ed07bf98a6ad45e7b452150
strategies/H002/unique_01826/strategy_definition.json,a31ef7cd37e12117ac2b53f5f330755764db4b6f5d04920a692eb8f1edfd86d4
strategies/H002/unique_01827/daily_evidence.parquet,54f77841c31a19c9f3cca3571a705a4b41dfc767e14ba9cbea49ba9af486bd22
strategies/H002/unique_01827/README.md,e5791ce020ca8a6a95ef5f720a2e87af952a795599fe462eaa16d71b9e73732a
strategies/H002/unique_01827/strategy_definition.json,bc5c64e909e21659a3c874c0bc50ed985da0857b92d14b70ecc6b6aec8258a87
strategies/H002/unique_01828/daily_evidence.parquet,3850d80cbc075f1b7d0c1f617b0bccbd58f29353584bd1b7fcb9562ae0574f1d
strategies/H002/unique_01828/README.md,450742a60fe67ab56df66c8d1927c5f3a95f3dc9993ede93180020529ec3e814
strategies/H002/unique_01828/strategy_definition.json,87f8ca64bb81a9bc16bc9a60b860494b50b5e1bc10b2925d6054d15ba351056b
strategies/H002/unique_01829/daily_evidence.parquet,933730f7e7824d47c9590e3f6dfba2f743280e8ff8fc332d420037b86fa53ea4
strategies/H002/unique_01829/README.md,5ac51e7fc1d27929f34d369cf39612fbfce1da5c1b3655e4edb16aaadbea38ef
strategies/H002/unique_01829/strategy_definition.json,83b615232ae03f36b85091cebb670d3a9edcbebf67a9d99804adb39c0e93e4ea
strategies/H002/unique_01830/daily_evidence.parquet,51ac99097e132eada1ab56e2211435e82d742b7864c686332f2b0bfa89793b3d
strategies/H002/unique_01830/README.md,e618108eb45705f8aaeb04ea8fdc9cccc5597512eb3d41c9f4001931ca1f08d1
strategies/H002/unique_01830/strategy_definition.json,7450cb01b2cc982a58618d204294235b4610d1eea11248e046681e3f4ade5d6e
strategies/H002/unique_01831/daily_evidence.parquet,cb083971e6db298935159f4a6030db0e93ec35b4fb6eb4ec296da2a143e33c0c
strategies/H002/unique_01831/README.md,3aa77db214b965bf7d0efad84c318ec2556a9028af8059006324eec6183ffb39
strategies/H002/unique_01831/strategy_definition.json,a412c2a8df600bc111235624b94c589c411e13b79227554f767000429e2e987d
strategies/H002/unique_01832/daily_evidence.parquet,0ca89ef1c242ee2cc5c1bb94d682ccb54a9bcceff3aaceaf92ae3e6c04cee537
strategies/H002/unique_01832/README.md,cc270a625a614ee0af54874cd87a78aede9c383c21b6058aed4c7e38122cec05
strategies/H002/unique_01832/strategy_definition.json,3550ae20eae4c7132e40ebe7d16848f86c8b0d2fd4f4ddaecdf8a4041e8fbb62
strategies/H002/unique_01833/daily_evidence.parquet,26a6c031cf1bbc9633e9833cca09d92d824f8dd23798315c6c1f3fcad06f8a82
strategies/H002/unique_01833/README.md,8bda6484665d3a3313a0d86398f5be727deacace53d71a26d5735b7c784c1d31
strategies/H002/unique_01833/strategy_definition.json,9a2ffe4c3aeb015d6b73d4399aa6ec85208d464da796e5fba49140966f8d0840
strategies/H002/unique_01834/daily_evidence.parquet,3a2d6c60fadb674dce73b46f1c427abd206c687ae6b8d5aba2d6c4abec05aa32
strategies/H002/unique_01834/README.md,08de5d96d8b05a4c98ee596a22c5b47b30677505534fa4315a469d70c6f9ac5c
strategies/H002/unique_01834/strategy_definition.json,07774f4b26f5e9ff6f5895504bc26704c75104fcbaf07531b0217597acd0cf84
strategies/H002/unique_01835/daily_evidence.parquet,d126cdfb9c8a8e03961701781cb9f0e7e6f3aa26122e54926b7339d233e21aea
strategies/H002/unique_01835/README.md,267ef62fb2d1fd8217a0035c6a1098b5d4a23a535141d7496dd4d1ade5b2d729
strategies/H002/unique_01835/strategy_definition.json,c92adb6d5bed90ad26fd2f64d398f27907a86e37bbdee70a5868e7be91e7c01c
strategies/H002/unique_01836/daily_evidence.parquet,d126cdfb9c8a8e03961701781cb9f0e7e6f3aa26122e54926b7339d233e21aea
strategies/H002/unique_01836/README.md,09667f8a12c5bb7de38f6349e01a8222be8007f53b4a3fbf55e030438308cdad
strategies/H002/unique_01836/strategy_definition.json,21cd00a5912d338fb1ea5e8aa747887a1d9ce8cdbee261b90d1c5bef680fa7e1
strategies/H002/unique_01837/daily_evidence.parquet,48835c27739a9293f38b3dac4ac7964883a8b8a1011ef34f652ef0758feea69b
strategies/H002/unique_01837/README.md,0997d6ffeaba45632d12c72b2065c55c682c9486c9890f5cd4ec0fbb79265ef2
strategies/H002/unique_01837/strategy_definition.json,59fbac1fde9d729fd9c61a3a9bae51ce90c704545958d24a8da3b8cc9d6dc228
strategies/H002/unique_01838/daily_evidence.parquet,bcae9554b5e2ddea778ba2d9e6c544e9b7e961f9a0c1251789344c33202f2859
strategies/H002/unique_01838/README.md,79d836a13fa3450cb214dd23db449e0e78e166921897842f1a532ce8c23a702f
strategies/H002/unique_01838/strategy_definition.json,e1d1a45e493289287fd4b58b704c54071d0558ac47e0b35eea9df27731ee73f9
strategies/H002/unique_01839/daily_evidence.parquet,2d58bb0f4cfa86d8b9e4d58a61017ef62d93519f2562e937bdcd1efcaa717f6a
strategies/H002/unique_01839/README.md,2eaee792e8d5043c50999c68f187601804ef9af1adf7b284eff4197b0bbe5715
strategies/H002/unique_01839/strategy_definition.json,63c9424923500b6e12edfd2fec65694ff2228875e5b0e863c7cd0b2a7ba669f8
strategies/H002/unique_01840/daily_evidence.parquet,75855a274f3dd8bafaec545200e96d021c6dc82ce155f8c249c78fc7625a3b2b
strategies/H002/unique_01840/README.md,62d4173fbcbea5cacb4b1172ca59ab356bf7f674b119ac1d7dffdadd26172521
strategies/H002/unique_01840/strategy_definition.json,f619e85c7efe672408992db095e6bcad57e023fe5c046f7db512a6305f5e7c8b
strategies/H002/unique_01841/daily_evidence.parquet,d126cdfb9c8a8e03961701781cb9f0e7e6f3aa26122e54926b7339d233e21aea
strategies/H002/unique_01841/README.md,f8b143f2cc6c12c9a16e663e9fbc89dc97d1f54f170fdeba547c5d2d6d59157f
strategies/H002/unique_01841/strategy_definition.json,808d2b3a203567cf165605a432ecc5683659679ffa8c8392ac3e80ab32dc4fe7
strategies/H002/unique_01842/daily_evidence.parquet,d126cdfb9c8a8e03961701781cb9f0e7e6f3aa26122e54926b7339d233e21aea
strategies/H002/unique_01842/README.md,b1e0c1345e6e82df9303e7378b1ede01610699ca5037f2152e9766bfa428bf29
strategies/H002/unique_01842/strategy_definition.json,9582fc92dd5d8988420945ebc463e5b47dd108fdd680d2b04af6643e3cca41ec
strategies/H002/unique_01843/daily_evidence.parquet,e2b8b800d106dd0203dc6cfba1c1f792955953e69d59e5bbf3576ffed23eaa6a
strategies/H002/unique_01843/README.md,ee3386e4e9e00dafbe8f5891bc228f79fd6ddd8903be603a64d58f1a982ec778
strategies/H002/unique_01843/strategy_definition.json,a464c9d4162b7170927a622681e1a0a2ea0503b0cfca775d9d2e0f6942c4d774
strategies/H002/unique_01844/daily_evidence.parquet,48f027b6d801cc8b74f7d33ccfd5c347ced08cec418ed5a1bc5ca25ead68cf81
strategies/H002/unique_01844/README.md,263171b48838bf8bcc67fd04c45686c2b2f9041aa5c2cf08f86e97582e7f080e
strategies/H002/unique_01844/strategy_definition.json,e440908ba52656e2f31370ccb0f4ff3bf395228a1aec60b0ee1b786754bb661e
strategies/H002/unique_01845/daily_evidence.parquet,7d631e681734c59772851c0e3e4e51596685f6373808f27a4bfe06e3b0e8d5fa
strategies/H002/unique_01845/README.md,fafc88d9d55a4aceaa240893f01d712d0a7bada161717db5219ac5052da1b990
strategies/H002/unique_01845/strategy_definition.json,b0c72361b288d94e79e6cdc7921c178a887ee2676dc12bde171b11d5c1c163b7
strategies/H002/unique_01846/daily_evidence.parquet,8aa0abf04a8e67b054b34469dd84782c4a807818a9eb3fac9b18487fcb5b6b64
strategies/H002/unique_01846/README.md,58f817ead9a8ec1efb8df0a0b0372b40f2cceebca3e46707e64b64f02cd95ce1
strategies/H002/unique_01846/strategy_definition.json,5dd457f46dab0d890b07ac81904d27503012929a77008d03c8a38b04cb7ca04f
strategies/H002/unique_01847/daily_evidence.parquet,d126cdfb9c8a8e03961701781cb9f0e7e6f3aa26122e54926b7339d233e21aea
strategies/H002/unique_01847/README.md,369bf1eb2626f7ec72d4fb0dde69b849b7631ecbd15232efeabd17bae7b01d9b
strategies/H002/unique_01847/strategy_definition.json,706de7ed80bedfa11f52e02d051bd3eee5acca37aaf412fb5fd31a3e7afccb83
strategies/H002/unique_01848/daily_evidence.parquet,d126cdfb9c8a8e03961701781cb9f0e7e6f3aa26122e54926b7339d233e21aea
strategies/H002/unique_01848/README.md,1a028f29f0029abd642dbc0fde0f0ebe78ec7b03868bb5c1b71fa9e8c5f5d793
strategies/H002/unique_01848/strategy_definition.json,a32615744e5c5baf3623968ce94d9bdf9d0d27c250ec63368575fc5be62969c4
strategies/H002/unique_01873/daily_evidence.parquet,68a23cca076cafab6b94bef2a26186b6b014b35017ff914ffb18ae6826977b02
strategies/H002/unique_01873/README.md,c5cbf10d53d406c427558fd3ad9a659e0a6e15540d104daa92fcaba5ea4c41b9
strategies/H002/unique_01873/strategy_definition.json,b46477fa40fc98fb93f4a2f3fd9da81eb60748f913f390eec8ad87aaa73ce285
strategies/H002/unique_01874/daily_evidence.parquet,4f5f11dee396195a1ec9f43e8f60eadceeb1f4deb104117f26619fdd672c5e40
strategies/H002/unique_01874/README.md,91a642dcfaaff9a32597a37b0a25755f38b981d85aff04c470033981ce56c860
strategies/H002/unique_01874/strategy_definition.json,955d40fbc42abfd3bfbc58b579353b7943942f260652236be916797c692d6758
strategies/H002/unique_01875/daily_evidence.parquet,97759820c746264f68ace0aab8161b4d2f8c3d0e9d9bfea01a9bbdd4d5123534
strategies/H002/unique_01875/README.md,bc5549ecf6fc456ed86008c657d0557102177014fc7a649467f70008272397a8
strategies/H002/unique_01875/strategy_definition.json,73fbe94791f38bb6249e6734e3f0abb5b5e7c65b698a393bac91cf753a7a976a
strategies/H002/unique_01876/daily_evidence.parquet,6dd02d90c7bf182ddc15e4350b2647650f022be4d4d8d41b50ebb4c246130496
strategies/H002/unique_01876/README.md,eafef078a136e18bd407968fe177ca936062448aec1b3456445dbac0f7d63e8c
strategies/H002/unique_01876/strategy_definition.json,cc7734e3a25ca6b41abb2ea0395f07d3b0fbe359e195607ae9691c1cead84980
strategies/H002/unique_01877/daily_evidence.parquet,5d90ecb1dec86f1c34aab83eb6a992250765e645633a82487c48ce3c2e8e43f6
strategies/H002/unique_01877/README.md,919becec055e7fe8f4e414220afa4a2633e71c719c45f62c8c8432b0a28ee7f7
strategies/H002/unique_01877/strategy_definition.json,e64cf363bafe177bc12d076e7e5ed773d45373720df537bf423609c0c5cd09a0
strategies/H002/unique_01878/daily_evidence.parquet,a8906f53b1025f805392b843c70c50ba32d40e211b08bf80c88dfef2eb2e1933
strategies/H002/unique_01878/README.md,4178777b69a2700f65b732042efa1bc680df1a7637af9836986dddff8fb41931
strategies/H002/unique_01878/strategy_definition.json,0ee5f5694d909825cfb4700eb861ff797ed67abbacfe7df13fa695e4dc1ce2a6
strategies/H002/unique_01879/daily_evidence.parquet,f0fc2884f52049dc505ed59593587697e5533b027f35dc8f0dcdf7f3b20daee5
strategies/H002/unique_01879/README.md,4611ddee34cf167bbeae36c1d52574f22f6f353031111233853124b9d9c1f5d2
strategies/H002/unique_01879/strategy_definition.json,751624d09bc362c30a3cf57a972db99c45397b47cedff3783e1e92d85f78c175
strategies/H002/unique_01880/daily_evidence.parquet,192059f100b45eb939e5a6e7d2402c2aa9e39ea10955f04ffc8db2207c9697a9
strategies/H002/unique_01880/README.md,e3eca516b3e4fb538c67212d4bbbdc181e441b80d0375032674b2826876a9097
strategies/H002/unique_01880/strategy_definition.json,c3700b9f6fed8cfb208f6b9ed08fa2706290a3979469b8708f9155378b1abdf5
strategies/H002/unique_01881/daily_evidence.parquet,2b9ed791ee876af7ed35792c110e329474bd2f1029fff548fd3cd00792efd860
strategies/H002/unique_01881/README.md,d72f447b64a36247aac984c6901d2e3d11caa6aaab435782b35c59645d368e21
strategies/H002/unique_01881/strategy_definition.json,14ad4887099525b0feddd1e6ea53d51905f6033d7a85173d6d7c88f5c3655688
strategies/H002/unique_01882/daily_evidence.parquet,5f9d971650af4a1448b28ec0b4cd34ebf270906194843ca756abbd8964530a6c
strategies/H002/unique_01882/README.md,b0604ec641af4638ef5af7b551422bc10c41c6b740e6208f3516f3d1c641a99c
strategies/H002/unique_01882/strategy_definition.json,fbfd2cf71bcd39c05763df21bc7854787e1df30696c192f95b28cd7af5bf793e
strategies/H002/unique_01883/daily_evidence.parquet,c36c667ed547e46d68421208941b41b37a17c7bc1cb6f359ba90eea6763d0f8d
strategies/H002/unique_01883/README.md,e4793fdf08631774a6df1323b06dad99aad06aef42e852325e8bb8e8ad370063
strategies/H002/unique_01883/strategy_definition.json,2031c43d82b7e6aec19088cf606486af3c1b76d7a36fb3dd82d6030d0820cbab
strategies/H002/unique_01884/daily_evidence.parquet,c36c667ed547e46d68421208941b41b37a17c7bc1cb6f359ba90eea6763d0f8d
strategies/H002/unique_01884/README.md,62fe5ac83447763d59d2df7c5d5d51f2e26672bfce5ae2b83e716ba2ef4350d8
strategies/H002/unique_01884/strategy_definition.json,153ede0263739b046f689ffd7c7786592452007c1dc4f305a157f0bab89ab5a7
strategies/H002/unique_01885/daily_evidence.parquet,bfc72802124c817ed37c319fd8affcd7e4c3fef649f4c1c38ddf374f6068ec93
strategies/H002/unique_01885/README.md,e7d16237971757f482346b1f30cbe11d1e0457dcc1c03b78bc377d5a9c88400d
strategies/H002/unique_01885/strategy_definition.json,494d908cf53683a1d124cd5731d47db5fd7c25c8d5551f237fb8be005a4f7e47
strategies/H002/unique_01886/daily_evidence.parquet,9f27fe4ef485752b3e0eee0f7a420e279ec827a393c9c9d32febf49577b87b86
strategies/H002/unique_01886/README.md,81e49a1bbf1e8472322dc24e51df25c427c46c849045b3f5f886ceea0ece2a36
strategies/H002/unique_01886/strategy_definition.json,854588801783821f3659cf85c7ead74799aee1dd321e8c810375cd96196eb535
strategies/H002/unique_01887/daily_evidence.parquet,ce3693ea25e04e068a10b52e5c6abefd53824308e5b3eb7b769f3dbbaedabb00
strategies/H002/unique_01887/README.md,2de0c27c5684c5eda8bfe265b6d7011b23abe5213f9cab21fe4e4ab9ed851b8f
strategies/H002/unique_01887/strategy_definition.json,5780beaaab3bba869b95ddcf740e17b22f1dc68329f9d0d0973945c0f6a67623
strategies/H002/unique_01888/daily_evidence.parquet,5f242ca54793d5aa140dc785b61378e8e91580149f1bd7f0e6d276b72b0aec4b
strategies/H002/unique_01888/README.md,1bcc6631a4a84ad79f5c0fd749f6ed917b65dd3f33308d8ce75913ce26cde833
strategies/H002/unique_01888/strategy_definition.json,a511aedd2614b5668324112cd317e892e6ebb5117575e62f40f4fbfcb9b12b67
strategies/H002/unique_01889/daily_evidence.parquet,c36c667ed547e46d68421208941b41b37a17c7bc1cb6f359ba90eea6763d0f8d
strategies/H002/unique_01889/README.md,bd18f587c2dfab9e3ae98740ecf145bddd3b07879cf724a10a34b622c9d90408
strategies/H002/unique_01889/strategy_definition.json,a628b11751f5e2295cb2f3e9e593006ddc9cf09b82e2e02829a11c6264bccee6
strategies/H002/unique_01890/daily_evidence.parquet,c36c667ed547e46d68421208941b41b37a17c7bc1cb6f359ba90eea6763d0f8d
strategies/H002/unique_01890/README.md,1bb674dac3036b9e1531f197574a2cab2494eff02c80767628a105f24095053f
strategies/H002/unique_01890/strategy_definition.json,13c727c9f4f8588bb4bc5fdd05ad813977bad1b58597d4722be2a1145f512ac5
strategies/H002/unique_01891/daily_evidence.parquet,846ee8646ab7a6c2a286840f760dba218c0b24e02e24cf82b6a2b46ea6432c86
strategies/H002/unique_01891/README.md,58b6713dd2252edf164375143dbbb3a7a6769dd6e3fa940b85b73db647edaf95
strategies/H002/unique_01891/strategy_definition.json,895a1c4c24f899a04e1e813ce5734a1e2b33df4d9497f6b729caf4164bf69ac7
strategies/H002/unique_01892/daily_evidence.parquet,21a71ac9d10d5efe89de9868f3479027677c07c443b35d659de0c145dbb809e4
strategies/H002/unique_01892/README.md,e1242213c8e0dba0a5cc57aa8abaad6a3d745bb07e8fcbe9245c768183452fd6
strategies/H002/unique_01892/strategy_definition.json,71c6bff34d3643ca10a70c77f7c8aed449a2b9051010490de89beb142917bf1a
strategies/H002/unique_01893/daily_evidence.parquet,c36c667ed547e46d68421208941b41b37a17c7bc1cb6f359ba90eea6763d0f8d
strategies/H002/unique_01893/README.md,9cffb840a0cf4bb06c8ac51a39d9d372b4cf488999ee983e4b29cced0b222c59
strategies/H002/unique_01893/strategy_definition.json,3f0108208c01ae3e756f3f3f6cf948773f579a09fa10e1fd9d0559ba33c4c331
strategies/H002/unique_01894/daily_evidence.parquet,c36c667ed547e46d68421208941b41b37a17c7bc1cb6f359ba90eea6763d0f8d
strategies/H002/unique_01894/README.md,a7b71735fcdf107c28e57bddd3c79ae64331461c71026e8bbb46796eb2a52b4a
strategies/H002/unique_01894/strategy_definition.json,620a20c60888702d630ff486d90b814a153be7f49ca2c04395ac997b4744f030
strategies/H002/unique_01895/daily_evidence.parquet,c36c667ed547e46d68421208941b41b37a17c7bc1cb6f359ba90eea6763d0f8d
strategies/H002/unique_01895/README.md,f76ed791e6a99c1623f6f76adf508c72152d3fbc60ae555ddb11125b7e2274e5
strategies/H002/unique_01895/strategy_definition.json,392ed80abb250a0fe31260397a9e54092f8a208ecc196170a5b472a313800297
strategies/H002/unique_01896/daily_evidence.parquet,c36c667ed547e46d68421208941b41b37a17c7bc1cb6f359ba90eea6763d0f8d
strategies/H002/unique_01896/README.md,f762df961b27075f7b2730bfc607200899acd810baea73f30973a2b32ac23dbb
strategies/H002/unique_01896/strategy_definition.json,514fdb1579e8befe52a99d7d27841153b19c3c6c3a01e1a7a2a6335765d8235b
strategies/H002/unique_01921/daily_evidence.parquet,e0afd98ff2f1f89ac3b6722a5b14bb100a1c06f2d8e5325cde8653427c7c7f51
strategies/H002/unique_01921/README.md,9f8d92a9b28edf7097d14e60ed79f808729e206259eb95b794592fa45cbc68d5
strategies/H002/unique_01921/strategy_definition.json,dd1762535c12f4ec55ff4ad3b2e75fbff2acfc245113ebcd06c8397d20061c6d
strategies/H002/unique_01922/daily_evidence.parquet,fb99f9a21975e63e86d7f29f7f3066351027836909d33dcf4ca7c79a19170e1e
strategies/H002/unique_01922/README.md,c398ea70f9b85e400db053b0d8ebd3a8e27c72a1631fc466d9d5d760dd17ba67
strategies/H002/unique_01922/strategy_definition.json,b8803b2dcfca4634d8de87f981a73154afb4994740d92c7e49dfaf4ea87b0a3b
strategies/H002/unique_01923/daily_evidence.parquet,098d83e64db239053ae29163bc12d511e2f2037222cc51971ddd1c9a467b5dbe
strategies/H002/unique_01923/README.md,90718962965768e462368c1bc997359212a2ed73c1c085702dd28d0fea392454
strategies/H002/unique_01923/strategy_definition.json,9c640191e988ca7902fd0de10c5881a5692092d56900457520e21b8a70f69c02
strategies/H002/unique_01924/daily_evidence.parquet,8638c96c719c170339ccd9b96a4792813af47cd871694d65b1c3706c17b1d6a7
strategies/H002/unique_01924/README.md,578feb180b8f3e7f5d2fb9f1df7931080cf13f91884bef79f41b54d5ea3f10a4
strategies/H002/unique_01924/strategy_definition.json,2c8bb9c6cfa7aa34fd52a7c01494569c5cad7f4ad9f498b41ccd6a7d90c12352
strategies/H002/unique_01925/daily_evidence.parquet,d3551a12185a436b761e5346170c71e42479f3d94d9a016856cc2ccc0eae3cb1
strategies/H002/unique_01925/README.md,7f16e1557a5863aca70d3991b072e4b82652f7e5d1a2f796e27f49bcd5eac363
strategies/H002/unique_01925/strategy_definition.json,cf9f7ccbbc304ad3f9e4b2f349fdff83deb643518ea1b736bf239c565f325423
strategies/H002/unique_01926/daily_evidence.parquet,f1e667c2f3a6596a3f6055245d341c7cebe9562d0d5bb43eb3018c68499955bd
strategies/H002/unique_01926/README.md,7006005f29b679fe66159ce2af141da073591fa1acf80cb9f8306ff8b3d733c8
strategies/H002/unique_01926/strategy_definition.json,87c225931f6bf1c71b1d1864dac38dccd4bc18991691835788443f7087f4c7d9
strategies/H002/unique_01927/daily_evidence.parquet,e7cccc82858e7279e38ddfd396ae5a101a58b31389d75d8a464ee6a71fcf1c33
strategies/H002/unique_01927/README.md,047397867542e59254a106206216e3dd23eda50d26b19c4503bfd4d846398958
strategies/H002/unique_01927/strategy_definition.json,349a98d47600851493444e92d0c8d840f076b2cb161708bdacafa6e62a2e0233
strategies/H002/unique_01928/daily_evidence.parquet,db640f8e0d33081454064a90b97c38764eec42260beeba2d2c282b9f4669415b
strategies/H002/unique_01928/README.md,2678542dfea4e93b1349521513c99df4cdce555fa5f0f9c871be7d529b25b2f9
strategies/H002/unique_01928/strategy_definition.json,7827e6ba785cedafaaa6f8a092ee2965c3b01d99bb0068769615d7bda05ce44b
strategies/H002/unique_01929/daily_evidence.parquet,076085c3aeb7b6f49c03d680d73001acfa7829640c9c39199fc94be35bab59ed
strategies/H002/unique_01929/README.md,315ad800e04abacc43431b6abe205808d93b0c68effbb897949eeff970ae469c
strategies/H002/unique_01929/strategy_definition.json,ede2c745894ed687c9e4f0f4b31590e63604ba0e1973bc752adcf19e046ac60f
strategies/H002/unique_01930/daily_evidence.parquet,ab9e2634b58fc7c81cd8751f369c3a4098cce7cb82c6f6736efdf0e625fb8e84
strategies/H002/unique_01930/README.md,c14034aaadffdb21b23966d2dadc97b2526e7e805c2df9da7af25b019a8d5b84
strategies/H002/unique_01930/strategy_definition.json,cc33874f5a0495ae0e85765fb1054aeea2a5b3f55d9c63efe860e5e79c292f27
strategies/H002/unique_01931/daily_evidence.parquet,9dd65c4123b6393c39bc11d7e49a62f3f2fb22f9d3261e0b9f9552f39069dfab
strategies/H002/unique_01931/README.md,32daa0f84ba9c445c5fe68675a781d8ffaa2cbe6c459cc9d2828348b88cccd94
strategies/H002/unique_01931/strategy_definition.json,c80df1ee61b60b935218ec3700a9e6c35ee36de01cd186236d653e525a1c7c11
strategies/H002/unique_01932/daily_evidence.parquet,9dd65c4123b6393c39bc11d7e49a62f3f2fb22f9d3261e0b9f9552f39069dfab
strategies/H002/unique_01932/README.md,1edd3ae4ebed504034177ff3b9a6f7ece4ddea7d53e7226a6f77c79286b1f7d0
strategies/H002/unique_01932/strategy_definition.json,42bef1320bf137f458145e4c039bbec166c0c200496db5e0c2b0e36443445b18
strategies/H002/unique_01933/daily_evidence.parquet,03c19816e804909186d8d4438915e65f8324519dc52d0b41a0be78bec11855b2
strategies/H002/unique_01933/README.md,2be23b57b02c54d1c5ace86fd4336b19fc8fab69a0aef2473f0ca0a679a359a5
strategies/H002/unique_01933/strategy_definition.json,c478fb8f14f3a1ebba3d944dbf3561a01f68208a76dcd9c87e87ad584017b1e5
strategies/H002/unique_01934/daily_evidence.parquet,361bca90682b1baafbd2347f0ebc78bdfeaae5e0d3bf49d99b086b08de04296c
strategies/H002/unique_01934/README.md,8a2b87f55c600417dec6fcea3b1f2501cfc13d9d29d17da7308ebe6663b9164a
strategies/H002/unique_01934/strategy_definition.json,b0a51d821d22f1871b6d4f6c59c6e52488714c51dd0e8a454eb4de35074e65c7
strategies/H002/unique_01935/daily_evidence.parquet,8fe876e98357abc78aae5078340caed9bd8654163c79231b22cc9b8f18971ae3
strategies/H002/unique_01935/README.md,d2c466d012a2565493aac7c04a39e3ff29f3915a61e16d404d9d65dbae16f242
strategies/H002/unique_01935/strategy_definition.json,46f401adce9b5b859bab4cf8afdebb833e5347e7fa3706d9458c7bdd1c96c640
strategies/H002/unique_01936/daily_evidence.parquet,2d6225ffe6926805a75b1cc73710c77ffe62dce967a02e41cae7196eab459cf0
strategies/H002/unique_01936/README.md,e94b9810ca9b2b48dd2e8342fd2cf11fe4cc2ef4dc42b31e94941191593e8f5c
strategies/H002/unique_01936/strategy_definition.json,b854f41d45dda49340718b309b700b709b7ce06adf1f408c1778c50b98f3c33e
strategies/H002/unique_01937/daily_evidence.parquet,9dd65c4123b6393c39bc11d7e49a62f3f2fb22f9d3261e0b9f9552f39069dfab
strategies/H002/unique_01937/README.md,3268bd46ebeec24079e21436516e59976dd06bc2369d706103f9810b5a7e746d
strategies/H002/unique_01937/strategy_definition.json,1a32138ab021268baccfdfb592c0e418c5d964267ce1533f28f40155147fef29
strategies/H002/unique_01938/daily_evidence.parquet,9dd65c4123b6393c39bc11d7e49a62f3f2fb22f9d3261e0b9f9552f39069dfab
strategies/H002/unique_01938/README.md,4b8da0c6b3a132627fb7f1f235ea63ed8b87fa0cc31dcdd16f7efc2195321600
strategies/H002/unique_01938/strategy_definition.json,ef3d7bab1afed5df49ffd575454e0dd9fafd6ae82b15e1a52e8ef72a01a0f163
strategies/H002/unique_01939/daily_evidence.parquet,405f6aea0cc41ab664cc8986e30111d5feed065fba150d8e2e43c14c82f0d6a7
strategies/H002/unique_01939/README.md,a434846cea96aa2f8997fe1ced09493d35116508d472a9fdaeb9c57a3fe8ee22
strategies/H002/unique_01939/strategy_definition.json,f1e9ec99ec03a432e643b70611300d0e034b12cb57b32dd524b9948d777ae988
strategies/H002/unique_01940/daily_evidence.parquet,a854ecc30456c7741dea37ef58fbcb05fb639a6a73474d964c23a5a713ba3415
strategies/H002/unique_01940/README.md,eeab72c9f5e65fb9a39a9fb1215b984970469db7c27f65d9734136818748a2dc
strategies/H002/unique_01940/strategy_definition.json,43de25cba1e65ac96ef62dc3464743c497e82ae7ac4952ea8b54f705d0c3d7b1
strategies/H002/unique_01941/daily_evidence.parquet,9dd65c4123b6393c39bc11d7e49a62f3f2fb22f9d3261e0b9f9552f39069dfab
strategies/H002/unique_01941/README.md,6e148f6698710340a44dccb484df926d678e497a07099f65c52d4c3934262f8c
strategies/H002/unique_01941/strategy_definition.json,19dba164bf47f632f7f037f267ad352f02bf03e8ebaf96257cfa53aa6ac35181
strategies/H002/unique_01942/daily_evidence.parquet,9dd65c4123b6393c39bc11d7e49a62f3f2fb22f9d3261e0b9f9552f39069dfab
strategies/H002/unique_01942/README.md,fc4606176485fb76bd9162ba838ce17979ce66246f6548e5469e1dc3e9011d03
strategies/H002/unique_01942/strategy_definition.json,c6aa69c169e9a9f4015111d319a6dc5492af8776c0641c085bf5d98d58ece7fc
strategies/H002/unique_01943/daily_evidence.parquet,9dd65c4123b6393c39bc11d7e49a62f3f2fb22f9d3261e0b9f9552f39069dfab
strategies/H002/unique_01943/README.md,947d820e53ce8e27001877ab4def47c6bb1146f2a7d8e8d7c29ee64ec197c4bc
strategies/H002/unique_01943/strategy_definition.json,33fd8b5617a6bacf4884f2599753400e2d7f3cd8f8441efe56f4a8e019bb55c2
strategies/H002/unique_01944/daily_evidence.parquet,9dd65c4123b6393c39bc11d7e49a62f3f2fb22f9d3261e0b9f9552f39069dfab
strategies/H002/unique_01944/README.md,f23dfef6bd4b650531605c7bc3bfdfdc170ccb1a0d3595de9c8e91d2842a559a
strategies/H002/unique_01944/strategy_definition.json,880ff13fad6bc82c4988f58c9942321c324a2c672e602ab93f711317299e2ec2
strategies/H002/unique_01969/daily_evidence.parquet,04bb2e64175639c435d26d8c6a70f62aec44e9ece30c5927d0b1403f6eb2037e
strategies/H002/unique_01969/README.md,3f48a685aabd032ca153bb7256670ca51993c69ea18f96e502b4eba80f479406
strategies/H002/unique_01969/strategy_definition.json,9882b92103719abdd508441adf12764ccb5d53928f9f1fb08c8c7f654a043849
strategies/H002/unique_01970/daily_evidence.parquet,17ebf60bdbb217dea3234bd34c651aa28738ceb4d3cf7fcc2d0f6b55aedefa08
strategies/H002/unique_01970/README.md,6b43f58858f0e256b248944ee1e964182d43ca8d73a5b7cd816aa9d197dc0497
strategies/H002/unique_01970/strategy_definition.json,05bcb2031d2cbe0f599674bddacc1e6c205def819b0cf43b2744c99cf57d7c35
strategies/H002/unique_01971/daily_evidence.parquet,f1918c7a286df196faa6ea3127ba8e2b59dc41b7ea950a04943be74ca6e7352a
strategies/H002/unique_01971/README.md,f7b0b78c9e674dafed94be92ef8e78cabb8f3b73732a1c310ed00aeac9b8e7a7
strategies/H002/unique_01971/strategy_definition.json,e392682f2ad05b11339f646db0a09bfa98beb8e504a6fbd6d25cac2b205688a6
strategies/H002/unique_01972/daily_evidence.parquet,352f64420b3193747f17d8fd0b477c50571811b999e46726dcf6c91e2fb85ced
strategies/H002/unique_01972/README.md,20e17cc2159ccbd685040f074a6d73c41d1c779f504aead1fd44202f81086ddf
strategies/H002/unique_01972/strategy_definition.json,0a80083d43f9873edf4c3c76752fb43d10b95830e70c2f0d290c0760979497d7
strategies/H002/unique_01973/daily_evidence.parquet,dfc37ebfcaf5e7bcf2c68617c30985009424c8b0101aa9a9736de3e3d1e25f68
strategies/H002/unique_01973/README.md,99666d3f3678dc92e174c41ed5b5a4a6e4f134b6411bdcd33167f11d618b5a2c
strategies/H002/unique_01973/strategy_definition.json,8b71e23e1ece09831cdb52303189c47558ced632778a07cdc892b2f333e1e80e
strategies/H002/unique_01974/daily_evidence.parquet,d8d0f1bcfbec211e311681be858821511ba54e894212443e2c13cd2d56bfda67
strategies/H002/unique_01974/README.md,43eba23709d8a85056df017fc05ff6df7c509f5e7e5338f14bb36af41cc02ded
strategies/H002/unique_01974/strategy_definition.json,993e9b994005628f8275e9ba9e7d5e5779aed6549d0756d753e0325435116527
strategies/H002/unique_01975/daily_evidence.parquet,76fe4298467f2b610103a5ef047fe4dd911ad3bd1b88db7344a24a4edd39b591
strategies/H002/unique_01975/README.md,da4b826e608c9bec1d9a7e84531ed4e4f183caeb7450490dacca8bc72e9e2889
strategies/H002/unique_01975/strategy_definition.json,bd1f7b0d31016cc85a27483b632005955abaf379e2c0eb3000ebf6606a901de5
strategies/H002/unique_01976/daily_evidence.parquet,f7e514f4cd9fc1d98fe0910b3e102e0b6fa18a56507eef85796920b165912ef4
strategies/H002/unique_01976/README.md,f6df4899c8a75ca6308167fc7f33a555edf72a4090138f18c3f7a41a8315b9af
strategies/H002/unique_01976/strategy_definition.json,a513eaf2df51a80bf5b8d082d8dec3964247db29d437d6114ce8f4061c272b97
strategies/H002/unique_01977/daily_evidence.parquet,59b56bbd35d2650868141b80ef41efbf39ab816de4840fe53a356714443b41fb
strategies/H002/unique_01977/README.md,71cd700e60ce7ca5e4931dc81c45ca5d110469a78ca5e09df880c9b74b379487
strategies/H002/unique_01977/strategy_definition.json,412019a7cb662098683e7170a403ebb34ed6d8be8993abff1d880e27855eff5d
strategies/H002/unique_01978/daily_evidence.parquet,c554f9d780db0bbd9799636a0dd577ccb8e0bd8e76aa2cd650fc0b1a7f5428fa
strategies/H002/unique_01978/README.md,f4f610f8ea4821b77e22b6873f3140bd1d249bd1b0e4e0fb2c20399d0d017b0e
strategies/H002/unique_01978/strategy_definition.json,e3c0725049c3b50e3b389353a842be3bafe2fb2257d8a7ceed3bc90e07af700f
strategies/H002/unique_01979/daily_evidence.parquet,298bfda7aa2a2dec2a0144c334f5597f1517f060b837aa821a53da46958dc2b9
strategies/H002/unique_01979/README.md,8ed5cc5d0dc1fcbdd80105d09057e952297dd98edb0276e455a4213e314595bc
strategies/H002/unique_01979/strategy_definition.json,990304b93d266ea648e0020cecb8157d5587fdeb41d48a133aa19a5f2584d013
strategies/H002/unique_01980/daily_evidence.parquet,298bfda7aa2a2dec2a0144c334f5597f1517f060b837aa821a53da46958dc2b9
strategies/H002/unique_01980/README.md,c3ee3f6b3587d73ddbd2554dcf4188a15ad73cdef6a97f2f76cfee9fb06a7f25
strategies/H002/unique_01980/strategy_definition.json,d9d51fce13942f61e335af63d82a1a8114f2717909849ad9db32b7f7c3ffdc79
strategies/H002/unique_01981/daily_evidence.parquet,cd2d80ad310319a273a541bc9b058629eb12977b412b42a60c6574a328d23f4e
strategies/H002/unique_01981/README.md,274a9c3fe740ea82adbc0621a9b63b077a7d3097053fb5f368eab9708f2a1cbe
strategies/H002/unique_01981/strategy_definition.json,7f02dc4bd85ca0cf8562cacc840451ae27f6a144961af22a66e749115e322b0e
strategies/H002/unique_01982/daily_evidence.parquet,2c010a9082ed916960815a0873ef70fdccf3377752413753794a2533147c813b
strategies/H002/unique_01982/README.md,ee8cde47ee3f94e0a9a0ff7804eaba73b9558e829dc789301ee6867329a05f25
strategies/H002/unique_01982/strategy_definition.json,cf514e1c04b4235a15ec28984c782259641dc5d157c4f01d625f1585e870fc2e
strategies/H002/unique_01983/daily_evidence.parquet,0fb5de0a7667cf329025745bb9aa9448fd79a4d5fcec26f3af0739916a69a39e
strategies/H002/unique_01983/README.md,ea5ff63cad9c255cc83955d7cf400f8a25ad89276678e2a69d448d8ffa9a39e0
strategies/H002/unique_01983/strategy_definition.json,bdb1f78985f0684166a53d863756c1fdbe870c88aba69dde9832cd518104e2a2
strategies/H002/unique_01984/daily_evidence.parquet,8e3302be7bc1fc62eb8d59e10b357861e7ea7726b91e0cef76a426bd74b74288
strategies/H002/unique_01984/README.md,be799e30b5c83a3cba1732c50cfa7ae8bbaf54a5017be9bf75142f7f87ce9b08
strategies/H002/unique_01984/strategy_definition.json,1ea42a3894d86556ccda22956b34ecfe435c9c31d8b64f05170d5c84c3c7224d
strategies/H002/unique_01985/daily_evidence.parquet,298bfda7aa2a2dec2a0144c334f5597f1517f060b837aa821a53da46958dc2b9
strategies/H002/unique_01985/README.md,3a7db4d08e7faa51b7e11df8d7ed6ee9d86483cf1e0bfecbaf28d5d590c8d69b
strategies/H002/unique_01985/strategy_definition.json,5b01432eaf0b25a8f34b4433823062bcb614f5cc81928d2f9f013f871fd7a555
strategies/H002/unique_01986/daily_evidence.parquet,298bfda7aa2a2dec2a0144c334f5597f1517f060b837aa821a53da46958dc2b9
strategies/H002/unique_01986/README.md,6e0271cd26bb25db6b836f11e9d796f012fd4e3a2dec759e68777d1f953969f5
strategies/H002/unique_01986/strategy_definition.json,ce34709c2c4f244133992e462c87ea7924afd7ff707f8ff03f1ec24b6db5153d
strategies/H002/unique_01987/daily_evidence.parquet,1756d071b86f59da9a4c3330af9d99da281ee07edc15f1a47856c0406ff5407f
strategies/H002/unique_01987/README.md,87f8ce8a6a8995ec4a58c799884c7a7e629013d3a2a75e1bbb532d861e1e7aec
strategies/H002/unique_01987/strategy_definition.json,2f5c0e39f181db07021f204002ffdcf2403e4a4b0bc9a1932f796fbf48654d33
strategies/H002/unique_01988/daily_evidence.parquet,5d81c64f95400607882265b869dedf177d8282be8a3408cfb806e3333226d4e7
strategies/H002/unique_01988/README.md,e061ca055a092dfc027d25e1aa4d96167548c755c22044894c714581c6be94db
strategies/H002/unique_01988/strategy_definition.json,a793449813169fbe2bb86f0ed15a0e09d89b7293dcd143e07f66f1769662068b
strategies/H002/unique_01989/daily_evidence.parquet,2977b15f8c39d4b4e97a101965997f50978f29302dc97af016cd58fc94566ee0
strategies/H002/unique_01989/README.md,fa2f7a6c113c90cdd014f59a02a8d44c2f55609674f391bbee1318b30001727b
strategies/H002/unique_01989/strategy_definition.json,1f189a77ec90c553f3cf2a567b6d418fe3243bc44cffa7d089d1013e866a391c
strategies/H002/unique_01990/daily_evidence.parquet,c5848ba35298ebad132c17fd22f19cde92ccf470a564c900f52dfb7afdf31f4a
strategies/H002/unique_01990/README.md,27988a3c17842c2ee8efbc106d9e51ebc73977650186ac7c3b50bddc0813396d
strategies/H002/unique_01990/strategy_definition.json,3221b1265e98badb80e5bfed461ea7f084f1607c42c705c7ec81fb15043a9ac4
strategies/H002/unique_01991/daily_evidence.parquet,298bfda7aa2a2dec2a0144c334f5597f1517f060b837aa821a53da46958dc2b9
strategies/H002/unique_01991/README.md,167bf7c554d65b1a61830ce5bcea1b54115b35bad5f27924fd8ea77a0a8e3e08
strategies/H002/unique_01991/strategy_definition.json,f73e70c24dcd977162de605a0f4a7a31a53f7c11836334be60568be422d50943
strategies/H002/unique_01992/daily_evidence.parquet,298bfda7aa2a2dec2a0144c334f5597f1517f060b837aa821a53da46958dc2b9
strategies/H002/unique_01992/README.md,d66b8632315603c9948d455096b7a13e47cbb72807270dd2c0b3bfab8e537ec4
strategies/H002/unique_01992/strategy_definition.json,e6263e7a81ecf23ae6be492111c3e389c43da62f4579b2e4aa7a74c5be838d72
strategies/H002/unique_02017/daily_evidence.parquet,55a1becc24e33b326cb6beab8f8062fe7d7025c3ed1062b5ec606f79046db6ed
strategies/H002/unique_02017/README.md,7048e1d25d2c77ef5cc0ea3ca345c8d849121ddf805840c62c8e20022907c4c5
strategies/H002/unique_02017/strategy_definition.json,dca9d7decfeba12f614ca2ade8e9f84ed4939bf71f283489372b61a596c90f0a
strategies/H002/unique_02018/daily_evidence.parquet,a99dcdf9ed347856e20f5a933306735b57cda82f52dcb2a154f09e1099aa4849
strategies/H002/unique_02018/README.md,3cd95f51ee7862ec939b0d164278eef0ce6df47136badbd8104ab0dc8e401297
strategies/H002/unique_02018/strategy_definition.json,ae420814be14dc416416e1c8ad8334802966e836345570afebedadf158b8dd67
strategies/H002/unique_02019/daily_evidence.parquet,8fa058163128dcab4100456bb273e7218fedb233c544fab7370ae7a3ebb35bc5
strategies/H002/unique_02019/README.md,cbb346318521825914a1aa7e8788834caa38174c58e994e4c719414d5abe91c7
strategies/H002/unique_02019/strategy_definition.json,ee4aac5c7c4fb417f9d973b11bb83a16c24f09894b0812ce0204c0df8b70cabe
strategies/H002/unique_02020/daily_evidence.parquet,c52d9bbf168409ddced06f932cbaca3b2e9c97c99bfa0145ba55e8bbe0842d7d
strategies/H002/unique_02020/README.md,07b9fd3cbdac86c4d2c8383b23696777b0c8db5517278720927c7f1230d2985f
strategies/H002/unique_02020/strategy_definition.json,b5db5c6c88ae15cf2f59b202bebcdae587a08a2851b7032a0719c2fed72d1e46
strategies/H002/unique_02021/daily_evidence.parquet,b2b19d0b6c1f660d094dce0d8c8a00fcaf144035ab7c2b7afb3350852a2d9983
strategies/H002/unique_02021/README.md,3095d9f9984770b5c6faea5b1f12d74496ed913eb51a84d6228fe876ad68ff3d
strategies/H002/unique_02021/strategy_definition.json,31e6d2369d19b3a535879e475da2fa6f96fa7336b628f25cd17ed2a24e9410b6
strategies/H002/unique_02022/daily_evidence.parquet,4bddb439f837f9eaaf2b8a6a41d9cffbd0035040ed4df7456e6e32776396ed6b
strategies/H002/unique_02022/README.md,a15cb0e331aea7926d6d217209d2cddcaf2da1daa761c6764774b85312f01937
strategies/H002/unique_02022/strategy_definition.json,a1dd307985eca3b3bf206dbfed5bcab695ac07ed8653c4a0364825913285065c
strategies/H002/unique_02023/daily_evidence.parquet,1a09676adc4928a34f177d47660a779a84f1c5d3e889aa5a351a42557881fa2c
strategies/H002/unique_02023/README.md,11c1292166f228d49e48baa1c6d5191be6709e85b37e0b982fa468c8b468dbc8
strategies/H002/unique_02023/strategy_definition.json,c0ec8864e8cf15bd8be574434a029ac740a1f20c3ce96235fdaacabb7abed23a
strategies/H002/unique_02024/daily_evidence.parquet,54e5459f230a2ab4ac637949e3ba063ef06ebf42b0fb5d3f475199b347492b7b
strategies/H002/unique_02024/README.md,dced492e769fd672310c204286172fd85da4dac95a8fe1f40bc8460daae00adf
strategies/H002/unique_02024/strategy_definition.json,f69f93824af9278cfa6c22bee265c1ea87896f6432546f6313d4538c1e7375a4
strategies/H002/unique_02025/daily_evidence.parquet,1676047505dad009dd1e85fb42f44efeafbe77db8d1ee3512150abe37448c0c7
strategies/H002/unique_02025/README.md,f9ec0f1163427ac6454f95332eb8df01b8a54a04a5be69d2fb09cf569523aa98
strategies/H002/unique_02025/strategy_definition.json,914690be57277f5f189d1e674bc312eb86dff58d51d6c823f26417a0a6d47926
strategies/H002/unique_02026/daily_evidence.parquet,693e4ea7f4dd647feeb842341b4754d4896aec71e9d9e7807d751432be100f64
strategies/H002/unique_02026/README.md,1c943360a697e9fced146b05dd725ebf688427826769b461982271f44bfbc9bb
strategies/H002/unique_02026/strategy_definition.json,649a24cddd1711f8101748bb3ea0de66a491a0e8e413b8c727bc95125da13d75
strategies/H002/unique_02027/daily_evidence.parquet,13d81315f7c47eb19dfca8ab2e46757884b3de508f913041ab810075ee231e4d
strategies/H002/unique_02027/README.md,1ac1eade6fc1fa9d5f38b99967ac1278612d4c5a86aeec1600b95d675c76f083
strategies/H002/unique_02027/strategy_definition.json,4ce9302e10333e4e2c0d5c1bcc8a6d9bfb7c8ab3d18b8c7ae2ff4abd747aa8c8
strategies/H002/unique_02028/daily_evidence.parquet,13d81315f7c47eb19dfca8ab2e46757884b3de508f913041ab810075ee231e4d
strategies/H002/unique_02028/README.md,5ae01e6ed0429ad52ea3879e04b1486c3ed0efc7dd662d4a5301eb045b08089b
strategies/H002/unique_02028/strategy_definition.json,0049b0a8337e76e119b48d9df78408825cdad03d371d15325ec133e72ca13860
strategies/H002/unique_02029/daily_evidence.parquet,0c451cffcefb8f088e992600c9244ceff68581e68b95c290c945e0ae9645a600
strategies/H002/unique_02029/README.md,6aa30295c5111133b109078b43b105265d14e2fc19893036077adf4fe6da6114
strategies/H002/unique_02029/strategy_definition.json,e22ed965340eeb77d6cfe526fd69db1a5d10a9db6a590e99d096bad6d4cadaa3
strategies/H002/unique_02030/daily_evidence.parquet,64d41bede8677f3aa6954d469138385a1e6badfdfb6fc2e1c2e74ad7ad082caf
strategies/H002/unique_02030/README.md,a730b6f10bf607155bb26b85b3da60e39b771c71840a0178500fba582fc67c11
strategies/H002/unique_02030/strategy_definition.json,8d20d45ecf6fd20b2cf3f9febe6fe752b92bf820702f9e8ae8a551453deeb289
strategies/H002/unique_02031/daily_evidence.parquet,338b612e7100902a01fd3b591369876cf497af2582325b832d0c70f0b5912ae6
strategies/H002/unique_02031/README.md,039b3d5662f180da447f2542202118f625749e1b9c12b0ea7ab32ef753a8bb30
strategies/H002/unique_02031/strategy_definition.json,76f668710e5a8741b9186424536d3750d660aabca49c00041372dc7105ccc348
strategies/H002/unique_02032/daily_evidence.parquet,193fe7472d916e128fea9b103b494b7bbe718eb480d8c65b450530d7480f5f19
strategies/H002/unique_02032/README.md,0ee421665bea989f8138c477d653b3997aec53d8e2fd759fcdef44c667748f49
strategies/H002/unique_02032/strategy_definition.json,d5fa34c38330a8893be379fb2edacf85218330872407ac34fffec88a0db2f848
strategies/H002/unique_02033/daily_evidence.parquet,13d81315f7c47eb19dfca8ab2e46757884b3de508f913041ab810075ee231e4d
strategies/H002/unique_02033/README.md,03388d619ae56f351fd9cafbff168cfa54cc0b71d02d36dd03c6117ba7058231
strategies/H002/unique_02033/strategy_definition.json,7596fefb55013fc06e480fc53b71bd018e2113c38810cadb55886d0954244161
strategies/H002/unique_02034/daily_evidence.parquet,13d81315f7c47eb19dfca8ab2e46757884b3de508f913041ab810075ee231e4d
strategies/H002/unique_02034/README.md,3856f7ead05c681499bc4a928efeeea477ac253faeb0190acfda47d50a96f312
strategies/H002/unique_02034/strategy_definition.json,e109cb29bd2629f81db02d88dac7ef6997c764c7de7a3751c82998c2f6031b36
strategies/H002/unique_02035/daily_evidence.parquet,b91dca9466c1677bc319c698f393c1b2ef2bd33874b39ae94993ba47061e33bc
strategies/H002/unique_02035/README.md,ea1d49d22fbc91e7170eed56d2657c46dc35e75f1644f3b08a0d82ef7a4d3a0a
strategies/H002/unique_02035/strategy_definition.json,c542eabb8943a5c31596bd458405e7d97d12b6eec94380c21ab56af5b67f80d9
strategies/H002/unique_02036/daily_evidence.parquet,116b5d979869c8db5269501b5f4b527aa6a21605fce53b64f342f68befc66668
strategies/H002/unique_02036/README.md,a5410f21295241e838751fb28424f84ac4b60ad9a391f12b7c8b9b903ad938a8
strategies/H002/unique_02036/strategy_definition.json,946863cb91ec69c00e5e61ba8f7501fa6cd9e49b89116eb6e210f02dc4951edc
strategies/H002/unique_02037/daily_evidence.parquet,2db864e6af3a004646311f65d74ee842f5103b124631f86e4273460868093196
strategies/H002/unique_02037/README.md,3e4b609921b2b12db26b17bbb9a9f18c35dce13973aa5b9f226d012e46a293e7
strategies/H002/unique_02037/strategy_definition.json,518cf2bc4f8db9a25f858e3791e2695a2eb3f1fc4475334edd3236d92bac89e5
strategies/H002/unique_02038/daily_evidence.parquet,4b9a11e5e10d8c3b89d7ca7702a80a042548f68d93d6741d9b00871cee73467f
strategies/H002/unique_02038/README.md,8fac0b5f15027fed90f6f6e0cd399b51f19b70f710dff3e619e1947ed359d98f
strategies/H002/unique_02038/strategy_definition.json,379a0b9d5e013c4e032831da069197f39fcb2a2b4ac0f8c39907facd3c0e08c6
strategies/H002/unique_02039/daily_evidence.parquet,13d81315f7c47eb19dfca8ab2e46757884b3de508f913041ab810075ee231e4d
strategies/H002/unique_02039/README.md,f8de96b6dfc2aea24dc71d17cdb71c0f5e7df3f9f621cdd1b97de5a5075b6c8f
strategies/H002/unique_02039/strategy_definition.json,4b7f51aa0875b04df64345d3f6163bb88808578143cc7610629c7609c96eb524
strategies/H002/unique_02040/daily_evidence.parquet,13d81315f7c47eb19dfca8ab2e46757884b3de508f913041ab810075ee231e4d
strategies/H002/unique_02040/README.md,00b9db776dca4a6da4f8a8d1444883b456d8cde69be2d6490e549aa30feaa0d2
strategies/H002/unique_02040/strategy_definition.json,d34a70372d9b6be5852e489319e34b5b8ce22496f38461d504aab646dfa47361
strategies/H002/unique_02065/daily_evidence.parquet,1623bfcb21260c1c5e4fff38087f352b5f16dfd119c638129dca9dc9ebd699ea
strategies/H002/unique_02065/README.md,6b55402887ffc59fbf3db9f8b4e08bfd6993f29efbfa9ab2d7a1113b1c28f99a
strategies/H002/unique_02065/strategy_definition.json,231a568da9f06fe201c37aef41b5706f8acfefdee9d27f03c1f8db7996eb8172
strategies/H002/unique_02066/daily_evidence.parquet,7de3869f4e61acb44c164c81f8ec4e614c2a6b452052429eed0bcd7bbeda742b
strategies/H002/unique_02066/README.md,0b03e9d3d052de242bd036e36bd98d44314fe012b2ceb53e80fb21f94ba397c6
strategies/H002/unique_02066/strategy_definition.json,a5f0d04d7bebdd41d23d6265b2ddc393143886ec829d1b95b07bf546b78bf3a0
strategies/H002/unique_02067/daily_evidence.parquet,c35c481c59e0b5ec7e52b193ab6c03d97633df0bd83a8aeaf4762558c304cfee
strategies/H002/unique_02067/README.md,79f5c9160c8299348aa72269129bf7c58a462f6d35d8735cf9269caa6a597ea1
strategies/H002/unique_02067/strategy_definition.json,4e9f4db74292cd3041a9253b74989875af08e3d5381fc5cce49771e5036f6d8d
strategies/H002/unique_02068/daily_evidence.parquet,3173aa8a72bab84b605e1308fd80ba0771e6ef3e2292e22c2c95313404b81785
strategies/H002/unique_02068/README.md,a44765ec0afa687afe9d313ee70753a82b654ced018d5021ea7af979ae2deef8
strategies/H002/unique_02068/strategy_definition.json,bd8a680a5b6de217b9b1f7c4846c229472cac0879044c7b2c6184413a0056073
strategies/H002/unique_02069/daily_evidence.parquet,3a4d92dbbc709fdb21d664eb19f7bdebe0b333adb3ab5960ab36d253ba880818
strategies/H002/unique_02069/README.md,592632e9bd1e46e855eceaa1a31cd159d4279c30eca847a6f77484434b1ab529
strategies/H002/unique_02069/strategy_definition.json,c360a954d334ecdf0e5a3ea8e3772acae06cbf916fcf9c7ea19ee48ca815b555
strategies/H002/unique_02070/daily_evidence.parquet,7cc3dff5e461739903f88c776fe3b76102bdc74a414764d16b39f728c4d77a94
strategies/H002/unique_02070/README.md,f8f389d96ca9570c4a8e2ee9d0121e2f6eaa50e2ae7eec0221f1f2b4c8071bd5
strategies/H002/unique_02070/strategy_definition.json,0e127644ce4926924ac1802bde73b08d53e440f7b5ed2a51258b94a290b80e14
strategies/H002/unique_02071/daily_evidence.parquet,e10460b99234236c24805138f16a1740a9b1bc0aa12f42dd5642dedbda18f85b
strategies/H002/unique_02071/README.md,20fc3816713216d7869db7ee559cb3b91f5cbf5ca688fa611e36311b7b021443
strategies/H002/unique_02071/strategy_definition.json,08a4c5344757ad1b3d706abddd87d56bf29f3817e83a40652ebd581f60f3148d
strategies/H002/unique_02072/daily_evidence.parquet,6bedcdbb7642bbb7b7f47ec7303c5958d3f9a34fac95abad98216a088c246726
strategies/H002/unique_02072/README.md,d654987b45f263def6c4084050f56d4f1e5616be89258baa4d394cc8a2c568d1
strategies/H002/unique_02072/strategy_definition.json,75ce677dc274432108354b025fd809035018469af05a8b8fc00d680e24c0a342
strategies/H002/unique_02073/daily_evidence.parquet,1db35883b79dec977317cb1407c3e98b7ddb5e657ba40febe3d827ba06f5449c
strategies/H002/unique_02073/README.md,a12648021b2db00074386e077e52a9aece16db1cf59590f2f0c6cd8260196bd3
strategies/H002/unique_02073/strategy_definition.json,2b96cf31a9b6064f175345594a1f52c16918f7818da39014955c6a2f1abb342f
strategies/H002/unique_02074/daily_evidence.parquet,f9e4e80deab83531a82bbb24867bd1d1ccc1a923e270b9f8ad918b45338146e7
strategies/H002/unique_02074/README.md,66196cc65f5f121701c07058359f87f412412f9c57681ec12766379ec7971035
strategies/H002/unique_02074/strategy_definition.json,ddb7be929500ef53962583e2bd5c7db498aa67a53ede8f2ed2bcd4596ea21a0e
strategies/H002/unique_02075/daily_evidence.parquet,8841b446a7bd47335f299bcbffd5239ced84c148babf8b0b5c242d5136a5ac45
strategies/H002/unique_02075/README.md,c48b39f2a5d59d3d54cc3ab3bfa33c0fbf04bb23d7da69c7cf872bf0160a309e
strategies/H002/unique_02075/strategy_definition.json,a568ad1a1edfd72595be696be40a991ed190d9d009867d85b785ff491cb74429
strategies/H002/unique_02076/daily_evidence.parquet,8841b446a7bd47335f299bcbffd5239ced84c148babf8b0b5c242d5136a5ac45
strategies/H002/unique_02076/README.md,0db552cfc685dbc01c1d5c5c132776158dde37af4477f69a9fd69592d7e42188
strategies/H002/unique_02076/strategy_definition.json,80c14a7084ad293aceadb6c1202bce77334ecef7ca684c92a1ed6284bcabe225
strategies/H002/unique_02077/daily_evidence.parquet,c0f93ab4170d12c4c3cff6055a68ce85270128ffcf255aa9f68a46e64d4b66ea
strategies/H002/unique_02077/README.md,383963d6b201505f25fc13b00902173015e0fa5c1233e10835d336add6dc181f
strategies/H002/unique_02077/strategy_definition.json,049e4aaf31676eacbb69503fd9c093686b388b11d24582b9da9da1e48c58fd73
strategies/H002/unique_02078/daily_evidence.parquet,2e79a116fad70de3c5471eadb4c8d46b6577f7b95d384bd4875a738235f17ce5
strategies/H002/unique_02078/README.md,18312cf1732bd082828153d8ccd7814c0822ee2807a002984a82ada9f285ffaf
strategies/H002/unique_02078/strategy_definition.json,f9be4261ba5c375c84deba10f527a4fb63995bb9b25b751c5aa5a053b1376b39
strategies/H002/unique_02079/daily_evidence.parquet,5d58da72e34b4adf95c7023f63e71d75f32eabcd37bec431efcf2971a5409348
strategies/H002/unique_02079/README.md,60edf25792449b9d232d716e36d2cb65edd2d707f633232e0f47b59315c26d21
strategies/H002/unique_02079/strategy_definition.json,f8f63c9136f9ee58b696621f872c6ff6aee96eb2c0216bbfa8ec63a408132d18
strategies/H002/unique_02080/daily_evidence.parquet,1935feddd1e2165f127499c9710316a6c26c4cb5c7a3dbbf432c8e607f9e76f8
strategies/H002/unique_02080/README.md,621942fcd9f9858e890b35ffd7755722e12c0e48f6480bd92994d4992db2fded
strategies/H002/unique_02080/strategy_definition.json,0b9c7401e83295680ad1931a1a2caa42b82fa146b47eee31c07ff8a7067df55d
strategies/H002/unique_02081/daily_evidence.parquet,8841b446a7bd47335f299bcbffd5239ced84c148babf8b0b5c242d5136a5ac45
strategies/H002/unique_02081/README.md,0489513d1782545805354a3dbc68aa6b2468057f89a6aa92bdb73dc55c809591
strategies/H002/unique_02081/strategy_definition.json,b469856f4a6ef7b9239fc199fe827aa02a66cdd6a7b85b1087832c7e4433431c
strategies/H002/unique_02082/daily_evidence.parquet,8841b446a7bd47335f299bcbffd5239ced84c148babf8b0b5c242d5136a5ac45
strategies/H002/unique_02082/README.md,b63e9836a771181215492b1aee0376b57149ac75b436f50df4e1d32a53feadde
strategies/H002/unique_02082/strategy_definition.json,941742b78dc321a2c13380d554322d072c50d68c2758d005dee011c18f6eb24d
strategies/H002/unique_02083/daily_evidence.parquet,b79842dac0a95cf7bb685878fe98d43c11f96afc7af77b7e2dbb25a135d4c873
strategies/H002/unique_02083/README.md,68887911656e6b520815ccc308c3d236141e4cd5a4faff809db7b03d3de0b25b
strategies/H002/unique_02083/strategy_definition.json,cbc52a4948dcd19f47b0b9e3cdff17f90ad86a3a3e909a9deada3adbfef14478
strategies/H002/unique_02084/daily_evidence.parquet,a9dd5f32c38c4ab43851eb6fca4622f1d49e5a64163d28b70ca11cc218bc92a1
strategies/H002/unique_02084/README.md,dbc82188f30e5998288bbb7bdcb024baac3d2d595658815e4999045a4126f97b
strategies/H002/unique_02084/strategy_definition.json,a8a46c7be1b06a493f5d6d700417a3e7b0e7af18189e920e47bd62ae9b5d0233
strategies/H002/unique_02085/daily_evidence.parquet,ffa5340a27c347841257a04ca268d0057a5221664414763d7d633eaa011465ec
strategies/H002/unique_02085/README.md,97d6c9f6b0422039e4d25fe55b8abd29f3e4a63f9c50d2d8cbdc4f816d2b384c
strategies/H002/unique_02085/strategy_definition.json,87aa631d623519b59060c6f0b04c57dffdda19469e0fe4598bb58f2889b7e135
strategies/H002/unique_02086/daily_evidence.parquet,2da5dd9a9b9421118c16ed5b507d9fca60039a9ec9e02c34961e99183d863260
strategies/H002/unique_02086/README.md,d64e7cc8bd96bf69762771ddc8735165dcd50379653572cee7438402cdf47b6a
strategies/H002/unique_02086/strategy_definition.json,9212c1448d17b00025221726320b2062d0fa6623814a1335533f38b78e5bbdd9
strategies/H002/unique_02087/daily_evidence.parquet,8841b446a7bd47335f299bcbffd5239ced84c148babf8b0b5c242d5136a5ac45
strategies/H002/unique_02087/README.md,572e66e2295e0c90045ce16a9ce3c6f6da2a9d1c91a0d9a3954ee7e5c8ac1521
strategies/H002/unique_02087/strategy_definition.json,3d9c9cf75c090e81ae77e0d90af1e37897fd8fc62c1076707d2b605114dc884e
strategies/H002/unique_02088/daily_evidence.parquet,8841b446a7bd47335f299bcbffd5239ced84c148babf8b0b5c242d5136a5ac45
strategies/H002/unique_02088/README.md,349024a296bac3845db7afe479c79c2dd6574d277e2a5c4ccd7cbc5dfe348856
strategies/H002/unique_02088/strategy_definition.json,3be02c80b87a4082a27e8adf8ae954c529b82a9fa9311fe4f3b9016198f34515
strategies/H002/unique_02113/daily_evidence.parquet,9dc7ad0b191e6cc4f8299d68d80d96cd7152d0699b18496d2c193dea6595c41d
strategies/H002/unique_02113/README.md,af652b1ec6ec1679a8c0cf7b5af11882049c3e121bae116bb9f75ca0fab8ebe3
strategies/H002/unique_02113/strategy_definition.json,268c14b9d646290967d366d9ccace12b8a00499897d4cd317b12cce6a3be9e96
strategies/H002/unique_02114/daily_evidence.parquet,b812b571105eab8fc4b033b37b90b963a4b9d3fb7cd497dfc8262d4349c7dd19
strategies/H002/unique_02114/README.md,bd177b81601142752e9ba35d9aaaee9031bfa4825f788175433da9e6d663f76b
strategies/H002/unique_02114/strategy_definition.json,2eb1e0155ae238d5e0cad4d5b866a412de70b0686db26c0cb26c34053b1cd30d
strategies/H002/unique_02115/daily_evidence.parquet,d6b3761eab72b9940d67059e53ef838d0a06ec30e5b00df96d949df3f847d882
strategies/H002/unique_02115/README.md,66589df5a8ff5c7d83a4edfe92fec2484f6eed3d989986154188a6d1dfc1c9d9
strategies/H002/unique_02115/strategy_definition.json,8607cf5178db4a6ed33cc72719af3d196fe63f3ecc05b207d13c538f651b8301
strategies/H002/unique_02116/daily_evidence.parquet,c9c645a236012ed43c2774362f4ef3c8ba50b3cdc05d16c331e745c675b373c4
strategies/H002/unique_02116/README.md,1da8474bea11e9f4f911b59d0aac974695474c3bfaf96bf6b9393b738455b68a
strategies/H002/unique_02116/strategy_definition.json,522c0fd67f096e9a1a65a0974132c32e6e3257a5e3f2248aafbafb9ed3fe98ab
strategies/H002/unique_02117/daily_evidence.parquet,8d7077f1cc01251146275042909bb268023e37f937ecd3a97c6085ec6cec71e5
strategies/H002/unique_02117/README.md,d3b7f79df606fa711af58a2f00d7eb9a16da2ae6bb73c369a943e96c269d2f1f
strategies/H002/unique_02117/strategy_definition.json,fd48601a28765c787d5a79fdb230e6364dd2fea1c63bb9c4ec70bb1531e60b22
strategies/H002/unique_02118/daily_evidence.parquet,abc381264ba480822d87638d4de350c8c5ec7503e5d7a84df9fc419301db00a2
strategies/H002/unique_02118/README.md,bd5db6f9467afe17ffa3346fe2c4a10fcfd66a7ab9459180b8f55f03d85ba938
strategies/H002/unique_02118/strategy_definition.json,f5c42d34423fbaf7ad0c22b2c6840ac33d2b3d920b3b14ca168572cc038e553d
strategies/H002/unique_02119/daily_evidence.parquet,b2b3153424afc7ca8b5e870db6254ca45f8ed727b9be39b1414a7b0152858281
strategies/H002/unique_02119/README.md,9872ebc19b5efafa1dc3108411e1700c1334c6a6321d422d9c4b542e8c2b3bf9
strategies/H002/unique_02119/strategy_definition.json,0ec1511b314763696d2dcd84f5b20ec3776d1c42295a30aa91b6075ee055480e
strategies/H002/unique_02120/daily_evidence.parquet,cc8e9f12b8706f85bbd90ff465ceef98365f243813bada26b28bfc84e00890f8
strategies/H002/unique_02120/README.md,8300dcb57a3835f03be38f9cdc2252fee82ee7aeb32f471ef705b203200282d2
strategies/H002/unique_02120/strategy_definition.json,33878d6298e60815bf739f127cd00ad560444b776410d45294c120e36d4e20a6
strategies/H002/unique_02121/daily_evidence.parquet,bc43b199d9bd5eab8ed7e5c795048a32eb1963fba8fe29b907466206bb3e6d9f
strategies/H002/unique_02121/README.md,757ddb5ba237b1b3c43d1ba190503fdbdd1a820aaa76d60dfe9587a48de8b160
strategies/H002/unique_02121/strategy_definition.json,1fd01f5f46a3dceebbaa2b19b557ed9f87ea7ae2bef02801c8ce53869aa176dd
strategies/H002/unique_02122/daily_evidence.parquet,42f2c49b2fe6832e0723e4fcfdd085a9b20288bc488db3153f469fd60f00b47d
strategies/H002/unique_02122/README.md,7b4badab175791c893703d8bd9f05a072598748fb26e63f10b8538afb9138df8
strategies/H002/unique_02122/strategy_definition.json,f6dec7d369776d28cb436f7cfaa19c25079287f8806fd599a5f056d84471c5d9
strategies/H002/unique_02123/daily_evidence.parquet,7edfade50f7cd1288b9d877e5bca6e61e3a31d0b4b6d6b86d23a7750ff86bc18
strategies/H002/unique_02123/README.md,806af01ae8eee0bedc42454360e49b180319ec633cd74354ab39c586be485406
strategies/H002/unique_02123/strategy_definition.json,fdb792dbac50dc3c5a20f369a3ba4437be96d9d366236980ec566ccf475cc8c9
strategies/H002/unique_02124/daily_evidence.parquet,7edfade50f7cd1288b9d877e5bca6e61e3a31d0b4b6d6b86d23a7750ff86bc18
strategies/H002/unique_02124/README.md,2523fead375df64c50d9f6122787d78c1b9f6e6c0ba35cef1e0a139913b4b309
strategies/H002/unique_02124/strategy_definition.json,175952efe2ae25e4ee81c907072a1dee3f7ca4d85d0ae128460769969613d2c1
strategies/H002/unique_02125/daily_evidence.parquet,b2eed3090a3d0f5bca448a8bbdb0d102df9496e50a18e41eb315517dfcdf4048
strategies/H002/unique_02125/README.md,da6447c4b3fc0830759bb026455df9086b00e96bdc1b5fe9c034fb8e820f2ef0
strategies/H002/unique_02125/strategy_definition.json,ef8d518347870f4a75eda5447f766b523e17c842f9c93ae1723006e9821892db
strategies/H002/unique_02126/daily_evidence.parquet,fcce9b56e567547605174bedb5b55f69e9aa4cff88dd400f7220ae8ac8eec4cf
strategies/H002/unique_02126/README.md,651623482e6ff3db2c15a7ff8254464535e4bdcee7b15b8ed4516bbd238e69b0
strategies/H002/unique_02126/strategy_definition.json,8d94dc6c5c02b8dc2d62305bfc3c413d802a1031ec838c51fb356bf12a71c0b2
strategies/H002/unique_02127/daily_evidence.parquet,91d50ca5991a66f3033949706ff191b03b02af7df13f6171f59c41335d763cd9
strategies/H002/unique_02127/README.md,339e80204d5f69e7d9e7dcff2de154dd58d393d8fb7c166eb1b1c073672f67bb
strategies/H002/unique_02127/strategy_definition.json,be3b729fabb89d54ccccd43e1af504082ae426873aa631e39686189ccc726a67
strategies/H002/unique_02128/daily_evidence.parquet,cf0dc7ddd4ae8daea2cecaeb3bdc652e84eed6cdf88d7cea39f3cd51fb67fcf7
strategies/H002/unique_02128/README.md,99695ff85954486c2445c39fa06d5ea207fa749189efbd99a053316c382702b9
strategies/H002/unique_02128/strategy_definition.json,eff8e1d94c2e8bb6eddace4b66855b5f7a10e0852c50531f13b25c5d59a32228
strategies/H002/unique_02129/daily_evidence.parquet,7edfade50f7cd1288b9d877e5bca6e61e3a31d0b4b6d6b86d23a7750ff86bc18
strategies/H002/unique_02129/README.md,416f5ff7fd0db0fb4fb77739a91e547b589c0b85157873f3d23f7c80ab38c917
strategies/H002/unique_02129/strategy_definition.json,14bbeee1e62f01f360e9083a8ecf010eae38ec9dfd6db132eef2dddee8e5549f
strategies/H002/unique_02130/daily_evidence.parquet,7edfade50f7cd1288b9d877e5bca6e61e3a31d0b4b6d6b86d23a7750ff86bc18
strategies/H002/unique_02130/README.md,f856d31614afd30bc791392441ff47fcfb1057c6a244e8d744c3ed4a2c940811
strategies/H002/unique_02130/strategy_definition.json,39860be8cec62eda3103186e4749acd5475c05ccf78c0514bc35d1f77af74325
strategies/H002/unique_02131/daily_evidence.parquet,ba854dacaea242b82ab4af1770dc3113f22f30018e2dbc3d05dd56c8cbc51eb5
strategies/H002/unique_02131/README.md,c93a3e6989c008cc97ff7d70067822f6742ef7d9038970c9e2cdc8053fe86be2
strategies/H002/unique_02131/strategy_definition.json,41de20ea57cc5dffef028744d68f78d5efce41338242f3a84735d2a31a506187
strategies/H002/unique_02132/daily_evidence.parquet,18c87c052191d77856c9dca60c4042f02ef9e3e252c2b7bcc179bffb23336a46
strategies/H002/unique_02132/README.md,3bb8ff4e6691cf975502e527847dab5e7ba6c23162261a1b17ec38e93b97c228
strategies/H002/unique_02132/strategy_definition.json,6f511da1a22b0f3a2f3e148d86f73ee6fed5f3cea9c21f487a38b44d0883abca
strategies/H002/unique_02133/daily_evidence.parquet,e374e564a4b4dbc7ca27309f0c0d72ff78085c4eafd366d8f19fc347b954afd4
strategies/H002/unique_02133/README.md,cbdda371590765c1e2a6c35d6bdb4aa074c7e20784774aaf785458c0d17024d0
strategies/H002/unique_02133/strategy_definition.json,4c0d49aea087daa928e2159f25748c8d5952fe3bccb876764f87b42766f8d48d
strategies/H002/unique_02134/daily_evidence.parquet,5f89a99e93a379049c37a170ece2d227169ad034c5771355c5819ea44fef54f5
strategies/H002/unique_02134/README.md,72b550e3ea4c6e4cb3d7df8b2a84574b4789f6998c8c65646ca35aa3997b7dba
strategies/H002/unique_02134/strategy_definition.json,7cc1aad3a5a2df7c01da68df6381f12f7dc55cd995b12c901a85baf1f09b973c
strategies/H002/unique_02135/daily_evidence.parquet,7edfade50f7cd1288b9d877e5bca6e61e3a31d0b4b6d6b86d23a7750ff86bc18
strategies/H002/unique_02135/README.md,9f2e216037a3732a16fa8d39c438704dd41add2fd35d26072e808c89a0fdb5c6
strategies/H002/unique_02135/strategy_definition.json,4b1e25f8c94df98524940462dd1b3f921f7087e8ec37f9dc8d1031c5c7624f1e
strategies/H002/unique_02136/daily_evidence.parquet,7edfade50f7cd1288b9d877e5bca6e61e3a31d0b4b6d6b86d23a7750ff86bc18
strategies/H002/unique_02136/README.md,6db7243d735c53faada5bc0657e5e08f3522ae640136f328e20e401d6ee7f8ed
strategies/H002/unique_02136/strategy_definition.json,788fc01202d033f22da64fea55203e9492f4198ca145f12456636ff7f8a99fde
strategies/H002/unique_02401/daily_evidence.parquet,b3801e054ef6633e13d26c8dd540da5604bf9e774d140145dfea5f40cc14103e
strategies/H002/unique_02401/README.md,322cc9e8397fd78724240327333523dacce602b832e057a3005b3ab1447da956
strategies/H002/unique_02401/strategy_definition.json,09d4d8a06f2ab0045fcca7407c75e114902c8a0390148a49eb6697c94e415cd4
strategies/H002/unique_02402/daily_evidence.parquet,9bb3701c08aca15b0f5cb1cefde97afdc5ba8f83265dcd26eb8da7e7bb70d73c
strategies/H002/unique_02402/README.md,e758efd60781a7054914dd3b83e5a73f465cd47683e89f42f68254326c5dfb91
strategies/H002/unique_02402/strategy_definition.json,63404232cdb00802311ce6deb4038668b7c21eff6a2809e91fb6d1fa67964f7d
strategies/H002/unique_02403/daily_evidence.parquet,407066bc718598b7dec65b48eba50070550b18f683b84d7d6cf73742297bd175
strategies/H002/unique_02403/README.md,fc61afabc93fb003bac836e55ceea2ef964e517f3172b6d5cde34d3fafdb2c5b
strategies/H002/unique_02403/strategy_definition.json,73d73133b159da39383d2e6d29a1b9a73c9c41eab97db6cf9ebc3d4534426923
strategies/H002/unique_02404/daily_evidence.parquet,995dda4f79f28938126c86e7c274e7fafdd968c297679c9e42270659ed94b9dc
strategies/H002/unique_02404/README.md,39f3162d2e5f7078ec03d4e9294a97d6c4c817fea2ffcec0afd3dc5fa277d493
strategies/H002/unique_02404/strategy_definition.json,deb935c50ce73dff93ec8a115f9090a2e489264f1d5d7053bf7446a61c68423b
strategies/H002/unique_02405/daily_evidence.parquet,cc58154178aae82c289edd86432c2a2ca7e6349745e7741565830b9c582d31e2
strategies/H002/unique_02405/README.md,25ab31d191f783333c98fcab1dde2afc3cd9b83696c5c9d0295a2fb2d289c4a9
strategies/H002/unique_02405/strategy_definition.json,4caeee450d7d3a306bb2be82729adc8f8ac4dc6391d3736bf6ec42138c3beab7
strategies/H002/unique_02406/daily_evidence.parquet,078512934435075916b8edfdbc30e6973b2e4ee772b3af8d89aad4e7e9ed9dd2
strategies/H002/unique_02406/README.md,1964c5226dc58d02399cbed46ed6167309530160aca3d42a74ce9146ca65a427
strategies/H002/unique_02406/strategy_definition.json,b520698e1c213b2eaadb91c3a0f719db7ad9bb640bfde7ab80c86a44414259bc
strategies/H002/unique_02407/daily_evidence.parquet,a8cf17d30668d7951fd594093b87fa22cc8be0f3df13e4ebc1238d57b65e8aaa
strategies/H002/unique_02407/README.md,c6f2ff8904eb1e05e634b6ce443f470f398c75ebe47f0674a53977d64bc7cad7
strategies/H002/unique_02407/strategy_definition.json,be0f7bb397de18d8412a8a6f52d3da3f8da234410fadf39630f0368a12f88622
strategies/H002/unique_02408/daily_evidence.parquet,a1f514c881f61e96f342bc4ddf8fdd2aa1cd467c563d4fbb4ebf1b09c2f4b240
strategies/H002/unique_02408/README.md,ba06669ce17d3e0470b81bceb608d778f2e76e6e5df4046a3edd3278c533e27f
strategies/H002/unique_02408/strategy_definition.json,5e2485a422b0e27859e6c4e2fa36a48321abfb1792b447a5c19785773a5e690d
strategies/H002/unique_02409/daily_evidence.parquet,73aa9530949a7b571284496ee59ed83c0f0ac31c4ac4d0f975df2edf062386f4
strategies/H002/unique_02409/README.md,c0cfb05d9fbbc6ec232dc3809551f53c3a0ee0a2ca7bba277bff8d4b67260eef
strategies/H002/unique_02409/strategy_definition.json,d9e9291d66aea4785daad62c6136e2863398373bcdaa5bc2705e47a8f2907dc8
strategies/H002/unique_02410/daily_evidence.parquet,d860d8a69792948c2b61081d6d0c1b88d2235168468b0f32b734e9e28ee86fdb
strategies/H002/unique_02410/README.md,62639d92c105a0c03cacde99b334533e0436f07d659bb91821dd3bd67fd3bdf6
strategies/H002/unique_02410/strategy_definition.json,a294e0702dfb54f6a1af42606b62f012a790feeed20029159c00e996de78c680
strategies/H002/unique_02411/daily_evidence.parquet,3564035217dff529891422241080deca8e853c9a7bc2970af0c498b108c24dc6
strategies/H002/unique_02411/README.md,6c8b51d33cc91980ff5fc909fbafba6efe0193b14c14c1bcd76b76b3bd9247a3
strategies/H002/unique_02411/strategy_definition.json,b61f760903e15a83161b6534aa72441e64c44a7c404c9e7ba3598455b9e7319d
strategies/H002/unique_02412/daily_evidence.parquet,9870e62d431d12be9009ca06e5c7ccb5e55b4991023e95d5dfbf2668203c5ccf
strategies/H002/unique_02412/README.md,205e9698657150534ff7e2d38df3156dba0b56ad8922fef049a96e797ee43494
strategies/H002/unique_02412/strategy_definition.json,efddf4b6f5904140aa8ef35f42f5175a0e8eb7772169ac5f529f370e90613822
strategies/H002/unique_02413/daily_evidence.parquet,f24ca55003c0d5e55e7303b98f5cc9d17506a0a57507ba0e04d59ad932c7ee14
strategies/H002/unique_02413/README.md,027d6b6e7aaf863fd162e7e4cbaa5d43b8d8c588c4da6655de1d928be4f70354
strategies/H002/unique_02413/strategy_definition.json,85cdf45965cfb1cfcc87460c5dae08f3813727bd3944f5f05c3ef8bbe711a88f
strategies/H002/unique_02414/daily_evidence.parquet,006d48f94efa51931d7a4fd24369a9edf18faf3caa16f9d28cf52ea96a3ef7af
strategies/H002/unique_02414/README.md,91d773ddc88444b96230151842fb0c5b848740efc1835f39528025aac1d8d18e
strategies/H002/unique_02414/strategy_definition.json,89bec3c480515db93be29f925ad938bc95ec883ce2718e38c17713ec202d6fbe
strategies/H002/unique_02415/daily_evidence.parquet,94c3f489d80f173c1644a18eed544d7142004946926e663cf4836d86003e528c
strategies/H002/unique_02415/README.md,abfdb459f9a59459f31922e4ab22f57fd100f261a482453badf217bfa4633888
strategies/H002/unique_02415/strategy_definition.json,f417e9bb12fe90eb992e6897435e9f420d26b7eabf8be018e2569e8ce9a5d96d
strategies/H002/unique_02416/daily_evidence.parquet,f7fd3fc39952e6ad7af1cc620216d21fd3d217fe60270d5de34e4efe3f59e158
strategies/H002/unique_02416/README.md,cb77e7e51fd823d7fe092ca82ec7a0d75e23a80a7f7e538847c047c46b564ebc
strategies/H002/unique_02416/strategy_definition.json,48d7dd99ffc19a8d7f8130eb79fa902da20112f1adf108c4e59143c502053134
strategies/H002/unique_02417/daily_evidence.parquet,da1082f0a316643ecc071bfb806ae404e6c2c4928ec218f46908edb1d3cd4635
strategies/H002/unique_02417/README.md,19fd1a40c060bfad1224c64ff42b2968291be6ed58eebb4780111e18d63001df
strategies/H002/unique_02417/strategy_definition.json,b7c185fa762ff35f86b3bf91a57de18a592243dbe1ea7c52c8c66aacb6a30dee
strategies/H002/unique_02418/daily_evidence.parquet,cb265d7380d901cf9b6f2f0d2bdb8802f35ac162395aaed86bd7192df024f41d
strategies/H002/unique_02418/README.md,a721b6abef69eb78cdccf069e4b4a820937b8fd94443e9dc8d05b51277c3d1ab
strategies/H002/unique_02418/strategy_definition.json,74e55ecd7695ad283f8cff8c6778929de854beda560129e7bba3a5395c879732
strategies/H002/unique_02419/daily_evidence.parquet,58931a031fd4603ef1557f1475680efadb6800512646d5ca54a77b8b0eeb7185
strategies/H002/unique_02419/README.md,ded9dc1e2f68eee8038e8e088ec15a547535ad2e183e804f941b7cd306a72119
strategies/H002/unique_02419/strategy_definition.json,a5b88eb5130ef4b02f62c2bcfaf4fb5377f21e68f0e50bbf738f33c372f02be8
strategies/H002/unique_02420/daily_evidence.parquet,c80a3b31269def31824c2b689a8a47a16780c50b89b268b433a9185bdbaf6327
strategies/H002/unique_02420/README.md,ef9cc3eaddad7034be3ad07873196686ea6a339c918102042150eebbc7fef684
strategies/H002/unique_02420/strategy_definition.json,c01db3e12b59eb2d6e780dfcbb86a9aa26a7520ef095ac767b68a01b502cf215
strategies/H002/unique_02421/daily_evidence.parquet,aff0b8f94442264f47a2ec6c89a0d13567a6dc258f244191679f44c546c994fd
strategies/H002/unique_02421/README.md,d33e0f4c39b648e448579470c6fd2909f951f8cdae8a5397d4f9dd9be504dab9
strategies/H002/unique_02421/strategy_definition.json,fc9523c62c8c01adc491214d18cf324c4f551c564496536570f857bde78eb25f
strategies/H002/unique_02422/daily_evidence.parquet,f4286f75f7f0e1b96871c1d35bf203803368b2dafd2478cb03fe5b06d516873c
strategies/H002/unique_02422/README.md,44962b78726cac1966d0b65a812a8c47dbcb6d8ed5a9cc99a783b1cffafddedb
strategies/H002/unique_02422/strategy_definition.json,cdcf2c2a31cf6fde27ffb7bda74dd8f1721fb0a752180a49c41901dda57649d2
strategies/H002/unique_02423/daily_evidence.parquet,77be4ddd05187c38a78b08a50b38bc46910cf7aca0851b41fcf8b7293c40cef2
strategies/H002/unique_02423/README.md,6f5d517ace51388d94660bfc1570fd9e54ed8d9d87e9145b686747a73f903054
strategies/H002/unique_02423/strategy_definition.json,78bab10299c088e8602a0296b6e9d28e7b2f8f4794d130b8440324cbda9bd496
strategies/H002/unique_02424/daily_evidence.parquet,bf8d77110924578c08124b267dfa99826e2b0275fecda80086e77b83df9bc384
strategies/H002/unique_02424/README.md,7acb83c474d81b787e5aa516362f1d4db9d54cca80018e4048f0d02dc70eac82
strategies/H002/unique_02424/strategy_definition.json,bb0b2a37d2f81ddb923aa8b1bfbaea6c6fde95fe809112099f660c07e2236249
strategies/H002/unique_02449/daily_evidence.parquet,262e955b85d8b55fa7f9c2179045b49e68da82603f8ed0745b4fd168f94b7274
strategies/H002/unique_02449/README.md,2fe5c7a137e242ddedd99023244cc46c06228a4317957bb67610c06d15f62be9
strategies/H002/unique_02449/strategy_definition.json,e715fb77de16fcbeed4ec6b845fd33a4f8a6fc168550d9602e40e5508c8800fc
strategies/H002/unique_02450/daily_evidence.parquet,9f66757349f306de16acac1a821cb8ace22077016cfad75b3ff1b5f2ba463355
strategies/H002/unique_02450/README.md,a50f69208a3206f17d6e5131451c6475c75899a9d33166fa0b6e251522fd8c86
strategies/H002/unique_02450/strategy_definition.json,bb575aeb04f0508ddeeb46fc050aa3019d4f6e588b0926cd1e1e8525fc48c69d
strategies/H002/unique_02451/daily_evidence.parquet,f52609336e515c7dfd00c9ba42750b702eca9929a3208b5152b2ede841be6e3f
strategies/H002/unique_02451/README.md,c8c30eec54f59b58cd10f28b87f694a049a80fee21055beb3a9685bbfa86355d
strategies/H002/unique_02451/strategy_definition.json,02ec777759f47eedf5502aa4edb13d9a46c6eb2897c819c011408883e6314e6f
strategies/H002/unique_02452/daily_evidence.parquet,27b7893be3304842be7d8189785098f7207690a64e41b879622cef746a588c36
strategies/H002/unique_02452/README.md,df425c0e8b203802a9b3ecbc854b744b788803f45719862cc8ae6f127e90cf9e
strategies/H002/unique_02452/strategy_definition.json,3b5680dfd98a8ba2e69596d5158b93d2f4283c36b218e29d74d0a9427506dd45
strategies/H002/unique_02453/daily_evidence.parquet,a50168c64ef0f8e32ad2999f4c1430ffe2cd05884399af25b786c240a765020d
strategies/H002/unique_02453/README.md,4fe52f74cc4ac47e9b7dcc0f2e6450143bb94472914a3a584a5682b08ee62932
strategies/H002/unique_02453/strategy_definition.json,47eb816b561321778a63326d708f5fbb2304d6659f6cd942723bd0236783ef44
strategies/H002/unique_02454/daily_evidence.parquet,06b9b97ef9a5811eb009a606c4fb374a6a8e1a3433d8395a32665faa78220c88
strategies/H002/unique_02454/README.md,75701c170ad198eb68a50da442d4a15aaebc5942d5caa5a4e554375bd4aa03d4
strategies/H002/unique_02454/strategy_definition.json,6d491452266869439534919b991346ed085ba06ea63d741913dac277e4bccdbb
strategies/H002/unique_02455/daily_evidence.parquet,74b817972d58b4bcde9bb25e1101b06ace4c1ad8bd34b6ad7f38d65d64bc2a2e
strategies/H002/unique_02455/README.md,4697f141044b2824ccd071db35cc0c1ad3213685f542f1b29195db34c057832c
strategies/H002/unique_02455/strategy_definition.json,456fddef1e944e50238204d88064923fe634b7c110d6eab97d5f420d545ff90e
strategies/H002/unique_02456/daily_evidence.parquet,2d5ed487062936c75e216da6d29b441cc34acc711e48baa2b173756d3a165613
strategies/H002/unique_02456/README.md,282debd9a223c2d3f87ea3a576a8500cb3652f1c34d2cc622e225ba550cd8436
strategies/H002/unique_02456/strategy_definition.json,3cca55accb3b89b8d2781f152a4ac8fcef7c83b2fa33ff2a2b9dcebc3c2871b8
strategies/H002/unique_02457/daily_evidence.parquet,fb7433a06fde2303b7ab63fe5586390ff40e0192c663cfd924a1919240eed9ac
strategies/H002/unique_02457/README.md,48e7dff3ccfda6e3bf506143a2e7c329b97cce17c0d1455a53d88cbddcd326f4
strategies/H002/unique_02457/strategy_definition.json,ea53d42c105a51f22975ce656760717fe96da871e896ff6382c921e247c7b33a
strategies/H002/unique_02458/daily_evidence.parquet,b3663222a022adfe37fc7c7e253a386848cd0a20bc9d199dc82c9113787b9ae0
strategies/H002/unique_02458/README.md,bd0365e4d29ce557af21f9633bbf90a4f908e9c66a389a8b621306ec03ec9df3
strategies/H002/unique_02458/strategy_definition.json,b163d51c67c47c671d701d2c5c0324441315c5918452f060de3267a9e0c4781a
strategies/H002/unique_02459/daily_evidence.parquet,9fb16f7bcc806834c33116ecf328a9e0a65040726fd824da6bfaba321877cd8a
strategies/H002/unique_02459/README.md,a4e525d7225a6a7b061efc4e342a2eef15e3d6a8c9d21a6293302ab4d9d9199d
strategies/H002/unique_02459/strategy_definition.json,c81b5cb76cfc67d2b723286afb091f139f0eabdf2c7f0c93ba28d9a68e1f25f6
strategies/H002/unique_02460/daily_evidence.parquet,0f5affae02e255055dd185361f4505698ab6ddfbab3918316d603dc7edd4a875
strategies/H002/unique_02460/README.md,71793d3e74fc53f71d1f4ad4a451edc4610c276683921a77ce907bf9f3baa88b
strategies/H002/unique_02460/strategy_definition.json,41a7d6eb3314bc9d50bffd586cad957fda5a4168be7c168a770a9ffcf2ecf220
strategies/H002/unique_02461/daily_evidence.parquet,0b5b1ce2fa5d5fad6bcf58795654e2ccb6afe53b16a98a77d8dc1c0cabc15f90
strategies/H002/unique_02461/README.md,7632d9d1a3ea811d672226fbbd009ddd07b6517eb29110dd8bd63a4205361a8f
strategies/H002/unique_02461/strategy_definition.json,0df2acee3689b31344afa0eb849edbfe76328057e6e50029cc097d506bde6c8b
strategies/H002/unique_02462/daily_evidence.parquet,2dac89495ca6c9cc627fd9a94d701bd50dec8ad376a0626231965905728235d7
strategies/H002/unique_02462/README.md,f72e7a3709048dc4722ea4d62bbcee1303e98c21c6ad290f76ebca94fbaad566
strategies/H002/unique_02462/strategy_definition.json,3681bf243b6a4458012bc56f5d9b165fe6bb977841beb5b8dc757262fa8419eb
strategies/H002/unique_02463/daily_evidence.parquet,94f78576b55f8495bbc311ebf8d0e37fa9d3f47f8993c8582a4beea2d9984cf8
strategies/H002/unique_02463/README.md,d5903446d269d883680fe0a4b9fdcdac0ca6bcb250673b90fd043579d579848e
strategies/H002/unique_02463/strategy_definition.json,2d84be0a833a01093f073b5bec642b15004cfab31cdff41bd101e1e78b268fa6
strategies/H002/unique_02464/daily_evidence.parquet,946624e96948f2aa0d7ebdb14d6d0ee1287408f73e01abb210bb7c9ef4e5aed3
strategies/H002/unique_02464/README.md,79dfc0b92b18d55b3bec91e9fa1d7f8b35d39b3a2baa2f13c46ee079702c62bb
strategies/H002/unique_02464/strategy_definition.json,7bbce805d4bfca8f89a72a68a2f11e869a790f7dab0e158ed6c8f7b787392837
strategies/H002/unique_02465/daily_evidence.parquet,3ea9e1ad15b47078447cc5cc65393ac4573fc87d85e635262ad04a74f977b706
strategies/H002/unique_02465/README.md,772c30087e7b2939778d4e2fd976a94d09686b4ea88b41878e087e4a6e20693c
strategies/H002/unique_02465/strategy_definition.json,97a6257dea1454ed3e206fd7a87a3dfa1bd796dd9970e34a8ac5bc3e019f37a2
strategies/H002/unique_02466/daily_evidence.parquet,913e84068f2aa2fbae281016aa73ee58e43352845fdf9a019ffb23ecd89e70a6
strategies/H002/unique_02466/README.md,01ee962b3ea48138d4c88881d41c92824ea8e550fa2591e408e78961f75bf894
strategies/H002/unique_02466/strategy_definition.json,d38ee124b3ed820f5d12839beee4d96773ac7f29238fcd0f8ddec7a58f97923d
strategies/H002/unique_02467/daily_evidence.parquet,19753ed16c2f11b0cf6dffbef8cf9cf1b7b9f491371eea1bc963b8295888e942
strategies/H002/unique_02467/README.md,b0a1c339516e023729543a5f3c9c06ebb6f05a4e1baf53f0fbfba263f308f787
strategies/H002/unique_02467/strategy_definition.json,24a94d0c094cab45e9cbdb0494095ce357b103216e13cf253207c9392198b0d5
strategies/H002/unique_02468/daily_evidence.parquet,b38dd27b0b78e8b872f386ece24fb7dffd1a7319161c5c919830531bde759fe8
strategies/H002/unique_02468/README.md,bd0362d5dc5e7553b155138faf1c67b92b988b851c3c94ddead2338e4f744c8f
strategies/H002/unique_02468/strategy_definition.json,1e68b60c356a1066b30ea1642fd7dfc09353a51059effeb950588f5256dd4a61
strategies/H002/unique_02469/daily_evidence.parquet,ab3dc0d6142a693044143f0fc183d52ac4ada371cdd1b19d4a91bd1c569147d3
strategies/H002/unique_02469/README.md,2655e6ff60e357ba2bedefb79dbcfea62286d25fff4a4622b199cf8967a951ed
strategies/H002/unique_02469/strategy_definition.json,c91f69833c2502e8625a1fe8474416d055022e75a5f9de5232f920cbf467bafa
strategies/H002/unique_02470/daily_evidence.parquet,785df9e21d8d893bb16a49e17a23ce1e6388d53272466c84c18347bb89d04706
strategies/H002/unique_02470/README.md,5e594559b9683c01aa8bf664b57b1d5c77539f0027525c96b9d411b2db1ea621
strategies/H002/unique_02470/strategy_definition.json,427adfbb4b71d05db267245b6dd66f1729b357cfacc4841a39a3f284752301f7
strategies/H002/unique_02471/daily_evidence.parquet,e32eba66c1eead34ae4213dfa5fe1dfc30d374a0371671a89c98d5edcbcbe3ab
strategies/H002/unique_02471/README.md,92668be166e2872ef09083634ab14f7d882dec10659e46c3053c95ec0da0c9d6
strategies/H002/unique_02471/strategy_definition.json,585595b043d0487ea1c2f1a08c9bde31b1f5611a458bf46b430bda6ed8d33750
strategies/H002/unique_02472/daily_evidence.parquet,56382c17b0426cbbc427f5117d8598b13e556c7a0468ef71c58365e76b142ce3
strategies/H002/unique_02472/README.md,e722728b1ccdf2def77d515ba96b4c95305ed6ac7d082435e7299003dcbd052d
strategies/H002/unique_02472/strategy_definition.json,f14365fe40a211b18a83d4178e5b836398f711c5e3767ff2bce872d3298da2c6
strategies/H002/unique_02497/daily_evidence.parquet,8a6e571b7872322c5503b68c274de8b47615f1ce850e20ec5875e308852bd6f5
strategies/H002/unique_02497/README.md,b96251f75589e5e8a423d5e07f573692bcaa7331fce3b6a9712f006620f46aca
strategies/H002/unique_02497/strategy_definition.json,a5894d66d1a645615dcff47508b445b4736d20d999c815aac2b74c39f3b98ea6
strategies/H002/unique_02498/daily_evidence.parquet,b6bae94b55bdeab30a106b7990aa4e09b76741a657159ace4e84a3fa7760fc3e
strategies/H002/unique_02498/README.md,1fc79294bee20d8de9b1fc3520610892a3b24e6c70c4cd7ba2f01bd4d29bd999
strategies/H002/unique_02498/strategy_definition.json,2e0e2b724cfe42060d897a6ee5ee4c2eaf768087c8474d836e5acd89df2f9a91
strategies/H002/unique_02499/daily_evidence.parquet,fc5e207053cffc17b90e1d0ebd360fa5f43bf869167ab1f645bc397f71732082
strategies/H002/unique_02499/README.md,372b19b9c93427d9ee1d7acb13536587ccd58ef104db0a668741931037f8c34f
strategies/H002/unique_02499/strategy_definition.json,cb870a024c25e6e7c5e5370c3fb4f1241c4bbcac1e5ca75096d0c516a30b275f
strategies/H002/unique_02500/daily_evidence.parquet,540ab7b6d55a45947bcfc5c437513a83d09f561a9b90e4477987b8f9586b6d95
strategies/H002/unique_02500/README.md,1859fc0a6caf6f75c9ca124cfb3975db87d0fc2e15bf8191166fdc9559f87e90
strategies/H002/unique_02500/strategy_definition.json,3a5456d8686fd72c392e56b1697aa0d03667bc00d8678ac3001ea80fd67e76c2
strategies/H002/unique_02501/daily_evidence.parquet,698fd8f6735fc7f22702886faae0004dc0a990f2705d92b7979112dc052d69a4
strategies/H002/unique_02501/README.md,26960f1f0954f025c93fded8bdc85eeffaa4941d8b18234b3e4b6ffcb660c680
strategies/H002/unique_02501/strategy_definition.json,c210d7d96238d8ae083a42520d5e27c6a95721b814b8daa3c5d471817637373f
strategies/H002/unique_02502/daily_evidence.parquet,d02092630514abb387fbdebea07730615c8f216e38764baf848689d591f02cee
strategies/H002/unique_02502/README.md,71cb095a8929ae2e956d08f81386cc1a9240e5644c241375df5e36bb8757f007
strategies/H002/unique_02502/strategy_definition.json,e3dc69f3ec029c4db7b11c589da6ead867473a9641113577015980ac316dc4fc
strategies/H002/unique_02503/daily_evidence.parquet,00fd89cbe6d52fffe734f7209a4b0d814826995abb5eb8d2a384539136ceb948
strategies/H002/unique_02503/README.md,218c24d86675ed6ba287a5fa5bdf1c81a3c207a9ad4376e419228b0bda01cf0b
strategies/H002/unique_02503/strategy_definition.json,85ebfa844baf3abc4e689ea9a8ba91b23f3ab70c6ec826c8e57d8f862c951154
strategies/H002/unique_02504/daily_evidence.parquet,728181c49a24fe196e681ddd75161d001fbfa29ee621081c393f8ffbb491cca2
strategies/H002/unique_02504/README.md,c798d8de27aa1bb96d0bfb2f9cfd161226a481a288cc097cbde35fe1b502f355
strategies/H002/unique_02504/strategy_definition.json,4ae2d6245297edd1277850bd8db11bbc837762319b60402c5869b812c725b071
strategies/H002/unique_02505/daily_evidence.parquet,c50291ec01a20f2c8c0e7fff2e62b9ade261a8b6b598b0798f94caa45b1d403b
strategies/H002/unique_02505/README.md,15d6e7d34f8b4ed0e9b2390fdce7dc215bd5055995bd9a664f7d3913ccdb99ce
strategies/H002/unique_02505/strategy_definition.json,ff85405fba9287caa346bbbca174dbc97a90a5734219913ec6e3cc7ecb3842ad
strategies/H002/unique_02506/daily_evidence.parquet,4194dd2b910d57de6f8203be45c5c6fb82befbb983d4058600729fd06c778d55
strategies/H002/unique_02506/README.md,ad6e4e073b9d4d31d76d6a23df623eb9a06796ffe25616f97ce58ff4f307b507
strategies/H002/unique_02506/strategy_definition.json,c06ba4c4bddfd57c974074c463be6c408cbb97b70b1239ab9123a65952fe3d61
strategies/H002/unique_02507/daily_evidence.parquet,6dbc6b63cbfaf5394732bb0b4c23441ef4f15ea7f5891609eea8e319e9d26917
strategies/H002/unique_02507/README.md,39d109dc5d191b2589e1ea538a0e985473792c5fa005f106648935fd50ca66a5
strategies/H002/unique_02507/strategy_definition.json,d2d3f3d34b7e88703f0ffa1099ed291eb45011d7ddc18371f03dca75c0418b1e
strategies/H002/unique_02508/daily_evidence.parquet,369b9ea1adf4ce342a99ae9b5773a71bb63fcd5ff105087c8b692cbbeac6f19d
strategies/H002/unique_02508/README.md,fa8d27b205ce64e3bab3a531d324bcc08d43df467aa1e1abb154a350a4a52e1a
strategies/H002/unique_02508/strategy_definition.json,2d3a57c3fc406cef40b39677072f3d9782388f434d7d366ea91f73aef1ff49d5
strategies/H002/unique_02509/daily_evidence.parquet,22a313e99dc1ebabd2d24677aac67fd89c45eb1c2935534920d3b14574e88691
strategies/H002/unique_02509/README.md,a55911c0b27fc5371cb84de499c0f5ac09a0b4d42159915dfe4293e857ab5ead
strategies/H002/unique_02509/strategy_definition.json,d892332e9b7e4c4f3582a4cd9d727ae027b790ae1227f11f7c618c8a45828a0b
strategies/H002/unique_02510/daily_evidence.parquet,507e079e33feb4624b8cf3b3e34275fc7f2be729b3885e60c71808ba6bb45209
strategies/H002/unique_02510/README.md,52d589374266e0fa2370a5d3ca62bd59c61a521aaff6f3dbabf46f4afb9e9e43
strategies/H002/unique_02510/strategy_definition.json,9784d78673cc4eea05e881e5ffe4a746178d6039e26ae10c99ab300ed1b95b76
strategies/H002/unique_02511/daily_evidence.parquet,b91b7c7bf315f827d297b9ba4467ab9b8974468b4f20fe2f8b9cf5da56355f20
strategies/H002/unique_02511/README.md,0ed548054d0429880d80c47677b85862b7bd46401d033cdfab51ab90ffe8d513
strategies/H002/unique_02511/strategy_definition.json,6aaa2b1032031b8f3e19d12944960d64866ea538a9ca4f8b0ee326b2631a2c03
strategies/H002/unique_02512/daily_evidence.parquet,ccc5d7ebd3b236921330404701e7d9eec648469cd493a919ebf54291cb39daec
strategies/H002/unique_02512/README.md,dbeea880f9d54d71b2f09f281211e1d1253d20bda581e4c4770866cf6b8418d9
strategies/H002/unique_02512/strategy_definition.json,ed3a1208386e038bc8dbf3ce1b84496218829fc6bb49ab8ac42ceb619a26103b
strategies/H002/unique_02513/daily_evidence.parquet,2515a1419bd07d574cc9add21474be9258aeccb155bea1876f75c9907ea29048
strategies/H002/unique_02513/README.md,804a7f5c9728009d90a52a0335f959fbf417ba32c8fa43b289fb2e950621c97b
strategies/H002/unique_02513/strategy_definition.json,6669c8efaa830a97a374f56272b3d1cdc41f4390646aa88e013a08dcfd37aa9e
strategies/H002/unique_02514/daily_evidence.parquet,ace21f8b0a0ce73b597420711cb47f7473dd9d1a043a7b8584a6dc3bac9eca05
strategies/H002/unique_02514/README.md,8940527bf5582c1b458a22fa08b1fad14a939e20d67c7ccb6b2d6d5d6de7f765
strategies/H002/unique_02514/strategy_definition.json,3b66405e16561061c5c90ad866657481b07ebdee72dd51cf301db762038493be
strategies/H002/unique_02515/daily_evidence.parquet,a67d492ea41482d17b647f8a19b1febad2aa836fd4127bd55964ffbef52515cb
strategies/H002/unique_02515/README.md,ea64b26793f8fb53dd2a6075e712fcf7293fb857b1e64a9ff1b30eefce96efaf
strategies/H002/unique_02515/strategy_definition.json,0d3e95d1f2b994fb4675ecd739cc4e2b45142ed21e33c7556bde118ef4019715
strategies/H002/unique_02516/daily_evidence.parquet,7fe90bfb0c5324d29ddec46897047dab0373df4b040f2dd666111f3a16c5f759
strategies/H002/unique_02516/README.md,67c9265956a5d429d3e08344cb900ea093ff6ed4f0f515f9027d831bbc5832d6
strategies/H002/unique_02516/strategy_definition.json,8de8d8460e81db6c66087d90f88f0e9dc68a44432c6227a12dafeca60b2fe441
strategies/H002/unique_02517/daily_evidence.parquet,6057af07e255e48e7406454c64d88f272a01c1cfe522021858db66bd13155b15
strategies/H002/unique_02517/README.md,ac6d344e5d3b13f00b4c992e90a2b64882fcdef9efa97ebf55d96b1392dcb75b
strategies/H002/unique_02517/strategy_definition.json,23be4630ade1df5aee6255d646e6ccd5cf6ae0d1f0f6dd577397140cc1e0710f
strategies/H002/unique_02518/daily_evidence.parquet,78154d6423b0f9b94fa741154a675647a288e09ff57857497c425df53fb5ff74
strategies/H002/unique_02518/README.md,7875d98ee45f6ffc121c65cbf7e7b48a75ee752fed34571dda407d9207fe4e81
strategies/H002/unique_02518/strategy_definition.json,b8e60c77ed16197b824647a4e902da9dbcf1d01f9ac19c2cd9edf9d5c2faa434
strategies/H002/unique_02519/daily_evidence.parquet,2f55e61fc63fa35f6bfd747f700be492dd422926fff32d6039dc92640b01355a
strategies/H002/unique_02519/README.md,8333a4b1cd0ad344ce78df55930b44e9c74eff580f159314f95efad151af86f3
strategies/H002/unique_02519/strategy_definition.json,bd97e0a2892d9863a2967f410b5d8628ed1603481a48a2d41511cd97782c6d8b
strategies/H002/unique_02520/daily_evidence.parquet,464e809454d9336b2e24d641accc7740265fc8207774e776b9345e7410613bbf
strategies/H002/unique_02520/README.md,9470e51b1afa3ed6ee7ec502c8f2b3a3c47dd0fd5867ee0b9efa12a9d1f7d785
strategies/H002/unique_02520/strategy_definition.json,e78d6d3f336c4b6b8cb8fba8f85f2e42effa92f426821ca6fc17db0e192de06f
strategies/H002/unique_02545/daily_evidence.parquet,4c7c6b95110864843e54cb1443690d374af589a69322de9b18784cf80c5821ff
strategies/H002/unique_02545/README.md,82bd3e7e60d55c6f9d2439ff4ab64ea81bdf88d39aa919d147a7354a4bb4e675
strategies/H002/unique_02545/strategy_definition.json,0d64d894a3540fe78b60b54a5358811944285b3b1dba09083067a32a526d4b1e
strategies/H002/unique_02546/daily_evidence.parquet,e1e5782b7057d720c5831e12971178303770cc4539668ac2c76cba57933c8302
strategies/H002/unique_02546/README.md,4f55e8edf565584ae6a98e23f66b07bb2aec143449f9dc85bd1df707da0afb1b
strategies/H002/unique_02546/strategy_definition.json,61d5bd6017ecd7e3aeb2103692b46cb07937f2a2068e16a6b71f3f4ea1fbff7e
strategies/H002/unique_02547/daily_evidence.parquet,8457984c51500cc1990adf43b6c748360acab8512d7870a3e95b9d5ea17c6a7c
strategies/H002/unique_02547/README.md,eafeb2efab8613f9b60d43c7c7f7d18df5eeac8746b0f7e7bf004509386f582b
strategies/H002/unique_02547/strategy_definition.json,f1e2094c3acfa25eee2d845bcec442458f5416123ebaa62f8d2ec75b1b74e0e0
strategies/H002/unique_02548/daily_evidence.parquet,c8024f44d3f4ff92d805bc55a5cd040f88d6d3b59de5b2851913f3c610c93c55
strategies/H002/unique_02548/README.md,6a55072dcaee5e9eeddffbf6a67aa33e26f58fd7ea6f9a902c66b57b2a718ed4
strategies/H002/unique_02548/strategy_definition.json,b4c0b443526111155036c85ee2dd9c4d004599c2f7db56ad349a0b59546a77ca
strategies/H002/unique_02549/daily_evidence.parquet,b8d7f2aed9a2da9725693bd2b5f4a22b42049c3928c9b3eef3119a97aa353030
strategies/H002/unique_02549/README.md,ff95b25eca436bf65c63ce4084c17d366b07c61a732fbf5eb06f41134808de99
strategies/H002/unique_02549/strategy_definition.json,a0a2e2b194d9cea872ed05eeb0b8fbc80e4958d245853fbf4993cdeb79dd18ae
strategies/H002/unique_02550/daily_evidence.parquet,7f2124578d10e85c8a66ec2ec2c391efa1789b226283f3ca27ffd304e212ab7c
strategies/H002/unique_02550/README.md,969ec17ab98cad04b68268b8e1827afea2baf82ba0b62e84125f3121b316a37a
strategies/H002/unique_02550/strategy_definition.json,7ea10a79873b987c35cfc172fc1c0ae74a0ea5ca17f5ac781c9310eff19f8309
strategies/H002/unique_02551/daily_evidence.parquet,e0155ed8d3af35332080b34edf6414016f9bbeae7233be6e621e79f27e0d2913
strategies/H002/unique_02551/README.md,734f0a5e866752d2f29dc94ec6f3fc412566f27c1f4be7832dc1741e0a80e188
strategies/H002/unique_02551/strategy_definition.json,aa551da6def3de932aa5441aa2ec2037865b727d149681a30d27beacc1991633
strategies/H002/unique_02552/daily_evidence.parquet,f87a46c03a9fa62dccf626cd8cc3e4a24275abd2b9c877e196642eaa04ea0d46
strategies/H002/unique_02552/README.md,0a396d7ebb467a903491ee6e7642b354e41c0276354926b04244d47c56915db2
strategies/H002/unique_02552/strategy_definition.json,729c31c997b09d3daf7ca0ac1ebc564479d3b9ef90f3a6482601cda8a60ef8f8
strategies/H002/unique_02553/daily_evidence.parquet,a265015f30c7b213368e24dcfca2483658a78a53037035082ebf2b32b0984910
strategies/H002/unique_02553/README.md,6421e02549a818359d1845ded89f089c87db5ee048f379a8f414f87aa0c89116
strategies/H002/unique_02553/strategy_definition.json,182e0131f40e0009fcd7694e5c8be2fd988322f7db3df34d4e55ab1cc0ec9c1c
strategies/H002/unique_02554/daily_evidence.parquet,43abd8509d3dc1cc1a706991f1c9f0ea6a856f68fbb2e0ccc20a5a341f5fe81b
strategies/H002/unique_02554/README.md,e447fc846883d7f4fa32d99fdeeb4d5562f534c3fe7329a3b59302bc2714d2dd
strategies/H002/unique_02554/strategy_definition.json,5da8a079e50872b9ebb3e6437a7adcdd78deeb046b2f4b52e2f2c23ad7b9b961
strategies/H002/unique_02555/daily_evidence.parquet,d3f9f94cf33135b8a77a0efc647e13acbf311dadeb3df4396993bd2aa522b3b7
strategies/H002/unique_02555/README.md,985dee479100ee93101176b571290df85a7a66b724ff9512f82870668ba6c0e6
strategies/H002/unique_02555/strategy_definition.json,e17d9b88abbd4738261ee0c2377862493a12a31911397a49fe6d37fa10ec0902
strategies/H002/unique_02556/daily_evidence.parquet,1314c5a6a0ebff3a80958e115dc2596ff47b47fc4b481c5834ffa3c9f3c1df4d
strategies/H002/unique_02556/README.md,78ec00ccd9f15d6a47fb8f1526e8260f43c3a46273ac6b815e879615e5ead2b0
strategies/H002/unique_02556/strategy_definition.json,a8ca51a46902ba72d6a0bd734ffe9cc78583d023991ccb9f56d07a530e67befd
strategies/H002/unique_02557/daily_evidence.parquet,ec9ae805f7e6278b46f40c7ebcee99ba7552e90b9f590b32498f095939486ea3
strategies/H002/unique_02557/README.md,b12a7ac86c08ac979cdca55396a1690f3ac4951f5cc664456581512421ff90b6
strategies/H002/unique_02557/strategy_definition.json,647d25d760fc531d50774119b5df9c2dcf0f1d74279e6963349450d6380da8b1
strategies/H002/unique_02558/daily_evidence.parquet,0d36578e50293cd3e2b8a18cef2fd15da8510454ca4486ff7f786ce45b621f01
strategies/H002/unique_02558/README.md,f831778d54ce082df22ca01b714954e385c4bd4d795061c9bd3fbdfb6861176e
strategies/H002/unique_02558/strategy_definition.json,615ac268f8872a4d2c42df3719661a04d6ba1eba5906819e5b84f2c1cc2f95b5
strategies/H002/unique_02559/daily_evidence.parquet,18dc4071e0a9502d13fecb253d609eb862450556ebb411d2d472c7d1ada239a3
strategies/H002/unique_02559/README.md,4361ca8b093e40af47bab22c641520506def82bc2436ef1e9dfa1daa791e12cc
strategies/H002/unique_02559/strategy_definition.json,a43c09d47ef6eb46368c791898f091278cc5f52a093579aca5e045bf00fdd117
strategies/H002/unique_02560/daily_evidence.parquet,bcc7076585def6821a04d7d4b750053c8307962b6b10ad67670fb67b616af318
strategies/H002/unique_02560/README.md,6b31c6b9a3ed1357c19607253f5c3ce357141d975ebefc0fc2ef10d279ab98f8
strategies/H002/unique_02560/strategy_definition.json,677ceea4856c81aa03123e7fb3870865e035324b4935d4b93e80a9f572853560
strategies/H002/unique_02561/daily_evidence.parquet,03bb42973e2fa2d991efecfa8886c9a65dba1627f6378940fa7d6f409f54684f
strategies/H002/unique_02561/README.md,3b1b12b783dede3701bdf9b0d77dd9029572dd79f424e47cea08ff120a9b927e
strategies/H002/unique_02561/strategy_definition.json,8e0599e8fdcd5ffbdc8f26589a40fe429f0cc07e1f98237ce6505d4147ca61c3
strategies/H002/unique_02562/daily_evidence.parquet,105174aa86690351b0fea4c3467551b61bf072a8c144d5b29f75d9da77b08744
strategies/H002/unique_02562/README.md,a5b9b7c5b4fd1b9c77ad1a4669c5d3673dbd656dbfc08b669346a7a3c995acf2
strategies/H002/unique_02562/strategy_definition.json,8f08c97948f045840406ffd1235d8bd18adc0f311eddfc41663cea0981fd8a86
strategies/H002/unique_02563/daily_evidence.parquet,e2b8b800d106dd0203dc6cfba1c1f792955953e69d59e5bbf3576ffed23eaa6a
strategies/H002/unique_02563/README.md,2979e974e2927e87bd42b6e2801bf16526220b24b2c48091d82111a4bed7591b
strategies/H002/unique_02563/strategy_definition.json,f206f9c92bb35d609a3aaccf443be37bc2373e50949837f1c80253a5627c0329
strategies/H002/unique_02564/daily_evidence.parquet,48f027b6d801cc8b74f7d33ccfd5c347ced08cec418ed5a1bc5ca25ead68cf81
strategies/H002/unique_02564/README.md,8c61ff91fd25be58cf258c2fdd416f329376a49ad9b7c43d9c219fee6727000c
strategies/H002/unique_02564/strategy_definition.json,740ad6d7dca078448cbfcce0f2a2ccb050637f330b07228cda1db25a7075d9ac
strategies/H002/unique_02565/daily_evidence.parquet,b3a1dec81d696dda71a6e786a9c28931ca77ccd52763ba8bf4358c0462a3d8a9
strategies/H002/unique_02565/README.md,1e1f8f4b72120caec9f8dd9d580159bfe770a88512d1c8d783024ecf841bac1c
strategies/H002/unique_02565/strategy_definition.json,c5378f6335c60d890579cc458f472ae6a7b5c2f81a591af2b1d5c586fe2770ab
strategies/H002/unique_02566/daily_evidence.parquet,66208e743d10180ca9736d239218f88767378f8097f7b09f67b380f0d2d1f6a2
strategies/H002/unique_02566/README.md,fd7a5b9738e6e63b4076596e87ad9c2b62f3df513c50453fee5ea9a47bf448b5
strategies/H002/unique_02566/strategy_definition.json,4f19490bedb76b9bd1eae3a2febaf473c2a35bd405828ce3c0893c00bfc71071
strategies/H002/unique_02567/daily_evidence.parquet,6aec041ae2b495151f2d7ff710dd089189713e5ec2c30528a3096f7399f7bfd8
strategies/H002/unique_02567/README.md,14dca71ddc608ceaa83e3b5ccfd8ed8a6920500461dccdad9e27713ecaca5ed6
strategies/H002/unique_02567/strategy_definition.json,76c2d244640ac8b2aa72b89209f81019f79d84bfeb473ef071929a2b5e75ba84
strategies/H002/unique_02568/daily_evidence.parquet,d4c1f9f07079e84f0cfe114d6be96e212fcd538c6a523292d949728563994525
strategies/H002/unique_02568/README.md,1538e4c2538251d74803c8a3284c45f6e20aa585a7db8c12a875364bd76a8122
strategies/H002/unique_02568/strategy_definition.json,3d72a998c26adc130a8050a8aff19b90275513258f6eda08a0e5ed4936c5fbc0
strategies/H002/unique_02593/daily_evidence.parquet,ff91d84db96e6384f6b795df5f352102439aa33e454ceabf1f898087c2ce9692
strategies/H002/unique_02593/README.md,f311878504016745e0660e6caa04b7b28dad5df5970de27172b10c654fd91b34
strategies/H002/unique_02593/strategy_definition.json,3bf6a7e701cb7c732adc5c15526ad07c41bf25431db08c68bb60ed4c7e45328d
strategies/H002/unique_02594/daily_evidence.parquet,ac8e458e02ee17c6b67742403384eeec4dc9e0a97aa08466391f0830935a0baa
strategies/H002/unique_02594/README.md,8b238ab5bc9f29b8e4975589122330068b889de74b879a5ee37d9b9ace801d98
strategies/H002/unique_02594/strategy_definition.json,17352b02e7ac23c4347daf693ce719ffe596865e3d69451742102641b546cab0
strategies/H002/unique_02595/daily_evidence.parquet,089317cfa37d694d081890cc32a41a6a2c8bdd5d38903ebda0b171eec1d2f7e9
strategies/H002/unique_02595/README.md,27b6b35ceac577b9e2a12e5dab3e108d3cb031d2d6a4114e0bb69bcf1c39bb31
strategies/H002/unique_02595/strategy_definition.json,aed5371433371e83d5a0bc8d09241f42c6eb86151f2bf283ba556512e4777b53
strategies/H002/unique_02596/daily_evidence.parquet,2076c7bb6d52a08161cc3d52c891ae5e4b20d32e407bb25c44dba3fe83699a36
strategies/H002/unique_02596/README.md,0174d33658496ff61186669a3326017d0670d3981844242ab079908fb4d43e26
strategies/H002/unique_02596/strategy_definition.json,fb007e10fa3ad00b8691ca2452994206410292c0f7681ff431415c1f00f4031d
strategies/H002/unique_02597/daily_evidence.parquet,3269e5f86d18548408bf0e1947b463704970df2652558db7ca9f2b10c9d2574a
strategies/H002/unique_02597/README.md,c824b226d747df704cab5535fc311ad400bb428537b4e7ae11f47ea01c2bba74
strategies/H002/unique_02597/strategy_definition.json,3db0a098769c08526c513030120e734c8c0947167286052e85acc8b2bd662a9b
strategies/H002/unique_02598/daily_evidence.parquet,79177bfa6b392f8bdeff166181daa5fc6f1812d1b9d57e7c9d59a4cbca399b6d
strategies/H002/unique_02598/README.md,4383f12df664c925555a1efac009491a4c363ac789e17ff3fde8fafe131a348f
strategies/H002/unique_02598/strategy_definition.json,b1ce0905db8132007d9166a0c940f4559d92dc607c9969814d0cd24be2cf7d6c
strategies/H002/unique_02599/daily_evidence.parquet,ade37073d495fa34cb592c41f33c57d4e76577a363b7f745247f2cbc3d96199f
strategies/H002/unique_02599/README.md,bff7956e3df1577017d2a1a7e78b4665ec204c97ce1792b08306f37111341414
strategies/H002/unique_02599/strategy_definition.json,82394ecaa9d5e16f4b2bde095e48d5339e5460de44a2869d1a09844d17e83f11
strategies/H002/unique_02600/daily_evidence.parquet,3a13824d2752205312d5f3bb5c036f51906c5ff6dda8a7196a4febbb2594c67c
strategies/H002/unique_02600/README.md,6f8ddb1965a320af25966ae9b7d95c042612d100b4b32514b579a3657fdd292c
strategies/H002/unique_02600/strategy_definition.json,0f4fa03966c0eb8a67e9dc36b57fd395bf80d9897e9cc62dd4192d866a28c958
strategies/H002/unique_02601/daily_evidence.parquet,f09e8f9155f7dc3a73558899325a7734fc1e8b3c5e7b3d83c70c156f64438608
strategies/H002/unique_02601/README.md,635b46bf43aff9563df96ce215b93a6552a963b25cbea379d0a454e2d729bf62
strategies/H002/unique_02601/strategy_definition.json,8bffc807e58a74931e0c9486e36435a8696a8904fe6bbc5a310e1a2d3b8126df
strategies/H002/unique_02602/daily_evidence.parquet,d2cc5570d5ecd2f94d98b52c74c032493573efa3b2a453cbfa6e113961da7645
strategies/H002/unique_02602/README.md,11c62e063a1d47e238e9bdfdbf31a0689431c9ccdc5024ad7fe0a2328e7a13a9
strategies/H002/unique_02602/strategy_definition.json,7ffdab2230ef21a308b56394e087ae530c245cd6b52e2d29a069180effa0c8bb
strategies/H002/unique_02603/daily_evidence.parquet,43d97cfad5eca4656eec7ca9f8a3e92d6da40dc6f783253bf4fd3e2237b1fbf4
strategies/H002/unique_02603/README.md,eb2ad33bfb7f5f39110c617247aa6c50edba927a93cfd57765500d9edf434350
strategies/H002/unique_02603/strategy_definition.json,8d8a536b55369f26b3b940f0deafc435b11501037a4ddfc942adbbb0f8e5dd18
strategies/H002/unique_02604/daily_evidence.parquet,3ee95ffcb6689fd7abbf453a5b7964eb0dfcb6688a58732a7a253fab71d4f8f2
strategies/H002/unique_02604/README.md,da6f87db7edeea6216138656da53f10f00a4f3c2c1fa748a779e54d4a6392f78
strategies/H002/unique_02604/strategy_definition.json,5817e729c0d106b7f76240945daedd060a95d9c6e4f13285dc64e10aca3bc97d
strategies/H002/unique_02605/daily_evidence.parquet,39584c9fb1968e0878c3cb1d7b3afb2dee5ccd077e500e97aa3deb2cd3a5c287
strategies/H002/unique_02605/README.md,1ed4ba809e4b2c41ceef542f3d15bb3cd130e9bd8a680e0165779987768719e4
strategies/H002/unique_02605/strategy_definition.json,885731f6dcf2626a8c32721a2736bf0017752cb5fa716ff59c0c688ecb500734
strategies/H002/unique_02606/daily_evidence.parquet,354f55eac36ca3df9181d94846803a056a70791f88ec47c2afec0abd4ee6a82a
strategies/H002/unique_02606/README.md,a23e8a0b878525f34f0e5cbfa07f98a820f94634989d370bcea44071883aecd7
strategies/H002/unique_02606/strategy_definition.json,261c2b489bb378343be47cce26137444af0df7a9ec2eb76b9d67101fd2a052d5
strategies/H002/unique_02607/daily_evidence.parquet,a20467552ab1a2edab1a156af3ed30f92f9cc0ed69db3aab9d1ef481f53f678a
strategies/H002/unique_02607/README.md,2ea57239d9cb766b8373b2afaffe74c57e67d27af9002fe2e7bef08e3e714726
strategies/H002/unique_02607/strategy_definition.json,ae2fdc3cdb9b84311a6192b3347047df6a42dd0130c018fdc73ced34ed96212e
strategies/H002/unique_02608/daily_evidence.parquet,c0ed0a76e267e9a0462333d32852c0c2b7d09fd0c6e9bcf51b94626c4d15a77c
strategies/H002/unique_02608/README.md,9ab885ac62b361bd8c49d1816f8d02dfa2c4f57e9b84d19ce1f31f9bd154330b
strategies/H002/unique_02608/strategy_definition.json,54e8ab2afa2fe64a3e0a55ee00592228a9c5a4e145bd58298d2b6238e19690b4
strategies/H002/unique_02609/daily_evidence.parquet,88571de69e15303eb2d7645ea9c6b153497e5953083424e065fd323457f84911
strategies/H002/unique_02609/README.md,87b824dd473760eab5cd156993717e6a8e1baa1e641e9b71a3bde81416a0a9cb
strategies/H002/unique_02609/strategy_definition.json,d4e1084f547d283e41fb7dd52471d0885f5056f24eb9af84233a8483a5eddd3d
strategies/H002/unique_02610/daily_evidence.parquet,c415e7636d8027142e33c79981c429e663089c292ce099e9566eb4f7f1d621c6
strategies/H002/unique_02610/README.md,d132e19ad420ea029bb232ed65ba975525c1eb9b51fcc07d5fb09bc2a8822e8f
strategies/H002/unique_02610/strategy_definition.json,1051ea6e9f14081fd8a326bd8c9444a5dd74aad3b0745533dbc3069a7b7f424c
strategies/H002/unique_02611/daily_evidence.parquet,846ee8646ab7a6c2a286840f760dba218c0b24e02e24cf82b6a2b46ea6432c86
strategies/H002/unique_02611/README.md,635717eb3d45a456f6727f5db77ebff514d36281560bcf15a7659dce8a32377c
strategies/H002/unique_02611/strategy_definition.json,4a6db57a07377c7b3654279f1fea4e89ab6e464fbff9f1729bfd4be326a1641e
strategies/H002/unique_02612/daily_evidence.parquet,21a71ac9d10d5efe89de9868f3479027677c07c443b35d659de0c145dbb809e4
strategies/H002/unique_02612/README.md,f3504e61f58ac5746e84ddae339d9ac06d8db56046ce642062511c40add56fff
strategies/H002/unique_02612/strategy_definition.json,3083c5a1455b13bf9f9fc354e39bdbb0616646b993cfaf3c3bf166b07928605b
strategies/H002/unique_02613/daily_evidence.parquet,e8c6ffbcc3e2819c016c24a1a5a22257ec49990f95f95f056afeb220156b9e94
strategies/H002/unique_02613/README.md,3b1f81e83f9f316f6d435e5d0f2a012d4bbce1ad15cca5e0e9a146a5dd0b5dc0
strategies/H002/unique_02613/strategy_definition.json,c4cd6c31c5d5877c3ed501578929cce5886751573faa03126548e44aab3c9eb0
strategies/H002/unique_02614/daily_evidence.parquet,7dfef83d541288c69930802f5c3649fc5f6a4460a449d6542c1ed42044c4e904
strategies/H002/unique_02614/README.md,57d7200d2451ad580e0288492938a640ec446afffd89851b19d1c4f13926119f
strategies/H002/unique_02614/strategy_definition.json,52d4ed181eb124009a0b4ff4635084b514dfd5c6f03d871e3ea2720d555482bc
strategies/H002/unique_02615/daily_evidence.parquet,c4860ac8eaf6cff20707855f2e398978ad65c89707fcae8857f0011e86aea492
strategies/H002/unique_02615/README.md,49a7f29aff3f254beb8bfcff52af93057526f2d0ba899f0949e772a15aa028ce
strategies/H002/unique_02615/strategy_definition.json,49c5196bbc59effdf5b71c5a6cb37fdd63d06d49939b951843af1e17ca7c41f3
strategies/H002/unique_02616/daily_evidence.parquet,8629b8feca4961bcbbee59c27c873d7a4982bf0d468a5d8a122ffd6aa1cf9540
strategies/H002/unique_02616/README.md,8ca8932564a78d20aa0a01ae46cc878143990ba57f7543100bf2133e2558def4
strategies/H002/unique_02616/strategy_definition.json,2a457cfec95202b723b007e99950b328e4275820e016040b6db82bddf4ef5224
strategies/H002/unique_02641/daily_evidence.parquet,ecc7ec0b3f98138d7ffb94801caa8687819a617dbbdb0089b755e8c3bc024c21
strategies/H002/unique_02641/README.md,c3620f83fcd83c27cf2d9394bc85c8c9cb353a35d908b257da809688df2a375b
strategies/H002/unique_02641/strategy_definition.json,3a925f752b6f4666be04e20571458606e07cfa8f152ed3dabd677b0b6bebbd9b
strategies/H002/unique_02642/daily_evidence.parquet,9ebf42fb66376b79d5e9d1d3a85201238c754c832fb9b2e5f3b30711025f37b7
strategies/H002/unique_02642/README.md,4ad00211369f03b3235e1d0894c9be532773a89369f617ea2bff32939ab59a79
strategies/H002/unique_02642/strategy_definition.json,34c6c00004eaa16965b6953158d840b4e61cfc044aaec51b12299dbcb8bcd908
strategies/H002/unique_02643/daily_evidence.parquet,5fc2f6e7c9a437b119ab393bddbe04dd707eb7df1c9638c39db9d56fec61dd7f
strategies/H002/unique_02643/README.md,f07b11844b226ea39ad09b3b812ce096121bbc5e0be9f8daaac6a031e1d43619
strategies/H002/unique_02643/strategy_definition.json,ce730be988fa4eff597b9ee74c954e49a95694dd49a797355eec77995f951b8a
strategies/H002/unique_02644/daily_evidence.parquet,de210c214bd51b8a1852bd4ca61233ba0b6081d1a3f3041c8af6870b4fecf123
strategies/H002/unique_02644/README.md,6ce43048646c9d3cfedfefa59934d882d43e9fb28868f79a2d29109cf2c7d15e
strategies/H002/unique_02644/strategy_definition.json,0d6c2f725800878abeb1330d84b3c458df3239066c403c2171462a4d94b261a7
strategies/H002/unique_02645/daily_evidence.parquet,c3ad222fdf82102d16cea23d71578e72d99453d64796cb8071bec3cc5bb5a81f
strategies/H002/unique_02645/README.md,089a02d6e0ba8dd5163cde4cb6fe00a6cbf327bb108cbdacb1092d9ebc2f0e1d
strategies/H002/unique_02645/strategy_definition.json,2080f3126c44d3a572e5286cc8e2f949500b79b3246395717c327caa064a33bb
strategies/H002/unique_02646/daily_evidence.parquet,10205f9d25ec3faff79727fa485ddf2b5c68ea7c0bd7751300a518bd67b26029
strategies/H002/unique_02646/README.md,26ddc3a8f902b8fc98f346216524f11bd991b96d6497bf14bb4ceb7455fba871
strategies/H002/unique_02646/strategy_definition.json,19314199748fbcad0f8195afd460c77955ee5baed5a6694af7b857da9ad1d33f
strategies/H002/unique_02647/daily_evidence.parquet,a7d021cc001bd98131d56800e47832f5956d96b2e755bea011f78bcca8e7bb79
strategies/H002/unique_02647/README.md,425f100bdd4b014950682f3d3c6df51c7e113b85952b1e3b3171b42f7cf44a5a
strategies/H002/unique_02647/strategy_definition.json,bcf69563356a681626c74418c2e56bf063048766e1a8916194f442765418942b
strategies/H002/unique_02648/daily_evidence.parquet,601e3f9d1949a000dfaaa7fcab593339fadf72b73bbc207ed6436b057124ffa9
strategies/H002/unique_02648/README.md,7d368ca12dd0df49de7c14490c692b0e7de3cc966ec4a26caf138ff3cea8b57e
strategies/H002/unique_02648/strategy_definition.json,9ef90570fc1f5ffba3c90bd7ca5e6433fb0ab46cc04da4927f5843dab7deb4de
strategies/H002/unique_02649/daily_evidence.parquet,170ded699ba89034fd760443cfab819c02c2226afddca1982d69b651b149b02f
strategies/H002/unique_02649/README.md,a31c4855c49a870870bb625d04c8c9b8fedd8a73fe8250d63d3e13d61807d3ba
strategies/H002/unique_02649/strategy_definition.json,7c4f9e5b90067e6997f8add2e7ac0f0c6b4c395b53dd52bbc7f0fffe9562cd59
strategies/H002/unique_02650/daily_evidence.parquet,1a5fda09c2202d2feb7083579d1ea7085dcac5237b6fb141f18a080ffe095e6a
strategies/H002/unique_02650/README.md,e3ea76776422f7aa7ba2513e1a707a9eeaf2379ec314debd63f6e9113fe70d2b
strategies/H002/unique_02650/strategy_definition.json,a21b09fb545695b9284697d0561745ed4b7e2459d685a4f02fccc07029adebb9
strategies/H002/unique_02651/daily_evidence.parquet,de61f848d6e72fb8a79d07a0b34260ab890a0ed0b27c0677997b79dd78847192
strategies/H002/unique_02651/README.md,d03d481a772daf7c33f21affc29e03da59eee2f6d4f129d9e690187f874a2df4
strategies/H002/unique_02651/strategy_definition.json,699afebbcc11db26072140cea742b49841ed85a1428499b113afcd3d9a9ded95
strategies/H002/unique_02652/daily_evidence.parquet,48f41e3127028fd5d815d27c37e3023707c27ca249a51feaf7b660a844226974
strategies/H002/unique_02652/README.md,09460697407829aa99163c3deb77baa8db8c6003fed192a58658fc0da4230abf
strategies/H002/unique_02652/strategy_definition.json,01c64f6840b70340c55cda1b4f0ef43c7f5dcc3211aab960f83d520304e2771b
strategies/H002/unique_02653/daily_evidence.parquet,1c94277203e6f739fa041e55eade728ea1b64c045f96237f0dc08060190326b0
strategies/H002/unique_02653/README.md,867547bbfe0ba33cea2d42c68707f6c49806c3d6d9fe17ece19dcfa3012b64c6
strategies/H002/unique_02653/strategy_definition.json,0d5eb15b16f64a34f4553c75b79ab6a323fa83407d958092e8eeddeabdd1c389
strategies/H002/unique_02654/daily_evidence.parquet,0f1c04297a8beffbbac8586575c011bc1e837cecbd0d7744ff9368abc8a05cc5
strategies/H002/unique_02654/README.md,7d05ae032afb12c29b9e2d240e57105bb50d177e8e71a54f82e750955bc62afd
strategies/H002/unique_02654/strategy_definition.json,50a224a1e01b843c04cb5067cc77e5c2fa1f8e1aed73b89ab2d4cbb04905daa2
strategies/H002/unique_02655/daily_evidence.parquet,7d50a1f72244d9037828455a6a008ad47fd97297e8438e65d3087aa79866244e
strategies/H002/unique_02655/README.md,cb30e77e94ac018468209e0192e3e65adacb9f76260e98c8cbb9d6c6b4857131
strategies/H002/unique_02655/strategy_definition.json,1131731b32f46592ff14402c641dc683c5b92e78978ad4311d1c98ec975a034c
strategies/H002/unique_02656/daily_evidence.parquet,0d79d6deb5c73ede923fb42b0ce8c6102cf21af98c94db3854f9837b113ee8a2
strategies/H002/unique_02656/README.md,338d08d2200bc04b1e2af051f96c8e24172e4cd518469eb805f950a60c77324e
strategies/H002/unique_02656/strategy_definition.json,7e8a197749516de60e69c3a86bdcc9e7533810c8d58b27b06ef803f3fc976a8a
strategies/H002/unique_02657/daily_evidence.parquet,9c04da26314f99672c50e028910502fa6c90cb7cedf469cfcb018c35afcfd4ae
strategies/H002/unique_02657/README.md,7a2ed52e51015c5d36df1ed0b8fbd8d9ea8f6f6d940712d6c4726c3f3aac8eb4
strategies/H002/unique_02657/strategy_definition.json,cd4522d395ea08e6a93af171263fc15980af4982d60cb6f55e724362889120ed
strategies/H002/unique_02658/daily_evidence.parquet,bece6418a80c76b1814aab8d62dd9e7d1942ac9631fb68f5ff6a3a7efaeab0b9
strategies/H002/unique_02658/README.md,8ff2936e39d41a2c1477656ca0226f2e123fdee1e7b854fa09ac6011dde429f4
strategies/H002/unique_02658/strategy_definition.json,8a9ca6399e86a6a2210ef6500d737fb77bdc8238a0eda495780c6fdd472507b2
strategies/H002/unique_02659/daily_evidence.parquet,74e76c943fa1c5a71dfd370166802a8306b01ad390dc36265162abb39f2b6dfc
strategies/H002/unique_02659/README.md,2d930bb73e0bfe8f1238aa429eede3d716eca529aca1b38c3045d5e1f61200b1
strategies/H002/unique_02659/strategy_definition.json,2d3e975946141932fd8a9d0d8adb39e8704a1cc2ff7f0033261c0653fb430b25
strategies/H002/unique_02660/daily_evidence.parquet,93023b37c7cd1281efb65c27f0ec67a54ae280206f199c7f3f90b938915ab705
strategies/H002/unique_02660/README.md,ad0888f3f27cd33bb37e493873232d1568aeba25ebfe67741ad16216c1aff6ec
strategies/H002/unique_02660/strategy_definition.json,f245f11cf19d8a367b06639ace0d83274132fa91550253afebd08f86ea9bf687
strategies/H002/unique_02661/daily_evidence.parquet,82c7d9763227dcab247774afd536d3c29551687086398cf2fa7c9f2e55dca0d9
strategies/H002/unique_02661/README.md,ccf081a71a48ae5af114db38429f718ca7bb264a3c3566a305d40d9a439b001a
strategies/H002/unique_02661/strategy_definition.json,7f580c5b028ca00ccaf81bf064dae46f6049523b3276aeb08e8f541ac034ad78
strategies/H002/unique_02662/daily_evidence.parquet,5b1fb6d817a264c0b5d9da5a454c83531957130742a2f74a3ee40d18f08cae60
strategies/H002/unique_02662/README.md,d3da60bde0746a21ae0f07d4c020f0c93eefbfcf130a09b9894ca04291042484
strategies/H002/unique_02662/strategy_definition.json,281013a4fef5eae76a21878a257a3c5a07d5069b62583f56357f7ff4d1ffac15
strategies/H002/unique_02663/daily_evidence.parquet,9dd65c4123b6393c39bc11d7e49a62f3f2fb22f9d3261e0b9f9552f39069dfab
strategies/H002/unique_02663/README.md,04524878578acb05a407b4255f2f0d793f50b7b20d13b1ac1b2230238601622d
strategies/H002/unique_02663/strategy_definition.json,0b4dccc21aa4ac131d540b1f6aa1629349a2267d93cd0f67b982721272ca2b79
strategies/H002/unique_02664/daily_evidence.parquet,9dd65c4123b6393c39bc11d7e49a62f3f2fb22f9d3261e0b9f9552f39069dfab
strategies/H002/unique_02664/README.md,8401971a746452e7703f2dc5f23e22bdb6a1ddcbd55e1ffbd81598d6d49d5d31
strategies/H002/unique_02664/strategy_definition.json,5ea847b9b26fdb4185a2737d4c405a207f8e838736a7485092027756d896d032
strategies/H002/unique_02689/daily_evidence.parquet,8a83b90c55ffda654b3439e9f8db71d84475f9288f4173f9adcd99128c8b1402
strategies/H002/unique_02689/README.md,3525fe35807c6fe0045516ef7325bbf3c46be7391910b3658a701f48e8e0b553
strategies/H002/unique_02689/strategy_definition.json,3ad5e31c98467507dae695181bea02fdda2a17df1b0b5f5f2ce3b83981787bf3
strategies/H002/unique_02690/daily_evidence.parquet,15a09a1f654ea111a71bd47cf6a81061113aa5d62528b82ecece47fa22163b3c
strategies/H002/unique_02690/README.md,a846d892f465a5fe421cf0abcade3d8eedb40584a9800822adb217145084f188
strategies/H002/unique_02690/strategy_definition.json,16885673a8eb587d5a7c89425b6977e7fb7035010efd700f25d353a781b91713
strategies/H002/unique_02691/daily_evidence.parquet,ab71fecf6cae6b809332b5b0deae3cef2102c2838fbd7f083e29ee4c4d6a4c31
strategies/H002/unique_02691/README.md,f58ad27b48419f32b1e73e97c9d503346e296d073ec6e8bf355b017de9e8af4b
strategies/H002/unique_02691/strategy_definition.json,dc195e1eaa9eba0b77cdf7c9d509bb2ca546394c705f219db78cd9adae3c2ff3
strategies/H002/unique_02692/daily_evidence.parquet,6b313286d6c76ccec470ed9194b7528a032960c6fedd238e71e0e5bb45d10cbf
strategies/H002/unique_02692/README.md,c1c1f8eb94671c62fe32f4012c486d3bdb591aa33d6273b75d0ee4a989768624
strategies/H002/unique_02692/strategy_definition.json,4a8c22bec439e71478fa80d73c46c0749c9f0bd6618c59badf804555db18e874
strategies/H002/unique_02693/daily_evidence.parquet,9860b7e7f496b5c370f30d6169057e3a790d6ce9b5cd57e651ef4d45f80a7da9
strategies/H002/unique_02693/README.md,35d2a2272757c04082cbce284bc1e939e7f96d6c0f589f4bfcf6e55e3ad6464b
strategies/H002/unique_02693/strategy_definition.json,8632cd17ec26131fe0f8d163b47388dec94a313f187a10ae29ab4872d305088b
strategies/H002/unique_02694/daily_evidence.parquet,60b81c757ddd5882dd0bc8413c7fa81ef2f32dbfdd96e78c96628c6f30bcaaeb
strategies/H002/unique_02694/README.md,adbc8a7b5df0e348e473eaa64263b5329f8828cf683809be8a56f322254c6518
strategies/H002/unique_02694/strategy_definition.json,f650b5e386746fd8cab84421e52c1922083b73013d6d0d6b41707484911a00fe
strategies/H002/unique_02695/daily_evidence.parquet,bdadc369cfdb103528e502ad94cfba563d3395ac839cb18514165d446f707003
strategies/H002/unique_02695/README.md,b0e8726363feaa9c7d383c85a0dcc388b52097c4f93ba35b2fd14f9dd998daf1
strategies/H002/unique_02695/strategy_definition.json,f46da97f9dbceed3d6de752bf75262d3b70cb2fd275759509f3060d44969af2d
strategies/H002/unique_02696/daily_evidence.parquet,f93129149aabe260975469e43f9e21294317bfdce5b6ceb8ad714f3e06bf3ae9
strategies/H002/unique_02696/README.md,ad79a052a70fcfb1870769962da524400b51f5f58b02d6e90dfaceb4e6f0090a
strategies/H002/unique_02696/strategy_definition.json,2aaf4a5caa8b77f7070e54d28bb8a8a2634d6bde8383845b0cf6a405b9463ca2
strategies/H002/unique_02697/daily_evidence.parquet,e307d084338641fb662af5cae392b9c2700a81418edd46161d3ec58b7348a96c
strategies/H002/unique_02697/README.md,337b7173dc1782e13c854b8d51503a6bf095d4fec6301137d383d5db6c2dffc5
strategies/H002/unique_02697/strategy_definition.json,cc5e232c17c0a807811507ad998b64bcf3fb02944e6b11da3eaa600416feb06a
strategies/H002/unique_02698/daily_evidence.parquet,ef183c26e7f79da60ed1d7c5d8b20576856f1a31bdb24e1fb89e1ca844259431
strategies/H002/unique_02698/README.md,6f5189d8e0fae9c9716765f57cb0884a50278f8097ec9d91cdc8cd2c11319952
strategies/H002/unique_02698/strategy_definition.json,799f7dd90165b7d4e4d01d56b0d8c4244bc3504c6ea0ef7514626f39d8def83f
strategies/H002/unique_02699/daily_evidence.parquet,f06b26ee5e8319e4cb3cd7f2a121107ef7899068234ac6e4845f590ccf5a7d76
strategies/H002/unique_02699/README.md,156e2bcffa03c3f144a331cfcc3d742b009dd512b2ad9a435ace3c201389a98e
strategies/H002/unique_02699/strategy_definition.json,478f7e402ec36e9988026c3ec4040b731c71276190fa8386b94a3296cf1e370c
strategies/H002/unique_02700/daily_evidence.parquet,d289c22f32aa0203238337a62f855a636adfa68990169e7229db8435aa229162
strategies/H002/unique_02700/README.md,a03298390f2afb312f23eafc3cdad187fefa48907ccf6a4aa2bfc2a32e3696e5
strategies/H002/unique_02700/strategy_definition.json,4b81e470707557c4540ac39f2abe9d3cedb65b84592439dc65d2c1cd92e95e69
strategies/H002/unique_02701/daily_evidence.parquet,51ebb2a6faa43f450de2ae7270fc427437c349eac8163319f8985ba024551e90
strategies/H002/unique_02701/README.md,9bb0991cf3d783c90612f5e098279842f26efc87efb8a31771c53eed8c208b11
strategies/H002/unique_02701/strategy_definition.json,56712f85601dc39c0d6bbc496029ccf938761a42b035363b0996d96329518c01
strategies/H002/unique_02702/daily_evidence.parquet,b5a95dfeeb59b053a2b1e7c565e0f4b81c440159c931979ca4ea6ebdea38c083
strategies/H002/unique_02702/README.md,e8db035f45b8ab6094e9befb56d0dd915967d4a9f9c7e04cef5124a5fe732e5e
strategies/H002/unique_02702/strategy_definition.json,a564e9723b72e9ce598dfca29cec0694527ba088dda747489bc9bb2ce4a93cbf
strategies/H002/unique_02703/daily_evidence.parquet,bc490515c39ed1091a8e3c288b064f25a45aa5c2a474bdd0f795666e761d53dc
strategies/H002/unique_02703/README.md,570208a1318f8af72ecedd4dc91e4ed03d888f1aefb0137378ac241ca4d83914
strategies/H002/unique_02703/strategy_definition.json,7a70a3de0746692530164a2816bf1efa5ee40b3f17824da17fbab28cd789ba99
strategies/H002/unique_02704/daily_evidence.parquet,1a8d21ddf78fdf8372899b751a4899c308b0c2cf9041cb77ea4bb09c9ece288c
strategies/H002/unique_02704/README.md,a8607bbada2c5e1d9f6854845a0c509734ff62e7c3e8620d1bd51aba5cd5d90d
strategies/H002/unique_02704/strategy_definition.json,635cf33bd141693e893f1311fcd3df011a6e30efbb7a0243bb7494475028223b
strategies/H002/unique_02705/daily_evidence.parquet,f0232afd7fe444b83b71d9c839c0984bbe0a77d2adbf30e7620037eb099b7cdc
strategies/H002/unique_02705/README.md,a783bae3411be975824237643c4abfd7ce84cf1f10a5b2977fec03effd3f1a0e
strategies/H002/unique_02705/strategy_definition.json,20bcfba5799bfb10f958c056c8da67e5b07678bc9f990630cdfaa1a3eb022b35
strategies/H002/unique_02706/daily_evidence.parquet,b53f40ac9b4c25d28b4de0d773c5649b91445374887dc3a35d3ac4f1cb25b2e7
strategies/H002/unique_02706/README.md,bf2109002e8e5fd6b05d933d684988224479ad48197d034687bb1481442362ca
strategies/H002/unique_02706/strategy_definition.json,5c9adc7ce4e0e69801bc6877f687d09b7b59d7f7b79a85227727603f63c4e8cf
strategies/H002/unique_02707/daily_evidence.parquet,1756d071b86f59da9a4c3330af9d99da281ee07edc15f1a47856c0406ff5407f
strategies/H002/unique_02707/README.md,bb8bfe4c878dd7eaabe6df91345188ef4b7c96ff92bca894099861b9af2ae29a
strategies/H002/unique_02707/strategy_definition.json,06ffa6cd9c35a8be39d7d8c3a25421fcc79bff570a30ef92721c7b0d53813faa
strategies/H002/unique_02708/daily_evidence.parquet,5d81c64f95400607882265b869dedf177d8282be8a3408cfb806e3333226d4e7
strategies/H002/unique_02708/README.md,9da13ab2e59c26cd6739482914d1f10d71ec37f45437f405bde19e50429dbae9
strategies/H002/unique_02708/strategy_definition.json,726880f85a7c7bb5176d2b79590e1c9ff0f0771ef7f40f1beeb1eb812dfa4b4d
strategies/H002/unique_02709/daily_evidence.parquet,d897e81f3c3d9688d865677507c6d277e9129d475461df9f0b9152b0a61a435a
strategies/H002/unique_02709/README.md,1fec08933c726072ce8a30441965615fc5a5204ad065d59c74520bce7655e225
strategies/H002/unique_02709/strategy_definition.json,21600258037fafecb9dd681fa38755d715e09ff1395470d20691a08b96c06758
strategies/H002/unique_02710/daily_evidence.parquet,9a47d5f7e97a6fec5789eb63cc91a0a15d1e5a1d7703099dd48bb00015cfd31d
strategies/H002/unique_02710/README.md,49f06a296cac406b3097274e065a6414852694d60f5c38b7a78596b555dabcd5
strategies/H002/unique_02710/strategy_definition.json,d52ba2329e1e0db598a8881d275109e34a1c988b41edd34ac7395d7a667e08c2
strategies/H002/unique_02711/daily_evidence.parquet,f8fa725428efa6a882ffde22d6458c2ea9063b006483cdf1011cad1220597536
strategies/H002/unique_02711/README.md,6b82838374e51daba6823591423c6e8f6177c6f1997ede300adc6a6ee25011a2
strategies/H002/unique_02711/strategy_definition.json,b8bea23ce48cf4d29da257ceb77c03194bc9eabcc1b6588d90eeef6ea0fbd03d
strategies/H002/unique_02712/daily_evidence.parquet,66811a50af50d6603828a1e957351788dc3862e6a77ad72c7065a9645f7881af
strategies/H002/unique_02712/README.md,614ba433e127e39cc03a9a1f9f0279a9db577aaeda82c1985eca2ab365b77ce9
strategies/H002/unique_02712/strategy_definition.json,e7a3c388f609f57c895e701ea3eeb43b278b5d8b943eae0a4600a505b48d56ed
strategies/H002/unique_02737/daily_evidence.parquet,85eb35c6041ae00300ecb375c35e17f7ad2c9b2596008bcf20f3151eed051525
strategies/H002/unique_02737/README.md,7bcf23bbf847c89f1345605fc3048a5ec071d421dde217e4f4f6246308ceb588
strategies/H002/unique_02737/strategy_definition.json,cd1bce3cce5ed54b59ee75ab7c3ed5fdc95866687972645302c6f4dff03b8973
strategies/H002/unique_02738/daily_evidence.parquet,6b76f964b010a761fc203722ea20a20c50428fbaa4d0b302185c42bd01935eba
strategies/H002/unique_02738/README.md,23d7da1f1969d7fd846d76d01ad5c02dddacf55dda5b1ee75898d8282c304f5d
strategies/H002/unique_02738/strategy_definition.json,1e2e55a598c3d3893275856ba1670c74843ed5ef8385a81b621b06eec4073e71
strategies/H002/unique_02739/daily_evidence.parquet,3077157fcd0c77dbe7db8f5fae2f88a587933a82fc5c764c3fc1ff58a36c4081
strategies/H002/unique_02739/README.md,9cb21b236f0fbbe75a8af8dec95967d1b7265915ff2372c29cc4bc891b7cf656
strategies/H002/unique_02739/strategy_definition.json,d7c8fa77b70fb120e7e545e521d22ef4c3600af0415f220db93f20aac5a31d4c
strategies/H002/unique_02740/daily_evidence.parquet,7989d8bd29c8b568a9ccdf36253e5ecd4e0950adc589e0c51a8403f54e7adb9f
strategies/H002/unique_02740/README.md,9c6afbc4971d85ac660c7cb66fedb7d347e8e16f7be20379ba63c8b79bb24ae1
strategies/H002/unique_02740/strategy_definition.json,5936b8cb93530d2061ec429a184da099af15c293fee0656a941d999daf95eae7
strategies/H002/unique_02741/daily_evidence.parquet,1b1195cc72d82b87c08dd816dafb88c71cb008cfeccb0dfa452f916b28730c86
strategies/H002/unique_02741/README.md,45aada7657ef367cc459a859328841d5a206f7c43c8c4c6c6778ba6706cdb348
strategies/H002/unique_02741/strategy_definition.json,1bcfb31de57503c2414e75a07c5a75ceb25b051bc5b6bd6ed9088eb4166c4417
strategies/H002/unique_02742/daily_evidence.parquet,e2969d48feae5576b9f889a762ef06d0d20324531d2051aab1c2c2f2135b9b32
strategies/H002/unique_02742/README.md,cada6232e48575801a5b3cfdeecd4dd41235dd4806505ebec81e85336dceec47
strategies/H002/unique_02742/strategy_definition.json,63758db28b912fe84e05c87a6c59a5bd1e8ec62d09acdbeab0e0455c57794876
strategies/H002/unique_02743/daily_evidence.parquet,85e90102114f598a4c50d2df1f639557abe9dbcd32615e8870ee9841912ee62a
strategies/H002/unique_02743/README.md,031e0f1d01047312eb0584f0954670cc122e189e4847cd6181db87f646bdb578
strategies/H002/unique_02743/strategy_definition.json,4afddf6b9083015603579b7b5075e6334a852391485855a1a007b199018c6c34
strategies/H002/unique_02744/daily_evidence.parquet,df964dbe40d5d83b8a5495c1859ed4f147fcc9e47666dd774c91c6aff4ef8346
strategies/H002/unique_02744/README.md,f8fd15b7d896f158c6598e39add6c3bc15c09a408fb7f0dabe817278d0ea356b
strategies/H002/unique_02744/strategy_definition.json,ae24cbe64dd2cbabe4e21cd118d3e3df7e76c7a831e27bb4fdef92d39cf83cc0
strategies/H002/unique_02745/daily_evidence.parquet,80b30ca12c3a6d90559b189973a64348472647a5991014af4040f430db408700
strategies/H002/unique_02745/README.md,4a72f67026554b1e88d77247cbe0ef55611a4747acf2a6dac47e1685a5a30d90
strategies/H002/unique_02745/strategy_definition.json,d667a9072536dddccb999b21f5f3c9c2222e1f6a259d9ecb1596229a9e5e12cd
strategies/H002/unique_02746/daily_evidence.parquet,9b3285c022ea4c6f01e5f85ed503a74b39f82868d56a313e180ed55a588fda33
strategies/H002/unique_02746/README.md,c8237f5857e721440a75322da27c3316897d874ad4c12b37c555e5c2841f8a5b
strategies/H002/unique_02746/strategy_definition.json,246c8e42c4940e66a08991962df06144bebf737f5bbc28de1d3e1a41c019e97b
strategies/H002/unique_02747/daily_evidence.parquet,32f2881f40daac013a1bd9ac92d484cb08b1da304adbe8f321a528a272822628
strategies/H002/unique_02747/README.md,9bdadad1df306139ee6adf6092e501cda23f1ea2d87d7c36770b68b6e7db0d6a
strategies/H002/unique_02747/strategy_definition.json,a27c2d814b5be3086c453ca3a09886a27da714f82daecb8bc23db698ad3b6785
strategies/H002/unique_02748/daily_evidence.parquet,ea711a988d6eb015bcda24a5f154709ea051f2d351ac261e02445106c77c4984
strategies/H002/unique_02748/README.md,67ecf9e471ba02c83ff81b0ef31bde55d712d74fcc2b8be5e47644f5de91e72e
strategies/H002/unique_02748/strategy_definition.json,2be5b068dca5e82ead528db8bf1605dc343cf3839def8fa62c28051dadba9a46
strategies/H002/unique_02749/daily_evidence.parquet,352236914788193defcd316a058a48e8517c490ea9edabcbf083b943c98aa9a9
strategies/H002/unique_02749/README.md,cb02e3ce575e65ee88d242d4ef165064131928c8a07c3f11461ec53fd2a3dded
strategies/H002/unique_02749/strategy_definition.json,64cb4c3f351745cd8f6020a476a7852f363e560b649d8798bccc091a965d0964
strategies/H002/unique_02750/daily_evidence.parquet,da1fd4f89904c280fdec4334e89f6e896200d9d85c873be8c501330a7684dd47
strategies/H002/unique_02750/README.md,0302283cd330deed63a0b2ae2ca1cf198c6b8bec82d3a0a3e1ee5567b0cc91bc
strategies/H002/unique_02750/strategy_definition.json,958673792c581da383c13f2b6f9c0e6355f2b38727c011f5a5ec35f86102038c
strategies/H002/unique_02751/daily_evidence.parquet,cf4e7c4d5aad6f60be25717bb67c0eedf6240f33f7e580e8889d90ebac05bafd
strategies/H002/unique_02751/README.md,323204cae7293263d5e78bbc44b01b27545f4975c1d9d7b9b08168348f8e1c71
strategies/H002/unique_02751/strategy_definition.json,b4d7446a0fa0e0805f0e038bcbe17e45ccc9e69595b1807ba0be4806de3c92f0
strategies/H002/unique_02752/daily_evidence.parquet,6513a8ec11c1e24f9661403523a7d9957fc8bf363c52dea442910d0c058cd351
strategies/H002/unique_02752/README.md,7280355a846fa72ff76cf7f2e438e9136523e2f60d8e6f3653be4795ee9d5b6d
strategies/H002/unique_02752/strategy_definition.json,b34b79deb9708a36148cfcd38c7a6cb77dc896bd88ef1f48d4bdcfd8c5b71f6a
strategies/H002/unique_02753/daily_evidence.parquet,ec25d9707449dfdc9843dcc9ff29b1af266e857e67f34f84be6df11be51a4a8f
strategies/H002/unique_02753/README.md,cc72ffeeb3ef1ce2b744d65ed286a9e87d71215422eb250def117514da51f429
strategies/H002/unique_02753/strategy_definition.json,a50e9ef985860230da61ebaf6bcc745d9f85feea014febe08cc22852e13d0fee
strategies/H002/unique_02754/daily_evidence.parquet,66ef8c4313c87de062efec5bcf08db88f532d11ceed047c48c94e749eeb7fdd4
strategies/H002/unique_02754/README.md,afec9e5abcf1ca893518effd25cde3e112dac998ed9877319d744f3a0e56786e
strategies/H002/unique_02754/strategy_definition.json,43ea832788b36736c376dbd5726cbf5df429d69c86721b57ad79aff0c71ad767
strategies/H002/unique_02755/daily_evidence.parquet,b91dca9466c1677bc319c698f393c1b2ef2bd33874b39ae94993ba47061e33bc
strategies/H002/unique_02755/README.md,a4fbd02bdf8b9a66850b0838aa302eb12b827a8d4e2a1632cdb1f637be098068
strategies/H002/unique_02755/strategy_definition.json,927020473aa41a5087d4c3ef07ec22e378a9d1c9db37b6b45bf576da50c7e56c
strategies/H002/unique_02756/daily_evidence.parquet,116b5d979869c8db5269501b5f4b527aa6a21605fce53b64f342f68befc66668
strategies/H002/unique_02756/README.md,703a80c96162b1f181aedfe0b9c3d4d9acb3ae307cbba874f8fb7852f229dacc
strategies/H002/unique_02756/strategy_definition.json,f676ef0b381525f19b12001679e544b5ef86c27cc3e3fccc96355705c5c5fa3e
strategies/H002/unique_02757/daily_evidence.parquet,90701ae1591d00f28dc5942a6322ac63ba5f95e9f2e7423a74a9d7834a5ac248
strategies/H002/unique_02757/README.md,f783bcffaccdf0e37f238f682ada39c782166b55daf8317cee2b9e178071c521
strategies/H002/unique_02757/strategy_definition.json,f6c3a373e00940ea8e2b5bb9653a1c0edb4c42ccf6682544f6c96192f5c04b10
strategies/H002/unique_02758/daily_evidence.parquet,bfa12957d9479f23b85034a4e015ce7e5b29f705febea3af67c35dd9d2487814
strategies/H002/unique_02758/README.md,37c8e3404b4fbe40d2e677dd4d920361ce41c3ea1fcd9de28b92541f24b3263e
strategies/H002/unique_02758/strategy_definition.json,81ca1df08250ad3c6cdb53d9b1318b2c686e4d38cec4a78719a8faf14a5d3b1d
strategies/H002/unique_02759/daily_evidence.parquet,13d81315f7c47eb19dfca8ab2e46757884b3de508f913041ab810075ee231e4d
strategies/H002/unique_02759/README.md,38aa93db67ce71e5476f742ca18a4bc92bb6c5466a3d52bef603898a67fbbcaa
strategies/H002/unique_02759/strategy_definition.json,eb37ee0c69f3179e9f20998044f8c34f06e4df3310aa27c3e15f063e307c158f
strategies/H002/unique_02760/daily_evidence.parquet,13d81315f7c47eb19dfca8ab2e46757884b3de508f913041ab810075ee231e4d
strategies/H002/unique_02760/README.md,4d5966a37889e7d43a176b0b4f7bd49326feebd4e4ac99fd07bdcb63cbdc166d
strategies/H002/unique_02760/strategy_definition.json,af49486e5f5f6a9399cf4a382e2b5e6e5be3920c70f758360a680b79ce961127
strategies/H002/unique_02785/daily_evidence.parquet,01a2faa03102d12104cf9c47b26e165dba50f6861715c81acf2fd50bb461ba79
strategies/H002/unique_02785/README.md,b9d723e5609cbe858cee6d0db3e8b962ba06357324fbb6cc4d689937467aa250
strategies/H002/unique_02785/strategy_definition.json,07788734558751b0e60b6ba1738a06e4fdf80b24dd42dec11f0b2ab57610eb1f
strategies/H002/unique_02786/daily_evidence.parquet,d58a8f40c69d0ed6c44d1a666d21d7621bc812589afce710feec0bf5472dab28
strategies/H002/unique_02786/README.md,d6388b75cd57f97ed0de30f646f4555b1bf662324c645159b9f43093107bdfef
strategies/H002/unique_02786/strategy_definition.json,d1447a96de4afac80c93eb82ebab625787dbcb933ff3c07bf8d4255ebe6a916c
strategies/H002/unique_02787/daily_evidence.parquet,e83a08be5ee597df71ac4b25195157386fb8fb67576c04f159f81752e6b9888f
strategies/H002/unique_02787/README.md,efd354dc00cc41ad5baf3903d4961cf816a87e519ef80f7d20ed8988c2083224
strategies/H002/unique_02787/strategy_definition.json,706aacbf88fd7e1e9b5441aad487e6fbfc575ea2d7f311466eb4cec572ec97b4
strategies/H002/unique_02788/daily_evidence.parquet,46c01770b57007f8e3aebd305d56e2867db5b159e15be0be5d163249851b2b12
strategies/H002/unique_02788/README.md,35799dbac9c2a189b6c7a593b662fd16015f4bcbabf5a161ea4f6883c86c159c
strategies/H002/unique_02788/strategy_definition.json,06d002f019eb96f6a0e40e21ecb6cc978149ab532836644c5703ce9dd652a75c
strategies/H002/unique_02789/daily_evidence.parquet,e03314d7e63821505c7782e312970768fb5c1dafa6f62d1b6a39d9979dc38cb5
strategies/H002/unique_02789/README.md,1355e7c847ebb708247bafd0030c14f8a95299489d4695b42a9cfb42fcdc934f
strategies/H002/unique_02789/strategy_definition.json,d8d9e0ce1eceac49567fc03d40603e20a5b8b5a9b755ebc14d7f03c1163073d9
strategies/H002/unique_02790/daily_evidence.parquet,e61d1c2885776452f630e18c24e36187267d76d2dcbf97df329341b8944d64cd
strategies/H002/unique_02790/README.md,4968503d17a81a0fd7766f355870349c1ca87e0567c9befcb16d7631d3ceba23
strategies/H002/unique_02790/strategy_definition.json,e01d4ff8614ff0d908106cf8fa41f9a40a7312fe0af0447b7c683cd86b8bbb54
strategies/H002/unique_02791/daily_evidence.parquet,44cb8520a7003bfec85f54da10a1bb99615d27b9345e11216b85d85aad0a8833
strategies/H002/unique_02791/README.md,b26dee1419d3ae382fef589a850fd564c604cb44577b95c8e6fabd1c978f681d
strategies/H002/unique_02791/strategy_definition.json,a7012cfd59a6248d2ae945ed99b6b87246b67c613a06a8b0dbfdd0c1df1b0355
strategies/H002/unique_02792/daily_evidence.parquet,3a337de0184bf70a595092742115abe25b8f0a5c34e368be40ff98462c7bb544
strategies/H002/unique_02792/README.md,a8be209ff1a7a429e1a0c4256abef1992b64e31349416abdf2e1f25ad0e796b9
strategies/H002/unique_02792/strategy_definition.json,6465e5cc756521f2a244ff3bd0ffa9700a62d2136617e9ea3996f95f5282cd01
strategies/H002/unique_02793/daily_evidence.parquet,3f215048c90feadd1244b309df3709ca98ab48ae43211b9b695979449a092795
strategies/H002/unique_02793/README.md,188f627a284110605dafbc57890abe88077b7112da5f1f43a7a516b68ddd3c5a
strategies/H002/unique_02793/strategy_definition.json,c529214a232598513c0a2dd18d1478a708dd7edf1dfb9758c1f7a2c6948a6698
strategies/H002/unique_02794/daily_evidence.parquet,9b4071fba898ea33122e8a76871d6bb5c06b94ae8cd88c74c23470aba16710b5
strategies/H002/unique_02794/README.md,b7283302e58e2ecef582473e42722010dd247ffc9f3790adabd22897ab451c72
strategies/H002/unique_02794/strategy_definition.json,aa72da2b9a6170e4a2e96197081a7ec9857689ced1bb489dfd7329d488ba276c
strategies/H002/unique_02795/daily_evidence.parquet,f0b3f8f489c27520a42b8adb81ad0fd4733edc8788ae08e792f9defde322490b
strategies/H002/unique_02795/README.md,ec5d0d60f34a4cfa2eff55a82d035501292d37b19e37fe5507184306ff9a0b4a
strategies/H002/unique_02795/strategy_definition.json,dbca770956f6cea236c4c79526c965a9f682e224da0c27d75c85c5c3a61e04a6
strategies/H002/unique_02796/daily_evidence.parquet,9f887f821f31fbd04d5fa36522675c29182e48b4a8bc3021be774d90a315b65e
strategies/H002/unique_02796/README.md,92cf5972c867d76bcb1fde60e39b3a7f36f8695eb1bc9fe71db33f63aaf8a7e5
strategies/H002/unique_02796/strategy_definition.json,e6f05c53422b2acb061f00c21344401d3f0b46e88bb85e2dc8d535428cdf31dc
strategies/H002/unique_02797/daily_evidence.parquet,d8aa3f843e5a578b56cd234354f9188664831ef2e57a638648e4920bc3ab0b28
strategies/H002/unique_02797/README.md,712d8ba385f9bf28739baf93739c2a1f9a00601f808205f0a3ad857d3e0e6061
strategies/H002/unique_02797/strategy_definition.json,dd39e8eca84e89b49f3553639b7d6ee9f3557f7767e29c3e836c254f2d315eff
strategies/H002/unique_02798/daily_evidence.parquet,b6a9d16eadb3b23d2907daa983abf2383df71df1184ebb4c93e5a75670f9e2e0
strategies/H002/unique_02798/README.md,758322ae99ad6cd0e1a27a44558b9a981841eb53f7b6ed9b6dde8274c0cba36b
strategies/H002/unique_02798/strategy_definition.json,04b09a5ecfb7d552c524b15f01733f1359ab632516525a47da372d06e142487e
strategies/H002/unique_02799/daily_evidence.parquet,42ca157b0ac9c964bc95e7de2d4e9b8ad0785fca30d9cfeb50306a0cab3db180
strategies/H002/unique_02799/README.md,8a19ee9495b3d2979ea92d40d163183093b1ada0bdb4139f41c2534ab4a866f1
strategies/H002/unique_02799/strategy_definition.json,711c586202b576ddaff08a72d66c61d2403d3e795c85ce93ba8cdaaf638f0493
strategies/H002/unique_02800/daily_evidence.parquet,e47816bb916d2ad0b9076678cd1c3f08b80101bbd2e81687edc3b238cba4be39
strategies/H002/unique_02800/README.md,3e6b88ad7bddee1d13ff90a218d42f9627f83bcb541f33dcd3c7eada035ca04b
strategies/H002/unique_02800/strategy_definition.json,891a9a28eaa6d008771e497b80aeb9bc3c6aae59b7ffd62fff32a0386eb535f3
strategies/H002/unique_02801/daily_evidence.parquet,7c3c068e86f532f6e3a950c30dfca3ee8f31b132b2cd315c984d95b3a9063760
strategies/H002/unique_02801/README.md,7f89f5bf2215304f60317b4b175fd6b736d7ef60926177bc3873d6449f7bae8d
strategies/H002/unique_02801/strategy_definition.json,a493681e69054d4031c18c2defe73ff80da33c822c37129db9013d1945529274
strategies/H002/unique_02802/daily_evidence.parquet,82386a7d02133c51be0e7928c680c6ddd54b7d1930b57a5acebf89a647ba2d07
strategies/H002/unique_02802/README.md,b2bd4c3c2221e1eefe88000e4dab9db48603e62637b0d63ad342a11a5f0e559b
strategies/H002/unique_02802/strategy_definition.json,6a3ef04c51de199c7d718577070f27d8a682b79a6b071eb1e02da47a550baf20
strategies/H002/unique_02803/daily_evidence.parquet,b79842dac0a95cf7bb685878fe98d43c11f96afc7af77b7e2dbb25a135d4c873
strategies/H002/unique_02803/README.md,3de21999c953eedee32462981946673c2035b3227b94be7b1e8e7c0071b85a8b
strategies/H002/unique_02803/strategy_definition.json,9df3125e4807534cee9a257cb20fb861740ec9cac40392fb58cb72f2f535aaf1
strategies/H002/unique_02804/daily_evidence.parquet,a9dd5f32c38c4ab43851eb6fca4622f1d49e5a64163d28b70ca11cc218bc92a1
strategies/H002/unique_02804/README.md,7fbc4dd2c0d891032fc05bdb21b8b2e263bb38648df01bb05d67629d1d4b23b5
strategies/H002/unique_02804/strategy_definition.json,657125a66c1d0ccfc9dd4ee7717d0eaeed8a56694bff74c79c9ad90d37af883b
strategies/H002/unique_02805/daily_evidence.parquet,fdb6509efb1127d918d655976a25936fbc79ca6969069a21280d3bfa936f90fb
strategies/H002/unique_02805/README.md,089da353f84f5fcdbff6d50770360b9cc7ac583a39e9edbd5cd5d955f929ea6e
strategies/H002/unique_02805/strategy_definition.json,bad395b4756f33a7ad77a956b00acb1618e7fb33a13768c35582b4853c979fdc
strategies/H002/unique_02806/daily_evidence.parquet,dd0f82ea9eb871c50ff896d549bf76072a61a04411bdb37166c979febcbd56f3
strategies/H002/unique_02806/README.md,d45c7cfa9ba12514be5548acc99240330db95ea56b406f2a6b0804d6a2b36611
strategies/H002/unique_02806/strategy_definition.json,9d0fea551fd27e5578fe1d8065c9c9c7125ec26cdf89a4f5285c16ebbb06d1bd
strategies/H002/unique_02807/daily_evidence.parquet,05bd664b8920afdad4496c334159fe5e5a6408700d17abeb188c0834405b1699
strategies/H002/unique_02807/README.md,516822e0ccfce4dcb609e84be4b2c7c372befa3f97b9fa2c375073c01d22c4d3
strategies/H002/unique_02807/strategy_definition.json,3db6ba6e8ca3575aee6675e6515d22e31cc7ebaad384b0a6d0e8bcef51a6965b
strategies/H002/unique_02808/daily_evidence.parquet,f2595fc11a191b8a565d86b068ae3dbaf986666318c9fd460de809d1dc75715b
strategies/H002/unique_02808/README.md,bbf36c0e92de05c48b48ad92a1d03a8305d77d473ba93979cb931f49266d9a5c
strategies/H002/unique_02808/strategy_definition.json,16737b46f343b97c1c09ba2affda2d431a523e600f9e15bd5403ea0880992369
strategies/H002/unique_02833/daily_evidence.parquet,9a24f6c284501613ec254a758ccfe52d562849943e68570b2ea6a19131e1a62d
strategies/H002/unique_02833/README.md,2420cfa5526d88f1e6bb147dd4d417911d3d18e5f6945902087a5be5354bb2ae
strategies/H002/unique_02833/strategy_definition.json,819835f0a5c304ee85844f046440b9b44567789863672f0489a4a7d53d118395
strategies/H002/unique_02834/daily_evidence.parquet,d38518b657efb91ee927709d711cbd7ef5cab0125d66a659ec92ee03516de6f0
strategies/H002/unique_02834/README.md,27be0c3e2f8788c20aad8b4bf17547e4b34c8af7e56a6b7ca31d29485d633230
strategies/H002/unique_02834/strategy_definition.json,a5597369e1e0c8a095fc892875d5478cbd3b47f1a58f65f10dceebd24aae14b8
strategies/H002/unique_02835/daily_evidence.parquet,8a0995f899840ebe8edf470b1360c039250ac588ecd5d04abd389d75c9d8ce63
strategies/H002/unique_02835/README.md,0b1fed0715ce1d3af218c396af9096134a57d6f100b53c83572d94cfd539fc8e
strategies/H002/unique_02835/strategy_definition.json,6c245ee46e9b6de76f862e70727adee12f1cefb872d658f160a090b5f7f780c0
strategies/H002/unique_02836/daily_evidence.parquet,8d7e7841b2a7317399c27e1c03094033e5d479bdec0d3cfd1d49de4259cfa0f4
strategies/H002/unique_02836/README.md,44603ef54953afb956677cf85d4bbb07faab4b28efd20b8f302118857b754c60
strategies/H002/unique_02836/strategy_definition.json,0878cd38499362147cb6f743d2b5d54bb15aa6b3817a53ecd215af29a20b05fd
strategies/H002/unique_02837/daily_evidence.parquet,b95261f3af960a8e0e8b07cc04d81beb27656d8319cdedae7fd41db9a18cc10e
strategies/H002/unique_02837/README.md,fa05d6f3df2a32c4f1a91d44d8781acdd670c0106a7ed6adb8deb49f65739c8f
strategies/H002/unique_02837/strategy_definition.json,45f9eb5bf2b7e2e204ac323cf610e0232c2d8c8fe226de98ca13c7e57e353a11
strategies/H002/unique_02838/daily_evidence.parquet,57b5e0b0a82854c08e9e43a6b98db885bbbc7e480021140dd655505afc791e6d
strategies/H002/unique_02838/README.md,ccf131966546df312cec0acce4084eeb783e5fba7a2946eb43979e218fd788b8
strategies/H002/unique_02838/strategy_definition.json,b1a2ea5b21e27a01c9363c6eee4e9506361d2e1d75b07932b9a34d732ddc393f
strategies/H002/unique_02839/daily_evidence.parquet,9709ce4636e38dccbbaebcf61081d7fb81c3f42ef1d7510c7b450c198f966e90
strategies/H002/unique_02839/README.md,2a6e452b1fb8f321e9026d621438823e0807fc857d339805bf61f47184be6b4e
strategies/H002/unique_02839/strategy_definition.json,5e56dd9a582d0dc934d02fa364ff92ef9dcc5c068b0258906d500405241e8eec
strategies/H002/unique_02840/daily_evidence.parquet,c4ce4eb2e959ef677bd77c08c7bfd205a555407d00321430a45b18126da5363d
strategies/H002/unique_02840/README.md,b1377080ed9daf3b745601e7d8b5ce28acdf424db4e0740fc68ac45f78fecb62
strategies/H002/unique_02840/strategy_definition.json,8b322562f76e70bb6610da8851e226ccfb56636d1dd90cf7bed5768e281a2327
strategies/H002/unique_02841/daily_evidence.parquet,4b99ee010d132c48d8960217e1028e8555b7af6c87aeb53b3cbe913753462579
strategies/H002/unique_02841/README.md,60ee61627653ddc1b690e74b70f9842b3182d265c4f7c15f4558e6f170292c72
strategies/H002/unique_02841/strategy_definition.json,e337da29f167aa8774c04583c89586e07f9e069d7ca24548f22f9c02eb0e0d92
strategies/H002/unique_02842/daily_evidence.parquet,ed08047a3c9c3113d556dfe25cc462b652892d8196929b5d130481e355185931
strategies/H002/unique_02842/README.md,1e07892985765b1a143363d14f2711854f1ae12af307d23dfa08dca1b899d46b
strategies/H002/unique_02842/strategy_definition.json,4376b50de72f441d871a44a56312aecd4bd3294420f68e4a8e7c224482802f9c
strategies/H002/unique_02843/daily_evidence.parquet,4de6d6d350c30f803e6d1ffaa3cccbf23f041007631148a3c29afcf783a7e4c5
strategies/H002/unique_02843/README.md,0c73052a9323715e4cdfa4aab6f1c62474e0460274a999e3421f5cfae2e779f9
strategies/H002/unique_02843/strategy_definition.json,f9cfb7d10b49fb71b37600764c9c529503ffde12b91f1f09e73265ea7b3ad97f
strategies/H002/unique_02844/daily_evidence.parquet,9dad6244d7615b40a98e5f98c576266c8955393963eed7affbae3e8129c1dd7f
strategies/H002/unique_02844/README.md,48ebe431484b01cf5dd990e3519a583333617b851e35f2568700baccb477add5
strategies/H002/unique_02844/strategy_definition.json,4c774bedfbd6af5b8a376f9c4f7090bbe029e09c5769acbf7dff0f0200d24d1d
strategies/H002/unique_02845/daily_evidence.parquet,f1de462e349f92031af434b844017651b7b6eb6268447ce104e4dd6d13b894f8
strategies/H002/unique_02845/README.md,5858bcac751dc8e743447e09d13a0211c40f5e1dba64901ee47d0982143b607b
strategies/H002/unique_02845/strategy_definition.json,9b8c386ccca79b2ac838e19c258f8014dc8461ce9216b1dc3884d7f1ad2bc7b5
strategies/H002/unique_02846/daily_evidence.parquet,453988abe917b1a2f0122e560f62d143b2f3bb4fb5acee36ae7a5364b2a30cec
strategies/H002/unique_02846/README.md,a3073c227c8ff94eefcf2f3028537ca1461b88e96b74e64f1b612cff908edb78
strategies/H002/unique_02846/strategy_definition.json,c6c41b1e3f2d3c7b9ce5de27f976e52071a098c31da727088b4f3fa8f5a08c57
strategies/H002/unique_02847/daily_evidence.parquet,eb2b66ae52f2c58021fbdea8f5d1d0c432c05e259978f67c74babfe84444210d
strategies/H002/unique_02847/README.md,5d43a47adfe75af3d2127f8cbf49c61ecbd9e3f2fd4798a95655b4264a23dfd6
strategies/H002/unique_02847/strategy_definition.json,dcf749e2fe951887ae9503ee2d66a41186d5d3b2ad0a16253f20c18238d4a22e
strategies/H002/unique_02848/daily_evidence.parquet,f998ccc75ab16b6b1218380be5decc29f385f4331174ed2245f6cc8fc3214076
strategies/H002/unique_02848/README.md,071dabb6b3efb3b784878f383328353a59d3fdd5ce5bd3437458cf173c136c26
strategies/H002/unique_02848/strategy_definition.json,ecc1f8779d4fb1001482602322a94b21ea38572c3d523ae4814a6ab8e980a6d9
strategies/H002/unique_02849/daily_evidence.parquet,b73640de40950bea9d64cb06947faeaa32fceae5f1f001d1e7e52572f8c1b9ed
strategies/H002/unique_02849/README.md,05ea7bdf5077c421d8a25bd0f6d2fc42d02bd7e05e79f158bcc5f6d9dd3bc091
strategies/H002/unique_02849/strategy_definition.json,125d3fd4c5b32b49e229cb5552008c39fcf43979386f0632bb5a3cc4655d67ef
strategies/H002/unique_02850/daily_evidence.parquet,9030e3af2982a303c09b330a3c7714aeff0eaee222a764e02b32535c8b9573c6
strategies/H002/unique_02850/README.md,77895e76b8e8c8606df073795f3866049eb6ca3e4ad06fe4d2d3036361168279
strategies/H002/unique_02850/strategy_definition.json,120a41cc273d1a1b3d1cd7bca3fed320c38bb41ae3312e89cb054c5fb074d328
strategies/H002/unique_02851/daily_evidence.parquet,cf196505bdc445baad46da800693d34d575edf629c184d37628d7f9d7b636334
strategies/H002/unique_02851/README.md,074f82145cc00337c2760ad3540d851086bbade7f624e3c01bca0f85e11eb8da
strategies/H002/unique_02851/strategy_definition.json,bed914c8c2331464ef79db8a69d7332ef27e7065487df97343259c4f78efb8b5
strategies/H002/unique_02852/daily_evidence.parquet,400d07245ab3bb00211fff7fce1565e03d39a83fda140126b4cce81d95701b62
strategies/H002/unique_02852/README.md,94673153d4143f7c70037d2d3a3bbd1a8a7fb0d9da87bd1ccafbab33f61c217c
strategies/H002/unique_02852/strategy_definition.json,54a5cfd57df01aa10a955af4b93ac6354f1dfc74d824f136f0fb067e6af38df0
strategies/H002/unique_02853/daily_evidence.parquet,c9a48067f8d40d59fe47400d98c411926c33c65b2099efd60a5fde50ac7fafcc
strategies/H002/unique_02853/README.md,8233eefd1caa03d7db77ced2a5f6b17571673f5588100f1907291262d79351aa
strategies/H002/unique_02853/strategy_definition.json,410931cf6b61d396cdb0fd7f2813e47bd6a05ddc47a057fa7006739efe950895
strategies/H002/unique_02854/daily_evidence.parquet,eb41376ee84f2576d7d1a7928082f83e7a24847ef8f90dc5c3bab75c5b3a7e31
strategies/H002/unique_02854/README.md,4dcb0dce238c29bc762aa3b2696adb7eb2067917c3992d310ebcbb9986e4f8ff
strategies/H002/unique_02854/strategy_definition.json,497099cfc0b3aa553fe72d950e9e1b86c511b69ce65585612a067b17987cba65
strategies/H002/unique_02855/daily_evidence.parquet,c0e769e7a45c9d18b639991b3560c6ab337c3e77a470119ad4d5efe159813a0a
strategies/H002/unique_02855/README.md,f082734a7346454386a2dfc0ed8b70681642364d4d0c3cabcd459c9a088e99cb
strategies/H002/unique_02855/strategy_definition.json,753177e8a7aace9c59583da2d5ea3687b61aab490195f787068f23803f20cc42
strategies/H002/unique_02856/daily_evidence.parquet,0b9d848f3ab08f26fd67da37d9acc8200f110783b149c357b33a39cbcf7e1a50
strategies/H002/unique_02856/README.md,4f28ec28c00bc850fc291f09d247d41a0ce2130a4148518e6858c1b1302ce7ea
strategies/H002/unique_02856/strategy_definition.json,abf933d5d41e9294eb279774ea35132019bf5597fb50e43b1705da784addf596
strategies/H003/unique_00265/daily_evidence.parquet,df4da01f4717ea3dd73f408a9f5b54bf778fb4b0dcdd1844bf9d2838dd81e98d
strategies/H003/unique_00265/README.md,46655a298646b992f06fd925ee2c0476fdc34a0897dcbd2b574e6bce1a8beed6
strategies/H003/unique_00265/strategy_definition.json,aa5bc8008531a72c76bd4d80656d3bf7d58496a5bc42ea5c359c1919043a2969
strategies/H003/unique_00266/daily_evidence.parquet,a73f581cf112c2be6fd110bf123011cf58c80a7932765fb13e7d116361ea44a5
strategies/H003/unique_00266/README.md,82b477992107e52625f633ca4be259dee8e20ca619c20f36813a6ada19ae9e67
strategies/H003/unique_00266/strategy_definition.json,3c6de58ad6907d51dd1e4b83a667b0890dedb361a995d3a6d46d0d24a655b288
strategies/H003/unique_00267/daily_evidence.parquet,2af99a2ef62c00821825962484262af166ea507fc348dc18a2f6aeaa53a61c3f
strategies/H003/unique_00267/README.md,94443d4c47ea1b1941cefd66734a05ef8e1224889ed8c1de46568827704ba050
strategies/H003/unique_00267/strategy_definition.json,ffd5f72faa7c34a38064e3905d32ad3d3a7dcbddcfab275b0ee3362ffd0f6783
strategies/H003/unique_00268/daily_evidence.parquet,e4c9fe5b6e64d8bb07814cc5bbd0fb1694c2b8fab87db6286661105bcb8ee97f
strategies/H003/unique_00268/README.md,ada0c9ed2f38e55a8702f1cac4fe8a9f063c1ff032fcae734a6b9186b57fa6c4
strategies/H003/unique_00268/strategy_definition.json,1a88437b4a8972289f5a3ae0776c5d1a2a1ea9741bae39fccdb8c24e5611a428
strategies/H003/unique_00269/daily_evidence.parquet,a5353e69acbb07ed4c8864218b7dba1d26f488d980faa5eece3e7d5d3fe5ca38
strategies/H003/unique_00269/README.md,c33f2343100e05a66500f8cca034b0e719d89561a69d2dfc9a536ace0336573f
strategies/H003/unique_00269/strategy_definition.json,90cf9f7217bd540deeb37e6ab7fea2449ef54865d083fc9387cafd1f4c271f92
strategies/H003/unique_00270/daily_evidence.parquet,b3f07d220cb6fbbe69496b4cd4cc7490259fc48af88515d5208e9bc8cafa6544
strategies/H003/unique_00270/README.md,4033cbab940aad128093838d610bf74d5c5de9d13cbccc96006afdfef997e943
strategies/H003/unique_00270/strategy_definition.json,32d12315a1b470e98e68b52da0e5c54d24826c172820126144fac2d9d19220b9
strategies/H003/unique_00271/daily_evidence.parquet,d17febe89601f2fb39d49d5793cd5bdc954f7950a9010523a1366907e71f3d5a
strategies/H003/unique_00271/README.md,2faa7c851c84d1c3cfb7da2b089f76eaef7196d39f467b17a806fb53399cb67e
strategies/H003/unique_00271/strategy_definition.json,ee69e31aba407aaef040cbe5569749a9cb0d1515cd067bda147ecffda27346fd
strategies/H003/unique_00272/daily_evidence.parquet,3262fcba092fb71b7cc0f25f387869bb209e1a8f158ed1e0a4613dd386349494
strategies/H003/unique_00272/README.md,5b7610b06ff0dec90a8aabdc199e5b1b711f8a91a6b132057a86c35a7c5aba38
strategies/H003/unique_00272/strategy_definition.json,cdb6edb8e94a2d728cefaec3eef87011e7a769ada7a7b4636ee38709794085c2
strategies/H003/unique_00273/daily_evidence.parquet,7002fdd1e34dd06e92138677f81a0bb4d56e36e1c411e0bb0d32002fa0a07bf9
strategies/H003/unique_00273/README.md,54889206b156f020eb59e09db9b970cd4bfef7f1dbbd2e15718739cd954ddba5
strategies/H003/unique_00273/strategy_definition.json,e30079207067d04d4317324617efc47b6fd65ec5b7134dd1d3792b46181ad0c5
strategies/H003/unique_00274/daily_evidence.parquet,88f1c60729bb96c84b9bf780ec8b3d01aed13f5b979dc0210fd668d0ff91f0eb
strategies/H003/unique_00274/README.md,a4b3d3dfbd040c82ae50bd41e89a5fd88aadb034bcd4fdeece498ac1253629f8
strategies/H003/unique_00274/strategy_definition.json,142461954b363236a0c6e0ba42d882bbfb78a66eda63d541260a3eeb9729e7e7
strategies/H003/unique_00275/daily_evidence.parquet,027b85c8c8f1b36752dd6119e9db49c2b155d4eb67c4ae7ebdb199d3f85b06a7
strategies/H003/unique_00275/README.md,c001064f0d55593835249af878c837c7613f50b2b845840c99d798cb8f6accbe
strategies/H003/unique_00275/strategy_definition.json,bbdd3b11edf03afdb5b23259e232ac86ccebf6e5cdfc4af9bfa8ceac1792e16d
strategies/H003/unique_00276/daily_evidence.parquet,37beb991129154005205e965e535108f40157ea53b1c7c6536995ea67e8e9fc3
strategies/H003/unique_00276/README.md,37b0fc051b3134a48b58b4667345719e65b7aabf03d62bcd6de4d9c0d0529f3e
strategies/H003/unique_00276/strategy_definition.json,27df91b29431656a350e6248dc4fec6e1dfe331b3510a787ba70589e093b0ebf
strategies/H003/unique_00313/daily_evidence.parquet,d9a673ddd6b0a7764ee26f80bed2d765e75039d5207173565ff9827cf7a7516d
strategies/H003/unique_00313/README.md,eac6730c0350f0afd35f374094d85a3e2843db90e3b062055cb4eed611c5a8fd
strategies/H003/unique_00313/strategy_definition.json,33d396096db45fd4b787c7dec2d6932f8f6d8ef732633fe01b8bf90337e9ac5f
strategies/H003/unique_00314/daily_evidence.parquet,ff0a67edca1d561d24c69b601624cfea342e2bf5e69c806a57540fad724236e6
strategies/H003/unique_00314/README.md,7930dc08dc9d24b2953e7d4c48716ae7bc459dbf9bb95d2947c5a6ae1814ba12
strategies/H003/unique_00314/strategy_definition.json,1bfeb47a5b66737a38273464d151e72cd8696cc463a8fc8540db6f166b0078d5
strategies/H003/unique_00315/daily_evidence.parquet,ecd1af2221145badb463af1588309f5318010fbc5535eae983542c584a53aaf1
strategies/H003/unique_00315/README.md,301777460941dde0fce24ea207950172883d135299b48c8a1457ac1d11ccf55f
strategies/H003/unique_00315/strategy_definition.json,c7c2d5f15e0d887843cfb3129d6731e645ad83128f5b220392133c8bc63dc494
strategies/H003/unique_00316/daily_evidence.parquet,b2b4132cc70e7629265165eab922ae3a32a3477aad3241821718c2b791963560
strategies/H003/unique_00316/README.md,5d4472fd586fa593801a2d7e379f35d5288ad6ac4ccb49508393c8e0dc006035
strategies/H003/unique_00316/strategy_definition.json,7193a1c84808279e0bc9f57b4c588190eb23f6216d5c2390a4fba28856adc3b2
strategies/H003/unique_00317/daily_evidence.parquet,868b1b6538dd0e3c110c3e039257f143855300114f4cac481b61ddb7bfa43510
strategies/H003/unique_00317/README.md,5344ce4a72472f43bcfa45d1f9d52018e7b8e3c50f6f77543e305e9fb02097eb
strategies/H003/unique_00317/strategy_definition.json,0de85f34a7fff927c00b75b30ac92d0dbb1916957ec7ce051a04a985ca52d909
strategies/H003/unique_00318/daily_evidence.parquet,f8cd246120b9d401bef8f795a55c929d0b4e753ac261b010669abf7fb5dada24
strategies/H003/unique_00318/README.md,e0ffac2a2a176b2e7cd96c810cbee28011eeb71f481f26eae631b67410cbaae1
strategies/H003/unique_00318/strategy_definition.json,dff05198739d6383cdb8b5b446c64da5626e62ea4494c8a3c9d42f626386627a
strategies/H003/unique_00319/daily_evidence.parquet,11a08148512e337c73ae0948b93d4c8f13623d51c787c44017302ff51a1da5ce
strategies/H003/unique_00319/README.md,c52fafa10f2cfb7e5fdfcb8210c60f5254b2673ca6cad9afd86c673ec9eafa31
strategies/H003/unique_00319/strategy_definition.json,739cf0cbb9999e9a66a5422c1daefbf1af9038f249fb31c8cf058ac2de9a9cb6
strategies/H003/unique_00320/daily_evidence.parquet,f4b2acee64de0870b5aeff79a783f6b97d700bf61e36c93b5bf920cd0360f401
strategies/H003/unique_00320/README.md,c0d627673c9dbce454aea7093cd713365fef4642ae82e70674cd45c1236e3e3b
strategies/H003/unique_00320/strategy_definition.json,c103e360f6b61295d7ea8516971a279ab2ba24f304b9ac8649ab5202481541ec
strategies/H003/unique_00321/daily_evidence.parquet,b07a83d4c97cea663f5000e500afa07ba7e1f91ad995e2d9cf12ff049cebba66
strategies/H003/unique_00321/README.md,16bf93303ea2b8b7c00e69eff4786d6005721b76497a473d25d8dfa4c0bef548
strategies/H003/unique_00321/strategy_definition.json,ffb77ede146be3d59648a54ee6ee38154a2f0213bed5c14f6e4486d0f4323517
strategies/H003/unique_00322/daily_evidence.parquet,730918c2b3b35949b5f9d3762ad68f97ee15bd11526d5e996b3e0f4af81fa394
strategies/H003/unique_00322/README.md,7f975b7a2128ef04f519a3c9b4a1b51b9e0b65cce4b8dd3a83812187e51b27f4
strategies/H003/unique_00322/strategy_definition.json,58401e6d965eade4b89d421ff0e305f18d29e32b55a3c01876f1d85383972d0d
strategies/H003/unique_00323/daily_evidence.parquet,dda2de2c0d5d161555b690b4e3139ffe69d4e8ca83102d0ae51ff6cb8c1821fb
strategies/H003/unique_00323/README.md,b9fb3233a6ed4140eb6941e2420f53e29bb626b93bcc915cc62ea1b6d3f2fc62
strategies/H003/unique_00323/strategy_definition.json,e70ce1987ff8af4dd36cdbad8cd70079064b0d27bc3da340c28308509edd7bf5
strategies/H003/unique_00324/daily_evidence.parquet,075b4872d0e411062cc96f6a896dd4be8b3e745d68e5e468b0d935fe8162c5d0
strategies/H003/unique_00324/README.md,fc346b4ef46e4dea511ca8196951e748453d5f9f03b015c28a34ea355b5dab92
strategies/H003/unique_00324/strategy_definition.json,ba42867b2f7a75cabadc2531bcc8e7e590076b96c594492d3a844761403f5084
strategies/H003/unique_00361/daily_evidence.parquet,6e3839face6f0eacdd288b7d6e1d7f3f81875c552f4e635e607d2e07d1bd5848
strategies/H003/unique_00361/README.md,50d5cab2b787a81e36f748affa6dcc5ae7b294df7261b51537b86dd2099273a6
strategies/H003/unique_00361/strategy_definition.json,78537f0c66b00358861944c35ec25926ad6dc5c96254318adb25956e75108837
strategies/H003/unique_00362/daily_evidence.parquet,4851ad46fe14c147c4084e368633e21ba70e6a8a3488c34d583eb41c6a1a8b2d
strategies/H003/unique_00362/README.md,f25a44dedbdbfc074e35c3543389393dc7543b607669973778140fa848a6bff9
strategies/H003/unique_00362/strategy_definition.json,0d2b2e9714a429336310b45bf44c30f708f3d611cc170a9ad6124e6c2c5c5829
strategies/H003/unique_00363/daily_evidence.parquet,062d815e042586afdacf7b98768ecf420fa952a455f0039cc1735acb5775beb6
strategies/H003/unique_00363/README.md,21d1d5dd2848b56a00f03b429108c308ac7981ba14f6847208701af4f3c70e85
strategies/H003/unique_00363/strategy_definition.json,ac1e610d2b28541d1e5e2c6acca7fda72ac752413a5089e2376e8de0fad43def
strategies/H003/unique_00364/daily_evidence.parquet,ba5270432a2ea0e09460641d2943445ef0be8473ad8a556e4bf1ee5348c1ff21
strategies/H003/unique_00364/README.md,60549adc4774958873b5acd94d41e18da086f60378e808ad672b404d0d65e051
strategies/H003/unique_00364/strategy_definition.json,042feea8e1eede4f383c4a1d6ee0d883e91569d86c18262040dd14d713cbc6c2
strategies/H003/unique_00365/daily_evidence.parquet,9fde12945f4fb2377a924ebbb48209322bfa74c542d98aee01e5e15879071465
strategies/H003/unique_00365/README.md,302d8e07c65f66eef4c8d9994d56ae716b6b5e3af38e7e7c95006834f8e5d3e2
strategies/H003/unique_00365/strategy_definition.json,464064d6a59af38916800069937bf16342cc160c9bf1274f5d908aecd899fe94
strategies/H003/unique_00366/daily_evidence.parquet,f88c88fec003db8a135a3b8a997aa9621c5c251ad900e257e55cb8eea411a74d
strategies/H003/unique_00366/README.md,8f164911b5907f696efb5d5c60183dd6e834d1ce3aa86255345f97535a9b65f3
strategies/H003/unique_00366/strategy_definition.json,8a4532d36d0450dc8a61fdf2e2ed5c2b59b0671e0c5de4cf79ca261e9eb53008
strategies/H003/unique_00367/daily_evidence.parquet,cd68635ee0d5423a720d4448fa8a81416e609f582430bd019081d57ee36c7ebe
strategies/H003/unique_00367/README.md,17e72310d9aa38383f1f7e0eec59dd2c38831313a9ca3ff3d51a04982600285b
strategies/H003/unique_00367/strategy_definition.json,739381adbb3dc8043e36855c7098cadd50b889a19762961ca98217f111ea57fe
strategies/H003/unique_00368/daily_evidence.parquet,73f4a7c1fc5140c49681199de23d224109fe5527a03d4c9bdd67148c9b7ddd88
strategies/H003/unique_00368/README.md,b6629405609a0c132714433fadf24345a546f53126981c8ad04f9b70f8c36399
strategies/H003/unique_00368/strategy_definition.json,26fbe18dacca7c53dd9a44029c40b39b376fe883b9293a5d4d04b206aa3a6984
strategies/H003/unique_00369/daily_evidence.parquet,fd2fc5d46b39c8c0a9738d0816740702c7d21494cd56dc1b67795ce28ffb5e3f
strategies/H003/unique_00369/README.md,c4bcdd4c7124a31b1e32d3f43e387bf9c0eade856b8fa2f3afdc4e2c419c61e1
strategies/H003/unique_00369/strategy_definition.json,f75be38aec8931b8246f6f2c83667338c0a3185864095950280ec1dd8ac62518
strategies/H003/unique_00370/daily_evidence.parquet,ffdda60f34c62a2646ba33f4bbdf01e66470aed58409e72fd9fc5f8fa2d886a7
strategies/H003/unique_00370/README.md,5b2ad1e3f37a5648cde180ec16c71c33ef8da71dd9941dc8cf8fbbc5ba66e47b
strategies/H003/unique_00370/strategy_definition.json,5d038d1f0e809655eb864044a10a3b1731ef81f2455f58603bbf2d9da9799771
strategies/H003/unique_00371/daily_evidence.parquet,0c73f922452fa433dda087058d55f28e2f4e0cf4012e6026951d2d0c9073fbd6
strategies/H003/unique_00371/README.md,dc8bb247132755ace01d9e46d2e5c41de432c9fe8d656a444eba2faa57e2c00d
strategies/H003/unique_00371/strategy_definition.json,2def1b79b757ad83227d6927b897c4214d7b7d95be159e40ecf33a7f4b3b6f59
strategies/H003/unique_00372/daily_evidence.parquet,11f03c0f2d9f615abd129f254390733649fb48106d3c61db76951f1f0f0b7b10
strategies/H003/unique_00372/README.md,bef5f7fb29590155b8867373c50f5211b02980c45ced5b50507c68246fcc21d3
strategies/H003/unique_00372/strategy_definition.json,b59c9bb74bee1e52a672a76a321e077618ab1bc70170d5361e71606237c25cc4
strategies/H003/unique_00409/daily_evidence.parquet,6fadefea7800e7b2178482a951efed18da89d5f16095d3350d2ee5212a66cb04
strategies/H003/unique_00409/README.md,22d352cf1e0bfda97038b3d946f5d93da152550209f944a47baa26c9968ff0ab
strategies/H003/unique_00409/strategy_definition.json,d7683ddac45827a2b23d4cd5fd579f88ee988b6040a8345569beacebc482eb7e
strategies/H003/unique_00410/daily_evidence.parquet,5cb48c6a740746ea4e5f4bfd3d4e52a0f7a219eba19c6d53a32236121154ee19
strategies/H003/unique_00410/README.md,e4c532ab95b42b6d06c4624b4f21caf47352d6038fc722127ed0dcd3054108fa
strategies/H003/unique_00410/strategy_definition.json,ef809e2cd7e9a9346bbb1201f1ffb45ede7497d5b89de57f1d66204efea3bcf1
strategies/H003/unique_00411/daily_evidence.parquet,b418908834a00f118764f37b42e741c5239d76da49a47470e8db9f813875e7ad
strategies/H003/unique_00411/README.md,2269b7952f024e876835840a7e8e1eb26a28692c6c4347100268475b318bfb34
strategies/H003/unique_00411/strategy_definition.json,ee409b1f75ff253068b58f52a61508994cd5915d02622ad747c47ce926984d58
strategies/H003/unique_00412/daily_evidence.parquet,fa21c685ba19ca9f8abed621736db71427c44e1d7be0be702fcfe37ac8d76436
strategies/H003/unique_00412/README.md,9324c6b573a7b09f7fa72597d6a707cb1098bcbfd2119ef16d31dff65c3e14f5
strategies/H003/unique_00412/strategy_definition.json,6152cc30e111a0882cebbca8a35d9edc1fe72dc8bc569e5dfe9bb7772783b33c
strategies/H003/unique_00413/daily_evidence.parquet,5b191f308b6694b379d0eefbe5ec01d208aa9df16b6a8f00fc19affc12966d96
strategies/H003/unique_00413/README.md,194ccb99eda6e99f693210a8866c5d0c897b076bd2d995896e36964d456b385b
strategies/H003/unique_00413/strategy_definition.json,68cfe400724a21b39c7ed4d0fec605b4e2361faa64710365abcf73af91d56d99
strategies/H003/unique_00414/daily_evidence.parquet,8b735b1e362b2d3a3224d8bbaccbc6801e95d9513815b86863e7cfb7376d77c1
strategies/H003/unique_00414/README.md,d7a15b2dad7c7da2144cedd8899ca61a232bc0e69bc5992fff1ed585f6e75f87
strategies/H003/unique_00414/strategy_definition.json,47bac5cba7f1762dfead7456068fefc7cd78dffd360d6d7eba2539793acfd991
strategies/H003/unique_00415/daily_evidence.parquet,0434030633796e2c9676192fe957aead8e0c756140b863f4d1428873bb1e88ce
strategies/H003/unique_00415/README.md,7e595568b0eec5d8de1360f1be04b2177e935a8c063b44cc541f6c6f3dc805f2
strategies/H003/unique_00415/strategy_definition.json,cb7c56c3af4b6aa59a1f947ab9f9f78af1def1dcff809547778ff737656bd2ec
strategies/H003/unique_00416/daily_evidence.parquet,68d8ce28f64b904613d3a24074529247d40f211f1ddccd0bbb70234abcfff1c4
strategies/H003/unique_00416/README.md,1c53dbd3ac36a1dec7dbcfa64543b4cf98ed07f095dbb5dc76c924a998926bbc
strategies/H003/unique_00416/strategy_definition.json,499159491f8b9ab8f6445899341e3921cd9a013e725fa12c5763d63b327b8a94
strategies/H003/unique_00417/daily_evidence.parquet,77daafddf416a7ed85dfd7be31ea94a5ec75bead62f1d329c3d71484d82477c5
strategies/H003/unique_00417/README.md,a011ff0ccfe9d290d211c55835bbaad3c459de0cbfb90090497afcad8e9d00a4
strategies/H003/unique_00417/strategy_definition.json,a71cda46dc83cad9eabaa71f499ac91ba75b5d93246d552c9a7578d5c75d8279
strategies/H003/unique_00418/daily_evidence.parquet,00742aaf530a1a693663d8bb903413e4cf422cc8eb0e6dcfbcdaef1cb8d1af70
strategies/H003/unique_00418/README.md,d2b04794aa111444a636aae15dfe2828abb40c43274c73bf8e28c3b29575a338
strategies/H003/unique_00418/strategy_definition.json,e782c0d0d217b49f1111d86a77139ebc8526da9b11c9292076ef9a2b8235f07f
strategies/H003/unique_00419/daily_evidence.parquet,b88f1a6fdc67add54225aa093ef9d86f35114ee99886dc7a786ac50aff1fd188
strategies/H003/unique_00419/README.md,4e476a919fc04c06a6da966d19577d3e57a32dd824b40d8c5729ee37d4fd803d
strategies/H003/unique_00419/strategy_definition.json,bb7aff66cf3032330d2ff0a0dfa1524c71fdda7a54d5e00fabba7ba0b0f587db
strategies/H003/unique_00420/daily_evidence.parquet,d29f2458e26bbaf1974917983dc471efa4432d597691de896c7e5e17e787c977
strategies/H003/unique_00420/README.md,f230a578ad9c9dfdbadf6cae90517bd46e24e7a56d24cfc3bc02e27eb03a7b53
strategies/H003/unique_00420/strategy_definition.json,ab6756f81c1a592547b85b91d937c81fd56713a469d4169bad6bf67e12a01a24
strategies/H003/unique_00457/daily_evidence.parquet,b922891a89fb5bf3114caf46fb55b55484fa06fe3b15e4a0e9553840d6dcd337
strategies/H003/unique_00457/README.md,86556ef7f4cc94929ee1dfb4c5a3a81086792cc1defcfd1700e745b1aa60b66c
strategies/H003/unique_00457/strategy_definition.json,2fa5d336748f7c696ebdf1406ddc481dd10c10ea6eb74229961d3358227ea7c6
strategies/H003/unique_00458/daily_evidence.parquet,0c34e13b39854b175a69e020d9f132db9b1bba47549c17265a90bad4466f405a
strategies/H003/unique_00458/README.md,19794422abc1041b559f6c3605bbe29338a80cb734331ca07bf3382c9f2d0b7a
strategies/H003/unique_00458/strategy_definition.json,24a79a0971c08c1b590ac4c16a529e34b2687417b55a748ed564c6c6a49c0775
strategies/H003/unique_00459/daily_evidence.parquet,6be2bd0c3f455e23bbacf375a92cfa9ffaf27ea8d01a405f257e91c0f490e0b8
strategies/H003/unique_00459/README.md,fc301651d465d63f5a22fc893a56f54d32b01d8a64ed40c01bdc9b55a6774ad6
strategies/H003/unique_00459/strategy_definition.json,03b64fcfd9e92f1be3f2d87baab778f692050ffb2eced74d5869cbdf79dfb76c
strategies/H003/unique_00460/daily_evidence.parquet,3a9c5d9d90e42dec8204bc5b2f90399d5afb275990e767a770a1388c47889431
strategies/H003/unique_00460/README.md,3d8505d6b90942d3e4b1bebc1c2c1e73b2c591922806deae607db40a66c1839b
strategies/H003/unique_00460/strategy_definition.json,d6d412ddd953fe8a7835a3e7f70007db26a5e5e709416e7089ea4c319988e593
strategies/H003/unique_00461/daily_evidence.parquet,e3ba3bec4928cafb8100c8eac21f7155fd3b2de6cf4b62fe91443e3b9be26279
strategies/H003/unique_00461/README.md,8339f761e8b906d993d7fde2d41ee5b19971921ca7ad8b509fb6c261a6780230
strategies/H003/unique_00461/strategy_definition.json,c5c178c51ac3b77327b439a0dddf19457063611def240356f6075594d04091a4
strategies/H003/unique_00462/daily_evidence.parquet,cdea34f1eeee713a1468e75ce2f6d30535f5ad335b428daad3892b1cad061e4e
strategies/H003/unique_00462/README.md,8d3fc11e47d8f48e81c4a01b07a4367c7dc44e469ac9bda0ad066e5bb9d9a471
strategies/H003/unique_00462/strategy_definition.json,092467e97a9d97524c84b5e83a99d38bb7c960f7920a97f4067ab360005a618e
strategies/H003/unique_00463/daily_evidence.parquet,44d9f7752dad12274724d2922b84ccb4feda69331df67eda6844ca9b31e45897
strategies/H003/unique_00463/README.md,f0a268d30db38673ab0814ba4fb3533ccb615dfb9e810a0ed943945f05c9263e
strategies/H003/unique_00463/strategy_definition.json,14b9c0b74bedc845c13facb6bf7b124521922fa7568800ad285031f7b938a121
strategies/H003/unique_00464/daily_evidence.parquet,dbfb6c24d1a690c498d3cfb63d6f4a8395ab047f240c458113d55e81bde6715f
strategies/H003/unique_00464/README.md,016d02836277cf4eca19464bf78297ffa9553e5c739842c29e071bd5bbfe2e56
strategies/H003/unique_00464/strategy_definition.json,19a2676d3a668a32140e48e37eec4204c21390f8fe404b8c9013f7c359bcb242
strategies/H003/unique_00465/daily_evidence.parquet,900f14d49f6b167fba349022c781248fc11df51cfaafef65b6c9ffeba05f4319
strategies/H003/unique_00465/README.md,bb58685138e5cca68a47e173e4d9dff2360d1e148b1d50710bf8da583defdb0c
strategies/H003/unique_00465/strategy_definition.json,3891e24eef4e56b284ade33f33b43228143917bd96e561c2325773a3fb01d57b
strategies/H003/unique_00466/daily_evidence.parquet,5dad74c75614b3f5b386a503272c8afcd8e6bcde3628615deed25d6a66326a0f
strategies/H003/unique_00466/README.md,4ce6ec7eda7fd9db5543fa1fc4ecc00246596b86b67378787dee981ce12a6e33
strategies/H003/unique_00466/strategy_definition.json,d4d7f437c488ae053e2bbdb03886cbc0296685379a7c5766a818b2bccdef2adf
strategies/H003/unique_00467/daily_evidence.parquet,57fb73b869399984d8b048554faffb914d7b24730b06066b13a4889d22f07e7b
strategies/H003/unique_00467/README.md,6c0ad207345f091bf5a07bfdea4454822b35ad924dc9bf14591395fa4cf36f2a
strategies/H003/unique_00467/strategy_definition.json,e5d1954682c8df6656bf792e34f854536c3199e6ba0b0361ced5e49f566c2efe
strategies/H003/unique_00468/daily_evidence.parquet,ac48d49561d442ad48dacfe19b373976a6ffb4e17f30be5c6f996ad4867acac3
strategies/H003/unique_00468/README.md,99873666db02f5e50ada5f4131341820b1330f9dc249405104c23ae2eb917875
strategies/H003/unique_00468/strategy_definition.json,e1adda2595216d4b72414d3b89257ad9060f0f13edd4f1a3f3a5ea430d8a45b5
strategies/H003/unique_00505/daily_evidence.parquet,1c3615c7443735876fce25105bac9164d2fc871e0be2a1dc82811887d8f96849
strategies/H003/unique_00505/README.md,7fc8505e692e4e0f03cd993c15b442a37f5e8e382a258cbad938417cb5193fb9
strategies/H003/unique_00505/strategy_definition.json,9ea59cc26e46a5bbf67d372055724a51aa8adca32008c202672973d4824e17e9
strategies/H003/unique_00506/daily_evidence.parquet,9a4da7c00bba8e8873a588d6fc4d329f6e2b22f28a8aa032c96939fc303a4dea
strategies/H003/unique_00506/README.md,9482a12ba3628197651bff769d8074357e58c00fe190fb5e4cdb7eaeaa17f08c
strategies/H003/unique_00506/strategy_definition.json,ea6cd651eb852c27fb5a16c0c1df8087eb6e37b3fce341a25ca6637ea4b36dbf
strategies/H003/unique_00507/daily_evidence.parquet,8acfa7c6282bc4e9e5f654a89034f4e45fbb9aa84aaddb2443194974a68f3e48
strategies/H003/unique_00507/README.md,1a86b791faf9f8f21f9c5b0bc489ad679dc7f83287c6a9418383a7622fe67b77
strategies/H003/unique_00507/strategy_definition.json,4cf3fb68ad5ef36cec477a3fad678b636cd93b0f5ad5d196a098f462309bb305
strategies/H003/unique_00508/daily_evidence.parquet,11e18c879451911686a7a8aff57d20841cbfabeb8a39a3a95450b313f89927df
strategies/H003/unique_00508/README.md,13eb27da431ee4ccad11a9dc82cd714f77335401b584996204f74aeec67560d3
strategies/H003/unique_00508/strategy_definition.json,656a3c9a24a200893ace7971755996df83f22f706d21fe322e7f511b46e4ab31
strategies/H003/unique_00509/daily_evidence.parquet,23420ef19c659743913533a8d6048f9945a58a7568126438e1b0e4f8085abed1
strategies/H003/unique_00509/README.md,e8f3c579889ccc0513885c031e36e5d090cb60fa68d9e86f23a8e9d7823bfc71
strategies/H003/unique_00509/strategy_definition.json,0ef6080de701bd8e7ad8f6d1f36fe8b1f7891b2281cc4d3b9b4a85ba9bb0421f
strategies/H003/unique_00510/daily_evidence.parquet,8cf0694b0d4233317caf94f2e65af05946dd12337e2f67fd16b9934834360365
strategies/H003/unique_00510/README.md,e9a84507d646d7147c0e2897624f94fe8ee031d6bef624d6c6758996e14b2930
strategies/H003/unique_00510/strategy_definition.json,9b6d1d1fbe2ea25e1304ae9c52e8180d01707e3b16d4a49b2b8447f21c85a848
strategies/H003/unique_00511/daily_evidence.parquet,0c8fde0b389d73d5f6a55e4430319c65b785e5e4f6323b5619dd7aab2595b036
strategies/H003/unique_00511/README.md,e0f44c5583885e3954da84224fe5682bc47d65ad16b24b4de3e9cdfe578a11bc
strategies/H003/unique_00511/strategy_definition.json,ed847353c7f6577a9d9d3bd3c8868a7acac639b66916c50c6848438d321eadae
strategies/H003/unique_00512/daily_evidence.parquet,1695f9b545db011c5021b35fa61831aa74ed15b55e5d66866b56bc3189a1d11c
strategies/H003/unique_00512/README.md,508d135e19b45dedc6578d49e5e3466de86336a5841c09f14188435a7aa643e4
strategies/H003/unique_00512/strategy_definition.json,e432bbd12810172143708fc29563291295fb224ba0ebb7aef30e27d80dccbc10
strategies/H003/unique_00513/daily_evidence.parquet,cee31686bcb2bfab794e104a6b233539cb6d13d1e89a71e000972997599e1f02
strategies/H003/unique_00513/README.md,2f6677a0d374bd14cb357cb16a1f054e4edf513fe8d689985349931b71b99ad5
strategies/H003/unique_00513/strategy_definition.json,125e340c2ae92db182a77c31fc7c05e4a914f89f55202f1ec5b81d986c0ab278
strategies/H003/unique_00514/daily_evidence.parquet,057c48dff9468405c924e3d43aa6529020953878bde1862b55f0bc0444ec7578
strategies/H003/unique_00514/README.md,55245d64512621977880c3ae7a6efdb7939ffe706163ad743138b046f9036df1
strategies/H003/unique_00514/strategy_definition.json,c49ba1dff4b38852fc42821eb1e44f0b78bb114129f8cc1cb878ff459e0df554
strategies/H003/unique_00515/daily_evidence.parquet,763ea008970cc1978143c1d05b8ebf74bf8af3de07dec7462e3492550ca47ad5
strategies/H003/unique_00515/README.md,4f8a01d49c843db3b4ee7855f74fcfa10f57d95151a953cd7fc3a2f117c8d0c5
strategies/H003/unique_00515/strategy_definition.json,353f9f6c3e991445ed5886a249fa35ffc548e8959e2a7dba8f75e539db378b65
strategies/H003/unique_00516/daily_evidence.parquet,60335e235aeda34a205caf7975a53ec6477646281b4795cd35fb4284d33c63b3
strategies/H003/unique_00516/README.md,8cdc14734cb6f53c20136cc13aee1b80d6c364622088cb03729f934b0b7abde3
strategies/H003/unique_00516/strategy_definition.json,f8b3a13f1cf9548d54915fa468618088610f718521381a2ed38c53555459a60a
strategies/H003/unique_00553/daily_evidence.parquet,69a1ba86d52b4f98216e555a40333899e495d234c87e84b9409771e52373488f
strategies/H003/unique_00553/README.md,9eee37adf72067e980a08390fea075aee674d695843a7268de4a31cdbfee5d82
strategies/H003/unique_00553/strategy_definition.json,9eecc3a047f23c8788e987203121c8d4b3468d0cf417655c287c29df07019186
strategies/H003/unique_00554/daily_evidence.parquet,0c91173dc950f6fc7269ceaa5db4104ab4a2498d216d4c5db4773bb1e36a199c
strategies/H003/unique_00554/README.md,f6a39b7f7be72c868c44cfa45a236d1db88643b6c00179b1fcefd51ad82fa6dd
strategies/H003/unique_00554/strategy_definition.json,c79455d1a0d13989fedf43fe15dd1999b38955f804d9d34970282831d6583676
strategies/H003/unique_00555/daily_evidence.parquet,5b6e2ae58e84c44cbaa0de6ad7472de57ac3404a9c29db3e6c1b064acf1c3030
strategies/H003/unique_00555/README.md,a09518dd2475913bbd44fb5dcf115b2c13c8b10a7226f5cc7c16700e1597d63c
strategies/H003/unique_00555/strategy_definition.json,67790012be5a9f24840dec53f33a54a5527c862fb9e0656b2b425881419f32c0
strategies/H003/unique_00556/daily_evidence.parquet,ec13ac6b47188e990c37c5aeae1e0aa421fef11ee0f2f84eeb91b8d00c932898
strategies/H003/unique_00556/README.md,ee7ca95f7e5936a5353770c7b8719334773ef96aa84865397e39300dde9a1d7f
strategies/H003/unique_00556/strategy_definition.json,d93a77282f42f572be23485e0d536ac0b608d37543138be6143d795a2d0141b4
strategies/H003/unique_00557/daily_evidence.parquet,6b8a9693ff3b387e1ecce0d3db5373d8a551975e143bca7e46e6cced9836fa85
strategies/H003/unique_00557/README.md,e7f1668b0b09df3ce194b6cdfa73754e12c732391af0964a0cc7e76b11470678
strategies/H003/unique_00557/strategy_definition.json,9ef2dbed1eeccec6c80c92a58ad37f3663920a03a82b0a702706f7b96fe49906
strategies/H003/unique_00558/daily_evidence.parquet,631fcb2a3b211b0e57b9de76d7399f95fea281856192dc2fe9d1328e6a30d57a
strategies/H003/unique_00558/README.md,ac7f6b42c42cdfe78ce1ecfad4eb2c9123b50c84a22c9574e1709935c3fc1a62
strategies/H003/unique_00558/strategy_definition.json,565ed3faeb9fa9c4d713777c960c5fd5116bb335848d78d2071f67fac678ee55
strategies/H003/unique_00559/daily_evidence.parquet,8e0f1c34de59268bdd98be5672a4160501f0f81b44fbcae7d5fe4bc011504a06
strategies/H003/unique_00559/README.md,2820a5d42fbf410bd350d936d46af5b7f0756f90ba937728cbd23fe990f938dd
strategies/H003/unique_00559/strategy_definition.json,53ff0399799001b4362a56436a1c216ba295df90ab217f85cb7b721a07ff2716
strategies/H003/unique_00560/daily_evidence.parquet,01563946fd5564243745cd83b131560d4054b71e92416a867c4516e9ef76cec5
strategies/H003/unique_00560/README.md,0eb7d15264a425a831cc0bb4c4707a28dbec8605fbe8a7b82d6ee61fbb5b5762
strategies/H003/unique_00560/strategy_definition.json,54c8a391663dca364416f45619411fb08492de7a0c82b2091587e55a5710d402
strategies/H003/unique_00561/daily_evidence.parquet,22e356e51b65ab69c854a6e3cdf9223554d11f5253a774268c3d7f5910e060fe
strategies/H003/unique_00561/README.md,1cc930b91a1ce2f8f3b7c95676a5f04c309d17ce949ea20edba949cd13fe226d
strategies/H003/unique_00561/strategy_definition.json,75654ab2d672466016a4a837e3c58520b61f11df50680e6017f01d87ef97adae
strategies/H003/unique_00562/daily_evidence.parquet,12087903c948d3b4d0b631af11f0f6502d28cb74536ae3e2488c856a451179b4
strategies/H003/unique_00562/README.md,a35c7330c60399ffa6dec8e58965f3b1943c2e87efa0d8d3cf748451b6e7c88d
strategies/H003/unique_00562/strategy_definition.json,2e11c53037e0aedad84842975ea629d726a4d1267fad94c28c2c44966aacc4bf
strategies/H003/unique_00563/daily_evidence.parquet,37a43960eef043d31e5e3084278124188892fbbe645076ded8813063da25473b
strategies/H003/unique_00563/README.md,54f75af1cb9c0fb784f88c64752acb99ec9920b7a09a0f359647b24ab389a096
strategies/H003/unique_00563/strategy_definition.json,bdde8672f62b8547685f75c0b32879ea4b000ab908e655b5c167728d2da81228
strategies/H003/unique_00564/daily_evidence.parquet,41efe6340a6b3e5748ffaaf882a440b61e7400f0b77a0b9b01aaf5bbdf5d4b8a
strategies/H003/unique_00564/README.md,eed83338cd31f830767bdc24ec753672a09bff05d751d5a375f76bca57ad022c
strategies/H003/unique_00564/strategy_definition.json,02390b57854d5f833ba9bfa1f7309e72d8715943e6d748e83d9eff2376a98064
strategies/H003/unique_00601/daily_evidence.parquet,e650414e382daa61abe7b31f49d3044dbd6d4fa622a033152c5646f18f6d3d56
strategies/H003/unique_00601/README.md,3489d4322b85d80ee8542b96a4adf3497bef121c541233ea0deb30192ddba656
strategies/H003/unique_00601/strategy_definition.json,162fa0217e44d8e1ca88b291bad1a38f136401447fd8e2b650d78ec6d6ad3fbe
strategies/H003/unique_00602/daily_evidence.parquet,900ac6c62b3bcec5b7a84239b7390fb1f4bd512763bf5f751a3c078e71bd8ed7
strategies/H003/unique_00602/README.md,ccb6d856c28a951938028906af0135a25eebb98d83e8507d4da95ff149f385e5
strategies/H003/unique_00602/strategy_definition.json,457d2119edd0ee0ff7ef4e8802f8a9f44f82ddcf83a5752aa8456870caa41ffe
strategies/H003/unique_00603/daily_evidence.parquet,ada1277ca26541a2680c8798cc2416aacd58a048e80ff171b72b6ca4bf7882b3
strategies/H003/unique_00603/README.md,2aa1d9aef13b2f9a6963346c216b4781a98f9df75c43a26eb4bac62e8c8ed265
strategies/H003/unique_00603/strategy_definition.json,9031d8d27262719ff7035f311240b312707906713b1c47fff498e6c4c4feee2f
strategies/H003/unique_00604/daily_evidence.parquet,1f76fcf95e738b7f59a78ada814247bbbec08e71668a2662b404e40b9b4a4bca
strategies/H003/unique_00604/README.md,7301a500b81a3c9dbc20b96d4936f9c124442fe6b1300f060317e45b2f48d822
strategies/H003/unique_00604/strategy_definition.json,658620a1d4926344ead9404b5cdf4d8b2c4499e4245a3fe480622d7fedd3d320
strategies/H003/unique_00605/daily_evidence.parquet,d83b43e5ae14f08aac78f7a2e2acfdaa166d4b439bcdb1619cfee364eef6c9ae
strategies/H003/unique_00605/README.md,a1af7d45d7e628fb96fc809643eeb6af58c02c8f78e3f6fa6fbcaaa37432f481
strategies/H003/unique_00605/strategy_definition.json,d2e357b493bad4e9f4098f25f0241b7273637f1a06bb849e803d794bbcb07fcb
strategies/H003/unique_00606/daily_evidence.parquet,4f66fab1ab093bbf282ad2843d9f5b077cb3d83f70defeef9be419b4d8a6754f
strategies/H003/unique_00606/README.md,7ac338a0d83d3f942375da2576fc3aecffe828adb79e8e450c7cf2355a91d0da
strategies/H003/unique_00606/strategy_definition.json,dc352f4abaaa5ec9dbaa2e1ff9446708c2c2f8a87c91f8111d4f105da1783a92
strategies/H003/unique_00607/daily_evidence.parquet,4e8a01b09f5ac4f94320e8f27ef1dd46ed0687cde9655b147d13b017ae04f8ea
strategies/H003/unique_00607/README.md,2631e6886e5044f9703d9ab8a88a1d77038fed202686686efa95d49e5dea5501
strategies/H003/unique_00607/strategy_definition.json,d24a831930cab6d7593354ebc70351664f030ba868368fb333cf3fd5b018c610
strategies/H003/unique_00608/daily_evidence.parquet,e4abefb49984f0570c90a9bdf8cb6711eecee82d9ecd330394d4934d622966d3
strategies/H003/unique_00608/README.md,1c9156ea56ffb656aa38af6d99577472f800777cfec4c5f76952ac5f37b0e70e
strategies/H003/unique_00608/strategy_definition.json,d5a6c21d16950f6874e5ff57cb4325526f61f9749a50c6f5da2131165069d03d
strategies/H003/unique_00609/daily_evidence.parquet,26d699c36928467908fbfc2e03527828de818b8d9ac1bd5689492a3949ea5368
strategies/H003/unique_00609/README.md,b5ebab17ebb10975372433e65901353ccce5be1aaac1e88261f7e5ad82dd2997
strategies/H003/unique_00609/strategy_definition.json,23d4209ddbe70d1e6c2cec70274ab2017c359b70a65521522323f1a4cfcef247
strategies/H003/unique_00610/daily_evidence.parquet,8eb2302f6a90d4ad7b83f2edd2d3fa23896ee806da59ceeff36c97000c3de77b
strategies/H003/unique_00610/README.md,d0fdad3fd72659698e9f0e26290da801cb78f70d88eafaacb4f7d6f0582ace18
strategies/H003/unique_00610/strategy_definition.json,e4f86dc4833c4eb186a3d3a09382f2250b63c20f3185c130b00887e9d423ef1e
strategies/H003/unique_00611/daily_evidence.parquet,326f149e8a213d552543c02b851e20c903636455aab7b686e4916af9dd633bcf
strategies/H003/unique_00611/README.md,79c7921014df0883d225e81b297e4c27d9db2821e84e93a9b4492a8f2b28ebc6
strategies/H003/unique_00611/strategy_definition.json,240109f9850ed817a5f6f476b1179e5e3662ff5206921b7994b18c44e48d27d1
strategies/H003/unique_00612/daily_evidence.parquet,5ace61d917126aec399ef57aa2ec78bea642374c1f154a0b58e1cf10671e0d6b
strategies/H003/unique_00612/README.md,28448028e38f501ff01c94a0f1e311a8dc1537a887fc7221cef1355a8d4b4b4f
strategies/H003/unique_00612/strategy_definition.json,87a278920e14d16cd79e2bb135bf32f4535fe51894ba524ff30c9d8c206d095f
strategies/H003/unique_00649/daily_evidence.parquet,55ffea60aa0a24f28e798153d58c55eb9f376a5aa10b6993467ac34aa2e21ca3
strategies/H003/unique_00649/README.md,942ba0202c0b819053840fd3a69a4325fafb944f652b0bdaa3c2e7419b652d6d
strategies/H003/unique_00649/strategy_definition.json,421496674a2222b147e6a09aca2dfd67041d5deeb0fecd759646a7a9747f6179
strategies/H003/unique_00650/daily_evidence.parquet,5b345382f9fd93fd8e4b7f38383d2bbbb80b204d84ed86e23e41dd0410005962
strategies/H003/unique_00650/README.md,74bdcdefa564cb3d9cfeac77d0095c41b57e7310def45ce6ad7def0bf8a982fe
strategies/H003/unique_00650/strategy_definition.json,c462ab22d83d0ab7a4493352a656b7d6c3b3d683813fe21c1fe1f49938a8bb87
strategies/H003/unique_00651/daily_evidence.parquet,b2ec5320fb5322c83015ab341f052788c6de46f85a50819725028350bcadf1e0
strategies/H003/unique_00651/README.md,322483b817c6dc9d02714b491199624c44d05f38e9622bb406b33549948e38c9
strategies/H003/unique_00651/strategy_definition.json,02504d5a89305678403f27d221367957e5c5ad6a9d721e7722b691e26b1bf570
strategies/H003/unique_00652/daily_evidence.parquet,8958abe9126e77c1ec2a3dc2cd910ec7abbc55bcfae3fdbea388abc8c374b987
strategies/H003/unique_00652/README.md,2395e31ece6edbfc3d14164d239e992433ce35268f73c34ac3bddc08a5b48ac5
strategies/H003/unique_00652/strategy_definition.json,75647fb761998e1b9c6306b0c18c8ee25967171ed0ebb6c52a8217665f2dc9e4
strategies/H003/unique_00653/daily_evidence.parquet,fb1777fdf993b27a581ebdfd45fb2f7624694ef81c49948ab1641309b6029e54
strategies/H003/unique_00653/README.md,d83208b056fbd68e9306ae7f6bba9cd8b789f20930d9a2e1be781dcfe44d1a84
strategies/H003/unique_00653/strategy_definition.json,ed1441d06054d04b7b4042a024dacb2d4d8baadc353751ce95f2a93547666bad
strategies/H003/unique_00654/daily_evidence.parquet,e7680ab746a6a445a23a19603c402f64819938f092d583018893ce3ec2929a1c
strategies/H003/unique_00654/README.md,76c229f3b60ff2bf7c59fc857a71a5741d72abaeb0931108b7eec54efa931494
strategies/H003/unique_00654/strategy_definition.json,7589098cfea8e99722f0d59d84c4963e9667e7cdcff850ff32eecf8bf2379bf3
strategies/H003/unique_00655/daily_evidence.parquet,0961355e9d2fabcd4c4ea5558a432804f8fa91dc5aa29dc8d913f1d9a3e4041a
strategies/H003/unique_00655/README.md,8a92381528bd5fba2659d279632bf8e9e05cffabfd557c62787cef904d5df4d1
strategies/H003/unique_00655/strategy_definition.json,423489a66b29a4306083ebd41787576b019179b09448fccc5594277ca249d664
strategies/H003/unique_00656/daily_evidence.parquet,ead1b5c8942e27af13541b50dd22969a63668bb7dcce00b12549d1d3dbc5f06e
strategies/H003/unique_00656/README.md,cfe0f856017e811868427ca4c7ed14ec439079392c13b662d9856466b0554345
strategies/H003/unique_00656/strategy_definition.json,3b7a5db058179edac09f8fc62568ef10c41d42aa0a7cfd48c5b3ef7e0a945e71
strategies/H003/unique_00657/daily_evidence.parquet,8113d2ac5a2cf977a5a29445186ffe2a6e34c777e034b3704e261801a5f84e05
strategies/H003/unique_00657/README.md,feca504d91a681f8ff47348e2b4c9ff87e07a130041f54c0f0430484173decbf
strategies/H003/unique_00657/strategy_definition.json,f87a7cc3ab44e2bdda1885053a9f7e9c69974eb192f0c6647893717b020aeab0
strategies/H003/unique_00658/daily_evidence.parquet,22b05f82c60946428b36f444bf97f410ee329057874db28034eedd857294b537
strategies/H003/unique_00658/README.md,f89009420efcb462c182c4b8e855305e4a78678f4347551ae791df4421782fc2
strategies/H003/unique_00658/strategy_definition.json,8926cccc7d6343f65d705eecf1a82e26d6f6fd10136577872db76d62820e2cc5
strategies/H003/unique_00659/daily_evidence.parquet,f4c273eeda9aef224175f4fc692cf524826e3d1b845fe9b0aea265869ef080bd
strategies/H003/unique_00659/README.md,75269a8d0c32058649fb0c9cf8c48717f5ad0129252a6ee11ffff46866a08f72
strategies/H003/unique_00659/strategy_definition.json,61261bb91f97ec53715f29873b62a36ec87a7105dcb55824505da4c3b9e59226
strategies/H003/unique_00660/daily_evidence.parquet,837edec92d667281b5325f02346c2705c5da1bfa56e88b128dc89f8180c1ecd5
strategies/H003/unique_00660/README.md,dbf42bb7877790a248dcc0f08e51ec00535f5c44eba5c89fafab565967f7c0db
strategies/H003/unique_00660/strategy_definition.json,d75e2a008d8f8e25ab2a95f04d9ca50a08cd577b4108f580a8ed107c03d2e709
strategies/H003/unique_00697/daily_evidence.parquet,3067266f32ca1bc50704b19b4a4ed076e098324f9fd121a7a0436501e99c399e
strategies/H003/unique_00697/README.md,c6441b17a184faab3adae25b746c4bbd5fcc611818970e7b6c910526d549281f
strategies/H003/unique_00697/strategy_definition.json,d390f46d5f5b91298fc714a9abda86a1c64896382546934f7186a2d2e0250ef8
strategies/H003/unique_00698/daily_evidence.parquet,c63a9589fd0023b8633d7f9f3ecc6dd81ff3f388178ba6c3bbeef3f56cde2952
strategies/H003/unique_00698/README.md,6616d7eb816ff417fd92009e015601b4ff8611b8e0e59a1c3de2d6b6c9bbc79f
strategies/H003/unique_00698/strategy_definition.json,b3d75a521114987469c735bfbbb60a4ccdc3d6dbe5acd0039fafc13dc050f424
strategies/H003/unique_00699/daily_evidence.parquet,03b1d16f914dbc54ddbaeb19204db9bfeb85952e38d988d00ce50824e9706175
strategies/H003/unique_00699/README.md,2253b9e3e16250c3e2ed61c26d826bcfdb0dd6b13db4301ef057fd192bbf4ed7
strategies/H003/unique_00699/strategy_definition.json,cccb0172f6264c542b0af0839e2a367c1b68444811e78a513ed2fcf60a1c521c
strategies/H003/unique_00700/daily_evidence.parquet,a55ab63c3895815eb5acb716fa8e15f81e16c2cfa6c66e4e4975c5c85e33223c
strategies/H003/unique_00700/README.md,3f2243bc822da45a849f316895e93023fcf2fd7f0316210c533591edee549120
strategies/H003/unique_00700/strategy_definition.json,7b07bfeb12c2d7d67de2a1c0497b54cd4b403c317655a302693a80d4736b08d2
strategies/H003/unique_00701/daily_evidence.parquet,b2afe1c85891e10286f0d55820175c4c389a7cd648da5a169e256592c5e6d31e
strategies/H003/unique_00701/README.md,2e28d0d98a180ea9e59b11f5a7b82d16652104f6fb921416b158ec5f25c460b7
strategies/H003/unique_00701/strategy_definition.json,d57c6bc6da67e3ff302ba533d5f9c7bb82c0ce4c995ba617c9b032cb817fe6e2
strategies/H003/unique_00702/daily_evidence.parquet,e3f9ad92f9c7e1f3cd9d94c3d41b7a9da59f6dc968abe0e749710938302bd9fb
strategies/H003/unique_00702/README.md,3bc1d2919a48288d211106a2ca2d4c29d5819948a729a24dba403c5f90f63009
strategies/H003/unique_00702/strategy_definition.json,9c3469335c22936b0e52d85d99d017609a43a51e81006ed6cebf5b662e324aa2
strategies/H003/unique_00703/daily_evidence.parquet,2b4e6361178a2afb69e106c0a3ab8bb4045df6d82cfa03b8824a3431f7c2a620
strategies/H003/unique_00703/README.md,d1dd32d3c559c639bc8847d741732e276e2793e76dc63babf9bf3027d0949099
strategies/H003/unique_00703/strategy_definition.json,0f100a3dfdcf680cb732c1a528aac995440249cf69486e9a753d3350b727256f
strategies/H003/unique_00704/daily_evidence.parquet,ce4a6c8db19455a485fdd4b5a5e7bfbd133e18c3d675d9720172e4e9789da7c9
strategies/H003/unique_00704/README.md,47ecb1a843b7e10fe88d832f17168e838907b12b5e1b6ec3bafdc467c6639b40
strategies/H003/unique_00704/strategy_definition.json,91aefcdebf93c70ebfed2e6dfab8fd08f8229658de50d8be98aaa9b7dc31074b
strategies/H003/unique_00705/daily_evidence.parquet,96f80ae7d572ace431e0b05e5ed059a221f7fd531de99a4516876e96ce4d1a45
strategies/H003/unique_00705/README.md,f5ef12aad00d0cb6ea58c6e584c9c6b86176c9f6ae07ef7029c074fee0320ced
strategies/H003/unique_00705/strategy_definition.json,7abc9fb6ae65d80a029c2380226ce6d818f95ed0d42b73703842a2c747767a3d
strategies/H003/unique_00706/daily_evidence.parquet,0b695d298596992bdd611dab3c7f7bb7f30459ecad5ba43b9cbb25175eb68c27
strategies/H003/unique_00706/README.md,9002551319ac7c573245df03212487906d2293bfa345863fe5487f105b00351f
strategies/H003/unique_00706/strategy_definition.json,dc11a474e490835422d7e679749b41cd5372a26968834f8c405b39e1d78d7c26
strategies/H003/unique_00707/daily_evidence.parquet,7aff60857a94b83b935b4432a6787bcb907ed85f1b443f73e16df0a3a1da6190
strategies/H003/unique_00707/README.md,52b168c2511a828719cf950965d682e7cf071b8d49718415f7d0b0f44f03747b
strategies/H003/unique_00707/strategy_definition.json,5b8257329334ac49b39d156eab8ad6debd0ed6131eafb3c78d1bbac82b7d9c23
strategies/H003/unique_00708/daily_evidence.parquet,10c13245761f44464773a6da530d225d535fd0f2777fdb2bc1b9638dcfb95b6a
strategies/H003/unique_00708/README.md,339ab7e264554d7bdbd9eb2ef46034ca9047910b34cf1116f78bed5fd00699d1
strategies/H003/unique_00708/strategy_definition.json,d0c42d009c9ab37d9958523bda63812c8b6f829ad1e5c8e64f814014f63adb2d
strategies/H003/unique_00985/daily_evidence.parquet,b2e50e089f040e8ae6df70cd9b1cbd7590eab53796bb4fdab397a7e06445fe89
strategies/H003/unique_00985/README.md,cc0a552f7fb0855e29ef193cf25c35b02c86d9709472ad37ee3951f9ef55d6b9
strategies/H003/unique_00985/strategy_definition.json,63778edea18b293fb26abaa7e7d535016166db21168e938083115442e340741b
strategies/H003/unique_00986/daily_evidence.parquet,973f5f6f9139adc91542b2a92d25e986d4a2b322de624169c93af194139f807c
strategies/H003/unique_00986/README.md,70598a96492a14bcf069012893b262b7989627dfb863582f78e2449896b507d6
strategies/H003/unique_00986/strategy_definition.json,084eba8f3a740513747d86b6d8429e4ae002e97850db220a69cd8dbcd9a62577
strategies/H003/unique_00987/daily_evidence.parquet,541d12fd81fe7c0341a8fbfbcf2e6583571a215064ad0f58d2364e1c6f81e86c
strategies/H003/unique_00987/README.md,0f83d5ce02b9cc2bed5074de4bc3f764a1aefe2758b7452260eb963a672f90e8
strategies/H003/unique_00987/strategy_definition.json,34a056bbf1cd9c6cc3ae895c5de8d8e90c8ef8861970eb9efb84d74926855e4b
strategies/H003/unique_00988/daily_evidence.parquet,3fa7e7bcf03b3c944e80cb5283c5415666382990e469ba55539b68611f2ca82f
strategies/H003/unique_00988/README.md,897ce9351920a43aece39f8ec9194947abf7b77466e5075aa02e1b99501259a6
strategies/H003/unique_00988/strategy_definition.json,76d800663fcf804b24b5dc8bd61afee4a75fee32fc53febc020bcb9fee8ea5ff
strategies/H003/unique_00989/daily_evidence.parquet,029e681a1f522ba572b7e596617a31182728a5cba979cb8e93c66c5330272562
strategies/H003/unique_00989/README.md,c06d9bb15d947b14c8596e7053df91921d11ae63e0cfd52c2a0818cc67388c35
strategies/H003/unique_00989/strategy_definition.json,128718537b5f863da06434e36d52514edb7a67209b00e36f5d4783a202449ac2
strategies/H003/unique_00990/daily_evidence.parquet,389a40f2437e802b72c1d448939e25d6111d939bf24bc3ac10964d195f54d87b
strategies/H003/unique_00990/README.md,e4873cc8737104bb7fbb35a616f99437520c455194a0e7c9a62aa031cb5392ee
strategies/H003/unique_00990/strategy_definition.json,f869a4c13b65ab33658a701e290cf70c6cb3e210c7e1a3d4cbda35e5f23a5b3c
strategies/H003/unique_00991/daily_evidence.parquet,3c75919bd1bdd91ebdd20481a34c8c9ed64a390c91e6fbf9d405e234b7c5231e
strategies/H003/unique_00991/README.md,1ba5f43a4d5c7908777393edd5ef617df528df716e678b9b49026cd8d05dffb2
strategies/H003/unique_00991/strategy_definition.json,1fbf60bd77f5af5010088dfe0e717c7ab7eb6e0738f48cdf2256b3cdc4143955
strategies/H003/unique_00992/daily_evidence.parquet,fdd3911f8e4c752b51e0ffb3c0c81c2223ae59fedb30412427401304efa2a377
strategies/H003/unique_00992/README.md,50cf159b72bf29c47e3dc756f23c0b7cdf3be7790d87adabbcf65a4bc1b69cb5
strategies/H003/unique_00992/strategy_definition.json,fa154c3045b645a13595397e6deab32fe2f64c2fe61d1d36f74c65680f4a4e5f
strategies/H003/unique_00993/daily_evidence.parquet,4b2c6a87cdb70551702556fa4ffe02bd206821c296158fc2e8a44e0e2640b2a2
strategies/H003/unique_00993/README.md,702b9e9c5287a3fa208c5bc4b5fcb82599aff1d53435b4b89528500a892b0b58
strategies/H003/unique_00993/strategy_definition.json,f873e2a2df85cff5ba6fa4b4f9a66cc64f527673cc8ae4bf7523b7e5825bea17
strategies/H003/unique_00994/daily_evidence.parquet,35aebaabebc408bddd314c4040a7cf73c6a68ad29cad7b683eedf9e3df1ad211
strategies/H003/unique_00994/README.md,9898f5ae6c00c0970d3e847495442e4940117476d79260b729446c86b1556bf4
strategies/H003/unique_00994/strategy_definition.json,3d5677c41b78e787c8ce95ef2155783cca092ad9d2bc29744a44218aac1557a1
strategies/H003/unique_00995/daily_evidence.parquet,4602fe5abbffb10e6d2c665d2a0f65d7c70868b846390b56a82d785ce8738c92
strategies/H003/unique_00995/README.md,ce25a6cb41520c5db697ee6cf28e2a83cb1474cf8d9d82e9ee3915e317a85122
strategies/H003/unique_00995/strategy_definition.json,35ce8f13d6eca3d55f70f982bac60cf989e809fcd37415d2f95c412ee61a2dbe
strategies/H003/unique_00996/daily_evidence.parquet,6731d5b7cb98c808a91f20ea7368b80c9f8ea725e6796c57ce75a6d1860d9ea1
strategies/H003/unique_00996/README.md,8f9b74657c67c4f6ca5a5f40167cebbe09690145dfa6161a6c5c9018f4b290b8
strategies/H003/unique_00996/strategy_definition.json,e7488bbdbb7241ada55d9facedde69135ca8750c8f84d8d7475277d386686d90
strategies/H003/unique_01033/daily_evidence.parquet,f8dd5a0a561b079345372b74b6c258c5caef2d955942c1309b23cf22a2cdf437
strategies/H003/unique_01033/README.md,24a55e010c2c46aef9e43f958e6ea02e09d9619f954afea27b3f7efafc996969
strategies/H003/unique_01033/strategy_definition.json,c39e25a1eac367dc43987cf41f0a3ae8eda40e4693cbde0d39073f798998b572
strategies/H003/unique_01034/daily_evidence.parquet,49758e40af041b55270a4a03943dc2437d3c248af4df519e0c9060cee857ecc2
strategies/H003/unique_01034/README.md,8c6592ecdd5e22f89febcd4c84c0902bacc4a9ba51904db0b1c72f9b93e0db85
strategies/H003/unique_01034/strategy_definition.json,839fc23caf8c785b8d487eeb9058dc8803e49f01df3847958aca2425c962f954
strategies/H003/unique_01035/daily_evidence.parquet,522ae8a9633dc10f92d03f3334aa78ef8fd4f14c605ad3e32f92cd297eb41f64
strategies/H003/unique_01035/README.md,5cdcde0fda1e84983b04f6bc92914af4dc5cf07b1cf6d0c09d5b8874d83ec44f
strategies/H003/unique_01035/strategy_definition.json,c6d8003f1770f38d3fc647892f8f9cc2c1e7b8d2d236497b0ba52ba2eb9826b5
strategies/H003/unique_01036/daily_evidence.parquet,3b3bde24f813f195b92bf73aa5c05f375499d71b67a8b64c93816bcb0d43d3ad
strategies/H003/unique_01036/README.md,9fc74e1cab2d85f665bb2acda723eb3f29cb6ccc30a0e556b5c5339c3501f70f
strategies/H003/unique_01036/strategy_definition.json,7935a94f584ab40bdda464b85aa21a9d92f22bcbfa339ae51995b51740f64e36
strategies/H003/unique_01037/daily_evidence.parquet,fc37ffe5ecad3d4bf439337b5be58beacdc24a3fbf85572ae32f2ff3879eb00c
strategies/H003/unique_01037/README.md,9d47a2bbebb98796ce50ea4ac11520975ee222575787b159ff5f8d209a318c94
strategies/H003/unique_01037/strategy_definition.json,2e9cf8ea4277bdb551fa3d2d8865591cd5e7b838e0d31bd05d1bd7294856ce71
strategies/H003/unique_01038/daily_evidence.parquet,7161c7597598bd974878d8dba6cce4b2e09b89a44ab81cad8d296eee2362b320
strategies/H003/unique_01038/README.md,ef1b63b9d25c2ff246ebcc06c709fbda08af5c76785e5c3b736af2bbe91d0d40
strategies/H003/unique_01038/strategy_definition.json,9fef8a0fe98b493132d5e9a8d7f4d5c4065f64e1b6a3d506f028213ad41b5564
strategies/H003/unique_01039/daily_evidence.parquet,f1194859b081f255b94bb87dd3050a7cc06007707b73235fea8ae6669b5ddda7
strategies/H003/unique_01039/README.md,09dc76f13d2609c4a44fc2088bc1530f2bb35461b69a569c288d2e2bb5124538
strategies/H003/unique_01039/strategy_definition.json,d4758a2260dd0bfa748ff3aab3443063833c1b1c80637b269fcd9f3c87f6afc3
strategies/H003/unique_01040/daily_evidence.parquet,8eda7c3730faa14bbd62324fcb2de6fe4d9cd95c83714d4ba32837ecfb0723dc
strategies/H003/unique_01040/README.md,01bbe25983f9dab0b08afb03b3fa4969d14358ef4fa3fdfe60698d697274a0cf
strategies/H003/unique_01040/strategy_definition.json,a46f0dca44ac25d25243c3e31ba209f7cc500d2a92c24bf33f44138341033168
strategies/H003/unique_01041/daily_evidence.parquet,4e3f46de89dac3894f44c07971eb30e5538d2e93ad608a9300f83338486c4377
strategies/H003/unique_01041/README.md,49f291133eca32ff7b3553dc8af5c45716d02ee18cce1a0cea4a3a856ee0e3af
strategies/H003/unique_01041/strategy_definition.json,2d4d1d1c55dbe893355b103609f517c4c5d3e7325b41005d8f98b1707bae4ec1
strategies/H003/unique_01042/daily_evidence.parquet,db8b9ea20a584fa287d5abec787edc276197b4f1687fe1114d3f54f9afc6dbd6
strategies/H003/unique_01042/README.md,30939e5b5f123a91d823d8ec7784cd5f265fcc327ed7c8e56452b7d7b95f03cd
strategies/H003/unique_01042/strategy_definition.json,723c958ae1445d9ca301147d9947d557923f937dea61335f58da62633ee4765f
strategies/H003/unique_01043/daily_evidence.parquet,85520e658e98233395d148f6a522aefe9d119da89d75a21b4107bc668f833274
strategies/H003/unique_01043/README.md,37c8f99c4b2884cd6d64ce9b4f10c0975b741d0276cfe03148d14bdd9562ea7c
strategies/H003/unique_01043/strategy_definition.json,a8fd4b16a181908249857ee288fe39744c490aff3f4503eb8209df2fac14aab4
strategies/H003/unique_01044/daily_evidence.parquet,ec5fbab0908539ace6347383a2389b5287ef6534d04f49439b90d9e12aa95659
strategies/H003/unique_01044/README.md,f96008cc2eee34d53eb35d7ac2d92c8ef88c13e9dcdbf736b6451ef587243142
strategies/H003/unique_01044/strategy_definition.json,3b627231e717acb43a46edbe6c6aec5e386c729defed5b5fde31cd8958e3d3fd
strategies/H003/unique_01081/daily_evidence.parquet,3161a949405e21922e8bc3d9478817f390b73144512213b3f7457c54a2611648
strategies/H003/unique_01081/README.md,db7e0cc35b6fb32921b0664f2dc1032ff539fe406e052cdaaf3cf03e863e0fd6
strategies/H003/unique_01081/strategy_definition.json,95c405543ba3c9b90def3cb63b40d0b02799f61d1ce1a5c731f376d0003b6ba2
strategies/H003/unique_01082/daily_evidence.parquet,cece4107f0fd935cb1c1a911e1ae83b0e3c0647247cec662a133bc3fd44e29cb
strategies/H003/unique_01082/README.md,b8828bf018d98729a18af71fa8f14a091e4cb949a3038576bcde4d554e425b97
strategies/H003/unique_01082/strategy_definition.json,c99f1367912a41d42b55a03136aa15460740fb8e71889f33c098e724dba5636b
strategies/H003/unique_01083/daily_evidence.parquet,7b20cb56ae0513381cb28804cff31dd6ecf74b258c1ed021701afad977411d18
strategies/H003/unique_01083/README.md,e698a886863bd2f891dbbdd21d5af9704e44abf36c74d44f3d60c2290cb5946c
strategies/H003/unique_01083/strategy_definition.json,c10d8091a178dd1b6edff9ed68a5b7cc0f417cae3245f680266e7d9412eaa4a7
strategies/H003/unique_01084/daily_evidence.parquet,a3a1d85d20222a5a83772223220b85452e00e124ed4481cb6f54a20e189a5fed
strategies/H003/unique_01084/README.md,f25d1429f8a3087067890839b7abe06c3a1946b7a11ad984af38e4b9acaf0adf
strategies/H003/unique_01084/strategy_definition.json,6ef8ebbb8ee233b13d1586e3434a14f47550e6a229464d42eb512467a73dc584
strategies/H003/unique_01085/daily_evidence.parquet,24fea123190aae5af2030d75020ebaa9faa16bd6b0282e1e91c30f9084b77125
strategies/H003/unique_01085/README.md,28fb40f398bc3d623edddb285e6cacca26f4593404e5f8706dc269ac3be1eb86
strategies/H003/unique_01085/strategy_definition.json,9b201c09d59ddd3a27374dddee220ebcbde8d8f6d93ba712bb3c9292e6a5d96f
strategies/H003/unique_01086/daily_evidence.parquet,ce8cbd75b89c401b3d684b0c185cad124274c6556b8e95cbf277e3a0d761bc8b
strategies/H003/unique_01086/README.md,eea8d4981a7f9cba66e31d195f4aa377918d09a90124ce7949d3b42cd9c03e81
strategies/H003/unique_01086/strategy_definition.json,1d984ec2afebfd735929c872702ee99235c188dfeb86cfb0a92621772b4667a7
strategies/H003/unique_01087/daily_evidence.parquet,7331450d3cf1369edfee52d5e6a7da42c485049c10a7db3a91f252a595fb516d
strategies/H003/unique_01087/README.md,bd0d10209b3df455687aee0cd1f0f58c109c266bf84125bad2f49047c32853cd
strategies/H003/unique_01087/strategy_definition.json,c16b79ccbbdd3451b67f360e8a28b0177dc96f6c714586506e5b964cddb48f8a
strategies/H003/unique_01088/daily_evidence.parquet,983c09bd919e7377a14159e94ad12ca2125acfdf924fa126508e6168d828f8c9
strategies/H003/unique_01088/README.md,827359bc03fe6fb85257ca839d6fca2fea62eed8b3f0466fdaf64bb7facf7552
strategies/H003/unique_01088/strategy_definition.json,a82fda08ecda78afc8c32a68403a47184e407a762dd36f8e92a408aa43b892ea
strategies/H003/unique_01089/daily_evidence.parquet,fe5773a155a54754f54c368f673197ef3a2583ef365b492788991d269de025b5
strategies/H003/unique_01089/README.md,2f53e7185d5483051ee263ce15475275ef735772a0791f62230c160342c12342
strategies/H003/unique_01089/strategy_definition.json,7399a7c86a9b9fd306aa8078f23df4806f47f6120198b29420fbdc0ced095cdb
strategies/H003/unique_01090/daily_evidence.parquet,f6092345ca25d1304ca17f0c762d1c7264f5d619006adc7428eb0203a1e0f686
strategies/H003/unique_01090/README.md,bb3ad9385a61ca8e8dc0e9bae5776f6f1c29fa71ac5faf1f1115f8dc39dba2a1
strategies/H003/unique_01090/strategy_definition.json,b7d468ae2bdbc8b34e913ea62c85dada1d7971259cfcecbd3da7668ee4290f96
strategies/H003/unique_01091/daily_evidence.parquet,5777506a62297618b4c675f5870ed186ae8528575809d76e6ad84613f8171c96
strategies/H003/unique_01091/README.md,3470c36b019e30da47d7495642a4bd855c42842ad1394619a40fe264bbe9bb37
strategies/H003/unique_01091/strategy_definition.json,22b4a4c48f3be307812c2c39f96473eef4c2f6adf57fafb118a78e13ba991d23
strategies/H003/unique_01092/daily_evidence.parquet,dbdf759d09eadcc430aad6f9eb8634dc45d3f6e0603b211ce1dda58014c50396
strategies/H003/unique_01092/README.md,6301a24ebf12542a6651a34a9945327506cc7e4b6b215e498ef34f1ccca95476
strategies/H003/unique_01092/strategy_definition.json,2b22b57c1b077824c5d46e0184dc189fd0330dc091ab95608c97a1f0475c3bb7
strategies/H003/unique_01129/daily_evidence.parquet,57a014acd1c4bff94395f76232081c176fb8479c835aed2b2533dda52cd115d5
strategies/H003/unique_01129/README.md,6fbcc992901c8d276134edd1f6522287b152ee5ac47e20dc9d0528d73386442f
strategies/H003/unique_01129/strategy_definition.json,2334923ca4defd73cdfc86356dd4e17b15241a690b3c93305fb17d5829445017
strategies/H003/unique_01130/daily_evidence.parquet,f90b7278ee3b511dc7a295ae9f0dc7353739e1fed571ca74c57a86b1882e3611
strategies/H003/unique_01130/README.md,cda433f3ebc0e3015fd39e5bc1ec4ecba1f2595b264746b3637283cff3c36413
strategies/H003/unique_01130/strategy_definition.json,8db9807bb5c48d73ea3c72c3543416bc530cb7669ec4d3314b00c56b7452723b
strategies/H003/unique_01131/daily_evidence.parquet,7e29fa42e57dd9d326caefc399b826fb805dadacafe9eb1da5c8fe85d003f743
strategies/H003/unique_01131/README.md,d19a026d84805b241924a3205269750e3365216f3dc4c7e9d97bb0e2418895a7
strategies/H003/unique_01131/strategy_definition.json,6dd4fd7ebdb2eec7d4b62427e7e6033eba9fe14d7d38f4b05e4f9020283b8647
strategies/H003/unique_01132/daily_evidence.parquet,ffe65ebeb0ab5d7cecb76d15148f32b8c5c199f8b9cf7a6e37b2779b5809e033
strategies/H003/unique_01132/README.md,3553d6a6cb9f844c592adc13a794bb48c159090c39d8bceb88dfe5209807834d
strategies/H003/unique_01132/strategy_definition.json,bbc2b4ccbce6abeca5156c37d4833e3a23c18225de1773d4ef077f71c965ecaa
strategies/H003/unique_01133/daily_evidence.parquet,d5d69bb9f29769575da263b2c3dded3c2606f28ff384a390bfeff63a383bb5ed
strategies/H003/unique_01133/README.md,6617c9cd9524094805e0284021201854c650783c78b596c74c5502869a1c1090
strategies/H003/unique_01133/strategy_definition.json,fb98c911d5920b7c91fb34b2b4b9d600c9a1b1cc141025608ac62d99cd95f49e
strategies/H003/unique_01134/daily_evidence.parquet,1e01dd2664435e74f96462b8c3928b18c2e7fc4f243c71633e4edb00b79a8b1a
strategies/H003/unique_01134/README.md,c795003960a2e957d8fbd0d975086e0ca494132e8152065d671105dc248e43ee
strategies/H003/unique_01134/strategy_definition.json,9e28f416b1ac2a313c6762a28b568f24f27d29c6a7f0ac8784a03f3d699ef046
strategies/H003/unique_01135/daily_evidence.parquet,07b2fe2f64d54d90774284227cb4b6198979832322e621c622763281fd657598
strategies/H003/unique_01135/README.md,782a3ab5336c44179ed1c499adb4660bc98c163d411ffba1d6ef8421ae255593
strategies/H003/unique_01135/strategy_definition.json,2f84ddba2e4b72f3f4f731fa920e19b891ffc7b8238cf4feee1b1022b41aceb8
strategies/H003/unique_01136/daily_evidence.parquet,2a9590872970aed5a4b0d9980d23edbe80c582f4a01b4480b8347cb94aef1429
strategies/H003/unique_01136/README.md,b3645b548a6da43765f0633a6dbff2268b64b8eaba75849fca41a65c85893469
strategies/H003/unique_01136/strategy_definition.json,5737c839cbbb1824fd91962bf92d781392b1e19d95c80bd90d4234cb617929f5
strategies/H003/unique_01137/daily_evidence.parquet,900ce8fcf752fcdbc87ed01b7c4d6cfd4538754a043e1414227eb1a2fc181229
strategies/H003/unique_01137/README.md,c7844bce5d25f21a9d391f08847804937c95046b55e79b6d7af19d58dc042ce6
strategies/H003/unique_01137/strategy_definition.json,3d749e81f6dc06bdc0096476dcd08af41be4521b0881666aa22d71fb92ef0971
strategies/H003/unique_01138/daily_evidence.parquet,81a725b006c0c2adba8bd6f95d934e1572c8b20b028c5b4ee9361cb9e16dccf5
strategies/H003/unique_01138/README.md,0dfaeb00e5ec1dc627bab0d0116242305ee03d69bad5f65fb447f299faf30261
strategies/H003/unique_01138/strategy_definition.json,8e98ffd3de79cb63d7d1b0aa9eab2c5740e54c71559604bd236e2213f2f8c7d1
strategies/H003/unique_01139/daily_evidence.parquet,388b271f73f725b893b3464b0fd57f14b7df372673c975ed4de1a3f50ac2d4eb
strategies/H003/unique_01139/README.md,f8b27ee619f73b08aba50c5f13b0549c18fd7cddd1409538ee8c2d2c1a302e00
strategies/H003/unique_01139/strategy_definition.json,7aac9534e961f38344c7a141f301a98affb72760c940d75bfb0f8020dd7bf978
strategies/H003/unique_01140/daily_evidence.parquet,a63575b9044b434dea0849683e73f74932a4a888fdb1655ec42f525f8ac13be1
strategies/H003/unique_01140/README.md,490dbdefa2f586efcefbe16e2b242d8374edfef0df55847580bf38af21371632
strategies/H003/unique_01140/strategy_definition.json,0ebda32a6dd763baa5bbfe2bf8a0185f79202d645ff332c9c217ceb717777870
strategies/H003/unique_01177/daily_evidence.parquet,17509d6a73b8a28bcd388ef1614449afcccdb816a9fcdcdb0405f0ce260a3d27
strategies/H003/unique_01177/README.md,4391d072c9f23245b1b67325d20c83792a281a3c1f1dba038a4fc3bda41fda71
strategies/H003/unique_01177/strategy_definition.json,e6145cb54096cc6d0c418595e466954639a6784c51ab50a4e0a6d12e2985e1eb
strategies/H003/unique_01178/daily_evidence.parquet,de5b47ac7733d43c0bccc039fec607419119dfd4ed229f6f05151e1d15fdaf7e
strategies/H003/unique_01178/README.md,96342e78385ccbdadba962df30dc496b99a0ff6e28e5ce8144e7a52a0505e2aa
strategies/H003/unique_01178/strategy_definition.json,e6ca20cc96d92be32e015b5041b3dc1caf7e24ff567f7131aee33e18be81e84a
strategies/H003/unique_01179/daily_evidence.parquet,1edf9aec1c266065f29d6c205ae6f044897a73638b4301db279d19c988f6e38f
strategies/H003/unique_01179/README.md,d4764cebb2c1b65f2bc8b111acf440d20db5979c2cc38ee300c3543e2e09752e
strategies/H003/unique_01179/strategy_definition.json,d045fdb6c662a0b262396f5a9f81619e1c17237f7cc57b4a2b075b547075fba8
strategies/H003/unique_01180/daily_evidence.parquet,085db98d1632cf496cbb81814b866f43028f9ccfb75b081951fe18616ae18a6d
strategies/H003/unique_01180/README.md,7e73c1e2920840f044a40e8e4d588e6a18602bf87734ce9a79379874d66828c4
strategies/H003/unique_01180/strategy_definition.json,805389c74000c78a9aa5f51a3bd06280ccf2d54ea439a4a852d75aae50f6090b
strategies/H003/unique_01181/daily_evidence.parquet,dd612292b12e7cd89371e7f2e6ff2bf4a31c27bc85090100c045ece2dedc7423
strategies/H003/unique_01181/README.md,a6d25c5824f764b4ed6e789302ec1d98000bb89fae19a13b98ca2fbe8e3a99a5
strategies/H003/unique_01181/strategy_definition.json,76a54a9f794ef9f5d4383d83629cbefba1441904dc50c8e9293016457804950f
strategies/H003/unique_01182/daily_evidence.parquet,9e0a98eca2bd946340145a79cfe01e4946d1d4bd48c7cb76ad0b153d8585cc0b
strategies/H003/unique_01182/README.md,7e12c85250e091086d6ce2bc0ce9c2a7ae262683b5d06f888290bf8620e4aa9b
strategies/H003/unique_01182/strategy_definition.json,f03a77af1e7e2af00cbf5dc92ae40cf52dcfaee5d2d712e3d604acc9a9d7e5f3
strategies/H003/unique_01183/daily_evidence.parquet,136b8abb9b6ca34526355d7c3dab6b7159e66a6007e563851ab8f879135bf88a
strategies/H003/unique_01183/README.md,ced9a7a5df79724553da7b58bab89438934c7e3d5b75e6f3bfb53360f57ba2f8
strategies/H003/unique_01183/strategy_definition.json,051e42dcb6c6ab5f04ef4bafea95846c5686463aacaa35b0452b9c52d30f546d
strategies/H003/unique_01184/daily_evidence.parquet,f66f6ca1c0f6f2952ec4572a5e1be55f113cd6be97588ce8eeacd5b4a64e6e4b
strategies/H003/unique_01184/README.md,ef746e5a3198b291feecfc849b8a674a1d2b16b4de2aed18832ec7acb8e68386
strategies/H003/unique_01184/strategy_definition.json,850b81b3f75afe25e736b09bffe12a769161fed7e4d6b9db336a621c620e4db7
strategies/H003/unique_01185/daily_evidence.parquet,fb0cdf83ad39b8e6187cee94fe3cb81def32429e59aebc9b41f96ba79be6c8ed
strategies/H003/unique_01185/README.md,f0ac28733d5aa9682d2c15ad7580f243a07d6ed680830b9e80260305d75e7b2a
strategies/H003/unique_01185/strategy_definition.json,004045a07849e3a3deaec0a521ae1dccd11565145c9fa6fd396f5e4e1ceb5eb2
strategies/H003/unique_01186/daily_evidence.parquet,b81fa6e7aa6d29866d190a77f486836c0b0f20ca6538986352801342776b77fe
strategies/H003/unique_01186/README.md,e9b0c402c81c18cc9c52f92249e864724f108dec14628cc8ba5a1e22074e3def
strategies/H003/unique_01186/strategy_definition.json,c39e2d6b64a6102b696d965cb10385b4977a55fa498beab58d7708d36713a975
strategies/H003/unique_01187/daily_evidence.parquet,317d8c0519797229aa8be92a96909764a268c64967d272be21de0047e319c717
strategies/H003/unique_01187/README.md,c260df991f195df717ae58c3b491716177356c1cc14fbb1b2766122a0ae8bdd0
strategies/H003/unique_01187/strategy_definition.json,d42cc18ef603d20c4dde24988063c455a5d2c100f04888406f6ab5a7f8d29e46
strategies/H003/unique_01188/daily_evidence.parquet,521a68ff539a237fb54a7d99f85184e2e242902dd6ebcc28fea597a07fd9f6e2
strategies/H003/unique_01188/README.md,b7da4f622e41815f1c66d72beaf1b5a5bf07e211a988f1945e35a7b27dd553c7
strategies/H003/unique_01188/strategy_definition.json,c93beddf4cd645126999dc490fd2a82d325f16d76e343cfbc2c234f5cdaad35d
strategies/H003/unique_01225/daily_evidence.parquet,ed8dca5ac438d1f06326d7e28833443c425df3a7c32fa8334b6911b55b9ad56f
strategies/H003/unique_01225/README.md,8c78ca28d62a169546837bdd997f230bc9f3df71cf40a4ec4ebccce3413a6545
strategies/H003/unique_01225/strategy_definition.json,e1dce4247bf9b6cd18c6846138aa9978b5c8cad0c3813b60e9d607d094782ded
strategies/H003/unique_01226/daily_evidence.parquet,b5dcac857457b336184a87eb6ea07ab0a12c1a1e69121d0001e647853b4cefb8
strategies/H003/unique_01226/README.md,7def90cf84a5dc6dbe03545606ae5357f1f781c9d8381802506f4a4125d0f664
strategies/H003/unique_01226/strategy_definition.json,48455b038c399434480aea3d95815be95afe46be4fd0a92487dc28ab7765be67
strategies/H003/unique_01227/daily_evidence.parquet,307bf259d9df1aaeb563d23d6b8f1388a76a48f6e550c080107ac3a8b767cfd5
strategies/H003/unique_01227/README.md,167b71f3e8590e4851827db889ff6ee2743a1f240b991b1a33c34f1e6ddaec6e
strategies/H003/unique_01227/strategy_definition.json,c6c69bd80ebcdc7424723d8dadf2bf535b8e2d99d37b87c7656b601e9cdbfd10
strategies/H003/unique_01228/daily_evidence.parquet,0c9e0d7be92c27ec5dcb477dc1c2a9bd0ddc2e2f8bb4dafa82a78e9c7bc4bcd1
strategies/H003/unique_01228/README.md,6c26493e1b04da1ebc152b789400fd6bf6d99c6047dd3e45cd6d96675c475592
strategies/H003/unique_01228/strategy_definition.json,ebee198921ad62271e6d2cc46b7bf5a2eb6f09118366d6f67871c6d8bece12df
strategies/H003/unique_01229/daily_evidence.parquet,d3a3ee6274a1efe280a24070e1ef020e2f5ebe48e299a5cd63015fa8ddb937e1
strategies/H003/unique_01229/README.md,9e08a50ddf9cc2a23b77268e64b8ea3a55199f7879dc5cf9fb1a92c81244d6a2
strategies/H003/unique_01229/strategy_definition.json,d32c9463ab091df770d3b2c0ee2453009e7ae3f78985c8a91807cf4122e2ab41
strategies/H003/unique_01230/daily_evidence.parquet,ea5c70850731a358ead21a76715f0c6178dd8e51306493b93bf260a72744eb35
strategies/H003/unique_01230/README.md,fb2e76439d88de2db3fad8942b04f8129d3476acba4199f94dffbfed263bdd91
strategies/H003/unique_01230/strategy_definition.json,348986c0d67d089dad19d7ac3d23feb16d572f7adbe5fda71a9904eee68d35e6
strategies/H003/unique_01231/daily_evidence.parquet,0a36355e16af9804a75e182d394ee35a3c03ece950b831e9a62ca2dd9b2d74f2
strategies/H003/unique_01231/README.md,30154fa0a9dc34d383856dfeb3b2026423e413e64f4de9d22f364c93c85dd0ba
strategies/H003/unique_01231/strategy_definition.json,643494e3feddb052af3d3f6766a1dadd40954aaee2551f09bd86e645c382bfcd
strategies/H003/unique_01232/daily_evidence.parquet,3ef086cf6c2a815761810fb5d1492ac83184016619b1f1c08a6bebf62b1188fe
strategies/H003/unique_01232/README.md,e00f7b29c3c82220dc7b64f279b501448220ab871c84286f5262cfd3e032567e
strategies/H003/unique_01232/strategy_definition.json,655cf78a9f6916cc1efbdf7c4715cf38ad712a86f8ee6a3790d5d4f7151102e9
strategies/H003/unique_01233/daily_evidence.parquet,3cdfb2a78e3da04a984549165c1c42d9538cf21ce0dd402fc2de891c971f496a
strategies/H003/unique_01233/README.md,7902a6554926e6e5d1ad6b0b833bf8d98e85d5950c86bd158793a6a7d92397d4
strategies/H003/unique_01233/strategy_definition.json,f213a7ed79f5c990a65ad9e2105f6b410c7f2b296e323be49577c98c464c2394
strategies/H003/unique_01234/daily_evidence.parquet,a52ffbd05e203911a8b7462a036ed086d8ccf6173b524a85a0044a88beb6e2a8
strategies/H003/unique_01234/README.md,7374f3238a2665dbda4cfd8ec1b02d9144ed68e56f58ebccfbf76209a63216e1
strategies/H003/unique_01234/strategy_definition.json,7af1e2706c26d977862b9968b6c0d54e74c55930fc3e708a7daf0666279566ab
strategies/H003/unique_01235/daily_evidence.parquet,e7da23f606595fbd0bca89256e2d5eda741e6556bdc46d91f3a40aa035c91c5d
strategies/H003/unique_01235/README.md,f87c65e39b5514d951c34f29bf418b7ab7228a6d67174cd622918898e7f34d64
strategies/H003/unique_01235/strategy_definition.json,955fff4d9b905d1e3fbd593fac3db26484c16d66f41a72a3c8535c59562eab11
strategies/H003/unique_01236/daily_evidence.parquet,eabcf3bcaf148a9aeab05f1e5991b8ae03fbd78101a7c57ef711c0afc3818df5
strategies/H003/unique_01236/README.md,c2c53b87c27edc02dd9315e6118890acaa91dc850cf93c024c2cdc3e3c9695d7
strategies/H003/unique_01236/strategy_definition.json,a79d59108bc85589470ec7d00a60fffd43751157f9bc0af2a6238d18dc3499b0
strategies/H003/unique_01273/daily_evidence.parquet,dc602409d00a9a8939133ce5ad5981518baa523b7440224cd0094f74314eb118
strategies/H003/unique_01273/README.md,6dd2dd2e5e593a9d9ebe5666975e91efe490dc94cb4374ff9b615a43bc453c5b
strategies/H003/unique_01273/strategy_definition.json,24331a55fc2e2052bfb761516555c22a202ad4e9c96d40623402a9fa1e5d6b5e
strategies/H003/unique_01274/daily_evidence.parquet,46d9da0bf10699e6f22f5c653a0d6c245cd6863fe29f3c95b226d83551a9be3b
strategies/H003/unique_01274/README.md,35eae3194c04a42072fcc3b310c54b0157329aa8fbdd1a2ad57a3738c02c4b89
strategies/H003/unique_01274/strategy_definition.json,78df727937c45d6405f77af4c95251f955315bdeee5549f8d9880d06a71061cb
strategies/H003/unique_01275/daily_evidence.parquet,1471a6af193f9bd953929565e0a24ef9aea78dc184606e3f402a2a10186b4292
strategies/H003/unique_01275/README.md,f64dde8ab4b42fe744000feb174ef4b8e0526bc8eb534a0b02046c8d7ed3935b
strategies/H003/unique_01275/strategy_definition.json,526abe96e2f67966249d0a32b9f2de3fb66013017383a4e2e13835ac640e558f
strategies/H003/unique_01276/daily_evidence.parquet,69ed51314c0e0c07d72fdd258f69cbbbd37a9e9c9dda1d4af7d64bbb15c7ae96
strategies/H003/unique_01276/README.md,f10b3fa9e13d090e1fc1731e4251b7f237635c36d1a28bef95b9f1c55b0a40fa
strategies/H003/unique_01276/strategy_definition.json,99e0f18e92a339d3a49ff654b2fa534fc6da8e6714b62d61d54487d5f94ac647
strategies/H003/unique_01277/daily_evidence.parquet,7a9499de8ffe72334d62c024540708a852cab636b04d51d157452de931a13f67
strategies/H003/unique_01277/README.md,c88fa676d98642f5546a164515495c2d602bd56414748508743693ffb052f5b4
strategies/H003/unique_01277/strategy_definition.json,73bf269759dbf629ad0596e304d2729d909773401e2e230ad96f2ce8d9890c70
strategies/H003/unique_01278/daily_evidence.parquet,fc6e3d6e658183e0c4551173339f7f4255ff338ce310491555c03e0421e55bc6
strategies/H003/unique_01278/README.md,b980d42a03bdca7b6e31970920d8e0ec1ae34f75020e7d3b861db80a813b21b3
strategies/H003/unique_01278/strategy_definition.json,e9c4f7bd1f9eb48a00766a3e9585e8ab933603226db905eac86e27f90b2ee464
strategies/H003/unique_01279/daily_evidence.parquet,50d84e8e818ae8f4dc7b7a7712d16a51bc38ed5598472e4c13edd74374ae8f6a
strategies/H003/unique_01279/README.md,c78ec68016dfdffd4b2a2a9f9c3297f80c1166162695ab61ae6be4cc1b55649a
strategies/H003/unique_01279/strategy_definition.json,55cc1b3924a4aa6e3dff5eb8db7aefb4b676c792aa44486f8ea7fc7aaa11dac3
strategies/H003/unique_01280/daily_evidence.parquet,ecddb7ceee3654517b1af23d3a881f9ea56790520596075dd9d1c25400b434b6
strategies/H003/unique_01280/README.md,8bd4fc87c273f9449a3b9e6b2835e8643048016caa8542ea868b548497ccdc63
strategies/H003/unique_01280/strategy_definition.json,9113e4898d2fa405e1be75a290c73a37c5fd76f28f222147e9a78439d3abfe7e
strategies/H003/unique_01281/daily_evidence.parquet,3a42d2ce2e72739c9f3717f59a00781b6bef8fffdd90a087e804c7eda5187cb2
strategies/H003/unique_01281/README.md,5c3311986341c54d47e74d23f1d240eb7883e367315289df07740e7f418235e5
strategies/H003/unique_01281/strategy_definition.json,78f6c309074dc5bc313cfa3da6e267444eb368f0eefc3b41a8919123f0f3ffb3
strategies/H003/unique_01282/daily_evidence.parquet,c4ca95921e8c608201709fc9de6cd59a9aa968a29dd4cdcc34231456b2df972d
strategies/H003/unique_01282/README.md,c4fc96cd29035d0200acb98cbfdb0998e39da4f770120f02186cd9a79b538198
strategies/H003/unique_01282/strategy_definition.json,b8c48d4269ecaaafdc3ba75c81f3ce3de1a5fb168b7f7956525b1fece98e1dd2
strategies/H003/unique_01283/daily_evidence.parquet,c5beef8872362d1e9bad31a26f72debbc6fcfe568c642c8e4dce5a69fef3f2a7
strategies/H003/unique_01283/README.md,e5d9b3b17b061d1d0b3fa6a901e6a1bd664e50f85a4adfd43443de000675e691
strategies/H003/unique_01283/strategy_definition.json,cc03e439482bfdf777affcbdb758d2ca5d613bfa2191038db05653bdb84ef3f6
strategies/H003/unique_01284/daily_evidence.parquet,f695f136e171673b562ff61e2fc4794ac2f78400cb8fc9a5c261efba6bb603d8
strategies/H003/unique_01284/README.md,b99a2be16bb60ea7cca7815c8cf69980f806d1eac38a2e25e9d4521e5f50ec18
strategies/H003/unique_01284/strategy_definition.json,cbef8e68e47d1ad60558da4bfd84093ee29b64ee143fc956332fdec17c08ac29
strategies/H003/unique_01321/daily_evidence.parquet,48ae6f6d71b06e9e4bb10ba95478d6d3e3fc3d7492b1e3d9167d3bdb1c43b881
strategies/H003/unique_01321/README.md,eb1c1e9d54ca759f9e62c03d2fcf4b72b702a5df3cfa8ce58924d45dbbda7468
strategies/H003/unique_01321/strategy_definition.json,f553b23b13eba2c371e5ab55a3eb08b19f186278dbf638bf4147a9c07ce8e3af
strategies/H003/unique_01322/daily_evidence.parquet,994d8a08c8f4d8d8c0c04b50f483dacfe2babe57b89af20911a4553543f1d38c
strategies/H003/unique_01322/README.md,f9885eca46eef9a303ca59fe655c77eb0c77b917088ec65aa0170408b66d9793
strategies/H003/unique_01322/strategy_definition.json,b00c8cb6e2854ed4f8feb873897aadfdd14f668d8bcc6a13764123287a312033
strategies/H003/unique_01323/daily_evidence.parquet,491d35f6ac205eb7925f4d4b1f251c438553fee389d8dc4351cad5880707cec5
strategies/H003/unique_01323/README.md,b508c31c18f634b1f4a6cc273f52e2640dd22153d1cfd4033158c5fe4bd809da
strategies/H003/unique_01323/strategy_definition.json,29ed010513c412caab5762087275eaa37b4fe43fc554ee59c9ef3d15db621058
strategies/H003/unique_01324/daily_evidence.parquet,e8af69027e595b2623c98f44d4fea3c4ec5dd7231c692633d1d8cc428f170515
strategies/H003/unique_01324/README.md,c82f1973c85a61e89f0590c9ca0d2c1ef64b007b909d4573049c602e51f79125
strategies/H003/unique_01324/strategy_definition.json,a4419be2cf1faff79ff8d27b2eea1b78e08ddc69876c3e12c89969031611e240
strategies/H003/unique_01325/daily_evidence.parquet,9916b6e3c3559d87a17784db0268d9df5d3d798e91e2984fe1b35f478f796ae8
strategies/H003/unique_01325/README.md,56136509d6077184e047a6687d6a7646ef784b66ff9e5772aa8c3c41c401a447
strategies/H003/unique_01325/strategy_definition.json,820c89842d4f5853edeecad306b8795c8f322e661feb1b35ed7ddd2c692f4c5e
strategies/H003/unique_01326/daily_evidence.parquet,fee436363aa5e16d8f79bdf5c4775e41f201ec3e0edb432cb51e5b9deef5c776
strategies/H003/unique_01326/README.md,a1111262e99fe24f56981a03d852195ae2275f6ddf0f8039209cbcc6931f359d
strategies/H003/unique_01326/strategy_definition.json,16ca46e843704aaa6160614b8e46bf939e9fee97cda26ae44650cc7d59354d97
strategies/H003/unique_01327/daily_evidence.parquet,1d8a0efde50d844fb0809057404941b9609bd18c68920021e3cf2d658c49f3d1
strategies/H003/unique_01327/README.md,b383bcd1e26ea2f4ca7bcf46777439de5d9888bdff75e3fe13eb236d5faeab58
strategies/H003/unique_01327/strategy_definition.json,4c782cad945a5cf847ec8ae3cc08a78438314b7763e42c14e2d92c0af60035a4
strategies/H003/unique_01328/daily_evidence.parquet,e78d25095f966ea4fd39ceefa8f1c6cfda25a2ad4955cfcdc44c82dbb0f2a5af
strategies/H003/unique_01328/README.md,cbb708ddfc73fb5d8b3f230b8bbcf358f4a6389613e7d84d6b2b87a7cfb3fad3
strategies/H003/unique_01328/strategy_definition.json,bcc978404d07673d3dca0aebf2f919bfc2b41aefa42fbcd2d8291ccc6025f10e
strategies/H003/unique_01329/daily_evidence.parquet,33c115e04a4a32339d97270efc8f8f44f76271eb6b6c63f1cf4ab4e0c297aa4d
strategies/H003/unique_01329/README.md,1ad6a01240cb14521b5fd6cdc394494806e2bf6586d61109296eae4ed29f13a1
strategies/H003/unique_01329/strategy_definition.json,d6a6a9ee894492d582d5fd33e62a9253e373f36b76db4bb0d3e9373d893945a4
strategies/H003/unique_01330/daily_evidence.parquet,9c4a2e946f9a1e8dfff2939a3963d7a52bd3333f0e27c9f2d42a30d65749fcf5
strategies/H003/unique_01330/README.md,f37f82a67ae866c5608dbfa7f53260ade609cca5760719875bb6673ab3bdafb6
strategies/H003/unique_01330/strategy_definition.json,6310173f263ea8b45034b927aeb87fa3eab6c2a10fa32e6fed8d47ad3816964f
strategies/H003/unique_01331/daily_evidence.parquet,8c684ab1b98aebf2f40637eb8701955e7ce6e85b8f2b550fce392f5a6f14ddda
strategies/H003/unique_01331/README.md,44c3d0e1ee99e5ccb48056e247f2811100d2d7ad5a60d5d49a8fc898510d9e64
strategies/H003/unique_01331/strategy_definition.json,29439c1b5bfce135fc49ed73798ae55237148580971fade0dccc0cf39d487df7
strategies/H003/unique_01332/daily_evidence.parquet,55982c3643190ffbf360ad91617f6ffbeeacdafcbab2fa89911a30f6e2c4b093
strategies/H003/unique_01332/README.md,0e7c2acc2c5cfcb74e6c7c69d3c633b5cf8c41ee695bcfc9b035a22ea84d3b67
strategies/H003/unique_01332/strategy_definition.json,55047771a4db2710a5a45dfe80855f4bbdeb1ff2b90a186c13ad162ffbd4b16a
strategies/H003/unique_01369/daily_evidence.parquet,17553a0f0b2926e6eeb10366adfd1c5ce376c76c011f5882b7237b9fd3309298
strategies/H003/unique_01369/README.md,80231a365e300b6751571957e233fb17309cac0135084d692054f0d3553072c1
strategies/H003/unique_01369/strategy_definition.json,4fed72a7efe0c2c1c070279519da610ab89d767a5d77faa4219502937e6ce643
strategies/H003/unique_01370/daily_evidence.parquet,0297a51d63257a76684a98b1813e566feddf39bb53740c6aaa722abaef86f607
strategies/H003/unique_01370/README.md,4aeae4bb901a23b1c0bf0aa29fe94d5daba1dea264ec42093c4578136393b576
strategies/H003/unique_01370/strategy_definition.json,6f17ab7c3b26fe0b4531eaf52216ccc29d4513dd8437ac304b5175477b87adc3
strategies/H003/unique_01371/daily_evidence.parquet,1e46922eafbf63bb36864a9cf2582ac6f0c0e478d15507489541582d39affb22
strategies/H003/unique_01371/README.md,1269c69d8b4c62cb684e0422b6952e0790b28e15731c8696d6ea60658788d13f
strategies/H003/unique_01371/strategy_definition.json,468b95ccba2e18fdbd8d755438a623def5f7715b27bf81112a184cc6f425e3e4
strategies/H003/unique_01372/daily_evidence.parquet,729bfa7df00aff385db1ff3dae841479834a525e751f15871f8de497797f7ccf
strategies/H003/unique_01372/README.md,c27450dc967d256ca7910f08fbf7984bf1b70f8675168cdadcfe2ff9b79d54ae
strategies/H003/unique_01372/strategy_definition.json,83a2c56dd06e9c49903817b9ed37274dc4a7425f29779b6456cd3edf551854c2
strategies/H003/unique_01373/daily_evidence.parquet,e136fd43a034b23047829720aebbdda9de62e2d6cf05c9286e3ed1c586804631
strategies/H003/unique_01373/README.md,768067d865c5d89715b00d9a252543ca4bb9047a2c92bdcf49fe59d9fdf0d899
strategies/H003/unique_01373/strategy_definition.json,3bb223f09f06f8ad26c14f8212139eee788c8b813f28a3164527d3726a136f1a
strategies/H003/unique_01374/daily_evidence.parquet,c1e414fa20f874674d930ff5da472703cd8a3df2ffa229a257d680496c448152
strategies/H003/unique_01374/README.md,ab56dc69e0cb5ae4a8ad3e003e259ba40596ea5b7425e1f5e65f7c195a469cc7
strategies/H003/unique_01374/strategy_definition.json,be7a8eb7ecd4453861bacdc0f374683caf5b167ddaa0ca2766b4941e4ac477c8
strategies/H003/unique_01375/daily_evidence.parquet,99aafed3da20056307a163f30d9c2bf091f5e8be5dfe74ecb0b911528fa23bbf
strategies/H003/unique_01375/README.md,714e07bcd2984f0a999a589f7d1225ac38d4f15148db9097eb6dd80e3cd1024b
strategies/H003/unique_01375/strategy_definition.json,ae424a17c48dad687b715da7c103c7e7f1fd8cdf7321e349394feb7b1d2e76c6
strategies/H003/unique_01376/daily_evidence.parquet,d99f8fb7a09320a2004135d26134b004d73f7575de24e492fa3f54a0741b9dbf
strategies/H003/unique_01376/README.md,a30d7c385540d2bd2442d73c61a1eb37aeef93941e494c6766607a0fb2a952cd
strategies/H003/unique_01376/strategy_definition.json,3be491dc83b1226c92bdefb7325033f62dec589edb8024c3c422491316f61a7a
strategies/H003/unique_01377/daily_evidence.parquet,55b32a1c246fe9c3be41cbeb6ee3e2bfd7271bdfddf20fb189cf20f80cc744ff
strategies/H003/unique_01377/README.md,165b0626888881f604fecfdbe2939ee4a24eddb862d97a0ad05a2cbe5ac08b53
strategies/H003/unique_01377/strategy_definition.json,f599a78e32317794dd5c7c9e560ff76222291796ca8ec499fb48624d996763e0
strategies/H003/unique_01378/daily_evidence.parquet,1c189fb5590d0612465e379b931ffc6ed2740aaa04adbe540ee22f815ff76157
strategies/H003/unique_01378/README.md,0589b136a8d27762f04d201ab8079cab2ffe3823353522dbe6bac093eadce6ab
strategies/H003/unique_01378/strategy_definition.json,e1e1cf54fc8d0a15c53cf4dae1365a8d9d5851476e673885b2b7ebc718dd3854
strategies/H003/unique_01379/daily_evidence.parquet,651136be252a4619834b65b19574727f137c3437d193161c273ea68b23045a38
strategies/H003/unique_01379/README.md,5c70b65baa690921a39d66e264f5fbe629e7a8fc9210e6959757fe1bde378bc0
strategies/H003/unique_01379/strategy_definition.json,2570db044bf230b75a83c3f3efdb88bd79c581d8af71c22c14b97d5b62e34024
strategies/H003/unique_01380/daily_evidence.parquet,0a2517f045666c6fff36cf0dd259e47661b7dc98668548780b77fface8641117
strategies/H003/unique_01380/README.md,8fa66185752574d4a32cf454e9ab0d6cfde120ca41384f644a621189e55b434d
strategies/H003/unique_01380/strategy_definition.json,18ff6bf37abb31f22e3fa31ef2100e96d6638381a6aa460177e38db0a420432c
strategies/H003/unique_01417/daily_evidence.parquet,14d86ffc5cdd6484860fbe10a4a5714264a3d1ff420caf276338f06688dcc92e
strategies/H003/unique_01417/README.md,a8c4a9fe0a539c25d691040ab8b2c7a5ae00e77a74621dd427fd4ec2b4a6dd2a
strategies/H003/unique_01417/strategy_definition.json,c2b642cf228ae99f06860767948664155eae23c58b5842df3b60fe4689d3767b
strategies/H003/unique_01418/daily_evidence.parquet,bf0c45f337235f2183a822f36b3fbc3284cb60a81ee2c6f7f6a5468757b5f21f
strategies/H003/unique_01418/README.md,b9ba90a02cb0625179679bee964d5ff9c831a269d7ab4321fc0e6768479a4174
strategies/H003/unique_01418/strategy_definition.json,a2e6ea6c84153515277cc60715d7ec2010ab49f68b064e5ca16061d99e1b31b2
strategies/H003/unique_01419/daily_evidence.parquet,4398cfc906b5d2929b7812de70c623b7044ddaa289797e3a5a79df01170613a3
strategies/H003/unique_01419/README.md,9f9a65a168df14eac28afb6fbb23db9ae4e0df4e0d49227231d2033573f50fb9
strategies/H003/unique_01419/strategy_definition.json,a0355d16c8f360bd027417c62cc8216920aa920dd957249eac81e556e043a423
strategies/H003/unique_01420/daily_evidence.parquet,6c20b10d1104d6675d7b998aed848d49fcf03623e43078886a0f330ef9423f20
strategies/H003/unique_01420/README.md,bef9e7bba7ccfa7e59802f0da66371b13332adc6548403e56613a3d213b927de
strategies/H003/unique_01420/strategy_definition.json,578c3864ff09caf3c511bd4912e9b27295cedd7a6cb551b551ef931b733413d5
strategies/H003/unique_01421/daily_evidence.parquet,4066839156c299e415fdb64f94dd3a26dd8f36ebfe5c4d7f780d870fd5bd8d39
strategies/H003/unique_01421/README.md,eadd26bdef275473c6be5793b3de8c650dde2ff80b32352e7bfa0797eff9814f
strategies/H003/unique_01421/strategy_definition.json,2a67c1552ed32aaab41939328000c4b35506d18df5faadd8e18a412144bc115c
strategies/H003/unique_01422/daily_evidence.parquet,699de311f1d71c9e9ff5bfd4640457e8794c67e12e5f65066e2d9da7229201de
strategies/H003/unique_01422/README.md,d837cc5b37d18e657c21dfa3cfc5ab38c5af2e8b3f59f6281c2a310c42e53840
strategies/H003/unique_01422/strategy_definition.json,70ecff4afe928bb63dc9585e0e3f61235cb09f685b431d81bfd32ae89f13ed86
strategies/H003/unique_01423/daily_evidence.parquet,8d6b3f7f9ac36ef7a6e3b49dd11a5f54bd66b23612fc14e716bf556bc0441a7d
strategies/H003/unique_01423/README.md,841733c8ca911100b74b62e5a644459c93f4e15c54b42aa94c9f04d846258a5d
strategies/H003/unique_01423/strategy_definition.json,1576754ce0de5e5802abb7e41f4a7f40b4c8f612e717942ec68ff5f2070199cd
strategies/H003/unique_01424/daily_evidence.parquet,fb6cb9de95017cc6e2c2fb2e70a63dbf792c06f5c615dab1e074f1162937ffa6
strategies/H003/unique_01424/README.md,047bce605e356f92e0f21e67f3cef7bf5e4e2df98d44bba84743eeaf1dd129b3
strategies/H003/unique_01424/strategy_definition.json,7f76ec72d8049c10422b08223d9ee3c1bf40914ee4db259a5af01d3a11980735
strategies/H003/unique_01425/daily_evidence.parquet,9b54d9307cb518f6efea9391a00fc81b76da572964150f6692bd86c64b86befe
strategies/H003/unique_01425/README.md,14477ffcb789d23e580ab9f6877afc5a1fb69153326cdf643fd785ecbedae79d
strategies/H003/unique_01425/strategy_definition.json,0c484dac6f9caf72d338d6eb4e8c42bee9595a6e96152dded5dc2d6fccf0c1a4
strategies/H003/unique_01426/daily_evidence.parquet,9cccde80ec58f161e6f6e021ff1014ead57b2acca8bf8f28c720df99d6cb3917
strategies/H003/unique_01426/README.md,38ecb589e25d0dd83e97a8d49e55dad0ea9fef7b4d0fd34e320ddb915fef248d
strategies/H003/unique_01426/strategy_definition.json,10e525c04751071fda3de4e1ae98b48d83e8f55fb6ede7d0a6493f7d4395f1ce
strategies/H003/unique_01427/daily_evidence.parquet,df3c8fec83c8459046b7ac7419e4ba735bb31c7b8b142cebc1512f9d8e73e211
strategies/H003/unique_01427/README.md,4a1f27a55b4aeb05069ee061f8eba3d5e9426bcb095a177ed552f78d43559fa3
strategies/H003/unique_01427/strategy_definition.json,46e4dd0607b51ee4c17409e74ae0e04e36fb6b0719e93e80e3a435d51981c9b3
strategies/H003/unique_01428/daily_evidence.parquet,004403b3ee0c381337aeae8c4b98db5d15895b1f715fa8eb67c57e20540d6dee
strategies/H003/unique_01428/README.md,3c715eefa84288fa24e67136fbd173df05dd97011afe11a3e2090d0314cd3c1c
strategies/H003/unique_01428/strategy_definition.json,7f42b6fd6e6f41ded036116e48cdaf8a062374816cd6edd2421ded0c80c1faa4
strategies/H003/unique_01705/daily_evidence.parquet,f2f691d41e7a7a24a534bd951cc2822904d99ecd2f72708b5354b56f324dfcb0
strategies/H003/unique_01705/README.md,4e9771ddba71d029a5b7a60d181d9c6c888111d1d8832da993c40d549d8a19bf
strategies/H003/unique_01705/strategy_definition.json,3b819fde6288efa1b6a90b7e84eeb01d5a23ae4487e2883f60c9edbdb89b55cc
strategies/H003/unique_01706/daily_evidence.parquet,4d965a560ae25fe0bc0dc12edcf05a05c5de773111661a4778d51c9f17033c93
strategies/H003/unique_01706/README.md,6838304236bc1f330ae518e89b8e886f6746bf0e6f80d43cbf1e5446add8f516
strategies/H003/unique_01706/strategy_definition.json,896fce059674b4bca73713e38572c10150850a390433d5046ecb63ff65936dca
strategies/H003/unique_01707/daily_evidence.parquet,88b187b66296a8304f7567a306c6e1a34bbfa8a4d4739d3931dfdef293787cf3
strategies/H003/unique_01707/README.md,a92a9e50c795ebcd27912c27881034c4d67b8d57e5ced0b4c6f15c1f6f859bb8
strategies/H003/unique_01707/strategy_definition.json,67fab6aa502e1febdb8d0eb2c1251143733ff311cd528a2491d39fcc1a3e4a81
strategies/H003/unique_01708/daily_evidence.parquet,300d408f86f6e0b5c23a044c5363df87728da8a63aa8bb9acd76c14e3ec218cc
strategies/H003/unique_01708/README.md,2305ffd2675f6b2cb943d5ff059e66dfd4c730f8e27984198d5a122c115f9e56
strategies/H003/unique_01708/strategy_definition.json,27f30d210817942ed61ecb94815c347183cbdad3bf82da44205b05dd88c2ca5f
strategies/H003/unique_01709/daily_evidence.parquet,c064bf87517b6795b1a913157b4d2be9e1856bdf29b604465fae5c881dbbec97
strategies/H003/unique_01709/README.md,06c1a7e5fd8cddb05b04705b0458b784c066af0938cfa19c4f0c245d11f0c7ca
strategies/H003/unique_01709/strategy_definition.json,760d79478b15189ad2d27470de39417c0764d091f9c877616a83e0ce1172005d
strategies/H003/unique_01710/daily_evidence.parquet,0bb4a85cb1e5a1ba094a1263a455d8dd84a9f059fdbda005db04618938d14af6
strategies/H003/unique_01710/README.md,efa49e85360bce78daa8381e1fabc1eb6782f497d284598f64f201074747ab00
strategies/H003/unique_01710/strategy_definition.json,bec260c2a831e8111217cf90e8ff737eb2df68e3890a8dd2c73ebb61231b6b72
strategies/H003/unique_01711/daily_evidence.parquet,830103f8ab07bb9ce484aa8800eb3bd089e805cc5287dccf548d661825ada9b8
strategies/H003/unique_01711/README.md,559d7994107289aaf45559dfa4c84a3a9ced1a6b7332164df3c7dd4f7bb84988
strategies/H003/unique_01711/strategy_definition.json,f212291be9118a341b5f7dc01f84e3b6f81602aa8d4db701857edaaa2b01cb19
strategies/H003/unique_01712/daily_evidence.parquet,b44ec62ad5d619efabb3893ff5faf8ccc30f7e4a60787443162a88f09607a72d
strategies/H003/unique_01712/README.md,4a07c92e4553fc6ae5a1556af61958ca29b703cee1e94ed73d021d69d5338edc
strategies/H003/unique_01712/strategy_definition.json,bc393347dbfefbbb26dbc330a0e7f700943c136a4aae8147c676e8a21f3fd69e
strategies/H003/unique_01713/daily_evidence.parquet,b015006ecc7d74b10756915977ef640a8434dfa9727fb8eadfca9714649d33e0
strategies/H003/unique_01713/README.md,83275b5aef77fcff1e0911b91bb20bd15104fba0ac05f2b730004723c77fcf84
strategies/H003/unique_01713/strategy_definition.json,498049d1c2b55ee62c2143f7d347163c94bc5d1335ce370a85beb8cb815aa2fa
strategies/H003/unique_01714/daily_evidence.parquet,a8688e451884bb533094766f51801c445f941eac2e0a6506a752ff6cbcabd7e3
strategies/H003/unique_01714/README.md,9cad5846c2d43e1eec8e374a3d20f94f05e71ad63110d3199d54e942860dc56c
strategies/H003/unique_01714/strategy_definition.json,c791f18a650c3aa5b47398c7c319320d3096b2f591d15c2653473eaeee9c01b7
strategies/H003/unique_01715/daily_evidence.parquet,03b7b94a3dfa38abacd719c6c994190110c06c8f44814e4ddb1a62869790f00d
strategies/H003/unique_01715/README.md,364ab46fc3e24c6b18b8db231a62eb489aa4c23a9834ef6dc8ac754852a5583f
strategies/H003/unique_01715/strategy_definition.json,9863fc872450cad04201db5af9c2869d9a4d252049542abd05d5fcc0251a9eec
strategies/H003/unique_01716/daily_evidence.parquet,3a612312f69aebb4a8a688406bb6db1feae34fa1a5949e5b97bfd9d6a4b7ed28
strategies/H003/unique_01716/README.md,05fa86543f5b6451c73d73bd2ad61fea4485c6b0c075cb108f17e6776f24a480
strategies/H003/unique_01716/strategy_definition.json,22820aebbaae1ff19ef6b796edcc5339cb09da845509fa4c91aae5543a05eed4
strategies/H003/unique_01753/daily_evidence.parquet,4f071753326dd474cd143d4c760a484f2ed7026d3d234e4a3fdbeb2d148ed42f
strategies/H003/unique_01753/README.md,51f73a156dc3cbb28d6d9981ec70138888d04455a19da1e0aafbd4d5804f7eea
strategies/H003/unique_01753/strategy_definition.json,77729c9400048cca66d293b08b073dbbbdc55258b564cba5bfea667ed94ab531
strategies/H003/unique_01754/daily_evidence.parquet,9c6eafc640e85d086d140e25ee45749db89702ca3e1dd2247c8911f16dfa0365
strategies/H003/unique_01754/README.md,f5bf7c6f80e0cece7b32efd7de9f08ca5f3dbdb8de234d359beea7d35706d155
strategies/H003/unique_01754/strategy_definition.json,3ad488ccf58d389e9ffcd752231fb39d2fe80e649bf0236485682d4491b7ab07
strategies/H003/unique_01755/daily_evidence.parquet,789f46ce897f77c3c30890a4a1d762eeacf3f2f21fa7245ce00ac4143f0e1f98
strategies/H003/unique_01755/README.md,8d7716ff3e9a8af4538885ae0a2e7f97a5ab6f0933e9bf70d7879da72b6c82a8
strategies/H003/unique_01755/strategy_definition.json,12012fa9978f8f9800b901f72918c3196697c14b2d72828fa696759814096b19
strategies/H003/unique_01756/daily_evidence.parquet,f188e8cd881736a3f48edf4ae20485d71ce9736310c0763945c5f2b7c5f95e43
strategies/H003/unique_01756/README.md,0ff99b77abf7c47e7c59d592f04c0f963f64add249997ea97ff82a499b1af7e9
strategies/H003/unique_01756/strategy_definition.json,ca70526903637792541e7d2d30213983abbebb1d8c3956037242ead2533a5b0c
strategies/H003/unique_01757/daily_evidence.parquet,e9bdc9ea8a0a0d529d275d328c8ac65a7c2f4d84586b9817f9459b0f10346c58
strategies/H003/unique_01757/README.md,0df427219b6127879e4c78ca71a1a5fec351b4efe8a72f519554fff0168f3264
strategies/H003/unique_01757/strategy_definition.json,2aa96bd6e024b48f95eca2fe21afd2904a7a17df566e6dd5796eed85af353c20
strategies/H003/unique_01758/daily_evidence.parquet,e1b61b1b421ff557cc7140f50c10a00fdb4948d2c21a16c647bc40fd46366450
strategies/H003/unique_01758/README.md,15168b737a620117b66483a1f28d7aaaee7896379d05f1d0a22329c2c42b068b
strategies/H003/unique_01758/strategy_definition.json,2b5149fb7cf8573f20ee86cfa7fb4ff426b4cf5d3eef2a4dd055bd053507f07b
strategies/H003/unique_01759/daily_evidence.parquet,d854f2bfc276e56360c48de443bddff1bbdd176fce1d5af5b36ea25060f9be78
strategies/H003/unique_01759/README.md,017a96096ff66858f3059d5a11a3b9aa6ece5da0c75c1906cca825db04cd0031
strategies/H003/unique_01759/strategy_definition.json,a9ee4490874e28b7b1bdffe25f8e66c671908c8cec20df11d8b17f720974a70a
strategies/H003/unique_01760/daily_evidence.parquet,51ecd13f37994748a74635746a76c4253d305286cbc4fca9c9868f0a0ca939e6
strategies/H003/unique_01760/README.md,74a4a37633f51a22692da6ca48b8d0a4def4e6c7b163b789eb11f4f68b5922df
strategies/H003/unique_01760/strategy_definition.json,2615059a65bf1c2868483243b6b72230bf0d110471ba369ce16d6e94f44ed3b8
strategies/H003/unique_01761/daily_evidence.parquet,c35e96cfae2b1f226c6c6afc2a42824e1ad59bcb731c567148f41557c784651f
strategies/H003/unique_01761/README.md,23846a85e0c006be4d4a49a7a07bf8dad954f8a8f81aaa4486d5867284bb5b06
strategies/H003/unique_01761/strategy_definition.json,194b461054ffec4fd85a68fa2e8b8da8e4b0678059e3395a9e004724de9aafb9
strategies/H003/unique_01762/daily_evidence.parquet,32c9d4a4d0c4c2c4a2bf274553a7ecb7d3b25b834cf25c74da0e372f5eeae26a
strategies/H003/unique_01762/README.md,033af45107994472cdf35a56ed5970ce0f1f2b0d7b7857bad6e6a2df751fd597
strategies/H003/unique_01762/strategy_definition.json,63934aac04d5b594782a6305063a2c6c75674adc0e84fa5c6e6936885375ccae
strategies/H003/unique_01763/daily_evidence.parquet,70c77ab7e5e5659575e661a632e63122f060e03dc5d0f283b39668acf5cca256
strategies/H003/unique_01763/README.md,3b63a9328e9080360e1b57937c0373ce6df6d117626e609eebe33f7a08fdcb08
strategies/H003/unique_01763/strategy_definition.json,43f0691bd9e550cdd0bbe8accdbeb6d1ed0fb3cd71e73997a7446131fef9bde3
strategies/H003/unique_01764/daily_evidence.parquet,f033edb0b62f392afd537d39f3885b6a3715d6a4102a0233859d1d65ede666ba
strategies/H003/unique_01764/README.md,4af9db634cfd288e0cc0999419afbc17fadd34bc9299fa7037c0457527795bc6
strategies/H003/unique_01764/strategy_definition.json,139edb60df4c1e096e88239986c177dc4f377f0d68431c3ed1c9e557cd349375
strategies/H003/unique_01801/daily_evidence.parquet,b64966b614f720ce2b8a5ce33b514bca6fa9dfd4c4b00834c288e04832a69b87
strategies/H003/unique_01801/README.md,1c08e41f5312368c799e870dd3c48d0383c40627dfdc0a980c6e8ef3c51ec309
strategies/H003/unique_01801/strategy_definition.json,23ca606bc153d66ab6b5db1e0a349e8cf748baae91cc4d0e678e176c44cb8342
strategies/H003/unique_01802/daily_evidence.parquet,ef94ef0a74e8ee1dd57e96b38047530cba794a00243395c9f9eb00489cd2a2ea
strategies/H003/unique_01802/README.md,408121d59b2ddfc491b68097a78c2ce30cefc91c7f7041d8806c180b39ac1e08
strategies/H003/unique_01802/strategy_definition.json,9b12e25a3b29be20620b81990c593845a423627a9c078ffde3f703e8580e3bc0
strategies/H003/unique_01803/daily_evidence.parquet,3279a3c8984217f074c8026dd567392dc895c5b1be9f6e0f301bf8fed0ccdda7
strategies/H003/unique_01803/README.md,a49cd784a6fffd0edb27b9f52d6062dff0ffdd802f478865da98ccce12d970e6
strategies/H003/unique_01803/strategy_definition.json,3444cf6b4f0b48f6acf7a2a7840fd2fa087b27a2474dc99a99ddc3f863051416
strategies/H003/unique_01804/daily_evidence.parquet,f5a08e58bd23f82fe63d0f4d10897790de47a5df2d7b8ae79b066f6dd404364f
strategies/H003/unique_01804/README.md,770fe919a6340fb843487a20d24882df1d96913dac41e192a3c80c64aff50ac0
strategies/H003/unique_01804/strategy_definition.json,ac6002503fb172002c4d84810954573d409fe74a1ef65326ceb6993682a463b2
strategies/H003/unique_01805/daily_evidence.parquet,93581126b62e3863585158121090f11a716e7b7877524835fe344ba438c77c8a
strategies/H003/unique_01805/README.md,b2e81267c8a3be6332182e75d928d03a9adda57f3ff4c2741d8b937a4170894b
strategies/H003/unique_01805/strategy_definition.json,bf155228ca2948f510b8dc495709cca09b4c5038f451706f66798e53ade871f9
strategies/H003/unique_01806/daily_evidence.parquet,083c661c9c3c8cbc5b7faff60dff59d0415a12ac3faf51f170b4d109091be3dd
strategies/H003/unique_01806/README.md,e6a98a4e31e67231ac08a595637cf494633d503e2455ffb1f6d5b14b86a30aa1
strategies/H003/unique_01806/strategy_definition.json,4e4eeacfb46c2d2cda68890ac3d5fa86189881121cd8e4e0dea0ecbf272021e1
strategies/H003/unique_01807/daily_evidence.parquet,4cf7f1d85c5f6aefa6af4170b5214edef27e5e2b9c3d5e9a856df4bcba672602
strategies/H003/unique_01807/README.md,9a47f0edd5a8fb4c41a83dcc4946018d8bef610003367a66430582126649acd6
strategies/H003/unique_01807/strategy_definition.json,e5ec9c3d309125a0db471de941ce2010d4146ed6002f51ce0f83ec12bff90fc8
strategies/H003/unique_01808/daily_evidence.parquet,752db609bf15b134982d9de581f2923224e98e627592223dbfd78d2dc25877ef
strategies/H003/unique_01808/README.md,5139b020d1ffbeae1ce30f4c618cabf6c587053e2ef6e614418b6246808150eb
strategies/H003/unique_01808/strategy_definition.json,e731a4234aeef596dbdb8e21501b0a5ab0ec10573d69f8ed8c5d7239ce8546f4
strategies/H003/unique_01809/daily_evidence.parquet,d1d540ba4943c2cdf3ad6fdb9c95f27bf8e4f4fb8cb4a508950bdb6163e07684
strategies/H003/unique_01809/README.md,e221439af4f1925b17d4ba203da0f4db2cb1fc23ba8de57a6265b1ef70b7b190
strategies/H003/unique_01809/strategy_definition.json,83299e526a19cbaa96595f9ef5a6e7dd786735c8b99c7bcced4b65dfaff51128
strategies/H003/unique_01810/daily_evidence.parquet,b7e7ffa1483153e3de929cf8813d467e3fa97f59187d9ad1b7cd1a583ce0d45d
strategies/H003/unique_01810/README.md,3997d05310c1076e934491b74ff221d82457d7f7ba5175737af98ede77314a37
strategies/H003/unique_01810/strategy_definition.json,9c261e690a431a0b223616772a0ba56087aecb6f67492e74bbfe50f9ff803229
strategies/H003/unique_01811/daily_evidence.parquet,f1605196153cdd55ac3a95075b18cccaca6fcd39884a0ab730ad87ce6b64acbf
strategies/H003/unique_01811/README.md,0abfc2cb81bd002068039ee2302060967dd678725318ab1f87fe81d158a660a3
strategies/H003/unique_01811/strategy_definition.json,ca537a5b3c36d60575acdab9190194c5c65fb4ad77ee5f05ee294a6672a8648b
strategies/H003/unique_01812/daily_evidence.parquet,02497e1ba1b2157aa46d4047bbe327e3c9b2bf94f78ece6a4e74918d3e76ccfa
strategies/H003/unique_01812/README.md,937d5cde248b3b1fad47641c68b396a69cec1aa004c34f2ddd0e96038fae4106
strategies/H003/unique_01812/strategy_definition.json,079b9da6a849a0789f0a108c87d046b01c6af3406c60e88366e4561fae2e58d6
strategies/H003/unique_01849/daily_evidence.parquet,f2ac89debe6d9676f47b47a99e5805ad1bd46f23cf47c58be8f658671740b035
strategies/H003/unique_01849/README.md,555ded3c8dbd1dc09c45433fdb04f4dfc1f11433327d687ce6ec18c42decac33
strategies/H003/unique_01849/strategy_definition.json,357062fbd471d595d55429884c3d1d1e2685f3592c028c64dc1c1cfbb4575b14
strategies/H003/unique_01850/daily_evidence.parquet,9953790882ce8389f9a77992f62e131a0a78f83cfdeaf89774242e165ac6d050
strategies/H003/unique_01850/README.md,47ae2eb446d189d3f9e73e7e0179a3889319d3a7c869eaa9c1509b447c5e2ed6
strategies/H003/unique_01850/strategy_definition.json,7abdbae8affcb8b88837c8aeb1007460e1585adc5b57428e6251d2f52fd54a58
strategies/H003/unique_01851/daily_evidence.parquet,55191866c7383fc776ba6e6c6da03ae5894c5d8611e1cd88fe8d19bf6b1bac8c
strategies/H003/unique_01851/README.md,34e095e6000383cd7bfb8452b14a4ca5badfd2353b664d09297ecfc9ba679a8a
strategies/H003/unique_01851/strategy_definition.json,5e1d90c8e85bacc0538b670818fd186d3f01936df50cf3da493f3499aff30ab4
strategies/H003/unique_01852/daily_evidence.parquet,182f540af061c80a9d705341dadf1756fd30149f5cf26f198b063f0a1039e588
strategies/H003/unique_01852/README.md,bfd44077a61cd39780ef28de3be1e0bbb6e63d377c71661e12f81311d6281014
strategies/H003/unique_01852/strategy_definition.json,706b11fd3fb097df6b7a114cc08cada5d87cdc5e1dee93363bd0481a9af26e23
strategies/H003/unique_01853/daily_evidence.parquet,932c5d615d3b9df5f6fe8b54a7aded7834953422f04f662065473aa1d74039ac
strategies/H003/unique_01853/README.md,db234ffdac31942eff6741705d0138923747eab9a5e94cf953b98422e147163c
strategies/H003/unique_01853/strategy_definition.json,9aed9a01db6a5bd06468e8eed1fe7da66968e7a960b854bec1bbb0747814c0ad
strategies/H003/unique_01854/daily_evidence.parquet,9c048c598d9b8f5f922a41dfd9f2c753c3c4415a48780b5b1e0be5a7bca10b8d
strategies/H003/unique_01854/README.md,db4029318e21777c34b68d9806291df3d6978e4dad9a7888dc975df2f898d293
strategies/H003/unique_01854/strategy_definition.json,d99b61349257c02403e05e3b196ae7b469b6c980b22b41d3faed46a9da3e9155
strategies/H003/unique_01855/daily_evidence.parquet,e6f976cc4c390bfc3a10e4beb05a09f5dd9f7d76631f49513d4e068956049d87
strategies/H003/unique_01855/README.md,2c81374586fbd59115cd9e3e209826e4b5593986adfcd5670cddb91a527085ad
strategies/H003/unique_01855/strategy_definition.json,51b90fbe654a631fef4c0abe42f61d7b981d27fc51e197251057fb1065bd312c
strategies/H003/unique_01856/daily_evidence.parquet,dd6ad2c0b756c06de6c96e5aff2e55dbc9866e647f7465dc8c3636cb7cd0fc38
strategies/H003/unique_01856/README.md,36d9f610a8af7e646d1a727937adbf2e85acc518745859b941c3062563f228ca
strategies/H003/unique_01856/strategy_definition.json,85e0a0ae629d2441c0d84992344b70cae723259027afefaff9698967315a9a54
strategies/H003/unique_01857/daily_evidence.parquet,393bad30ae6642fc7b6438b08a7dbd9748dad5fd159d51cca303e300d299a375
strategies/H003/unique_01857/README.md,63ea5e52fbf0a5ebd93271f947267bbe581eb6fd2049ef2e3bc02220faec47ea
strategies/H003/unique_01857/strategy_definition.json,56cfca87e467049ec71b548f4a785218d586c23544c13e32005d6ce36a6a5772
strategies/H003/unique_01858/daily_evidence.parquet,736e4011dec5c4cc1a9e6ba0c9951f7c887bce0370a3d47bdbcd02619756dc7d
strategies/H003/unique_01858/README.md,5a66a0bd216121a090fd6021a120ad60c59ab86a81896f252e001c53f624f4d7
strategies/H003/unique_01858/strategy_definition.json,a0e4185cb937bf57bcd5acdf59ab264baf81e8661f1a9a033299e6be6406d078
strategies/H003/unique_01859/daily_evidence.parquet,757c10288b95687eea3f547b32cf5eb5f17b1c3f6aaa210388841d03daa79794
strategies/H003/unique_01859/README.md,7b3ac0b0882e82625b6ef41a14122e6a979bbc74a848e446e2e2c158b5cb6997
strategies/H003/unique_01859/strategy_definition.json,4907ffb6db943ee85cc5601886ac4d97a5aabfec7d3505a98384f50306c0edd4
strategies/H003/unique_01860/daily_evidence.parquet,71b0c21d10141be9fd83414faa2c1472f829c956b55e52cddc08cd054def323b
strategies/H003/unique_01860/README.md,7964e29b38971c079b3f720eb6c31520ea43f18309403dde8dcb0e0f26fd7f08
strategies/H003/unique_01860/strategy_definition.json,76f8128a114cefef9909a0ab970bde793112e9d27babc4813ff04099c7d24ebf
strategies/H003/unique_01897/daily_evidence.parquet,290cdc4e74b629f1ec0aa7a38f61e69f6c3086293df57db1ebb423be2665797e
strategies/H003/unique_01897/README.md,0cf96a0121850f59c0d1116e44edd4af363a4d51d0392ad60ee2a4d7a2f210f0
strategies/H003/unique_01897/strategy_definition.json,588194a411d25b38f8ed2ba0c5233bb7a4270ed8e92cdf83e462d88dcf8ba0c4
strategies/H003/unique_01898/daily_evidence.parquet,9854460c68dbe45a1c74158029026782f03223a91a5130719692ca5ca43a203c
strategies/H003/unique_01898/README.md,d47f98021927532087274e09b6f5d658d75305956542cbb01599eb923a9b1e6b
strategies/H003/unique_01898/strategy_definition.json,7be1cf687c9af2a23de3f9d4cc56c9b4530c7fe70e6df31f1f860a63cf009a35
strategies/H003/unique_01899/daily_evidence.parquet,4749d7098862f4eb3476f1d1dc3c342ac0a9458121126dd91206d0e7f9ff15c9
strategies/H003/unique_01899/README.md,271bee8a2408e0b1db21e63a5a0dc540d5b3f808099f78dd125bb2634fba0f15
strategies/H003/unique_01899/strategy_definition.json,5b22d86e2b25273917890477468bd6728c901015973d3e94dca26443d5526c3e
strategies/H003/unique_01900/daily_evidence.parquet,a9cba9ad3ea9ba988fa099849d0594a0436ff73cd1f193b0d936bca7e9902eff
strategies/H003/unique_01900/README.md,6fbf211b2787615b78d9385e670c75d1186944c5c6c0dbfb198aa687efdcfad8
strategies/H003/unique_01900/strategy_definition.json,0d82328e0dd623c233414296ca01e4a198cc8be24ab4cc65943e8d993b3d9489
strategies/H003/unique_01901/daily_evidence.parquet,bd0780756622d0e6844cabed29992cb608c1bf58dfbab3fe26c88f14a4d944d5
strategies/H003/unique_01901/README.md,149c5bd5c900b04da39ea9de745deaef1b55a1e65d6e9232cc203f70be677bc1
strategies/H003/unique_01901/strategy_definition.json,1a4881e9ceeacaf11f67e1d27d367f0300066d14d70c7b5c54c474187c33568d
strategies/H003/unique_01902/daily_evidence.parquet,213b97e3c996e3972d1715b0b4468d79ddf2dc90a6533237691398f708b0db11
strategies/H003/unique_01902/README.md,8ba1d7ec20f25d7007a3a8a2574b78525bd3efec704f141ef54136a952c82a3e
strategies/H003/unique_01902/strategy_definition.json,2166427544e833e1dd4d9d0e03935d6e8c17a638149c0cf76eb5f9785b6b4f2a
strategies/H003/unique_01903/daily_evidence.parquet,3c89d1e4e99eaee4f3bdf3fc4430ecf6ae8058b619e82247af7e4b3f26b26327
strategies/H003/unique_01903/README.md,56cd5a9a379c97b48363600d49995c02d24b0b902348e2475ae61768b24432dc
strategies/H003/unique_01903/strategy_definition.json,2ab5be1506b2ee992dc04222426e50df633288a2c003f7982a277af31f4530d0
strategies/H003/unique_01904/daily_evidence.parquet,7fbb8883b9ca6889c80a9f55b3d60f61977dd697a8d6c7e7ae159a3c514345a7
strategies/H003/unique_01904/README.md,eafce7da6350a3f4b7d2da041efc7be479ab1f2f565bc1d14cd1d6c366567d61
strategies/H003/unique_01904/strategy_definition.json,2b23486bc56685e3d1600adc0fbd392e2e00985869e7c3867c05657f017167ee
strategies/H003/unique_01905/daily_evidence.parquet,01722b736ec4a71267c94b6e7e0844eb95c0b798ee072612bbaf0b11e44ed89e
strategies/H003/unique_01905/README.md,b6c0af69c77feeea25fc7455e73b3d3bae569d1e89db5b5f6dc45da2cb1854f1
strategies/H003/unique_01905/strategy_definition.json,06b9725238afeaaf683d8112e05a2784ab9fce85dec91c22f640ffe7badd33e4
strategies/H003/unique_01906/daily_evidence.parquet,8ce6a74ecf32ff82bcb26e190a1d02a24fbd80c8269674d68427bd93dd89bbd0
strategies/H003/unique_01906/README.md,e7a35aebfdeb184943ce2c8a961280515ab8689f2763075142addc28ef03c067
strategies/H003/unique_01906/strategy_definition.json,6a0a0f5785ca91eb254991b3378d613ed7b63a909dd8d722aa669c7594b00856
strategies/H003/unique_01907/daily_evidence.parquet,aef657114dbc534310f35ec18cd3eb2e10ffb92f132a82c5ef377fda4010624a
strategies/H003/unique_01907/README.md,12dc3ba569f79a264e72249936ccc440c3ea8a06e31d1534f705f6adebf9bf46
strategies/H003/unique_01907/strategy_definition.json,e2c78e818d5b363741bb087dc72c3774979cd1e878ffb1b1465edde8fc563973
strategies/H003/unique_01908/daily_evidence.parquet,6c7cf30ef7cebe76b2e657ae7fbf64166353f0034edba35e7f640d70d66f5188
strategies/H003/unique_01908/README.md,cebcdc3f03559a2b585c56089d32a1621ee3f230896e624e7ef3ccad9577608a
strategies/H003/unique_01908/strategy_definition.json,3059e34ad3fe910bf8e63e420d76543c151f3daaa949c4e52fdbfcc9bef97bf3
strategies/H003/unique_01945/daily_evidence.parquet,e9989d198c3724dd8012fad890a80bc580bd6e6d25a414395fe0ee81601b6370
strategies/H003/unique_01945/README.md,d88c837ffb5c60d1f0a97be3a9a7f06ce28b0a873c5c6747e0b80e0b32492132
strategies/H003/unique_01945/strategy_definition.json,8daeab53d5e763991e79c044fe494f48b7ed53171b0b340f8afab33ab04031f3
strategies/H003/unique_01946/daily_evidence.parquet,f2d59dee96882382efb8a27c9c1acc4d8e3e176d0ede4ee7d9d73c187d81a47e
strategies/H003/unique_01946/README.md,732732e838f5b8df1a67d607db606fe18be780f8c48f8dd106ddbaca17b09d89
strategies/H003/unique_01946/strategy_definition.json,a5cd082ee7570cb7c26c1f5559c3c37cf2893bd1eb97259ed57af6809b58b2df
strategies/H003/unique_01947/daily_evidence.parquet,690d4cbdb69e4c7cddeb6760dfa74524678cd5c5d807c4b1b26e0b397ee10ffd
strategies/H003/unique_01947/README.md,fa741d37569b28ffe4612850493609b75ce637f2fa4be3815c2d8f3eb097bbb8
strategies/H003/unique_01947/strategy_definition.json,83fae01091712ae0eac89f432336b8d667d410e5590ea408ad4f55b85bf57611
strategies/H003/unique_01948/daily_evidence.parquet,3295117d8e0734a391240e9cc4276e580b8d91186befc4b8a4c3a5865938092e
strategies/H003/unique_01948/README.md,101cffe2c9ac6d05ba0489f6fbec3e6fba3ea9df3c623899c0f5a4f4cfefcd8e
strategies/H003/unique_01948/strategy_definition.json,5094103a85d57d27c2a9d4379c47a70c4fd571a0485d812379d4be4affcab757
strategies/H003/unique_01949/daily_evidence.parquet,ef0a6c474c2cca8435f6e5a160e58635fe448ba69d7d4055e7cba95ef5cbe5ff
strategies/H003/unique_01949/README.md,0f8a43095f2d2d20c662cde494e32220c93c8b792e06572697abccbf8838ba6f
strategies/H003/unique_01949/strategy_definition.json,6e535c1da166f1f5e97cafbd64167e0bdd2c01e6ed54cf22b66a11009206736a
strategies/H003/unique_01950/daily_evidence.parquet,9da01bcbf3fe0abe23030ed00b8e1da6d978ec6dd3c3def0bf52333404537310
strategies/H003/unique_01950/README.md,88e31fc7da7f0aec9b47ab8ca41e26f295fd27829e8c4d0c84063baee3de497f
strategies/H003/unique_01950/strategy_definition.json,07bbcbadbe06c662b02175442896dadbe8da21691068506f60f9eb5680af5390
strategies/H003/unique_01951/daily_evidence.parquet,b3417acec4e1c9a1a0fd229888d3461af4e509226d6ac7b04ef80317459c7036
strategies/H003/unique_01951/README.md,e6c385c181881f2fab84366f486319bc3b5c6cda8671e7a84e6bdb770589acd8
strategies/H003/unique_01951/strategy_definition.json,29f7f90742f002ff3517ec0950915bca183657876abef51f3c8bd0ad54c251dd
strategies/H003/unique_01952/daily_evidence.parquet,57519ec26a2151a6b920b92390197f706a48ecb1afe448949e4f8c917f33a102
strategies/H003/unique_01952/README.md,2d646aab354479096b507d0f1186710516680f0b643fb35316ff91800cda08bb
strategies/H003/unique_01952/strategy_definition.json,09c27c9185f1beac833294f5680473830d0858d4b7f9e48244784efefa942473
strategies/H003/unique_01953/daily_evidence.parquet,e7d06da03cd128452671892541062546a4083c89c9acf4a50c82e29551401a1c
strategies/H003/unique_01953/README.md,4f4847669b41f0db809a78672a147b2bee9a1a6a57fa47cfa8a5a6db686734f8
strategies/H003/unique_01953/strategy_definition.json,00c16606cdcd4e3418ed70ff77ec4e499102478307ea6bfe9383db888c91b008
strategies/H003/unique_01954/daily_evidence.parquet,2c5e9fb92d7a2234875e58a82880e9e9806d4aa798c5253ca3adef3498a15761
strategies/H003/unique_01954/README.md,305dca6d46ddcdd90294367e9f647d11683557010bd6856ec9c97e516c1f5f1c
strategies/H003/unique_01954/strategy_definition.json,a21826cfde949a13f92e89aee26fb894cb9caffd08eaea8b3340d6c3470f003d
strategies/H003/unique_01955/daily_evidence.parquet,53350f56fcfb8c1b6119c7ca68208489eeccc0f3dec2d6d067dbc241ac6536e4
strategies/H003/unique_01955/README.md,7e8bdf3b0b93ef89e4805e43863aa5576596a08a0bec5795c14eef6bc12f6cb0
strategies/H003/unique_01955/strategy_definition.json,7b9d7f288015c52151ebf978ff720c525a71b29e1098d149491ba462879a52d2
strategies/H003/unique_01956/daily_evidence.parquet,29610c2f1ce8fcfe757c45c17e6fb5533977f18a42d59c6de6bf20c6ba5f770a
strategies/H003/unique_01956/README.md,ab76b02e6497a8f5b2ccdb1a6633321236f0c75bc11beb53980f49e16241d6e7
strategies/H003/unique_01956/strategy_definition.json,b66d1a4387a9e49ff2a7632fb282be30240fffea8a945a777f3fe146f3336b0f
strategies/H003/unique_01993/daily_evidence.parquet,002d3bb515e0814436c1c5b147107bbdc03728fe5adb774b54ebb84b8b910ab5
strategies/H003/unique_01993/README.md,8ef63942c896fa1fa7780ddb29c298f20649c93ca8592bdb42fc382f42928401
strategies/H003/unique_01993/strategy_definition.json,4c9e57dc52b1496c7fd3a531790620c849b147967ff476d1bb6b81d523ded137
strategies/H003/unique_01994/daily_evidence.parquet,9caefffb7bda689fc6acfa1a96e19eb404e298014441c0e5a058170fd5860fee
strategies/H003/unique_01994/README.md,136be7a522a2e1d09b56135149564c4cf536fe12cff49d44b00a4151443f96e7
strategies/H003/unique_01994/strategy_definition.json,8fb174a96d90953caf56bd18ec0c4ffa3e75274183e3ca65e335b073eb0a1cd8
strategies/H003/unique_01995/daily_evidence.parquet,6872ec3cd587063baa9e849a51097d9e5544503f5ac5040a1f03b5a7dde8c758
strategies/H003/unique_01995/README.md,1a9da0fe9a2f1c1cc5c258a3f760ca14aa2771d8f3739de44ea286a763300d9d
strategies/H003/unique_01995/strategy_definition.json,3b29e8d8df491595f6c2c9b8bd6a6a45b4766b18584dc175c95ef71aa1303e29
strategies/H003/unique_01996/daily_evidence.parquet,6e98aa463ec43b84d6230c77b39ff058397d0df86865404157a0b845b45d9427
strategies/H003/unique_01996/README.md,8dda9167c5c533b602f72bafdc4862705283bb2f70bf8aec7f06247547367e5a
strategies/H003/unique_01996/strategy_definition.json,6e54f8594bbab17b51759d274431af3b60da744a3ccfa95fb9468399b25f7760
strategies/H003/unique_01997/daily_evidence.parquet,adf67def346e7482174595221de3a9964d95c8bd0e63003d1feca69ab917383d
strategies/H003/unique_01997/README.md,2071f5d53b0d1b05dc60999e274f5ec2be8b7ef8cf5bcc85e6a779435e17fd44
strategies/H003/unique_01997/strategy_definition.json,b8ece32fbba373ecc766ae9b6406c03ee4a2493332d348fe2436419319615255
strategies/H003/unique_01998/daily_evidence.parquet,e438a387867b9bf934d3c68425ed968d79c76c3843b05cb3ad1d956679f9dd64
strategies/H003/unique_01998/README.md,1587682efcdd93b4b9ebd8ae19741e1befd5cad31361628bda8ddd6c455c619f
strategies/H003/unique_01998/strategy_definition.json,1aa039dd250f4de1bcd3728577f46dec0537815ac093332df69a5bfd6ed8172d
strategies/H003/unique_01999/daily_evidence.parquet,00f778a64208cd7a35298e0825b5365cf16ddeb27d8df785ea0d35536e8c99e9
strategies/H003/unique_01999/README.md,51e96ab53eba1e8390e932db5c1c858f9932454e0b66d2bbd1d3695232535230
strategies/H003/unique_01999/strategy_definition.json,f28f155d49d98537fbb66af50afc06fc978ee0402593309d59b086db97602a7f
strategies/H003/unique_02000/daily_evidence.parquet,022b9c7226cdf47fbad1001042f928e8b847dfa0dabc2854b1bb8c14b69d4783
strategies/H003/unique_02000/README.md,477c99fd8301c16ea3f221248a4ef596b98387062d32787239b2782c2494eb0d
strategies/H003/unique_02000/strategy_definition.json,e769f10d4564d13efbbb63a98811c72557caac75b5932bcd817965c287117593
strategies/H003/unique_02001/daily_evidence.parquet,284f839cf1a3c4019cb72f52ad4014393c97b825c7aabcb4f5ce808e48b0b7d5
strategies/H003/unique_02001/README.md,828320e28f9bd8cdb5b6edb59e4a519b476c79a4ab15fbd6f56a4a862b916c18
strategies/H003/unique_02001/strategy_definition.json,4f927d496d05aba0fc21f0ca0e03a1932718b09e1683c2bfb1e92d00a7b241b6
strategies/H003/unique_02002/daily_evidence.parquet,f3ca7353ae8f46637b430537385f293e024fc707debf568c71ae6c04315e1c92
strategies/H003/unique_02002/README.md,930be78c8c4c4450bae5665789b634170ae714d244175271435b9d2a9bbd860b
strategies/H003/unique_02002/strategy_definition.json,f6785a310da43776b8f1af7eb8c264a05fc9663e65b11a2613885ecc181387bc
strategies/H003/unique_02003/daily_evidence.parquet,89d328d49cb3476a9cafa1c3a8aa2eda460095420e40f7e7dc26910611c5aa5e
strategies/H003/unique_02003/README.md,6803f8e0cfedbd823c29ae00cc189449bc40c8403292f60078f8ced9ba9431d6
strategies/H003/unique_02003/strategy_definition.json,1708e88104ba657d9dd6e13cceb3cf48ff3058c50cabcc958b76d592e5934516
strategies/H003/unique_02004/daily_evidence.parquet,41b99c384cd413c214363b7033be838fed52988c619d6e1a4e42821682454b05
strategies/H003/unique_02004/README.md,7d0e2efc410172cc973f151378a0ef76c95c41f8d5cc1e18565a50bbcd0bf4d6
strategies/H003/unique_02004/strategy_definition.json,8c7b7eb03b3e46ed82b495c7b7dd2e422dd29e198ddb44329b4038f2686a402d
strategies/H003/unique_02041/daily_evidence.parquet,12c84faa886d24ba32beebec8cc9c49172604067f4b153991b9deaf190595033
strategies/H003/unique_02041/README.md,d6a575acd8d3bfb1ac49f4c4ca65f6a1283dcf71212a104dfa55e7d2b4eb4801
strategies/H003/unique_02041/strategy_definition.json,76f81485dc2f39a260298684adc5936a306a73fe208465cdab7c1b95142f4871
strategies/H003/unique_02042/daily_evidence.parquet,2a427a23360439d61d4dd20f2491998326c66efed101b40825a8cd20083f3072
strategies/H003/unique_02042/README.md,49f09491aaa9bb7ee2049db27ab3f5347a270ec15e32463ff3ca512239951ee1
strategies/H003/unique_02042/strategy_definition.json,262a04827c6ca9c6794f89ed0872aa1f63df3408ec8748b88400a911de58a160
strategies/H003/unique_02043/daily_evidence.parquet,2459d8be835196a5a68836c7a3f349b131851d20a0fb355ebcd300bba9ef3d87
strategies/H003/unique_02043/README.md,ead9ade389fd76f08c568a0d45b653a24ffb2f02da95ae58c21ca6845406f382
strategies/H003/unique_02043/strategy_definition.json,b84d86873a32526508301719f891d0588cf8ec4a0d9c2b5faa6c3446ddb7bccb
strategies/H003/unique_02044/daily_evidence.parquet,27b1dd3ac296c6c97d1f0e581e75e4e8ea44b511185b556ad91bc9e0a725dc7f
strategies/H003/unique_02044/README.md,2b46f1aec38eaee47db25338fc47763ae92d286df41072741f0d106ad7367eed
strategies/H003/unique_02044/strategy_definition.json,ed3b31fbe7450eb2c88c741e3c5fc9bd5eccd397d05572457fee7b078d4831ad
strategies/H003/unique_02045/daily_evidence.parquet,4192cb6f2a7286513dadb0bf7008625648e9c88bcefd165d984c074520b72007
strategies/H003/unique_02045/README.md,f8f3219b1dddd1274bcfa24c79ef083d95d204091bc00d8df9cd0f05e550acbb
strategies/H003/unique_02045/strategy_definition.json,52d0409bea22d367266a38f53dc9f02c686b3d49ff81803424f37de908be709b
strategies/H003/unique_02046/daily_evidence.parquet,a9853a12266298b75bf82c22ccb6dd75d19950cf7cb335b06a112960d31f4667
strategies/H003/unique_02046/README.md,e7c410cd0b9cb03f3ef93f5b8c147026d0608435cc69fa479a940d58147effc1
strategies/H003/unique_02046/strategy_definition.json,3a873ba36e59277b02d255e6268e65e2443658aeb895ecec5d984893e6f34f2e
strategies/H003/unique_02047/daily_evidence.parquet,40ecb5cc7ad21fd59c9d9817473096a3dafce9e0a4bf782b1c02268321d27bc8
strategies/H003/unique_02047/README.md,b778fcda0a2d09c474c4fefd975bc08d07c73edf92f853b431315eb2fe8d902a
strategies/H003/unique_02047/strategy_definition.json,dab7a54bf7b0077d2c6839d5147a33f6822b8ca30f0ebda94fa5513e56e18bd2
strategies/H003/unique_02048/daily_evidence.parquet,080cf8a4c9a5ada28c00c10053e0ddb9d7b91eb1945204cb40cf3b33ad3eb426
strategies/H003/unique_02048/README.md,43417ba8f57333fcc6747ff5735f73daf834582a6ec68827c6464b11e27655aa
strategies/H003/unique_02048/strategy_definition.json,adc46a34782f007d9c3f6e86e86d7fcd49192445190b2d2a2730d88bfda418dc
strategies/H003/unique_02049/daily_evidence.parquet,91bd1e9d9f60df853cd6634ab78f1e0b483b7d35b9c2c90f506a5d14294bf537
strategies/H003/unique_02049/README.md,ce2370885ada426f58dab84b4f628f11484bebe8ca0d242ee1eddc550e2a4c92
strategies/H003/unique_02049/strategy_definition.json,d04a9aabb58c7785ba23263f1a66d6d5f66affd89073ee190147a52a46f14fff
strategies/H003/unique_02050/daily_evidence.parquet,356d3d0b6e68d5b438a65b604f4a65f7eb6c1c27a34b9afd1a91b7a86fef1540
strategies/H003/unique_02050/README.md,2d171042c73ebe332a313f83a65c86e8304948378e9135b598fc8356b9e73d0d
strategies/H003/unique_02050/strategy_definition.json,094cf1e169e0811e1f2da0fd27cdf0e2e7707ed4b1e292c662d786ca56585135
strategies/H003/unique_02051/daily_evidence.parquet,720bb3812ac940869e498573684f8a298ede54c672095331c0aa50e95719df29
strategies/H003/unique_02051/README.md,010915e31de9686418e51a77a5a87891d54044f5d2dad020e85cf30c5a87aa96
strategies/H003/unique_02051/strategy_definition.json,b10e27844b60f0523078e91fa1d25d3e5ddf4690294e9792e54bf863506835a2
strategies/H003/unique_02052/daily_evidence.parquet,54a61ba3d42f29f8fa7b7b3bc906a6a2e92a2962c564a192034b7872128e7b60
strategies/H003/unique_02052/README.md,5515fa38f3f43d8a44d6402eb5900d8b421f55a625d5bd8643737e442a32d8e3
strategies/H003/unique_02052/strategy_definition.json,761d1c0b42e4afa56f6f7425ac9dc1bf5186040d6950ce5cbbb2eed4897c3648
strategies/H003/unique_02089/daily_evidence.parquet,4b03a406a512d9aa662bfa42fef1cc309e77697fd0d12f7f075d14c4d6710f61
strategies/H003/unique_02089/README.md,10702c0233456d92e20e44abbfb6524b6c7ce935002e6f4911f8ee10fac2e2d6
strategies/H003/unique_02089/strategy_definition.json,bc4ca45cc306cf64694e6bb403a3e7eeae2dcf32a40ae1ad40cd709062ecb068
strategies/H003/unique_02090/daily_evidence.parquet,cc87cad9278b9b38b22cc212b3e1a7fbb81126fafbffa48e5551f2f0b9d47e25
strategies/H003/unique_02090/README.md,ab2c8e01f10fa060798db86f2532e8444bdac33322d6d4c98e6204fcd16aab67
strategies/H003/unique_02090/strategy_definition.json,01b82edc62d396b244663661f693b4525b06fd24ee0b5f605018e06501eb5e9a
strategies/H003/unique_02091/daily_evidence.parquet,bb84388c492a3e37b083d18d9c4f7d0d8e17f49b9248c37726cbe8a2503ffe60
strategies/H003/unique_02091/README.md,eec7b04ca286b5666d95985f2c1cfea47e5cccedbe05e7903726c93068b8cd72
strategies/H003/unique_02091/strategy_definition.json,6000834fb47e32bc84378dd4290a2519609fa9c7fcc9879973d2497686b628a4
strategies/H003/unique_02092/daily_evidence.parquet,5b9323e337d98c0962b8ab46be6719a17b7035347cf9ec4d607674f5b29fb17f
strategies/H003/unique_02092/README.md,1b5ada277bd607e76a5a2ad8a1cb65b7ce46eef38f5e8dbea0abb752b531990b
strategies/H003/unique_02092/strategy_definition.json,fd51b753e5dfa2289a4cd07af8ed18910a2b1588a03287a9435d21c5d69dc45b
strategies/H003/unique_02093/daily_evidence.parquet,f36ff2edb0e1bc000b5c78b0b203ef86b6a2f84e790ab222feca292af2b44d66
strategies/H003/unique_02093/README.md,72686cd9aab0e2ffbccc70d5a4a92ca7bfdf936a51995b8672a2d56fc1cc691b
strategies/H003/unique_02093/strategy_definition.json,e30df0a9dc382ef30dbd16a44b013229683851618f57fac6f2077da97d6e08c7
strategies/H003/unique_02094/daily_evidence.parquet,6573d06fae4316524e4e449fbf984f02b15c7e38e6d218939a520b7e1129f1a1
strategies/H003/unique_02094/README.md,11e431cea3b53adcd38a1b548dc7411b3c8045cf870efe807a55a835fd9fc224
strategies/H003/unique_02094/strategy_definition.json,0061493e35a6d3c1bab045caf829a05ed0eb75ce9ec64195df695a2ec8e3feef
strategies/H003/unique_02095/daily_evidence.parquet,56129ac8fb4144fb245c94d342cf82f7ffaccd1eaeb39268fbfe4babf71fd928
strategies/H003/unique_02095/README.md,fd4ab6fd4210426554baa66e04477d75641e1d8e2a8da57fae211b8a8b8cecc4
strategies/H003/unique_02095/strategy_definition.json,d81645a301852828f2b374b2dd1979c2e7e05f08d36fed30bd6447bdf713b8a1
strategies/H003/unique_02096/daily_evidence.parquet,51ea794ab496d04a61450ba7ba115ba6c5a52da5e28571af9dcaacaaec1d5f46
strategies/H003/unique_02096/README.md,a2653724013f21892d85408b5b3d8ff6c8badbf3cb74d0371bc82e10bd4e2737
strategies/H003/unique_02096/strategy_definition.json,a0cd2fa665226501587ae6427ba4870167a2d1ab0e6371cbcbf2f25041c5e6b1
strategies/H003/unique_02097/daily_evidence.parquet,24f2907a245b5878566c05c866f3191dd15f49f8bc0a8de3ac7b66962d0f7cbe
strategies/H003/unique_02097/README.md,b8d03915047ab1b3b6dcb0921e7607f647011e504f9f612669c7c8e7e7ba5c8f
strategies/H003/unique_02097/strategy_definition.json,f59756b04b752b611c474f342427c392afe922c69e31e2902ea3f62fcad9154a
strategies/H003/unique_02098/daily_evidence.parquet,7002816f21db1913a9e7834a230fd7d2bb32e3be28e2770d9203ee661e99e702
strategies/H003/unique_02098/README.md,a61926554bdef5f8e71230e8622900b1345587a951816583002d7704e9ba90cb
strategies/H003/unique_02098/strategy_definition.json,99c9718c2d7e16b47df6f69eca27449c8b9b2b75dd5e27fca04a141527b9403b
strategies/H003/unique_02099/daily_evidence.parquet,e5d31df699b2f8d089a2db089ffa55a7a9f3b876c803ba68d9a5bb577657d772
strategies/H003/unique_02099/README.md,b7866233de544e7448c0429ce9cc594b427dd2af16a01e9c44d4d41d5169c7cd
strategies/H003/unique_02099/strategy_definition.json,fa3cb03a3282b9afd55a1ae8915f2973a2f8c8fc755770ab162feb609a85393d
strategies/H003/unique_02100/daily_evidence.parquet,8e5c158a2ecf22e39c628a13f58ea5cf7f2c9b99501ded89bd1990299a0f5427
strategies/H003/unique_02100/README.md,c266b43e6097b5d8580d6de5dd3bf83abffaf17a6b38435f11be57f8faf6be6b
strategies/H003/unique_02100/strategy_definition.json,76c2b6c8f236db1da40f961383448ea45f56cfbc4cd83ff030ec6bb578469f13
strategies/H003/unique_02137/daily_evidence.parquet,8a2b30f52a53c35a20bc845b423eed715114a9fea4d26ff6bd831c4cc049bdfb
strategies/H003/unique_02137/README.md,bbd972115a2866e209573b4c5f1fdc08a3c936775a31e49c58c79f75ba6b4da5
strategies/H003/unique_02137/strategy_definition.json,ea87e88481ca697ba3c5ceb840ed45a4386500dce601c7ed5b180903104469c8
strategies/H003/unique_02138/daily_evidence.parquet,8ec068bfad57a808371faeac179a663da84106323c996dacf541eaacdec2e50c
strategies/H003/unique_02138/README.md,2e48e7bbc940a3c97e9871fadc4ea9351b4915f9c26a173b37d7508b9a7e7efd
strategies/H003/unique_02138/strategy_definition.json,a0d55a4bea55c1ae7cf920871b933af6f637306e742d93cde1cab049318e91be
strategies/H003/unique_02139/daily_evidence.parquet,f50f313e7dfd67c660f9b8cad2d88a9b664e823d61bf8752a349116fee33e611
strategies/H003/unique_02139/README.md,dceb1de86eb37922e141e6a82aa8bec2cd4bf4a2ecf9aa2f668877dd575c6a26
strategies/H003/unique_02139/strategy_definition.json,aa9b3a7b4e97d1cb3ba37feab30b7eb5b28982e37924b13dd235bd291d8d1557
strategies/H003/unique_02140/daily_evidence.parquet,d3911a3180ae9c185ba19d750680be6101081bc574e137a0f0521c4c5746552e
strategies/H003/unique_02140/README.md,9777324e24ec4ce486fb7a2cd773c09001803f9c080cc69c2bb87ab17c577b14
strategies/H003/unique_02140/strategy_definition.json,c4296e44b981d62f5aad7009a292acc0dbdee219cdc2b9e5d66394616982c8ce
strategies/H003/unique_02141/daily_evidence.parquet,2ad8bd0daddd64836fae88efbf6d6b452327a439d9b1fab209734e22812a98fa
strategies/H003/unique_02141/README.md,d1fa079d76348923ee49cb2845b874d1fd63a30ee73c7215380f4bbda8467130
strategies/H003/unique_02141/strategy_definition.json,db35a63bcb2e186dc3a99ef8d3fb0b66a15bbea64e8adb3f508bbbcbc600a2ba
strategies/H003/unique_02142/daily_evidence.parquet,7aa1cf2f61739a9b0cd96ef4c2a9332bf66da32d1d1ceb88978691ab905ff9b2
strategies/H003/unique_02142/README.md,5f9623d625600dcffd62f060ef19874c0dd4d597e4d267cb3b8a0becb20983af
strategies/H003/unique_02142/strategy_definition.json,bab9736235aa37e7f418415f17a533ae6d637b05d939f28f501f0c328f0a0c94
strategies/H003/unique_02143/daily_evidence.parquet,0d8e37bf6a9e0ee7b45a0c91e450e210ea370694badb9e123bc30405aee226da
strategies/H003/unique_02143/README.md,f9bb727bfc098598e465175b0b01cabdfeeb82eeae6050444fd30043265d12c1
strategies/H003/unique_02143/strategy_definition.json,7c426f16199b70da6e9f6fc16c1a498834749b0843d243e287e29c03782f5ecc
strategies/H003/unique_02144/daily_evidence.parquet,a84a1d6cfa6c2c50477da21748854cc85bc48b0e582ad2c8be278667854fb97d
strategies/H003/unique_02144/README.md,13f9848d8c42b3dc94c646a217ded9444d13515a57094bcd1bb67062492fa208
strategies/H003/unique_02144/strategy_definition.json,71dbbaf01483a7f9118be05ff220f5f76c5f88ba33d7ee065e67bb40759b90d0
strategies/H003/unique_02145/daily_evidence.parquet,2121703c6fbeb966ccd7657b3d3c559d77324d2200aad962858bb80cdb6ec707
strategies/H003/unique_02145/README.md,0d9cb07b82520a6d394b43fb49ed3d7814ced2c27b3ad1db590d9dd22c801041
strategies/H003/unique_02145/strategy_definition.json,e27e51b067d9bc48a317703229b7ce2a61944e9e95b77bba9572bf2241a3da9e
strategies/H003/unique_02146/daily_evidence.parquet,40a59af430c8bd7904bb07f88ab6e10d6b613813bffb361eb95d04ecc1777659
strategies/H003/unique_02146/README.md,e069cdebcce99853e0157dba3a7bd9aa50f5653b87a2ad5122cdf97ee594d09c
strategies/H003/unique_02146/strategy_definition.json,14e7529d87dcd9e11e819c868c71156abd78ddfdde8d2ac86847f9a422225cdc
strategies/H003/unique_02147/daily_evidence.parquet,6780b7f89ce71e2b440ed3ff03c200e92ace68983190e9b3b33397a1f8675f94
strategies/H003/unique_02147/README.md,1d0225cc754144e08dabc3e3b696ec0e1f798612bf776bfce27df71a5c761ab3
strategies/H003/unique_02147/strategy_definition.json,5c1df84e6fa77e0f93f73390fdcd6d0cd2d514f17573bafa44937b905972752c
strategies/H003/unique_02148/daily_evidence.parquet,2bf46501c1da2c606d52960f2980930d6be844dfabd50a9a1bc4714417e33df9
strategies/H003/unique_02148/README.md,b681b3649d15c2ff3ce898e5ac8cf163bc58f28715f4902da5b67c8a94be1dce
strategies/H003/unique_02148/strategy_definition.json,c2abc79fd9f5dc8a2f6ef559099c5321e692ee1ba73360efcaec5dc8a3ae8c82
strategies/H003/unique_02425/daily_evidence.parquet,a060ca81a6a627fb58e959dd27eb01e5dcafb51c3ed2f25279607583d46ec086
strategies/H003/unique_02425/README.md,61f24dc9f0468b8358788f523c20f1e8e3cedea05c9dbcc5bb9d7ab8d1dd314d
strategies/H003/unique_02425/strategy_definition.json,ba3255f4c1556b41372181362c13e73f8e94311b95d497e6eb20a0cd06ddf6ff
strategies/H003/unique_02426/daily_evidence.parquet,6469d32a9adfcfbc8bb8131336a594de212c0199578c15010f59b649296ce575
strategies/H003/unique_02426/README.md,8501eba2d9b0a90fc23a8c27706e158c8bb7c3b08375c86f6c84fc52f30ee83d
strategies/H003/unique_02426/strategy_definition.json,c9ad1335ae4a9638db2e10b671fe591980804f4bcfa56587084919a13a550b7c
strategies/H003/unique_02427/daily_evidence.parquet,94b048bfc1041f623e25ba730d9e3135501f34986e56956b46bbd7d0d6de5234
strategies/H003/unique_02427/README.md,9d9c5b2ef70f84cee017b49a02193aa18b71fe64fc0794e9cbea5f3668cd105a
strategies/H003/unique_02427/strategy_definition.json,f55cea6cc05d37c3a9f5c617204e5527d5bf8e61b45f2d78dfae632fba05ede6
strategies/H003/unique_02428/daily_evidence.parquet,5d6fc7b5884c087d682131916a71821013be068298be827b6c8790d09ac17784
strategies/H003/unique_02428/README.md,17bcfc415dbb123c41d56e21df88fe36a3a1078b0b4dd7b1f220e81045cf2762
strategies/H003/unique_02428/strategy_definition.json,3150db10a5adb92a942f674ed743ee1db68406b7a98ebce9dbfd8d31ad41154d
strategies/H003/unique_02429/daily_evidence.parquet,555f0b8d5f8ea90f8e6f42ca5fffa305df1aeee29f64664cd0541f3aea2badf1
strategies/H003/unique_02429/README.md,e005864d5b51865e2098511255d59b2f6625437e988b139c628ecdee7c4cbabd
strategies/H003/unique_02429/strategy_definition.json,c739cdeee42382a37c04127a6925687576b9f8a2828ee6c23fde6929f750e71a
strategies/H003/unique_02430/daily_evidence.parquet,b0b9dc6db9e4f3d6e647367ecf43c6f3667e7169cd1647528ccc66a50d9bd5a3
strategies/H003/unique_02430/README.md,44f120d47455ee82604e3f661866b804569ced2417029fbdacb4db4ce2709c16
strategies/H003/unique_02430/strategy_definition.json,8e5dd5847006eb3f1b4417f1a44297ab7172c788600a29bd35f4517ab1b53c73
strategies/H003/unique_02431/daily_evidence.parquet,67bf8138f390a11074b04639226b74ab66075857edce003de95245d860fb1c66
strategies/H003/unique_02431/README.md,01d72475ea0012d148ae5410f2c12a606f5326b1e7660e6c6f02597df1b4f777
strategies/H003/unique_02431/strategy_definition.json,491860e4210c7a383329ef6bb21a337bdd6889190a61482a591252e69fec8f9c
strategies/H003/unique_02432/daily_evidence.parquet,27915ed5ac913e1ea9311feafeb1e7754f29a40c4bcf79fdd84dca675eb29443
strategies/H003/unique_02432/README.md,378e1d9d30a4ca74cceb0e667e7e22147007d81e19e416a4a47793c2f9596d28
strategies/H003/unique_02432/strategy_definition.json,580314558ce9424b45b917acee7f54c0fccad4d732d964913a6800992a4ee0e8
strategies/H003/unique_02433/daily_evidence.parquet,01b308ebabedcb299aeaab56ed0f2f25e7add08bbcb2156ed542efa664951df0
strategies/H003/unique_02433/README.md,ae8c6f28b13eaa8b9270e07c43b63f688f0b712412995d7af4d7cc6f63274f7b
strategies/H003/unique_02433/strategy_definition.json,acaa7795169a4e7d6e3a7d83cd18027f4152f85bedd108843a9f487f011a4d5d
strategies/H003/unique_02434/daily_evidence.parquet,516db972a1317d02dbec4fd0dd56e271b644420e454d5867e3e3f5d3f6cfb7ef
strategies/H003/unique_02434/README.md,0e4f31bf38e7680932199322efa2866094454de496aa9ff804972ee5f3eaa430
strategies/H003/unique_02434/strategy_definition.json,dedcd03578078b9b9a93cc122d922b2d2584a8db26cbfa49a6fec4d4ab08a751
strategies/H003/unique_02435/daily_evidence.parquet,7a6cf607ac376d19288447853e78588eac6b08dfdaee2d325971bfa12e4d38e4
strategies/H003/unique_02435/README.md,a4633aa9fe9c0607963b682ffd1327e411a01e0245f0468d2530a531faa10ae2
strategies/H003/unique_02435/strategy_definition.json,fd0a894f9f1bbf49cb3fb5e706425a0fddde88aa6043ae90b40f45735cba236c
strategies/H003/unique_02436/daily_evidence.parquet,42f19d8dbd815a36f53e3a1c43e31c5b5a5701dbc284d504c65dfc3ed4d65dc2
strategies/H003/unique_02436/README.md,94e7eb94efe0cff1350e65cec954c49bd7f94beb02a4666822985a47e8aab569
strategies/H003/unique_02436/strategy_definition.json,68f3c50a31b7b8f7803d17de8d8ba4195c40d91ece88b77271b71e052b304b2a
strategies/H003/unique_02473/daily_evidence.parquet,13a8d88a0ff31703d29fa8530b2f507db29e7663bec10512dc7c87d921c3eb72
strategies/H003/unique_02473/README.md,72ea14871247d99f4f4dfe4c90b828f9af18d812e3c0500bb4c1fa5534dbf7fb
strategies/H003/unique_02473/strategy_definition.json,019dde2a4e3e136f7ceaf69ac9c0e64aff7db54c6ed5ec7ba46fcfa7925c17bc
strategies/H003/unique_02474/daily_evidence.parquet,dfe13549b9a6e66c3d432490b765843be2037e0969c16b5a743200c06f3ae166
strategies/H003/unique_02474/README.md,0b20b25c36738bcaf3183a381e606b787f1319273df338d67f4d1291bd33728b
strategies/H003/unique_02474/strategy_definition.json,d9acb149989de795f7629b70157a9de035d2493f3b6cc0e5665f2540c418c678
strategies/H003/unique_02475/daily_evidence.parquet,6aa732e26e07ac8223d232900e1c718dbfa6d293ac15ef4504e6c5fbe039fd19
strategies/H003/unique_02475/README.md,551ab1f4159e0bbc32b531ffcedff91c44c96a653369e57d3d730cb0600c06fa
strategies/H003/unique_02475/strategy_definition.json,ff66ee6bd712dab4c5f53312d0db1ab530524e5ccfb0e536b8aecc102d69e5af
strategies/H003/unique_02476/daily_evidence.parquet,0129e6d5ce2dfe935e45cb55d2e6a0ff9be23ff87fc9a614d7e03be15dfa6b5f
strategies/H003/unique_02476/README.md,e13d98020444379739e6df6750cc30265932734719f81c462eaea4e8d7035e6b
strategies/H003/unique_02476/strategy_definition.json,8d61d86d0a9db7031b33b3d92a286270e304dfdca17db9dd948711da0ae6a835
strategies/H003/unique_02477/daily_evidence.parquet,54f65c0ddfaa72f72de3cc42f09cd13c1b6eb2b13893ea2f29f12a56b46e32c3
strategies/H003/unique_02477/README.md,32f2f245202d05c57e3274660891de8ed8cf102e8987467b68276f1bf9505b43
strategies/H003/unique_02477/strategy_definition.json,f25cb9962a27417030a879ecf4b258854c788caac51994f922426cd6051b9955
strategies/H003/unique_02478/daily_evidence.parquet,888172a1af849d4bbd40060f3b6ed4d38d212e54a76f0c8add80fa22a8323ef2
strategies/H003/unique_02478/README.md,bbe439143f6245acbd7415d4a5321ed23ab72a3c5aa36617737d3a0708109593
strategies/H003/unique_02478/strategy_definition.json,3a1038ddf2629ef07ecf5cd9856160799ce6cdba5088fd1742ef02462ea8b0ef
strategies/H003/unique_02479/daily_evidence.parquet,c41e8cbd891164be85692e84484ad7393994412b8eaa6891ccd375b81de0c468
strategies/H003/unique_02479/README.md,804441d0d260833ec64fb3ba4332edfd6b1ea7f6875b42d62a4e8c35f2eefd58
strategies/H003/unique_02479/strategy_definition.json,6a39ba1f595585daf51d637edd3d28ea07b072e674f5fe966da93281be133a55
strategies/H003/unique_02480/daily_evidence.parquet,11c2b00c0ee6055715345a29419e4c5c9a9a20d8e82338d657b3fdf7ad418d5c
strategies/H003/unique_02480/README.md,409640456f53e6c23e2a2720f98c63fe7b73c99aab61f79b95216f65fac05f90
strategies/H003/unique_02480/strategy_definition.json,83ddc5c16dda7191e4acd643dbade91593aad8e201e3b77dde909d34dcee7eb9
strategies/H003/unique_02481/daily_evidence.parquet,bcf2047edb11e3a660febab600e3225ec516cf4c960fd2765b66fe1e79836419
strategies/H003/unique_02481/README.md,8aed6722e0777166de4535d4c86dcc7bcf05c13bc546cdb5a1d30c5ec3d64215
strategies/H003/unique_02481/strategy_definition.json,dcb818b3ca2c5fc26adc19c763808d49d244fe1548bd3c0e4b2ccfe126b6526a
strategies/H003/unique_02482/daily_evidence.parquet,4b221f0c17c5b73360c26914d5ca1755c78788f1714f581cb1dc81103cef32cd
strategies/H003/unique_02482/README.md,533e0b8edcee38c19e5fdc5c620d1b881ecfe1a263d7fad563cfa3eaa76f1131
strategies/H003/unique_02482/strategy_definition.json,6c2292ee4aabe10a8bd08d7dcf6eaa0965f71c953febfe3027898afc54bd039e
strategies/H003/unique_02483/daily_evidence.parquet,71024091d9295ccf84d9e4221e590d7e807bbfef544cb63dad30fe7213ec4180
strategies/H003/unique_02483/README.md,b0ffa6dbd98f144dc39aba48deb8105582c1ebe31c01ae9130b3f61adeb0dc48
strategies/H003/unique_02483/strategy_definition.json,cd734a4d2bc6dee71d39e491e4bb5cf6c1260f2f9fe3bf42c3f2b94127834118
strategies/H003/unique_02484/daily_evidence.parquet,f476893816f08e55e07c4c74751fbb1cae5541b865a6f5e01515076373113c85
strategies/H003/unique_02484/README.md,e15f71bddede450562f317974d19844560f054413b9145b9ba6193bc9537ed03
strategies/H003/unique_02484/strategy_definition.json,1a18433f217b3d325853ad406c34b593a82c867b2358c2f85b0a62cfed5b44d0
strategies/H003/unique_02521/daily_evidence.parquet,118f025f6b9bb1f2ca10aabafba500a2bd2017fc7c7b156564f9a46a1ba3dad1
strategies/H003/unique_02521/README.md,7f188384b091df782a409a74335b65bced974b67ad06b290238140e3051093aa
strategies/H003/unique_02521/strategy_definition.json,3bf441cb88cb5c4a6d2ee0937c48dc81c671f486ac5e011c91774e8b975123b8
strategies/H003/unique_02522/daily_evidence.parquet,525d3af0e7c5ffdc55e56f952792bd794e89a9487add6b790506ac1cef7ae32e
strategies/H003/unique_02522/README.md,e45e6ab3c96c2e38b7e6f0566d57a57315d8e147c521539076049247bb31cce9
strategies/H003/unique_02522/strategy_definition.json,ba12d9f8f88ab4efe0e7a606aebe698a113581afe7ea74442c7869af82735b50
strategies/H003/unique_02523/daily_evidence.parquet,6e3d5240a056427bfcc83fe45335d30f9fe5badbed02e2212e5f94e0d19f489c
strategies/H003/unique_02523/README.md,e46d5e3a001e32c5194d821b3f75799b605872d13d5ce1fcc12a5eab197309ce
strategies/H003/unique_02523/strategy_definition.json,6e103bc833fc2755aefb6cc6e720eb446c9481773fc49ce847d28a7f995b0f69
strategies/H003/unique_02524/daily_evidence.parquet,2232d5e4656a312d07f897fde556246e99983732994ac95961c78b319c7a0352
strategies/H003/unique_02524/README.md,d1271d732455d39e6126cabfcbd887f6e6ab013dd35ad477fcfceaa161d587b4
strategies/H003/unique_02524/strategy_definition.json,7094a836e70447ec6324dff7197329be18d72d2ce39923e8b0760c7a2677c05e
strategies/H003/unique_02525/daily_evidence.parquet,3ad6d1cfde7e990442f18c4e19ad6b362c6cc3567a1c58b0193060fc785abda9
strategies/H003/unique_02525/README.md,0f08f7a08e1881372744524343105831b457678823510be7320d130e14e3b462
strategies/H003/unique_02525/strategy_definition.json,948d5bdf96261d0ce35542d40eb8a1a41865aa548c9a4bf2373e8e051590f5e9
strategies/H003/unique_02526/daily_evidence.parquet,b203cbed1a655894dba35dff435c2c7eb57a1f3f3c8dc648c6dce0eaf5eaf7d4
strategies/H003/unique_02526/README.md,6ce5ff1129198c2808979d4a71440fbea1be4637891faf7d21ab0bead321b890
strategies/H003/unique_02526/strategy_definition.json,9231973fda06f157dbdaebbd1b3a3087de36c2295f8e3718373ced6d7008b19a
strategies/H003/unique_02527/daily_evidence.parquet,217c4b32446df363fa9790698aef2fb26db35b80cfba2b4143a808b977526149
strategies/H003/unique_02527/README.md,ffdbc7db7c72b6e4a2e0ed32846617d32a0df5e0766c7ae8861b48371c6f0bb8
strategies/H003/unique_02527/strategy_definition.json,806cbeb2cc853de4d3e2de73f3e172f2604f9ae62d5e377d808b5a2d6c7bcdd9
strategies/H003/unique_02528/daily_evidence.parquet,d70a96ac3628c64fa1c3c00bc0721ca40d6e1733c307e23de52da8bb50d1ecbb
strategies/H003/unique_02528/README.md,c27047bd27f2f486d8bed4d4e2108f1ac45f8ac45682c5ea309cf8139fae7c90
strategies/H003/unique_02528/strategy_definition.json,51adb4a532377864372cf3a23464bbc52f4dcc81ce6010e9b1db9cee3148ccb5
strategies/H003/unique_02529/daily_evidence.parquet,fc7a65e6f9ff283b47dbb91bfc1ef375653b783d3a9fdb4b70e94dfed7871609
strategies/H003/unique_02529/README.md,83d751fc02a74ef227e8ac489f90d7f55acbf7d443c5b453a0656f71bd16240e
strategies/H003/unique_02529/strategy_definition.json,a0f5f132e3fb42663bbd3edf053a1a38864c163bf4d435af65342b2e3067d3bd
strategies/H003/unique_02530/daily_evidence.parquet,3ce2004be4eae29a07cbaa5d743eff1f790f4f6f08bba967b5f87cdfd3123950
strategies/H003/unique_02530/README.md,ba329ecf3c8d42cd62cf5a4d77f1a1d657a463c42fc2b34274986b5453aaecd9
strategies/H003/unique_02530/strategy_definition.json,12bbb1a77cf895792d65d469c159450b3f2d528436fea3d757fcea47411a3ed6
strategies/H003/unique_02531/daily_evidence.parquet,a1812ff2b6cf37549388f27e313492eee388e68aadb7c88d6f1456654c4ced09
strategies/H003/unique_02531/README.md,c1289473e2d1935bc17297e765874b94564a8c3bddbf91dee6a19c3d62efab83
strategies/H003/unique_02531/strategy_definition.json,1c0ba933725f513a0e6b1aa6ec76b543c5f879129c74d0568f1e6e7313e617c5
strategies/H003/unique_02532/daily_evidence.parquet,46762cb986f9cdf3a8098922d4b3a5fd280c034bdd3f5bd5f014fe713519bcb9
strategies/H003/unique_02532/README.md,e24d6b0e03763ba76c352be671fb12cc1f76e17274a20b085a9494667d27b5d8
strategies/H003/unique_02532/strategy_definition.json,7f5bc7b90563945549243c4a7382f8869378537007d7d258a66488df90e8058d
strategies/H003/unique_02569/daily_evidence.parquet,040cd7b3eb30d9ed57b73038c7ecf48cf441e8650461202f4317f4820ddefb91
strategies/H003/unique_02569/README.md,2d23641a906e3d15e3dbfb4ebaaff270efc3ab361daabed57adc9ea1acc4c01d
strategies/H003/unique_02569/strategy_definition.json,6419826bf5f59b477037ac56b8d039c4e5c2e9c117ae6a1d606556df0208c464
strategies/H003/unique_02570/daily_evidence.parquet,8e2f435ca05f0bdd0feb7c9795af6b782f9a538b6dcbf11d2d72ce34824e979c
strategies/H003/unique_02570/README.md,683de0d91f4085645ccc669f18d8200ec1fcc92a2a2f4248ab3fa81b360fd52c
strategies/H003/unique_02570/strategy_definition.json,43475d448855068142f6ec566bb4914a4a24f079b31480a81cd1ca198f5b1cff
strategies/H003/unique_02571/daily_evidence.parquet,4998852492006640b8abf92967736e3a7135485e0792d9e42294020b89be7c03
strategies/H003/unique_02571/README.md,cc6f196ec676034fe417ec1e0511e5c16349557942c61edc0d6cd07d84b89edf
strategies/H003/unique_02571/strategy_definition.json,377bedb43ab2233989eda91fb471fe9e261215c72cda5b4f10d8402908a201e1
strategies/H003/unique_02572/daily_evidence.parquet,86d19a4b4bb6c3db6fda1283c6673cd06681a369e389f18746f58a4cd45d375e
strategies/H003/unique_02572/README.md,60edf2ec19737fc0edd73dba3f0aceb19cb9abde8cf5e44360751b0a1e28ea6e
strategies/H003/unique_02572/strategy_definition.json,a35d2b2966d6e4bba11f46294c9d1a0693acd905befd32d7155ad6c5c19800b0
strategies/H003/unique_02573/daily_evidence.parquet,607b5f81004713528dfc1a1296265880463b03eea921bc372d3eba82ddbd582a
strategies/H003/unique_02573/README.md,5755be177276371ca4103ce1ff2e9c6c96f3a201c8813de25ec20ab2e2b9e2ec
strategies/H003/unique_02573/strategy_definition.json,b9d702913d3c6ef5300d84602665c86e2c4d80ed07c5d8a1b0d34c431a186ef7
strategies/H003/unique_02574/daily_evidence.parquet,188ea0912205b4bc11e70c86be40262fb3a2031860e5c18ff2b67a5ae2afd741
strategies/H003/unique_02574/README.md,6c84de333ea2d3d41f99d8e9eba80f862d3aba9b64564fe1aefb63f75bb1f5cb
strategies/H003/unique_02574/strategy_definition.json,af50d53ab41054cd9cea6aa158b96ee3001751a0fc2c98d9e5bd06cc6a16cfb7
strategies/H003/unique_02575/daily_evidence.parquet,8dd8940ec85d56a59a1204049daf8ecdf6a61a38162ae7a0b555d65e91dd6831
strategies/H003/unique_02575/README.md,e179cdee22d56983325d61ebf6e45aa1093070b7b375df793a8a3b3a7ec0c925
strategies/H003/unique_02575/strategy_definition.json,016e159d13887a6fdb197e6ac4be0172c0e88c89b0db8ca952d8ad688e153e3c
strategies/H003/unique_02576/daily_evidence.parquet,9edccfffa1bf2cde48f90da000b7a9ebf1cbbe668f72d147827933220a66cdff
strategies/H003/unique_02576/README.md,592427f1535e460e41b375b9dba09dfa45744923174da8ebbb034f481548c3c9
strategies/H003/unique_02576/strategy_definition.json,f1a54f617ab47b5d1e3b0695b11660cdcde1df60721eab1e72246cb7ef36a2b5
strategies/H003/unique_02577/daily_evidence.parquet,015c0b63d0729724406313ae34ef8e8e2e3e19682d514fdb995e6c2128f65486
strategies/H003/unique_02577/README.md,939da189eb7098a2742be34849dfea694834b8969a22bff2d124298fe2c03610
strategies/H003/unique_02577/strategy_definition.json,88fd01ffb786d788f9759b8a18ec4601f0ee147e59bcfadb2fb9aa415d39a2a1
strategies/H003/unique_02578/daily_evidence.parquet,93543a96fdbb6e50140fa4ce3708f70f82836437e61aea0c0a23086b0bb5cb6c
strategies/H003/unique_02578/README.md,b9b69d8eaec3aea82add069d57030e62ef5cd160cac8a132679f0e681facc257
strategies/H003/unique_02578/strategy_definition.json,96152b208cde5b9faab10f4d8bfe16d83f895abce20f0d43bf530018cb378c97
strategies/H003/unique_02579/daily_evidence.parquet,61e89cc6a7b7ffa1d1cee92f2ff29e9173ed789d8e56d6ee9a232c302d634f5a
strategies/H003/unique_02579/README.md,8406e57e8b20fbbab45f40001f9409300bd09bead40461f621f50bbcfd519486
strategies/H003/unique_02579/strategy_definition.json,9b00b4685ea8d5f89f6e8ad5092be77869d5cbe2f2b4f6e4b4f5123aee90d7ed
strategies/H003/unique_02580/daily_evidence.parquet,3843cbf37d190fedb37cdff954a44a34bf7916a3320214aeea5ffe3258dda326
strategies/H003/unique_02580/README.md,96ddb16f71ca3541230c3f8bad2f0f548cde914103df52b14306e0956ad8f7ab
strategies/H003/unique_02580/strategy_definition.json,84df563bf8c33e24a4a2bd641cb0f3de5e050f032cbfcf9fe224e1360476a890
strategies/H003/unique_02617/daily_evidence.parquet,13a3fbc4d5e5ea328e49a2d7bf1814ee1e1bffc98ae6f8ca4e703a6394b6c82e
strategies/H003/unique_02617/README.md,0b08a53709957c6fd32d51d8033d51928a5621e2bcd9c3909384e4f99f60bd1a
strategies/H003/unique_02617/strategy_definition.json,47758685d3c23c715df7c78b3384db0be843f32935aa9ba8ba1baf28efe1e5a8
strategies/H003/unique_02618/daily_evidence.parquet,df2447d0d7e6625ce4f6a7aeb4305dbb81287388c0668aed0fb9a562784e83a8
strategies/H003/unique_02618/README.md,3bb3d0efb110741bcb7d03f0eb02d621a7b6586698868144200ceec3e8de2788
strategies/H003/unique_02618/strategy_definition.json,c9e7664698f4563f4e16133ba4a04ddad031a216d6bad47b7f930b1db3926563
strategies/H003/unique_02619/daily_evidence.parquet,e7675e4186b1ecdc0d39678cd1f2875445fcd42bc0ccabc855e795f3286ea249
strategies/H003/unique_02619/README.md,ef7b60cf9bc48ab30e26c02158d323f334766965a435c67ae78777b64676f629
strategies/H003/unique_02619/strategy_definition.json,259b1436d3936be99fa163515dba982ffab26ce30d04bd9c1e57afed49cd942a
strategies/H003/unique_02620/daily_evidence.parquet,8cd862ae09485ae2ae89de7a2a8ef08a7410aa2a0c42243902a058b450c4714a
strategies/H003/unique_02620/README.md,6b0eae7716ba4f6d716bcb24a4f766389eef7c809ec95eb31071c4d3a8edb447
strategies/H003/unique_02620/strategy_definition.json,a0c8f6f58c22011cde8611ab021e5962f533bb80f0110a25387e14cccc839bdb
strategies/H003/unique_02621/daily_evidence.parquet,60448c7dae43fe0c15ada02acc5f8e47fa5f6b359e8d239b1a46135655bc4ce6
strategies/H003/unique_02621/README.md,f0ef48c97216f914b680569c93e8c2e8b5d8d17feda5ced85cd1439f728f7dfa
strategies/H003/unique_02621/strategy_definition.json,4be0b6649511af66a3713580911a83e6173f0b35b3b7dae0e235a6ac457e9559
strategies/H003/unique_02622/daily_evidence.parquet,f93249ac82b03434824abe422a005743facbfece79a047f296375900f116769f
strategies/H003/unique_02622/README.md,44117d641561d204fe51a7a8667c68a7c881699eff2e173a0e43cf9af235e479
strategies/H003/unique_02622/strategy_definition.json,e21970acda10e9af5d48286656bffcd58f8108b09cabc151d5175d506b03c81c
strategies/H003/unique_02623/daily_evidence.parquet,a02c1a6a28d22c49d9ce782241043d5c90a88769e96830bc24caae24bc86e179
strategies/H003/unique_02623/README.md,e1169d931d670324c813e087ecda7f217a7150f75e7c0b6c96cde0d31723dc48
strategies/H003/unique_02623/strategy_definition.json,06a30434ae114c6031f7c536488ca9bac013846efa0c1f20c3706afa56ad5359
strategies/H003/unique_02624/daily_evidence.parquet,1c845957b7a13a6b670abc6a2bac9b7df2fd765f77b4280a37f1c94cd7a1741b
strategies/H003/unique_02624/README.md,7598d995daf787cdbb2acddd15f2c64c0cc43cc386d2ba7dec9036d709993d09
strategies/H003/unique_02624/strategy_definition.json,b6eded3ff7830602f9ba18bcbd2bfbb679a75682cb4eb55d5d0af4f0a0894b9e
strategies/H003/unique_02625/daily_evidence.parquet,e416522be3de011721781004ec90ce3d36c1a6590c726999ed6032da76c195ee
strategies/H003/unique_02625/README.md,4a61bbc99bc27ba0eb704ff21736df17dc82aa734415001a85ebf20cc2cf0cbc
strategies/H003/unique_02625/strategy_definition.json,7d8edf6ea48b5b5cd78c07c48af607c387a4a1065b589b6549ac5077d811a853
strategies/H003/unique_02626/daily_evidence.parquet,bdd567bd3f1118dc0e688e10d73b95d3c07ad36ac3e79657a55f8d34f882ffed
strategies/H003/unique_02626/README.md,84a35cd074489deb116f2a3441f7881879b6f9332b4cd0a54780c1f0ec41dd41
strategies/H003/unique_02626/strategy_definition.json,9b15e104c0b91f0f16e7d7226d374df17b5b9e5b557a99539fb9469acb1a92d7
strategies/H003/unique_02627/daily_evidence.parquet,8048cda42d810e727e94f02346a92c8b83d78ba0b28214d364cdb31b4dfc3809
strategies/H003/unique_02627/README.md,e002bf8bb4a1143d4de3e5bf7dc573d101f57ef53a89f714f368216fa02839ac
strategies/H003/unique_02627/strategy_definition.json,356b25fc83ec833604158cff456c7c10f4c0e4b3d8aabc0a620b766f7160cd75
strategies/H003/unique_02628/daily_evidence.parquet,f05a2bcb314bc1e45728ebcacb760e5219ddf1f483ab5454c4c993fa4b3d3437
strategies/H003/unique_02628/README.md,6ca1adaa44bb3ac53afc3f678240cb4d8cc2b167d500033b0a35e8eb4723e5dd
strategies/H003/unique_02628/strategy_definition.json,a87a3726f6096a17971f4cbdf3644f9c4ccae48ab3f6c7dfe17fa5e5b1fdadee
strategies/H003/unique_02665/daily_evidence.parquet,1252e7bd8c8e61a21a7d1d4317177642bcafdfa4707a474b47af3bc4ab7332d3
strategies/H003/unique_02665/README.md,6147f977795d23ab73473762967349f93f4f1d08d31e37fcee36b96343a40fe2
strategies/H003/unique_02665/strategy_definition.json,3f95f780b4d8ad849bed88b8aaabd7340359de618420e9ecd276c9b7cc83881a
strategies/H003/unique_02666/daily_evidence.parquet,91152311a41f4a8ff8411d2d9738e13dc5bd3996297654e33e3b7bc844b88e83
strategies/H003/unique_02666/README.md,59f4040b257e8c2e632ad5012b5ba99fab537152d41eb726194081e0bf24c86f
strategies/H003/unique_02666/strategy_definition.json,50951d1099d40b9ceff69a7502979c54156bbd46a53af177c91a5264d3db17d2
strategies/H003/unique_02667/daily_evidence.parquet,f90de6217a6a80c1a39bd0b70d6cb58348e6398deb7baf1801a8ee1d154c97c4
strategies/H003/unique_02667/README.md,af769dd20b87010a45571a641607fdb6565a18397a7fa0304cf428def4877ce4
strategies/H003/unique_02667/strategy_definition.json,c705903731e3c50178964e3d7f7756d100ae5a107a12f1f2fd13833fff135ac9
strategies/H003/unique_02668/daily_evidence.parquet,e9896a2daf2d1c7daa45f04e39e8f2212845a25917f5043819024b118933bd62
strategies/H003/unique_02668/README.md,9d98a61272dba9e95f3fab2fa4d0bf94e7da173fa4114d78023677f0a5fc837d
strategies/H003/unique_02668/strategy_definition.json,77ffc5e2aeacebf166eb9468b0795f482c4b898f5db55abff1fc86ce028dc9fe
strategies/H003/unique_02669/daily_evidence.parquet,914b5861abf91a83bccadf2cf5dbed4e9bf82d4fa239af08a0f9ad663661ef57
strategies/H003/unique_02669/README.md,1eb9099e36d7f99639f89de7fd4d2842a7f543d99653a35974a22dede67619dc
strategies/H003/unique_02669/strategy_definition.json,02f46501d7de4ae894af061abf20a09616566d31bc853e6ed2b3e9ad9d3a91f9
strategies/H003/unique_02670/daily_evidence.parquet,4228b44b8adf5ebb3e4807179fcc8a1fbc2d42204de06c18e11364a2fdb7ebdc
strategies/H003/unique_02670/README.md,27539d552897eb348b0823c99c94bb65fcabff8e2dc8cdb0da2717cf651a76f1
strategies/H003/unique_02670/strategy_definition.json,69272ac19cb95c0662292069f1230621abdbaf0a51c300b5a8d528e44aa297f6
strategies/H003/unique_02671/daily_evidence.parquet,412e04811133201e6277902fa4ce1f8441815e8aebcc85a4fa1771e97e5226b1
strategies/H003/unique_02671/README.md,293e311e71b6f211d8ff9fd87e4b3d01563b8971ac9a2f444ea4ace2b6f76866
strategies/H003/unique_02671/strategy_definition.json,83a8b7aaa54239cb9a1cd4fe2aa960dea81b06fc8d01b55305cec125e76fd3cf
strategies/H003/unique_02672/daily_evidence.parquet,2b4c56c99bbbcbd3caf4514653eef5308a91db7f186076b0dc119f115e292dab
strategies/H003/unique_02672/README.md,fb53fbe048ccc474f8057e2064498a7e5822e439fa306d71e22c1f4cc42a72ae
strategies/H003/unique_02672/strategy_definition.json,69b42b8b9327639b183bad2e762b371c87956b033afdf8b3bcc96c5c1fb7cb6f
strategies/H003/unique_02673/daily_evidence.parquet,3fbd2cb8bd5ab66225d6ba8612901fba4bed71607744ed7ee45996ef1441dc0d
strategies/H003/unique_02673/README.md,217acf1ab9e5629becb7766964721c83a19964b33714a6fed8113e05c6a16b94
strategies/H003/unique_02673/strategy_definition.json,3cff6814a5430040f5e89202ff226c3effa6ab5f19876b8f782286180bffa99a
strategies/H003/unique_02674/daily_evidence.parquet,23c6eb4326a7cac31aa1087b23d4e6813b0c517fab6562fde6b60ccf177a9ff6
strategies/H003/unique_02674/README.md,30e8949d763ee138041abd4e4e6fe693483c6e86aee6a22e4a3df91950e63ef2
strategies/H003/unique_02674/strategy_definition.json,28672457063bd7ed46c8555853a7a979c525813330754b4b6bdae642b6aea297
strategies/H003/unique_02675/daily_evidence.parquet,1ae228ef1d5d71bf6e8fa0cbfec0ff1c97cd58d9985739292b6f4199440d7ddb
strategies/H003/unique_02675/README.md,e3e504937c2452dcc3c3d3f5dfe0611b3e3bb9595a31d6f20e1d7ce02deef42c
strategies/H003/unique_02675/strategy_definition.json,f2536913719bb1cbfa716530af27990e7fe0b97f24477be7a72f42c0e373c1ed
strategies/H003/unique_02676/daily_evidence.parquet,bfab14544e2601c08bb34de553b3e136ce2233ca7677fe1602d00eb2d0f12491
strategies/H003/unique_02676/README.md,4e4286aecc0cf190767c3e6f1e5fb7a03109db686a8dae9ec6e6ccbb345af767
strategies/H003/unique_02676/strategy_definition.json,d54baa2940d396a5c6d39d1cc6afdf257cf758fdfcca5e57d27a84ff48527b4f
strategies/H003/unique_02713/daily_evidence.parquet,294a61030e4cc6640082e6d91c725b09cc93289f5b898982446973bfbf1ea12e
strategies/H003/unique_02713/README.md,51c638e6238c37bfbef5e47f4e2867a7a1e875f62c9738e5fff7c8160c66e7b1
strategies/H003/unique_02713/strategy_definition.json,968ff7d13992eb2c91fe5c20b9bf6f724583a5b99d39253650fe0a1f56e00a0a
strategies/H003/unique_02714/daily_evidence.parquet,375e740d3d98fbb2b189548d6cc1c8a7326721ccc44ff320ea489d1281aef3fe
strategies/H003/unique_02714/README.md,6f37f0b6d1973c842a8ff898c8602563b9453cc9bede4b2f55fc1e9a7c2188cc
strategies/H003/unique_02714/strategy_definition.json,001ac2547525463aea18e25c39f189ff70974f7e5dfde440a94ea2bf0d404627
strategies/H003/unique_02715/daily_evidence.parquet,e94d6c47c4b4afc9047b171a669cd41d4e4ffe708181fed14999cf67bd686967
strategies/H003/unique_02715/README.md,b40783c1ba610e116eab4f3cec8f20b4bea2fb44196ca2f722cf909b60cb8d34
strategies/H003/unique_02715/strategy_definition.json,1f1cdd63ece5fdfcc04ef5468a706582ce120d64207f8538f44a9c44ce6b7cbc
strategies/H003/unique_02716/daily_evidence.parquet,8eb42b244028a25ff89b691cf07474f9dcdd2812cc60f714a97ff58df563c459
strategies/H003/unique_02716/README.md,32a4f4a21ac037f5c85fad6683cf274ef0668e17b41d201b386919ab5befaf5c
strategies/H003/unique_02716/strategy_definition.json,e31057a06f57621ce440ba2e8fc8d856a674f22cd16b1a51fdcb1576dd2542be
strategies/H003/unique_02717/daily_evidence.parquet,ba914f1e5a19d0e733cfcb367c9f9a5ec36d2410cd75603f01de7ad092ffbaa2
strategies/H003/unique_02717/README.md,75d053095b54212fd70229c479df29ece0a49646f7a3c2138d45eee1b8c7bc34
strategies/H003/unique_02717/strategy_definition.json,ac9238dbcf1888279cf64fc584977a3fe54b0423cf5fd92ed03a0e35b3299315
strategies/H003/unique_02718/daily_evidence.parquet,476a26acf209c99653ff9c32c3ec865369438bdc30b43d02addeedff9e0d03b0
strategies/H003/unique_02718/README.md,caa6fbfcdf11c408c37809c712753c03efbf13113f22bbcd717e0b81ec677e1c
strategies/H003/unique_02718/strategy_definition.json,9e88d7fc9102caff701496090a784afb01ffa4bf768f91762fe98449fbb882f6
strategies/H003/unique_02719/daily_evidence.parquet,c2d8a66855a7618f60d048a1c6b67f7fe2f40a91a8110ff8aa7d943bc58f570e
strategies/H003/unique_02719/README.md,1415ef40a430189061bae287eba0c51b76b63fa97752ec11313b46b0be82a98a
strategies/H003/unique_02719/strategy_definition.json,fda947741f6b90954cd421b5425e1dee1452f1b9be09fedb042cf4b609e2a372
strategies/H003/unique_02720/daily_evidence.parquet,8422cdbb428050667976bc3f1b5a4c056a9a5e60d107dbb77a397fc9c632cdad
strategies/H003/unique_02720/README.md,883cbff2d0fe952ab45643943ab3431e446ab57437cbf240e69bdf20d18f06b7
strategies/H003/unique_02720/strategy_definition.json,909ffc622edbd9f8e1fd6217b849cd9a8ca8204a39813d83ff8cb921568c6221
strategies/H003/unique_02721/daily_evidence.parquet,406849794c68167295720819adf45e94e790b5a9c06194dfb495f239e32fbcd8
strategies/H003/unique_02721/README.md,359fd24e33ec1dbf487735534571c53626a8aa051cdfcb8d6eb896399153fec7
strategies/H003/unique_02721/strategy_definition.json,0c7875bb2eecf31631ebaaa4fdbc24e0b15d32a261eddd612a455b5e35ba5215
strategies/H003/unique_02722/daily_evidence.parquet,40274b87924dfe2e171fca2b2f3d199a39fc99507a9b1b4ff3329998a2403fce
strategies/H003/unique_02722/README.md,a7dae80ffde15fcd5355906a81b14b4cf195887f179e10195755435fd974c989
strategies/H003/unique_02722/strategy_definition.json,ae384b0a75a6cbf2ca54f3717594c012bc2be398f75196b2f5d27c91b3e26fb4
strategies/H003/unique_02723/daily_evidence.parquet,357295848734a5c372274afd1a072721a5cbe96ce2685fc5ff599955f4ad5765
strategies/H003/unique_02723/README.md,7f7f855cbd1eb59649d52515c151321d6803fb8939aeb57f3bd24184d39185cc
strategies/H003/unique_02723/strategy_definition.json,665139c61d3425940f4bf1334e9f333deb0737401914a9ccb86cff85b6c685cb
strategies/H003/unique_02724/daily_evidence.parquet,3a3ce9657d23957ef6bb94238edc4397b07243eb8a0068f1c2424470bf2001ee
strategies/H003/unique_02724/README.md,ab2046a4ca5100d7dd76d900cb0b1ed133a8b15e7465dd54bf7ac2fd40883f1c
strategies/H003/unique_02724/strategy_definition.json,5eb0db73b8165256f75a2198967dc8486cb6f001c3aa2f4d8606f8509e3c58ac
strategies/H003/unique_02761/daily_evidence.parquet,244a02a11d6d8ca931bcb9589c03b1668daaf256e63fee57da9098a3f77aa3c7
strategies/H003/unique_02761/README.md,7648ccfac30c88d6d058343f0d78a8a9950d1d7b11ed488386183c4940b99f05
strategies/H003/unique_02761/strategy_definition.json,a2120f581eaa55eba3a9229dfee9c178cac91992c50241e5e5ef4f1bcf48fbf3
strategies/H003/unique_02762/daily_evidence.parquet,90a8ea5f0be249584c8de4dee793c918efd7afb169114436cdf82cfb0ef3389b
strategies/H003/unique_02762/README.md,6add3b6864561ee4fa4aef5a56a0c8f99567c28a112aa51423ff5e4c91818be1
strategies/H003/unique_02762/strategy_definition.json,0bf582289b01f3cafcfcdaf697c9d8700a2d74f481b688a918c7a96eacf6dc5f
strategies/H003/unique_02763/daily_evidence.parquet,9d914d547eba8b31bced21b7d1ded9e89e15c92e0fad4d3b7fcef4f40598c52b
strategies/H003/unique_02763/README.md,3323322cb24c5130e4cb46c55f11a7d8ae9235efb50fd995b99b5a566de1d345
strategies/H003/unique_02763/strategy_definition.json,aaca4872381d4733bee355744d8d02b7b5923fd40307a99bc3ceeb56d7cc0ce6
strategies/H003/unique_02764/daily_evidence.parquet,67c4f70184919c407d4ca50db96c7de5eb355e0da130ced09635971c900d510b
strategies/H003/unique_02764/README.md,5a43f96dcfd160dd3338fe334ae36d3f7ef710feecfde047d45ddacb054c095a
strategies/H003/unique_02764/strategy_definition.json,474e87ec2e139925058d0ed1baedc53f6c80a1b43a155a3a8b70fa2b1c7123a5
strategies/H003/unique_02765/daily_evidence.parquet,23749037506a5825599d0e32e8821be0b107094feea80b5b487b1dbdee59357a
strategies/H003/unique_02765/README.md,d8bb5923d1cbabf387405b95f1fd0f2e6e3a22efb22c6df19b818a401e283a65
strategies/H003/unique_02765/strategy_definition.json,c92ecca2749775687e534787ab9252423e67e293ac626301b82e2d9741652317
strategies/H003/unique_02766/daily_evidence.parquet,b222a52fda12993e9ff66ed2f23bfbd59db7f47756aa988048fe898d6b91b2ca
strategies/H003/unique_02766/README.md,3cfd762d25e6f336480d6464d8dd35d1c9b0b6d72928ee6951e433175a51792b
strategies/H003/unique_02766/strategy_definition.json,1518c56a8e25b7e26755f98d4bf61b74c6775832bec34f611cc5d8f0bd7513d2
strategies/H003/unique_02767/daily_evidence.parquet,57467ac22df96feeed0a8e41350404c929fdc8520a6cb8dfb819d14b3c845935
strategies/H003/unique_02767/README.md,801c66f3e618e06145dc5abb6d19caec604593257a3d988171c3d0b3baf20b0d
strategies/H003/unique_02767/strategy_definition.json,656e63791d05616c756363c9e05eafd54807496ad8e2adfe1382801f30e17778
strategies/H003/unique_02768/daily_evidence.parquet,e770c57f0f9ebfc9842f51a56555d6f191db969421530677d56b997f31084ec4
strategies/H003/unique_02768/README.md,113b210d59bfa03ff63c5734fb5b1f338d0792cba3505eeb132edcbf9bb8f324
strategies/H003/unique_02768/strategy_definition.json,8a0618b45e52247fba10afe43af5770ca35493bd78bdd07eaacdd73fc83edabf
strategies/H003/unique_02769/daily_evidence.parquet,21d66ddc6858f56a2be722675385ab7d4547f5933b199769042b40125e217e9b
strategies/H003/unique_02769/README.md,3801ecbccee9bad6c3e264f7555381d4087904135d61856920c8739d253c0371
strategies/H003/unique_02769/strategy_definition.json,874d2adbe72115d311c38710b6eef979fcd9ed8dce3c51ebbe5db9412cf66755
strategies/H003/unique_02770/daily_evidence.parquet,3549ad1342b717e551849544206a6891131b3d9af5b720ad848af48a87ca4513
strategies/H003/unique_02770/README.md,1272479ff1f75d572943a55353517c0e886f8fc77d482f3fbf6a89b103c3771f
strategies/H003/unique_02770/strategy_definition.json,006122d09148592a1c0ec756c07b1f9b7cd4072929e6325db34e46b05fd727ea
strategies/H003/unique_02771/daily_evidence.parquet,2bc0c879eb2660361dedd032bb4cad5454d61791810bf98c8a9591d437b03647
strategies/H003/unique_02771/README.md,5177d0a7bff5861d02d5f6f9254c50075df4d419cf1f796aa814189d0ecb7205
strategies/H003/unique_02771/strategy_definition.json,584e64a4acf432a93aea91cef0e6957070a64f47d7f8cb3f693a98135e5498ef
strategies/H003/unique_02772/daily_evidence.parquet,f1452ddbce631923ee8df45e9c8c1416dbeb01f4e0d76661720978fffc775c8e
strategies/H003/unique_02772/README.md,10fb2f661c34c55ea2d20d54712572908f4baed35b139814bd0e1256669e5046
strategies/H003/unique_02772/strategy_definition.json,11205cf6a7d1e071ab241dcc96fe813d4250d421acbb0f8435148228d99396d7
strategies/H003/unique_02809/daily_evidence.parquet,8867267c91d83f5d59cd5a1d825eeeb10f3cf0fa4c60d317fa7472658d536380
strategies/H003/unique_02809/README.md,5925327e7454d0cc33ebad5ec8592d8d49408db9568c08e09205d8f0d2a416bf
strategies/H003/unique_02809/strategy_definition.json,adfaf1a02f396aa0c570b1da9774824488e3bc16c902b66c33a8c8a35af668f0
strategies/H003/unique_02810/daily_evidence.parquet,05d51e5a32f9b07cbc62a3e8195b4712b009d3cfcd9ba771aa3e2ef595fea798
strategies/H003/unique_02810/README.md,80ba79fdc9dd1ce27757bff3d8d0f8fd707c55eea58a00cd7bfaab47ab7cbda9
strategies/H003/unique_02810/strategy_definition.json,b6f86ca4eab693017814dbc1205f191cfaf921e39d1711b17d24c4754b24767c
strategies/H003/unique_02811/daily_evidence.parquet,04f669e96bce399d4b98c34aba12d7aa81919ec60190193f9bf68dacae677ccd
strategies/H003/unique_02811/README.md,e976196af1e99c7936cb4832e39e79d768669186be5be38783aa0ff829d5d480
strategies/H003/unique_02811/strategy_definition.json,eb55df03152d308ac404a5311641b200a840773d69b9d873bafb7c260f69ad1c
strategies/H003/unique_02812/daily_evidence.parquet,897912024aedf95cd4038cea7c992875ead72355fb81e60f80f341462c49748f
strategies/H003/unique_02812/README.md,7c98a6690c014748b0613a89176713c236e2134bcfb8c9f29dc9f8c618e8fefd
strategies/H003/unique_02812/strategy_definition.json,922a79c1f58bc3088e6fe182ac8f1f608b3a8289dee52b8535a0210e66eea31d
strategies/H003/unique_02813/daily_evidence.parquet,5e7a13159ca7f77ccece907b8f1dbd3039b8916be0b3ef3747643fdaeefdd306
strategies/H003/unique_02813/README.md,e4c34824c5010379d834a7a24fd7347a8fd3dd3b6c7b9644832cc5c361d0ff64
strategies/H003/unique_02813/strategy_definition.json,079220e4f4d7c9281e96791836ee030884cd461254d38799e66369232364d9c1
strategies/H003/unique_02814/daily_evidence.parquet,bbb7a9f9fea43a7794b1360d824704ea669281fe6303ac2ee68aaee0d6ff5de9
strategies/H003/unique_02814/README.md,5e7e25496d34499cf55bd8d319d4a4d658879f08b774213330c1a06a7f27b570
strategies/H003/unique_02814/strategy_definition.json,3ed5b1fdda0ebf8c7a7b902ac46779747f6ea337a5efe3f03c8e7a10f255350b
strategies/H003/unique_02815/daily_evidence.parquet,58cec74fea993a8d0ae4853befbe7a66b81053eea09233c94b61eafa48ca3e6b
strategies/H003/unique_02815/README.md,504d9182de8c596a52cc19525b9e6c55e9f2a88fb3e0408cd1d690aa10c8d272
strategies/H003/unique_02815/strategy_definition.json,0f304894e9a0a997b6e271c018c93f25c218e87db575adec728e97cc2b5977eb
strategies/H003/unique_02816/daily_evidence.parquet,75bc306ddbe944ca209dd56836d7505ae94dcdbf163f58a2f0cf0437c1d76cf3
strategies/H003/unique_02816/README.md,45a72c8b49eba874e210795bcb8ddb89a540afb1c399894c3131b0d5a41a71ec
strategies/H003/unique_02816/strategy_definition.json,46b965934803aeb5b5ab699330c15150f3542163a9f5400457257a8a586581cf
strategies/H003/unique_02817/daily_evidence.parquet,3fb3e7acd8d44848f0919e980308343bcd0649e902c2278a21c9e376bffa8f77
strategies/H003/unique_02817/README.md,6562b53442c6ce0f626de68e07f0bc451efb412821465d7477798e58929db9f8
strategies/H003/unique_02817/strategy_definition.json,fe30e335d1c1033c8ce6266af6119ba314fcd4b9826f96bd0f5a0d49ca625214
strategies/H003/unique_02818/daily_evidence.parquet,0d6eaea5079043229f49563fc933934b54b8304ab767b538e7946a37dd7792e1
strategies/H003/unique_02818/README.md,f25d351d45fb3fd4f0a96cc2240e0d2c6d2b239f85bcfd8325b1f15cdec0b674
strategies/H003/unique_02818/strategy_definition.json,c41e43f94f226715fb02637568b9f7b10ec6d5b833c0da2937db6aaaf18edcb7
strategies/H003/unique_02819/daily_evidence.parquet,78fe091c5dca84d1104ac64f7b7530f55d67005dad5ba12486ec619879e8d8b7
strategies/H003/unique_02819/README.md,fcbaaec64f3b420aaf703c74b8cf9c36b595bbf89c80a6caee9d305c7a2c653f
strategies/H003/unique_02819/strategy_definition.json,b5d32ba29d91941cbeafe3e4bc6cc162f7ed4acc7741de6f1ab235c95f7bb36a
strategies/H003/unique_02820/daily_evidence.parquet,bccdc8c6b8507853fdc9fefcf61e9aa26132fe71853090fa81787f6b179a84f5
strategies/H003/unique_02820/README.md,a910871c974860343d58f62e218295d02d184edec8f4f4017230ea57892c90fc
strategies/H003/unique_02820/strategy_definition.json,20805b2231e768665414fe85d5857ce246ba133f3638001e7410bcbfe5554c1a
strategies/H003/unique_02857/daily_evidence.parquet,abc68dd5c22245cabe4c8d8e3eae8c1d4b89785505973f1263e8c9cadda07f9b
strategies/H003/unique_02857/README.md,43fd7eca3e30af00b59a5f0993f51f2750c6abf5ee381a083929cd5c2583fdd9
strategies/H003/unique_02857/strategy_definition.json,4334fe9d13d96c8079ec74708dbaef07024f73bc5df7272b227d357a97b1814d
strategies/H003/unique_02858/daily_evidence.parquet,e94781114892aa21de87d72e9fa53d588145b5899df2eb66204aec2c64e8dae6
strategies/H003/unique_02858/README.md,9d33db5a2d481f116fc655bdc86acb180a83b83de29811112db8c606a9e629a0
strategies/H003/unique_02858/strategy_definition.json,bcf80ade37bbacd573569a02967e85da8ec83d5ad090ccc8cda5e74f61d97c66
strategies/H003/unique_02859/daily_evidence.parquet,ac0a72cc71fd7d4877e1dd3a813a872d9623c60f2e79806884ad1001ed853557
strategies/H003/unique_02859/README.md,fd6707f8b4b7523609cbc4f9b42ec791e22d63738a660a460d6ba4219f8fa4de
strategies/H003/unique_02859/strategy_definition.json,72ccd41f7c50909674c1a60a8337ecc87d0ae8ba94d114f4551c83f9d5b5e195
strategies/H003/unique_02860/daily_evidence.parquet,77153665b6209420bf38241705086b2af3aadb6bd0a9d9a0a08aa996c7cbe95c
strategies/H003/unique_02860/README.md,d801912261d3f1c02f43128b6176d3f097fe35f3f5ec162aff2cb12d448c7cdd
strategies/H003/unique_02860/strategy_definition.json,2de1a101d1c7e8b69fcaddfe09a07113bbc3ac36cdb3b29e420dd53e11f221bd
strategies/H003/unique_02861/daily_evidence.parquet,b7ffecaf7249de76ef4f170aa21b8a018ae927493ba311b18d89456159be6270
strategies/H003/unique_02861/README.md,5b0063b41e8aba259274a96e74f84a729eee6f969e69d9cccda77aa58b831dc1
strategies/H003/unique_02861/strategy_definition.json,cfea2e0b8baeea3827c77dc9dfebd991c5ab9d779fa8267a10f99b1861cc6394
strategies/H003/unique_02862/daily_evidence.parquet,784bbacae2d9f320912dd06483fdb35171d11d5666d5568bde4d6de8e4ffd4d9
strategies/H003/unique_02862/README.md,43648be392a210224530bd3a8cec28ec7a6eaea282a5d532b45bab0621f511e3
strategies/H003/unique_02862/strategy_definition.json,2cb1c9ee7ff8ee36d758a5c0624c7b5a46e73965ebe40d9700d05c42bf958d23
strategies/H003/unique_02863/daily_evidence.parquet,8d6aead96bc3fca81e5912495b081f5db069cc0e9390829b4f2ccf8560eea4df
strategies/H003/unique_02863/README.md,0e7171b93b5d9daba1ba678299a55f911cd39644b1d6100dc50b48c07cca97ff
strategies/H003/unique_02863/strategy_definition.json,b94987aa00c0bce731db4488bee4f3bc4adb70f22fb601601a69635113abdb09
strategies/H003/unique_02864/daily_evidence.parquet,b8210220e6d4b959e990af2c0bd640271abd373c104c818a67c1a9c124c6146d
strategies/H003/unique_02864/README.md,fcf51666056d69828abe7b4299f9c5b8ae59bb2bdf14a7f04660a0fbe66000d3
strategies/H003/unique_02864/strategy_definition.json,f8d5dd2034674a7076ce0458c49317a32ac2c3990373b33a7323214807667c42
strategies/H003/unique_02865/daily_evidence.parquet,fd8ae0aec3dbf32a37c7d975fabf3d51ed3322db51ec867cde9c78400e0a0bbe
strategies/H003/unique_02865/README.md,7607341b0094e2af9afffa976293935274c66fd107455544eee5efe100d331b7
strategies/H003/unique_02865/strategy_definition.json,1f89ac4d4745b31ffe066c33e2f3d4d55197cf5b7e5e363c23dd329e0f2b99a8
strategies/H003/unique_02866/daily_evidence.parquet,d55fb3bd5fcccd326437c65aa046f762ed437ff7fa91df0d31d2ed9ba2c7bc52
strategies/H003/unique_02866/README.md,1ebaf9f21be0adf9ad87f4dbb3c700cb025d56955933095cd523d645361114ef
strategies/H003/unique_02866/strategy_definition.json,d09a4b1cbd4d30380ba5ec323177d1b90a4d84df5643858932325a7a88e4f75a
strategies/H003/unique_02867/daily_evidence.parquet,fa1fdae034ea5245a7e4f35630202fcebdf1c7c01d81b614f0e8d6182ad83e60
strategies/H003/unique_02867/README.md,01a8d4e9abc5c0046e9e39ff59eff32898b2769eedf438214f3c1778d1ab9733
strategies/H003/unique_02867/strategy_definition.json,d0ec833d42a28c88f410d0e8b341bee10c45a85f49f1b44dbaf0cadeebd8b3fe
strategies/H003/unique_02868/daily_evidence.parquet,9694bd6651a5a29aca19d3777587d6009d317f3d1a45dcf5e6ada701e85700b2
strategies/H003/unique_02868/README.md,d1be28e815c519a1e08d21a93ddf0f86b7b171a82298c5e00a74e522ee1e68e5
strategies/H003/unique_02868/strategy_definition.json,778be666577d989833672b1bdd44e60d9d938c6cc0786e6cc4642b77e39e0b12
strategies/H004/unique_00277/daily_evidence.parquet,3544fe4d8cdfa8303a122ce478577d9696274319e96662f8ed23a399a020d28d
strategies/H004/unique_00277/README.md,da02a85313dc371d47b0d75e4d670ac4d50e4fe387203061b9ce959f4b763bb7
strategies/H004/unique_00277/strategy_definition.json,9a1aa57c67fc78890605adb995895d79299bf59887d2cf2d026117c024b2e782
strategies/H004/unique_00278/daily_evidence.parquet,1ce4a4159fb394eefb23f3f585746a83780f2114254f7a224eee8c9715a39e5a
strategies/H004/unique_00278/README.md,49ecc69b436fb1c8dade58a5d7ff085c25b234ddf1e264d6388ee3f30c3b85a9
strategies/H004/unique_00278/strategy_definition.json,d9920e89eab85ee303a58aa8b8d4fdadb600024fa8686c22b2ff9889235d821f
strategies/H004/unique_00279/daily_evidence.parquet,d77643fc26fbe2f6fd4813019006704b76de37e7a4978d822e4ebf69a8a1596e
strategies/H004/unique_00279/README.md,549b52ca08a0bf02076814bb1888a6465c841c4fa96f69aed9c93f4bc899e768
strategies/H004/unique_00279/strategy_definition.json,45f7758ce2d0ce94ff01e2346c4f9f082fc99fcc7b55eb34edf61ae1e6c99421
strategies/H004/unique_00280/daily_evidence.parquet,bec08be4b97006918c7f375ccf40f2094a8a8059157852ed6eb618434edd8663
strategies/H004/unique_00280/README.md,e78de5b5db3daf6dc8006fe03d266422861ad910efbf8790a71fb0a35964924c
strategies/H004/unique_00280/strategy_definition.json,9144c496ebe29a38720fd32f7e4ec9e1edd7be167873e91bd907a4dbfe56ca4c
strategies/H004/unique_00281/daily_evidence.parquet,8aad3abfed1706f223fef29edc232bbdbcf7cfcb4d7e89cebd33893615c1f1fc
strategies/H004/unique_00281/README.md,bb82924f5646af0509a27f77ab9328d336c64d911ed44ddff74595d89328fb4b
strategies/H004/unique_00281/strategy_definition.json,30547e6bc8928cba6f4b9ff8b6ce936ea13bb2c91c2bf3d640b0b4f6839085d3
strategies/H004/unique_00282/daily_evidence.parquet,e6d3a45072b44229a514e72d679827341b215ba7d8e9a2f4b883f1469a0a0bce
strategies/H004/unique_00282/README.md,cb7f437650d2e5497add35adfced09768f9abc5d0e6e4d902397c9e997be71a0
strategies/H004/unique_00282/strategy_definition.json,fc2b1db0b03459ec1c1623e124e5e14aea01c1c34a586b52da28b6a6fc20d4ca
strategies/H004/unique_00283/daily_evidence.parquet,8ca9a46764ea660fc311732b363e3342f4243db7e17ea5796fcc03bc0a254ba9
strategies/H004/unique_00283/README.md,8f0f260d3524ad2e6c0e3f6190b8fb0629a5a0e0c8c3339f1b512a6602fd5582
strategies/H004/unique_00283/strategy_definition.json,ab625752580b47bc8e735806c8d479b38a0388149e1f4690369c11aabadd7242
strategies/H004/unique_00284/daily_evidence.parquet,33b2411d23fe4f1fe2a37e7752feb60ea15d18ea1a01709d784ffc12237a892c
strategies/H004/unique_00284/README.md,b94cecc0981f2f4cda23432b5ab22fb36ce72cdde2847d76ad09d1edb7c3325b
strategies/H004/unique_00284/strategy_definition.json,ab2f3dbb3240e0b1696bf47fecae967b0177b29d6319d540860a312a36edd8a3
strategies/H004/unique_00285/daily_evidence.parquet,1283906b0f797538f6633c385450b15d4777f6687381e2c28668d42eb68eb6f0
strategies/H004/unique_00285/README.md,1d738f419e097aa5b04d06636dc749d6a7f841098d5cb141a1775fc2c99fae83
strategies/H004/unique_00285/strategy_definition.json,8202923224338fe8668e1617ddef83eff5f0d1d48c97099471acf84758f857f0
strategies/H004/unique_00286/daily_evidence.parquet,e25f4feab7de96d513cabdeac155fe2f10c52d28dd03bab567fdd2f7ce5cb576
strategies/H004/unique_00286/README.md,0c34e6c180a8aba7ba0991b8d30e5e035815fcbb252d60e87e265a10256cb581
strategies/H004/unique_00286/strategy_definition.json,c3038eebd204683835094e394d73e73f2ecaa7066f69135728795eb342c395c4
strategies/H004/unique_00287/daily_evidence.parquet,00ceaa0db83b98f0a220c0d0fe3e57bf920f16b193530cc75031040c21530ec0
strategies/H004/unique_00287/README.md,ee31eb1829c5ffb568059b5cc4bafffc510f6ee98d7a1325bcb2303226defd2a
strategies/H004/unique_00287/strategy_definition.json,64b37c6d22aac278de019a0d787b6c871bc0e8ebd46a2e7ca6661f7deac2c72e
strategies/H004/unique_00288/daily_evidence.parquet,dcd1fccda48faf17b133d8fec8958a500c8d649006812dc7aa30f02d0026b623
strategies/H004/unique_00288/README.md,c2a5a1b1dd692893f17409573433d7ba6c549a0a813ff03a58d252a67008d1a6
strategies/H004/unique_00288/strategy_definition.json,2281efe99de6df8fe2329cdb38069c941fc5bc73f183ff546e48d63c1612f930
strategies/H004/unique_00325/daily_evidence.parquet,9369f967406cf74676ca83922a8342cfabc5333ebcc81e6eb24b2499120f2322
strategies/H004/unique_00325/README.md,c18a30dcb1f0927043b6156c79937158508398674d14edcb8b27b2e439fe1a94
strategies/H004/unique_00325/strategy_definition.json,da6f6246c23e882354a9d673a64434443ebc614285067c6efc1330c83b701496
strategies/H004/unique_00326/daily_evidence.parquet,ab432f1ac53c81156d944cc746246336062cd168181d66ff70dedb8c1ba773da
strategies/H004/unique_00326/README.md,bb40c5ada8a308aa9304132603ab96ab2c4219768d9f0d4bba6ce75c817b6485
strategies/H004/unique_00326/strategy_definition.json,fb60a7aad038a291fca41706fb233e9b20d66e91f9cf5d7787b7db5ea357b163
strategies/H004/unique_00327/daily_evidence.parquet,b0217a9287067edfafa9370c580bd07710ad22d7209f1685a79d924fb3fb300d
strategies/H004/unique_00327/README.md,e8186d17e24d93cfdcc003046188d7172b55409ba566ddbc29339bc0509673c0
strategies/H004/unique_00327/strategy_definition.json,1be42c611223b6b2d45cd444bf8646ef4d47d97563dd2e189b6de265634ad5d5
strategies/H004/unique_00328/daily_evidence.parquet,ca7ee4b25f7143330d672a18b47072cbb4c3629e282f3ad0181275c109a41b46
strategies/H004/unique_00328/README.md,de56f928cd8ce061f2c840f6af676d8db05e3873518480b885a801f590edd61a
strategies/H004/unique_00328/strategy_definition.json,6e3d24ab272d37bc79f347d2369a02137426970fe708629f1f890198a91e0eea
strategies/H004/unique_00329/daily_evidence.parquet,7d5564999c5b83b2157a62604bde58d6fd47edf010c299464cb91b3ca093b89e
strategies/H004/unique_00329/README.md,e7174996d380e75f4fecc0bda707256a7eb0c1dbad709667745d19ce0313081c
strategies/H004/unique_00329/strategy_definition.json,5ca246c1f146ca3b87ed8bf30f0882503ccfcb9a3225a115c19d5e59586b7a3d
strategies/H004/unique_00330/daily_evidence.parquet,d75080a7a2ddfed9652c12096d796c7a3288e68958d4fe5a19ca4d8d6287624f
strategies/H004/unique_00330/README.md,69914f5a25e79e5604d40ee92441492eaeee67b728cd8ac3927921a95d7e59b4
strategies/H004/unique_00330/strategy_definition.json,70df81a031b547227227f5a577342714720b8448a3cf3827e3815e80806e098e
strategies/H004/unique_00331/daily_evidence.parquet,a857ad0175fe5d2935c492cb8d66097e130e28b61259b2caa1d44265afdad44a
strategies/H004/unique_00331/README.md,a69e042b71cb14794b7c296de71661f9439db41283ee45d9d6818c1ca4ec5a2a
strategies/H004/unique_00331/strategy_definition.json,65d40450e4e56a8c12191d7a8a184456fce643f8e95f523fed79caa4c071eafb
strategies/H004/unique_00332/daily_evidence.parquet,8520924a6fab9ac91645dd9cf2cb4a145f848246179bcd77a3f2c6bfffadd843
strategies/H004/unique_00332/README.md,86878f2b2c3eba470fc5279067ed121fb615e5d1624d0c26133b34c98fa41d8d
strategies/H004/unique_00332/strategy_definition.json,6ff8dc30bf4690d23ff11e211f99c066439502c4b631f95987a1d3687c6e1028
strategies/H004/unique_00333/daily_evidence.parquet,0079fcc4f53d4c521fac46223417010a9280a50dd5a5da3920083882d497bee8
strategies/H004/unique_00333/README.md,dba68c046bf89d7383d3e8482b2116e56d6119bafceb86bbdb2203ef5e10c02c
strategies/H004/unique_00333/strategy_definition.json,75d0a3400b7c52c7e1c46975f09968c4152584ed619c8e80e0028bb5dab1e8dc
strategies/H004/unique_00334/daily_evidence.parquet,97932e141ea2fa59ab05edbefb7dfd8140e42235e9bd07e7c9e81108d325cf4e
strategies/H004/unique_00334/README.md,d1be2797c41f2e2842d4627749894f0be7fd4c31ef1e25dbd4a1640c935c92d5
strategies/H004/unique_00334/strategy_definition.json,60e286ce1c17056fc98408062acd8216b91d06ecf8725d6cb98cd821b7e99e83
strategies/H004/unique_00335/daily_evidence.parquet,7bf83d4312e89e4c948b9384e302f80bb758a65dcb8369bd08d5dfcb0753ecea
strategies/H004/unique_00335/README.md,38ee6756442093e72f5255f534ba50c1010539df3513cb739bacd4493e92711f
strategies/H004/unique_00335/strategy_definition.json,bf9e2bea0402e320fbd240088161123ab8cda4b27d8f352ce2949d6743ff6e53
strategies/H004/unique_00336/daily_evidence.parquet,8520924a6fab9ac91645dd9cf2cb4a145f848246179bcd77a3f2c6bfffadd843
strategies/H004/unique_00336/README.md,7e937adfe9ab744e7731a87ea3ca02716bb65c0936ba28d5a9ecbb6b7e402b1a
strategies/H004/unique_00336/strategy_definition.json,ce79bed7126398dd1026358f9f053404ac339d6a50498c43ed2022e4fd1d2666
strategies/H004/unique_00373/daily_evidence.parquet,c0511b3ba65218e88f39929a40608af8fd18b53735f5085791fcc29b18ce49c9
strategies/H004/unique_00373/README.md,0a2fc70e17abd517d22296c6f284a4362f43b405f5005a24c1d0a9994cb8bb7a
strategies/H004/unique_00373/strategy_definition.json,4a7a212fe21c52baf0e65140cd981c317858256661886eed96349145d2b8a180
strategies/H004/unique_00374/daily_evidence.parquet,4465eb27ca410925efe3eb7240892c96ad9bceb8990d6731e68fafca41bd2800
strategies/H004/unique_00374/README.md,4c09297a5070068a0e57aef81c49042610d4aa78517e6c678ec57ae366ce87a8
strategies/H004/unique_00374/strategy_definition.json,59cc4fd4db93293bd3ccb6d125bdaa889ef7c3fe37c4fd6f8898e85470d5fcf5
strategies/H004/unique_00375/daily_evidence.parquet,8a3e09815d2c3f82fd049dd6500b6377b44904a4c528bb94ddf7b04585326980
strategies/H004/unique_00375/README.md,deb89f79edbcbdb444fdef146b86e8fe4dba359d0a4461d7687a82db7c765d6c
strategies/H004/unique_00375/strategy_definition.json,a973a451fa5bcb2bf04193c981cb155892a13cf61edba890c23792ffb76c22d6
strategies/H004/unique_00376/daily_evidence.parquet,71f0403116a758e745c1c18c02e0c1f01bdcdd6df8be6a7a942e39a43b2f6408
strategies/H004/unique_00376/README.md,96327c6072de49d94eec268dc12a918cf4b45b4a8d2658565c10a9f6ae5d7269
strategies/H004/unique_00376/strategy_definition.json,1fbdc3900fb24c9c7a4455d707902f31baae56ddf9d9e1723a0cfedaa5203216
strategies/H004/unique_00377/daily_evidence.parquet,b39421b689eb0f54b6f2c98de14cd351213cf700f040ce11a20fecb10d35d1fe
strategies/H004/unique_00377/README.md,fb1e9cbce3009a34c42ff782a2d127d5c7a44eb3cd0958e2eb94c21911f17ce4
strategies/H004/unique_00377/strategy_definition.json,19288b44c35a1632d076094487649831cf32f91fb0c00a6b3448d155c92e9553
strategies/H004/unique_00378/daily_evidence.parquet,766b5b073c823e81d3046bde9c85420637d91b538183a6f3cadcbcaaf0007a3d
strategies/H004/unique_00378/README.md,3ea5b4082a5d3b85ac0b7944c640cf8e6b246017d369f713b608eb0e13cace0b
strategies/H004/unique_00378/strategy_definition.json,6447cd5ff30a99ba1f2f9c502354b282812db5c45b640e75ea575d2af9093ddb
strategies/H004/unique_00379/daily_evidence.parquet,3804f713576b3bef894434b51b1dd08c37d8692a6fa1230fbdc9efeb59c704e7
strategies/H004/unique_00379/README.md,b04d5eef40dd8ca6b7898c181963388b66d97d35aefa5cc0c71030c2cb8a50ce
strategies/H004/unique_00379/strategy_definition.json,2d70e8c5aa1d6f34b76168123535f2f796498a89b38af51b5b464441659dd7a4
strategies/H004/unique_00380/daily_evidence.parquet,2b7941d1d65ab95c4156cc9ceb58bcd89ae0c42d352f1f52564ca56135e01905
strategies/H004/unique_00380/README.md,41c21a8e31c6012109174fbfecd6f3505d3d1a6b077a258caf0323c1cac68c32
strategies/H004/unique_00380/strategy_definition.json,f69af5fb41a7738b7959c52e276ae7a3c362705f2259dbc6ac45384636193c12
strategies/H004/unique_00381/daily_evidence.parquet,a84ddb9afe23ca53b4da508a1b73826a5b5551dda6d8e200376ef5753c020de6
strategies/H004/unique_00381/README.md,c0d247acb1444e757a118029afba949bb7c63c385e126925777426e0d827e640
strategies/H004/unique_00381/strategy_definition.json,a93ad171cd06953fa7759740fbc6e325d4743e1a8f9b2d0cd22c997c1cd17f4b
strategies/H004/unique_00382/daily_evidence.parquet,b56f20ce71a8a2ffb320d78a30f0f2d1f35acf5d738ef969828ac0e04d25f82b
strategies/H004/unique_00382/README.md,5861b8e786be01b79e01e81a74e5d94b7746de179f667292e965c33402ccea22
strategies/H004/unique_00382/strategy_definition.json,fa6f427f8d2890c4170ba96e6db7c9b73ed51c3bd67fd43ee4a01f14aa64d7ba
strategies/H004/unique_00383/daily_evidence.parquet,5c8e280e3e4b81c17fbfca601930c2e2da1429f664dedfc087952740315011b6
strategies/H004/unique_00383/README.md,b6610e2673dcbcf0dbe94130540a23766e1409b05755b161126f80d80eebcc13
strategies/H004/unique_00383/strategy_definition.json,5401b6eaf8cd75bddc2f9b2beb44658903fbfc1bee1ea4d6930f94fca0cb9952
strategies/H004/unique_00384/daily_evidence.parquet,e57cb9913075b8f9b6923585f637b02c0707a63c8b8587181c2f503552b7748c
strategies/H004/unique_00384/README.md,9295b07a58312692e7a8bcf478e94f8e1b680cb611177c0ceee441dc2b0fed4c
strategies/H004/unique_00384/strategy_definition.json,4748145321ebadaefc1f3cddbc5bbee84ba7c1405d946cd5f65ce79d5073c834
strategies/H004/unique_00421/daily_evidence.parquet,746144e3c5760ff431409f3fa5ffcef173bd3560343c6da844946b4f7b61068f
strategies/H004/unique_00421/README.md,437cefef6af63f1cac90192c3afd500bb20c033571da3aadaf87a878a99b9223
strategies/H004/unique_00421/strategy_definition.json,d2ef7f332c5c6a24611f15373184412d12b92fdf24f8b22a7920199f4302cd68
strategies/H004/unique_00422/daily_evidence.parquet,d179ce4703bf260c05ceaef2f71f8c5f49050c44a2e6af17d9db0b229e465fe5
strategies/H004/unique_00422/README.md,15cfd41106e824976a78f5f52bcf448d19d49bb8366d1b070cb486ca8689caf0
strategies/H004/unique_00422/strategy_definition.json,797ac85334e3c5e5d60fbbf2198690aefb62e310ea7c6e40e7d7fcff386e5e73
strategies/H004/unique_00423/daily_evidence.parquet,c6c4ad6b6b7bf6cf35db5f6a8687a57f0c8b50b181bebeb85695079e320cbf9b
strategies/H004/unique_00423/README.md,245117043fc843b8fb042e0f8e23d530f7b8b4e3c4a977556fc2de72769132cf
strategies/H004/unique_00423/strategy_definition.json,42657d9fbeec89bfc08dc3e0e49a8b74a270aae4564a38472cefac756f38219c
strategies/H004/unique_00424/daily_evidence.parquet,73cca84fb4340dd4d0650df546b81a9ad0dbe18aba303dde881fe8b36f0cfa5a
strategies/H004/unique_00424/README.md,17b4b0eef8655649303b5d587630b2f4a5ff8d1863b2fba42e5578db0b8c13e1
strategies/H004/unique_00424/strategy_definition.json,171278d5493a35e5ff29fa5a64bc209eea6fac0e4ff7de35f411b0eab12be95f
strategies/H004/unique_00425/daily_evidence.parquet,e82fe690c7fb04adc67042584d442020723194ca40307e3f438097f942c2aed4
strategies/H004/unique_00425/README.md,22a6be76844e91f55a2437c3ea67a6fe78bd3d528b126287fc3db79a778e5241
strategies/H004/unique_00425/strategy_definition.json,f465e47f8e80404d60a43198fb1dc50736c302b43fec0f5dd29b73901f6375b3
strategies/H004/unique_00426/daily_evidence.parquet,b2cdbdabcc7c0ef1c9752f8b9913f1ba8bfb2ab15e898d18086536f9da979fa8
strategies/H004/unique_00426/README.md,f000b8e7342f64761e62d15c110250e787fedba60069cb846e9d69a372a06087
strategies/H004/unique_00426/strategy_definition.json,7c07d3fdf7ef591565debf5f0279770e40a35aa3233808d2b8317da0d5a84c09
strategies/H004/unique_00427/daily_evidence.parquet,1394d1fba70bb870f9fa77ef2c618f49c18f41f271bfd6a5baf6a6048d55f6ce
strategies/H004/unique_00427/README.md,02440cbb9d1f53a7d5a64a971da792be22633a8ffe2963318afd8721218edab0
strategies/H004/unique_00427/strategy_definition.json,7cad6074b127646a3864ada252b072bff332d831deddff77cfc0d9871680d313
strategies/H004/unique_00428/daily_evidence.parquet,93e4bed92217b1202691fbf1e8fbeda7cf17f2711b66830de4c5573fae5b326f
strategies/H004/unique_00428/README.md,72171975deea6c4c9bdf2dda191527b2468701702f5ca696b2b7c752266d517c
strategies/H004/unique_00428/strategy_definition.json,952d71df9478d058ecdeeb966c54aeb45602c3735b466a2881e0a1fc670c7a6e
strategies/H004/unique_00429/daily_evidence.parquet,a07781d6f0414c581260602c4543f7962989ed4d2d85434775c6810420d4c3d6
strategies/H004/unique_00429/README.md,b86c6745ef17883481c63f1eee1377167fbebd04405c36bf65b5cfd834ad152e
strategies/H004/unique_00429/strategy_definition.json,601f65fe50a4da59509827ceaf36377cdd5bec1f51be727c56a1796d34cef52e
strategies/H004/unique_00430/daily_evidence.parquet,15fae91d466697162c52e803d53ef2f572ac73a1da8e241121294baea70ef3fb
strategies/H004/unique_00430/README.md,263505139264a84a0ab3c061d3059d1522f4da3c9ffb2864876bca539ee682e3
strategies/H004/unique_00430/strategy_definition.json,80a74a4adb810184a105da2c4d6414053326d8752e1b3d3ada9d3d6217877cd2
strategies/H004/unique_00431/daily_evidence.parquet,8dc953964b184a46acf88479ff198da86b137572e2bbe12307e97eed49007adb
strategies/H004/unique_00431/README.md,88ac074641e500f9a1f4794c763a9f74a37c6236b9b0ca932de355bd59bf2669
strategies/H004/unique_00431/strategy_definition.json,aee779ba48572b738058609b3302a3d20884b058d4650606df6ed45d82d0b54a
strategies/H004/unique_00432/daily_evidence.parquet,31de66d6350f59de35dbd163f3ce69e30461898c8d0fc0a872d4169b16bbf669
strategies/H004/unique_00432/README.md,cbbf639b25bdfcc9aa241882ff5cbec95ae492458975226c045865bfd001a4c0
strategies/H004/unique_00432/strategy_definition.json,6c05a2c92946cb0904ace01ee81cf1edd9bdb0c3056ccc2652b3f13d599b8ab4
strategies/H004/unique_00469/daily_evidence.parquet,99ad6c615891facadf3e72314c80982c5acc3c901cdb2564ea52bb2f955e70f7
strategies/H004/unique_00469/README.md,3ec49b2ae22bc076d145759b843e23e1ef6ca5f130c4e6800b78b75c2be1c470
strategies/H004/unique_00469/strategy_definition.json,740b4657807ec76457042b4b48ef47dbf0690fbb462ed95d0da41f54fbe22105
strategies/H004/unique_00470/daily_evidence.parquet,fb0d9bfa37acb2fa5ac51219304f5f2bfbc55fd9a1f5ce97e355d2fede34eb73
strategies/H004/unique_00470/README.md,257500e3e811b800a2185331152f5183de1938109409c0b96cbb1a97615ebefb
strategies/H004/unique_00470/strategy_definition.json,d85baecea1c7e62b80fc98ce4fedfdf0194ffec97553f19542b2a0b7955588f2
strategies/H004/unique_00471/daily_evidence.parquet,5dc4a7036dd492d3a179cf5fdb75e237046dc54952f85cad86f432891c68f65a
strategies/H004/unique_00471/README.md,23a07244b50ba26c96839292933da6834246197edd2d63db01f2c46d6a631770
strategies/H004/unique_00471/strategy_definition.json,1b2f280241bb02088cad789073de2a3c1d1607997d99e0cb95209f80225c4a9f
strategies/H004/unique_00472/daily_evidence.parquet,0c024bd70fbcd5327d2ccbc2558c18404186871425087d0595ff1e7f551b6700
strategies/H004/unique_00472/README.md,f884d8a0b637a11217cfad9e897ecf402fdd060c8ae1b3351fa5e7b08c18c054
strategies/H004/unique_00472/strategy_definition.json,4566c536e5f9f4cdc49a42c8d6dfc7c56c357c741ff7ebb5a8b1d67d02294ede
strategies/H004/unique_00473/daily_evidence.parquet,3c298ad085e18267f7376f6aa64d70db1c87c7658e2896e5aacf64d2f74b06b6
strategies/H004/unique_00473/README.md,f4ce543ad3c78efbdf5ce89ba33977b16b42784072a4d4a103e0db597efff712
strategies/H004/unique_00473/strategy_definition.json,f6e11681c561fde864e6603165b2113342cd6fa0eac7a8d624fd3a8d73e20557
strategies/H004/unique_00474/daily_evidence.parquet,f94fdf32c66cd14eb1a21f81e589541a5f9057a729710f9b299ecd91d532bb82
strategies/H004/unique_00474/README.md,1c7debe474038c26fb8fec1d7ff4e3594a662392c7889e14cbf9eac71eab8d7d
strategies/H004/unique_00474/strategy_definition.json,c215891317bfa2194d5600ef9453f0f15bc50be1dbee5170e8654ce77b7606d8
strategies/H004/unique_00475/daily_evidence.parquet,7f27833360349d183002b6bb9c7315ec70f0538d12641d10e53c11388486dd4a
strategies/H004/unique_00475/README.md,ef4c66ba86a8595720f9ecf7204e87ab60ab88a97555a32f2ac5bfb39d3a222b
strategies/H004/unique_00475/strategy_definition.json,3bc6dfdc88d710388dd5c2389306cb0b296c8d00aa3b766583022aa93498feb2
strategies/H004/unique_00476/daily_evidence.parquet,f94fdf32c66cd14eb1a21f81e589541a5f9057a729710f9b299ecd91d532bb82
strategies/H004/unique_00476/README.md,fb625a64948da3ac9691574b25d9f22d9abcd10347c3f399d53204a9297cac11
strategies/H004/unique_00476/strategy_definition.json,01665dcc2ceb18bdec891401755a7ef068a17e1ae157d54d71fd3f61ba928f53
strategies/H004/unique_00477/daily_evidence.parquet,aabb619b1c5fe3b8977b96eadf080e0158343cf9af5f79a1a203a5231a47c3dd
strategies/H004/unique_00477/README.md,51f2c8559fed3865ecfd3222c26708a59e6fa6152620eeebdc9f23d4bcec87ec
strategies/H004/unique_00477/strategy_definition.json,ac23f9d1cece1aed4515a8b8e4b6648be478e114c8f50dd7d4d364a661eaa0ad
strategies/H004/unique_00478/daily_evidence.parquet,44aed8339157088c4cd834a519deddb3f7039c9cc73e0bc8c294caec0ac4a96c
strategies/H004/unique_00478/README.md,666661dd7526d259f50b736aea76699a71a6d6f3c705ddf3918f1e20f0ffee2e
strategies/H004/unique_00478/strategy_definition.json,6c880cc2d951e9169f068883e66bec4cdd635750af8f33f805101224fcaa67d8
strategies/H004/unique_00479/daily_evidence.parquet,65f9c54b77f85939dfd7b459ae55a34d29eafe16d03686b518b718033eb08086
strategies/H004/unique_00479/README.md,6fab7113c7c65813725cc8493cc63911c4ef206ccdf1a465dbc004ee3dac964f
strategies/H004/unique_00479/strategy_definition.json,eff249a73226922dd05b4b37dba67c2b51ff44875a9f4674b15a8ce777fd1c95
strategies/H004/unique_00480/daily_evidence.parquet,deb42187836b0b524d2d6e885c285fb71279aaf5b4adcdb9ce38d25fb19ab9e6
strategies/H004/unique_00480/README.md,cd9632c1f0484b3bdc8729fa581683f15650c52fdc08be04035b299c60412f7f
strategies/H004/unique_00480/strategy_definition.json,a7eb06e08cfd73b11c5d401d31cf1ea62860c02f5bdd59894db914b22c37c0bc
strategies/H004/unique_00517/daily_evidence.parquet,4551a9b844d01d3e06a14d074d7bed28deb8faafb44c32cd07fcc21e3521419b
strategies/H004/unique_00517/README.md,d71bc784850cd87ce310550118d672422efa44626cbc374f5325bc4a72314d2e
strategies/H004/unique_00517/strategy_definition.json,04b2fcd4646b3245ead270022e2b37baf624fd252c7ac29b48818c372e3ff53d
strategies/H004/unique_00518/daily_evidence.parquet,9053f23d888c57a60c642f95a1ef3c126e64ab291ff271d9fd54fdd01b61f99a
strategies/H004/unique_00518/README.md,4a316537e870acfe8d0fd6139c13d0aea621c0145e4d62f6221062655e99e66e
strategies/H004/unique_00518/strategy_definition.json,7f3e2106bf427da21d3fcbf8bc34f2dcbb4177fcba83aedbf29001e898ac0c7b
strategies/H004/unique_00519/daily_evidence.parquet,3d13e24ac0abb2b04eaf19033d19a7c9c691e9e411fafab6c5276caaa43afe41
strategies/H004/unique_00519/README.md,6679a7f5c7caf4d50a46962e047168e6c93dbe93cd408c1f52f187ccc67c9ffc
strategies/H004/unique_00519/strategy_definition.json,91c4425f69613b94641deba3add88ea9e163844830b75abb1de7f74520367be9
strategies/H004/unique_00520/daily_evidence.parquet,8a8d1445742a5256975fea723a17f5cf80f793fe9bc16848a6029b6bb7e30215
strategies/H004/unique_00520/README.md,2ed5ea8d47367b13e89d3a29a4584c0086618080ecc9ef271d75225936b99809
strategies/H004/unique_00520/strategy_definition.json,943279305ede8c0ebfe91f545fd56e37b9df5c21903156ba3e87e1a785b30959
strategies/H004/unique_00521/daily_evidence.parquet,55d560f6d589ebc181629a429aa051671ddb60935e997d7d1627c53c25c5b040
strategies/H004/unique_00521/README.md,cc4c192d61c6a494b795dcfc8d97712a178aa7a7666d19871cd17cd73d42e4d3
strategies/H004/unique_00521/strategy_definition.json,78adc981428686642ad995891bb99d2db08a66605a9debd4e06936784a174f7c
strategies/H004/unique_00522/daily_evidence.parquet,140de73c8740b7b30937aafbad07343a8103f6580dc9e54de671ff65d52853e3
strategies/H004/unique_00522/README.md,a69fb5df1673a3f3dbd90dd5bc891ed0fecff1ddb28b636803872caf1f0e02a6
strategies/H004/unique_00522/strategy_definition.json,94fea6414d7adb45c7462cec190bd3fab4d105284c26cbcdd0aeddc975834764
strategies/H004/unique_00523/daily_evidence.parquet,6c9d84bf93ca380900311beeed7fa45e1929fbf7686da2356f4628ac8bbb3329
strategies/H004/unique_00523/README.md,6cb2e5ba4414e0be968901436ff69d766f0a6d379a0425452861c1089a20a20a
strategies/H004/unique_00523/strategy_definition.json,b4562e1d6ae61acf13f7f4bfd8a88ba48c212d1b94aea977b585ab7085122924
strategies/H004/unique_00524/daily_evidence.parquet,b19f9ae54392107b49cf2da4b564658da5b15b60efb5337ea467c05482cc08b7
strategies/H004/unique_00524/README.md,e9596991dd3f8ae2379eb36529a14b34e3275cab8ac88df29b5186a214b1eb42
strategies/H004/unique_00524/strategy_definition.json,6696d45166a0cc452074f47f878904358bc4569079cae0b9ebe403890a0ba857
strategies/H004/unique_00525/daily_evidence.parquet,ef0cab6c7aafc440c4ddcdfe461a440e7acd070a5b0baea57f6fda6dd89c35ee
strategies/H004/unique_00525/README.md,ee652eead6c1d69b2bf35ee872e135b325b8fb2f1d1b1042deabddf1f5bb72b3
strategies/H004/unique_00525/strategy_definition.json,1f96b11a01cc3e6fcdbc15b6d872b245b7f0c1882f1fd1a371b64b316e312110
strategies/H004/unique_00526/daily_evidence.parquet,6c3cb8812e48f48f4c422993362050e4d74d67baf78d7c97c384da110af35318
strategies/H004/unique_00526/README.md,1358e78e076794a4b7a81f746002e97bc603209f7d7984801c0c34ec257cab1f
strategies/H004/unique_00526/strategy_definition.json,9f44a7390227d3d7da9d97c0f3acd06d42ad14c9f2888e1b1db0b1538c257352
strategies/H004/unique_00527/daily_evidence.parquet,51cdafe196efcb2ed5dfd8c25315b269004929dc446fc9adc9ed49152c4866ff
strategies/H004/unique_00527/README.md,fe059301c60f1c26050dfe26dfb0ec7fbe3c26a1606fad8820e2c8982ee6c47f
strategies/H004/unique_00527/strategy_definition.json,7d4efe37b2b4956b35f5221cf2439e99b74838f5937f303abcf1af4c1e7f492c
strategies/H004/unique_00528/daily_evidence.parquet,2aacfdeefa8e7e7aaa1acc3b81a2a55613a87cbcae0b83f6af1f780dd2ca6edb
strategies/H004/unique_00528/README.md,a19cd5d24a4cb76123c2b81a48b9472c5a568c87e7bac38c253497708ed77a7f
strategies/H004/unique_00528/strategy_definition.json,8b6781331a1c80f7534ca3d5a89988ef3ed76c4e3c8a00bb93249bed7e669a70
strategies/H004/unique_00565/daily_evidence.parquet,0a5bed46550dbc234f09ae4c5b92f5d5fabb410e0ae79b770a6083f923c8210e
strategies/H004/unique_00565/README.md,19eb4f274b381cd76f5121b98edfc90a26501700f42ca1dd58f54c748e93b246
strategies/H004/unique_00565/strategy_definition.json,09008b7ef3e06f33584293fdea2601989265ebc93e36426e97ff1d1d8f862c99
strategies/H004/unique_00566/daily_evidence.parquet,2f7a63aa5c3f2e5ec016cc9312f4a609bd13536fcb6820a420e39816dcfb92e1
strategies/H004/unique_00566/README.md,aa154ae73baf27f337aafe615ce35ddd3ba3d1419370024edccb4c4067302d8d
strategies/H004/unique_00566/strategy_definition.json,278e2079be6d59454fdfeb85c6c2caca7decf2271e803ed4ef8a0a98251ec86e
strategies/H004/unique_00567/daily_evidence.parquet,57e1595a29c7a8b75e8701efb5d4b291293e9b1cbf6901e523823edd38264c27
strategies/H004/unique_00567/README.md,71004f81ef1bfcdc28b5d1615c3236f7f22e436e5c7ebd1593bbdad1eace690d
strategies/H004/unique_00567/strategy_definition.json,86002acfe0edf291fe9e9d411e083d0ccefa7bb98fa8966afb0c78af35d316aa
strategies/H004/unique_00568/daily_evidence.parquet,0804d4248c60b587fb0cba265b77f3f3c6c787384a4c4c9a6b4804ad9bdb34c9
strategies/H004/unique_00568/README.md,6e8d4b10a38b26da0ce139f461161e0ef75690c03c63b9bb434ee4f7f2e6ecc4
strategies/H004/unique_00568/strategy_definition.json,d26b10d616944b1424d86bc7b1af55f225f97aa05204452b11573e2f7cffdfe2
strategies/H004/unique_00569/daily_evidence.parquet,9ea7c20e991478c31c92b1be44d884113777e39a7603345ad1f0a4efb30532a8
strategies/H004/unique_00569/README.md,ed04e8cda51f02dac8fdedbb621abaedbfdb82c33861feacc07ddafdf7030485
strategies/H004/unique_00569/strategy_definition.json,9de59d76e8c07c7151372de63897ca5dfc401d66c7b8a70d9dd40526265b78a3
strategies/H004/unique_00570/daily_evidence.parquet,229a833d18d90401564ec0348d4379090b7fb3fe6ef218bc127c276189b554c7
strategies/H004/unique_00570/README.md,14e46b2ab0f1bc31633bac299957d7bea8757a7e75e6bbb51e6237a0ff3f372f
strategies/H004/unique_00570/strategy_definition.json,a3e82468976288999c29941ef954362f1075ca8eb57083280db20dd15c566c7b
strategies/H004/unique_00571/daily_evidence.parquet,3c7f88500af8f230881e495efe5d5cf3a24c72271eae5639b4bbe3f22bf230c5
strategies/H004/unique_00571/README.md,3e949a27e4b7532abfe692fda467335de28cab932e61b837aabaaee56f59ccfa
strategies/H004/unique_00571/strategy_definition.json,b980c156bb1654877058142097974b5be49e5d98c317c1941f3d2ad0dba4d4ca
strategies/H004/unique_00572/daily_evidence.parquet,2e5b5d3891b4018b96d873021c65fe8e220c2fddbd9461c5da7f4164c57ee95a
strategies/H004/unique_00572/README.md,02ff00a68939a7f6bdd0033f7583f42192ca01215500c3483eeef4e64e5275ba
strategies/H004/unique_00572/strategy_definition.json,3c37f80986679abfb9866fdf9f79b94819a487c6f1b7223ba7815f101ad39db8
strategies/H004/unique_00573/daily_evidence.parquet,9bd12f032d5fe144f533898b3abb6808e01b9d2ddfb3ed3361122a63fa6f5987
strategies/H004/unique_00573/README.md,18aa8499d8a7997c5ab2caa969ce888c31771aa8e367768810febf3104c50bdf
strategies/H004/unique_00573/strategy_definition.json,1a8de9228927f86895c9425d93191177335d27970ec574be41b521c4273a2af9
strategies/H004/unique_00574/daily_evidence.parquet,d75b578388faed7adaeccb97aa6c2daa1e3c0cc84de9a872b166755a5ce6fc60
strategies/H004/unique_00574/README.md,b115a9decfd3595f6afefa7714880bb0cc608771725f0fb6eb3964046d94a29b
strategies/H004/unique_00574/strategy_definition.json,d6b3c2ec8a871bfcaf645b74243e5baba81617f586dc65b21f0af6bcb34bcd29
strategies/H004/unique_00575/daily_evidence.parquet,b7c05f6af38d88d3fac860257917b24db6e40f030dad5681761b7cb5abb66565
strategies/H004/unique_00575/README.md,1ebd607e6f1cc34c6797ded4d538dbcdb4702290449607e32e0cca37dfb3a1ea
strategies/H004/unique_00575/strategy_definition.json,ef2a578ef453e6d1171765f160d661a854c5166a7c3b5d4f75796049ff12edb8
strategies/H004/unique_00576/daily_evidence.parquet,afb7200713ce75e16e742548e78cdb07662f7529508de772c403901568c7f83a
strategies/H004/unique_00576/README.md,59068ef8ab9b08b11c83a07269866abb93fc80f56c29ad0a8746c39369cdf040
strategies/H004/unique_00576/strategy_definition.json,240d2c0dec5fdc2ee424b6ee0b88ef50976fd01d6f89cc4b4899aa072c15f396
strategies/H004/unique_00613/daily_evidence.parquet,20943efe044ad9e6d4696ba1764c2e660e0d4dea394ab1800a96657ff96587a0
strategies/H004/unique_00613/README.md,35775c86e3d6c4f03ece2cc2b13da507f1caddbace858381ea401e59cdbac0ea
strategies/H004/unique_00613/strategy_definition.json,7eaccb032c9ec0e8f6acc6e48dcf0d651907f9b3028a2093e7e1eea249bf8eb1
strategies/H004/unique_00614/daily_evidence.parquet,6ceb7d2c3ce9a6cee6ca0ba86e46bfbc1a4be2dba45b269a0fb059ec097ff50f
strategies/H004/unique_00614/README.md,0db9483549fac31bbd1cdc0025a2aabfb9914432e5ac848fd6a897f31ca5d2ba
strategies/H004/unique_00614/strategy_definition.json,7dd442030cbe28e9d46aad770bd60e58efd71b3b1b4fa51f6371b8965fc2b0da
strategies/H004/unique_00615/daily_evidence.parquet,1f23018a3a9e53665b2b03882bc9238a19058f0a4c28c252589320db6511d2d0
strategies/H004/unique_00615/README.md,ae45a93c0f8bc8dfe3664d8310edbf90d7a352ab526f7c7f6520c43766515141
strategies/H004/unique_00615/strategy_definition.json,77ada0b2b41881760ee004df441fdc23c563ba29ff0e17c7b627a7be7928998b
strategies/H004/unique_00616/daily_evidence.parquet,cc61420e929d24251f59df7c8407a7266ae0361f1ce91c1d4e3e61daff665d53
strategies/H004/unique_00616/README.md,c7b1ab9609e29a3a30b1580ba3ffa529425b360f5d80abfe13f5d25c2f984ba1
strategies/H004/unique_00616/strategy_definition.json,c5ae37d83ea723ce8ff51e6d855b5eb1f80d82a8825370733b60398af85434d6
strategies/H004/unique_00617/daily_evidence.parquet,a566215e6d303daa67c0eaff9bdea23557d1ee8a8b34c3a06d0e529949358428
strategies/H004/unique_00617/README.md,a9910ee9ed53db147bda58da459ef8819c4cf28904cd4605de7490d68264c804
strategies/H004/unique_00617/strategy_definition.json,64141be21ba9c21b373df3accf5fe1931aac15f5db7595c39a98eb107fae2825
strategies/H004/unique_00618/daily_evidence.parquet,062f21ae4484764723e16e8d0a2b83609e9d48e4efcba4b4534318c063b98c56
strategies/H004/unique_00618/README.md,aaafc0d59fbdda878c8f292321fe0a74b0f378bc1aa9ded2fd60068270f4cd61
strategies/H004/unique_00618/strategy_definition.json,65edd763671fb797b546b8e3ff8d90ca16ed88c4af8aa60826bb6046bf14d412
strategies/H004/unique_00619/daily_evidence.parquet,6726ecb495a92a6062e972177d1a6edf23a23edb4fa412aa700558a0a98f1749
strategies/H004/unique_00619/README.md,21229f186d97c3b69cc1b25c7da9d54064f0482e8f8e0da7da78075cdf233e1f
strategies/H004/unique_00619/strategy_definition.json,91e27dba407e8065691093c78094a2ca47981201e33b8a65c09160079080f9c6
strategies/H004/unique_00620/daily_evidence.parquet,c20f0217c46c84bfeaddc3dc4b9b5340dd5aeadca2e4f99b6576a24b89f65852
strategies/H004/unique_00620/README.md,7d9673ebaffb622654d271593125232e9750ebae0844476a9331c3a449918d3e
strategies/H004/unique_00620/strategy_definition.json,1f12b566cdcb474270587a078152e7e019edd6f917e5efbc627c4f8dfa5b13da
strategies/H004/unique_00621/daily_evidence.parquet,039e7e050e78a5faebced18b973c39cd2f9b33cdf799df8f5e5015fd94c692b4
strategies/H004/unique_00621/README.md,5cc8a9447ee460a101c99e0e742332059ac4cfe230811392e890d8a759fd77cd
strategies/H004/unique_00621/strategy_definition.json,72fe91c01bffc114693986de22628bfb00c0ec22fc94a0b8db704e86c0efe5f8
strategies/H004/unique_00622/daily_evidence.parquet,a28ed66f8b05c96d27e99c7c2f968fffbfa5ecc53bade4306b7d70cb284cbce2
strategies/H004/unique_00622/README.md,11776be46582450974bc239127558b263e311833ce9d24219018ae61a70015eb
strategies/H004/unique_00622/strategy_definition.json,f6822f1c18ac5fbc510da27b8d29bb5004dbee82c338dfbddc4230e09c089da8
strategies/H004/unique_00623/daily_evidence.parquet,975d332dc3b86551ebe23efa1e74bb9f0940a87bf5c7dfbd43f74ee660dd198e
strategies/H004/unique_00623/README.md,03fe92e8228d4e5d91cc18a3746dd5bfc7b052e4c207a2151270528744174ca2
strategies/H004/unique_00623/strategy_definition.json,f255600424d616ab91b88e9f50b7e3c314cece6607aeb428928d5a732c94e5ba
strategies/H004/unique_00624/daily_evidence.parquet,49049331bb70e2db7f9db9eee6a291c4c3b45174126961c67f519fcde0e60663
strategies/H004/unique_00624/README.md,e80e174a13a610b762ccabd0eefd0fc10d2c6642d67167c65597ef74526be75d
strategies/H004/unique_00624/strategy_definition.json,1f26b44bd138bc9320661be88880d123fedacca9193f218fb7be3c514a3a6501
strategies/H004/unique_00661/daily_evidence.parquet,6c3ca67c29a6ea99c4eb09c0ece640e792b5e618c79103a316425a7a69f77515
strategies/H004/unique_00661/README.md,92d959b2be20b36fdcd6300b73c6f35ae216a0016d3b3bfc8272c9434f7ff8ab
strategies/H004/unique_00661/strategy_definition.json,aec9882add5a92caa0ddfdc9e022a45168f195c6c58ea3572a248d41272e00ad
strategies/H004/unique_00662/daily_evidence.parquet,5ab98e73230557f3b41c1ffe369401160cc6bc8e96759c4571b1cc27f8605a18
strategies/H004/unique_00662/README.md,965038e4e8152a9017440ed410b69c9fbee5bbb60652fb84084be8a871731804
strategies/H004/unique_00662/strategy_definition.json,08293d2b86954e85463b28d206acb3e0027cb8ccd06facdfeee0af02c980a04a
strategies/H004/unique_00663/daily_evidence.parquet,694943779e605301c23f3102736fc54116a38d869250b773d7e1d0ca447fcc3d
strategies/H004/unique_00663/README.md,11a0c66aa1b39cbe5090170ad6aae312dabd2d87d74cea73b2b3fd4d884bb2ce
strategies/H004/unique_00663/strategy_definition.json,9ca22e597262b82b1af7754fe6dce095cd402fa963760011623e76c361fc3767
strategies/H004/unique_00664/daily_evidence.parquet,172bb05015cdb5fe95d9f9a2d3396e3726d05589c39dff6eba98afad4032294b
strategies/H004/unique_00664/README.md,3d8f735b57fad7bb275a23ba830ace49608ef1df716298757113d8054ef5dbeb
strategies/H004/unique_00664/strategy_definition.json,d509482d04dc34cb2b738240029a4d0a24d3fd7a8e2245a0f11d284cc241ac00
strategies/H004/unique_00665/daily_evidence.parquet,82d0e1e70b17468b1347868623b1f6b3a60e03bf097320134865798b652a63f8
strategies/H004/unique_00665/README.md,b98dc117bd86687511c745d0384416f95f90dd8dceb08848e332979fce6ca1ac
strategies/H004/unique_00665/strategy_definition.json,b784a8c4930d451423b7035dd419fd263abb9de28cb7a909c813a9bbda1bc24b
strategies/H004/unique_00666/daily_evidence.parquet,d7263828b8de3d0c22a80cd336689e922fcf7a61c411dc3b1d53839188c982a0
strategies/H004/unique_00666/README.md,0548a16d187bd5fc1a9719ee5147b4eaba0ae2998edf3aebefa7d672b537ac73
strategies/H004/unique_00666/strategy_definition.json,3004a8a1096689e654840665d2991186058120498dda1e35210b1badc45cece7
strategies/H004/unique_00667/daily_evidence.parquet,a694e2c8e6cd6b9b724e11b38ff50e7a7bdd97de92ca34bff41d6326dafaff13
strategies/H004/unique_00667/README.md,33feb3b42c9b264d9d50a5ac9c46c365e57c1ef30d91e82fae5a909fc1a342dd
strategies/H004/unique_00667/strategy_definition.json,a5f7617c5de4500e999f4bfa0484dfd7f1ee069f4b4f152e9f8ef5d6c5ae72c2
strategies/H004/unique_00668/daily_evidence.parquet,11d444a73560e29b7a93d2ff0940a1c18ab2363ccd253332dd854d0c454e05fe
strategies/H004/unique_00668/README.md,6e7124d48eaf5427a72c6bbff72c1893fdadb235b9e5e33e2169bca63527f831
strategies/H004/unique_00668/strategy_definition.json,a6b9634a81e8eda1331fa0b9835f2541a39e32b0b252262686ef8d4bb668b777
strategies/H004/unique_00669/daily_evidence.parquet,ea74845ff399aa4078eddec25021fa98bc33e0c78ba0acdced7d8c7338e04ce7
strategies/H004/unique_00669/README.md,a45e04d53558b18dc2c4324d3e52cef57aa0d5c9b91faf9da707eed9043ae042
strategies/H004/unique_00669/strategy_definition.json,74efb88b53143148a7778577021225df4f795cabbf1025807c018954859186fd
strategies/H004/unique_00670/daily_evidence.parquet,f4b6334f6e5b2f1eea24101461791195abf8c5e241c22d7499731cbf86535bf1
strategies/H004/unique_00670/README.md,39dd803db0e8dd05ca95de1a1b05194421dc93b7f8d215dca5882589ecad40c8
strategies/H004/unique_00670/strategy_definition.json,98d16de6431e81933a02e146ef4624a13e522eadfcef9dd8c86c38f91bf4b282
strategies/H004/unique_00671/daily_evidence.parquet,8da18d86cfb2297772b60f1b89b4851245abc4090644e39683919d5b7c1828b3
strategies/H004/unique_00671/README.md,ef3e9495a2f0857ebdd0d8d8aa96fb7f1ff5a4c0cfc666396ec34ccbfab26757
strategies/H004/unique_00671/strategy_definition.json,c93174d87ff2d4f337a4e09a12d7342e80bb3aa478e71fec2145c42926cddf8b
strategies/H004/unique_00672/daily_evidence.parquet,7f83d98a74eec1e41c9d7f312930c31420839fc8b26e7eef21b37f890a4d324b
strategies/H004/unique_00672/README.md,d9bb30111327e9bc30103e0cc573a49d65bbd6f193847865936367131546ce87
strategies/H004/unique_00672/strategy_definition.json,0e5588a9fd0f36aa909cc3752adff2ad018da6f731ae74cbfd63fbd989c2ac28
strategies/H004/unique_00709/daily_evidence.parquet,361e067d0b8398bc20841b1ae81d751b0496ada5366e182192ee87ec1f94dbaf
strategies/H004/unique_00709/README.md,bc102d202dff21bb2f3016ecb641210b3c916f355c4d8a218fc34e49be6f055f
strategies/H004/unique_00709/strategy_definition.json,cb85e58cefbcd14b90feea4eced15f6487576b92a2dbcf42d17ccf977164cc3d
strategies/H004/unique_00710/daily_evidence.parquet,2cd9ca31f3d55b3c321214f4b890bb647d34f617dffd4eafbfa981cf04353c4f
strategies/H004/unique_00710/README.md,64dbc5b7c791e6979ced1a18e93f1009641163c49cd5f8d482a6ac18f260e960
strategies/H004/unique_00710/strategy_definition.json,dc74a4fb5502265b74d8484d41055fb9a1ca7c2614edc550c65afea955eb57aa
strategies/H004/unique_00711/daily_evidence.parquet,1d2a8a6de43603d5db5bf599135b6f5ed48f3604f834f3bb01ae16d5143353d7
strategies/H004/unique_00711/README.md,4a15a6d225c75999503c69eedbbd950fe99de4e3ae9b8a2ead31463aeb88fa97
strategies/H004/unique_00711/strategy_definition.json,501764240150bde68443f59dff1d4e20c8a5a71301adf08c2e0ff946e7ed3269
strategies/H004/unique_00712/daily_evidence.parquet,b3526e27b33839c6f925ce07334f3b2f0757a4b136f253d48303a1ce197cc4dd
strategies/H004/unique_00712/README.md,1b5c1d2c7e4b86284aa9db49620048e268ac97c1fa25e6dd513367d1ebe55a97
strategies/H004/unique_00712/strategy_definition.json,0654ec57b59697db89d284706eb0fbe7b70c3c89be85da0a9357bf226b536d53
strategies/H004/unique_00713/daily_evidence.parquet,d500d67df493a99fe112ae2522a6338eceedcfc91bd0ca61c553aa4c32c41579
strategies/H004/unique_00713/README.md,5b7920de22f2f407d8e6588f26ee25ad7cfc1145fe59e11bf704a42c154a788d
strategies/H004/unique_00713/strategy_definition.json,9e9b19e311ae97042032da72683ca731d1a966e80cbc50bb38746e84b90562ca
strategies/H004/unique_00714/daily_evidence.parquet,2cd9ca31f3d55b3c321214f4b890bb647d34f617dffd4eafbfa981cf04353c4f
strategies/H004/unique_00714/README.md,6f9675d893af5dfe5f86a983d5ff7750bb3af8ef9c8162e38333e51d997fbe4b
strategies/H004/unique_00714/strategy_definition.json,3d9af8e3521a041872a6300b69eb247624a7be2b24563116e11ca3db3d01c006
strategies/H004/unique_00715/daily_evidence.parquet,3299a683ad20d6bb8c6d3daef476938d984ce1e407b4179634213ffd3ca3013c
strategies/H004/unique_00715/README.md,6cab46fd1b5b33aa8781163f4b2988044c4d4ba15ce1eea150cb7aedfc102693
strategies/H004/unique_00715/strategy_definition.json,c169a15f51a5d41edac25ec0a67c9040eb3bef9e99c02ba4aecaad692ce53ba9
strategies/H004/unique_00716/daily_evidence.parquet,582c99293efde8e13242b8cf6d1df6af19145287697cdea1098b855187f06feb
strategies/H004/unique_00716/README.md,48cf1252f83175baa0dcff0181953744e735b8fc44fe54ceaffa8a712b488fb8
strategies/H004/unique_00716/strategy_definition.json,452a544e24e38948975e5812aa2364b275243d00aced9b00a14853913e86f49d
strategies/H004/unique_00717/daily_evidence.parquet,f93d45d48aee46f9751671337124b24891e5838009fa733b85f4f4b5c9a420e5
strategies/H004/unique_00717/README.md,c3c1879ae62f946e9d0c8389d5f04cda1d74ec71a586e7cf5caf4220f0718dc3
strategies/H004/unique_00717/strategy_definition.json,97961368b67c336830e9eccb02c85f23780334c6b144862de64fd78598c42306
strategies/H004/unique_00718/daily_evidence.parquet,2cd9ca31f3d55b3c321214f4b890bb647d34f617dffd4eafbfa981cf04353c4f
strategies/H004/unique_00718/README.md,dd3cb7d5c9decb7ff1a5a98abbe27ec1a5484a50e32f9dbae1a2ec0e0097869b
strategies/H004/unique_00718/strategy_definition.json,703ed1b49c2a1f402f9ae2b27298e255eeb23d16ec54db6a5c18ffe9958150a8
strategies/H004/unique_00719/daily_evidence.parquet,00bb5da8c6f91a762fdb65d70c4ec08848c285e6604f9ef8e633e798ee3aeeed
strategies/H004/unique_00719/README.md,1baaf31c710852c89172f3995b1a3147f781cbb9ebebde1aa578c22a14008ff3
strategies/H004/unique_00719/strategy_definition.json,c9889755626e1162fab6138c47bb45ae80b9bdea46e9a28f9f313d3193d08eb7
strategies/H004/unique_00720/daily_evidence.parquet,856ea3ff69583bac1b18c41eaff97beddbb7b16ee3caa8374a2330901e93218f
strategies/H004/unique_00720/README.md,e0c453265fffd83bcd555317b74a548ff125e8ded6e1637ca997949aa31a5ffc
strategies/H004/unique_00720/strategy_definition.json,65c54f09c5b1270ac250cb7a61b87c020525e51b6067e5d3c7a565e3f66f7dd6
strategies/H004/unique_00997/daily_evidence.parquet,2446ef25ce710f8967ca68cbc6b8b482d266ee03caba89d9214261963e03ac0a
strategies/H004/unique_00997/README.md,83faadc212afbe0e7c8f3590ab65f93fc58426def7002fae541a91545c55c2ca
strategies/H004/unique_00997/strategy_definition.json,2d3420f08191cf34ee6cb3426301100aa7840898da517f8dd08a914a557aa319
strategies/H004/unique_00998/daily_evidence.parquet,1a79cb385df421145c02b09ef86dc0a9dff4a4fa2bbed422f7f65aa7e19b605d
strategies/H004/unique_00998/README.md,5938d63a92e1efb1726b52528bfcbc7b44612c06437f67d103757a89aff004e0
strategies/H004/unique_00998/strategy_definition.json,791a0468fa7367d5de370c0639d5eb390cca7df6ab0605b9bfe0177b539d0c8b
strategies/H004/unique_00999/daily_evidence.parquet,ff93ccf137dc17f3ea769cb331a9a28f2bbc6aea4ab53de1f977ddef35192466
strategies/H004/unique_00999/README.md,ca7dcb2b632f6d924e09654c61bb10abed0cfb2959d33be415bb7031e895bcf6
strategies/H004/unique_00999/strategy_definition.json,d1f57f442377b17d1be154bf2a063516c1325432f7146da0ab09a334c4f0ad06
strategies/H004/unique_01000/daily_evidence.parquet,ee095029897c0c56aab428d101e0a93eff402e7ac9d50fb1e046f2736de6e0c0
strategies/H004/unique_01000/README.md,7a3f37f300c60388a8a7d6acd67bd07bfa54873040dae809d5dcf85fe3568f9f
strategies/H004/unique_01000/strategy_definition.json,3ea49b7ee44c4090bfef9ec7a575ec6272ce6c7eabd90679dfd499f772466a5d
strategies/H004/unique_01001/daily_evidence.parquet,33b5c4c6eca23d277bd43bca92384981998e36dc8068764fc0823d4d51b1d9a6
strategies/H004/unique_01001/README.md,9f1188a636b365380f98f444ce859869b0f8254f94dc434174c3c91f97c66023
strategies/H004/unique_01001/strategy_definition.json,43d2591fa921fe526f998ee8312dc8bb65bec3e1b0b4b921e2f2e930e4d8c16e
strategies/H004/unique_01002/daily_evidence.parquet,2a48d08d3bdef8024de0344cde32e8df0f9c8eb6d886d83d2153c6c0f336a2be
strategies/H004/unique_01002/README.md,2150246b01c5c5b3457217c20be5d9e34f688e3f35359e84cd1bd90839a3704b
strategies/H004/unique_01002/strategy_definition.json,f2985a8f05ce35e7bd7b21ed2b1ae183e3ba0840207cd26b54d4d193b2e8fcda
strategies/H004/unique_01003/daily_evidence.parquet,44224e19c391e5e8e6e844e7ae9790af0836b1bc3e66f4e7068164a0e2fa402e
strategies/H004/unique_01003/README.md,8720194d19d16fdeb17607cdd33c3e05f93c677b9ba86095285b83e946ca1ccb
strategies/H004/unique_01003/strategy_definition.json,aaa20e9c6f1f38f4ce4d31fb283cdc00ad04d4e30a93ce32e6eeef37f9372752
strategies/H004/unique_01004/daily_evidence.parquet,1a79cb385df421145c02b09ef86dc0a9dff4a4fa2bbed422f7f65aa7e19b605d
strategies/H004/unique_01004/README.md,ecad5b4dcddd977d5772a6f4a24daab41c846268b73ab34eccd0b376c4795c1a
strategies/H004/unique_01004/strategy_definition.json,8390d1d5bdcd6a2985d0aa59c15ba734ea64bf165cbc10c28e2c2887585063f3
strategies/H004/unique_01005/daily_evidence.parquet,8561b0f7bbd0901c025faf358515882a96cc58834f88e3f448e9ef78bbca14ce
strategies/H004/unique_01005/README.md,8e99c984a6e985fe13e0f64feb29553d36d71250843246d27f008e3a212ed5d3
strategies/H004/unique_01005/strategy_definition.json,9e9afbda8d1dadcd5ef194d66c8e58d7376973cfdb661270c099a47b4935efac
strategies/H004/unique_01006/daily_evidence.parquet,62240e7f0619a92c10de30bc77e2e047c7dfe5dd4f4d8f88db15d3b2c06b6e9c
strategies/H004/unique_01006/README.md,12413e762cd1ac177480118dd9ddbbe80283956b2d468078d233b3fc41c37ff6
strategies/H004/unique_01006/strategy_definition.json,7abf2c36a80fd8843eb82a8e740d0912e08f58e6e75214df366d2c9cefd0801a
strategies/H004/unique_01007/daily_evidence.parquet,97312660869d68abe0b342b5f4574a1d0a4f10075e3fafdd478c572eec58173f
strategies/H004/unique_01007/README.md,53bafb1ccf85416caf468f30003598e7f6533ef14d0ee9a7903b83a998f3f4a3
strategies/H004/unique_01007/strategy_definition.json,4c260cd22fc3aa684774a36993a30ce81732d68772c81fb752bc555b224db242
strategies/H004/unique_01008/daily_evidence.parquet,a40cbe8031876875d8fe800cb830433fc6ca328e3f3e90dc888945810ba1e1d6
strategies/H004/unique_01008/README.md,63286b67839d2997b4909eb7fa033b0d897b3f71b610cc8d951fe8dbb38a59f6
strategies/H004/unique_01008/strategy_definition.json,3b048887a50b537abc83a73036240a8031b63343eaa09b35e79b7ad89b340767
strategies/H004/unique_01045/daily_evidence.parquet,42539a89ee2374839f0aa74a66fbe7164240b013949fb6cbf2bd5e917935f21e
strategies/H004/unique_01045/README.md,4b7cff7161503d76e5c77f7df592dbc22b8460c78fe01e53b8a705e33e3e7f0c
strategies/H004/unique_01045/strategy_definition.json,8299ef0078bfac390fd7b6dbe5a00736e8bf03ab7a3351417903ca82b1ca2e71
strategies/H004/unique_01046/daily_evidence.parquet,b797cce40d3d1422d67fe023441fd27509a6ef2f7cd2977b6402412ae42db01a
strategies/H004/unique_01046/README.md,5eac2c3f556226f312fff7f6246a03003000f15163ea7790e4012cd17d4b04c4
strategies/H004/unique_01046/strategy_definition.json,1872b8e98a573e556a62410f1d50c41fd8abcaa3894536e176c3be139cb04ece
strategies/H004/unique_01047/daily_evidence.parquet,8dccb749d933d785d454bdfc2bb87392808aa5a7860843b4fc2740783a7b20f1
strategies/H004/unique_01047/README.md,7115793f3a4b999040fd1b3fcfe4cdbdbc4484d7aed17de901246dd96ae129db
strategies/H004/unique_01047/strategy_definition.json,49b87c397b2eec70016c263112895e00b997b15ea53b6904efcad9f0b593e328
strategies/H004/unique_01048/daily_evidence.parquet,ec18c88dbdbb372d1a353f8fa31af2fa31df0a9be5ee342f5883ad511e036b5e
strategies/H004/unique_01048/README.md,0b7e8e2f0d65ba7f474be53bf96aa5178d46cbe48908e075e00da7f828bb5d27
strategies/H004/unique_01048/strategy_definition.json,8ed03fb72e2f2af15502824d6cb27bf931ed28930ee4ca7abd809d57350a5ae3
strategies/H004/unique_01049/daily_evidence.parquet,78a4f3964967c06549a0a65a595df6b884f5c1cac8a6c5df6fa2bcc9a2fea28a
strategies/H004/unique_01049/README.md,96301affdb5675cd9807486f0630b9d2cc1581e2bd2f29da65d22e849c61a361
strategies/H004/unique_01049/strategy_definition.json,27f02913f3ce7fec3cb7ab53a5cde8426a6852afca0e52c3604a8152deb08b91
strategies/H004/unique_01050/daily_evidence.parquet,e5c2cd83503e051e67fd73328266ed50919034a67a42c5caafd4bbbf43d1fe61
strategies/H004/unique_01050/README.md,910efbb89417bef2048f6918fb8118303f99d39aa94861dd31880c2fddca6c97
strategies/H004/unique_01050/strategy_definition.json,b1bb109eb9de7f29a4ab67cec014285cadeb2439543b9ad32f04d72509e583c9
strategies/H004/unique_01051/daily_evidence.parquet,dd098080591184164608b036e84fc7d3b9d1bffc629fd2a38fa859ec6cc574ea
strategies/H004/unique_01051/README.md,2b229f2b99114a11b6d22ad6ec774ed89da90c0dec8a0f2c203169679b1f30ca
strategies/H004/unique_01051/strategy_definition.json,3948789ab2dd3f9aea5826b521b76185759e8a01f174b72f69a17800880e6693
strategies/H004/unique_01052/daily_evidence.parquet,5fd45577b4cb0a475bd835b6e1fc966a0d2ed3d408a3fa3c3fd4f93b3366c09d
strategies/H004/unique_01052/README.md,39e9a120fc8bbdf4d4f381de659fa8f5fac57b5951cc3bc447f55166a5f90247
strategies/H004/unique_01052/strategy_definition.json,0d6011b4d4af7e9e2698c3755065427cc5aa4d12a2c58caa5834c0974648add9
strategies/H004/unique_01053/daily_evidence.parquet,61318f087addcb525ea736741f9ce4e886de0976223423ffc52f9756c24444d5
strategies/H004/unique_01053/README.md,8402406665f49924d99e508f0b62010282d32f6b0002d29afe5aad0050ef693d
strategies/H004/unique_01053/strategy_definition.json,bc6d76b9fe0bbc40105edbb54f6032770763b17bc8155e89ad6debfed64fd099
strategies/H004/unique_01054/daily_evidence.parquet,37bb58a9a913bef3408b7d64e861b9b4a9d4ded49af574d4d0326dae8756b682
strategies/H004/unique_01054/README.md,6167d7d48ed4ba8fc4fd800a25bdc1611f26792c19f3771cb6d8bb492201c7c3
strategies/H004/unique_01054/strategy_definition.json,eecd6f9a9bb70bb2a0adeb17b36d0d99e1a9f696a39157443ad410d0f7e6fda5
strategies/H004/unique_01055/daily_evidence.parquet,d1a2bc386913f57d29c41c819dad457affdd6ecb1a1ffa44fb3a58c1fc0a513a
strategies/H004/unique_01055/README.md,c35ce37e6e6d5a5fd08c502ca64cec2dd40fd624df31675a8bc79d79e1e89d79
strategies/H004/unique_01055/strategy_definition.json,793c452812452a135bc56ce8635a5d0b3d1eee4c9f77666895bf93779b1a99c0
strategies/H004/unique_01056/daily_evidence.parquet,3667b1a74efcf812465fa3677af2f93ae7b4b9913cac097670c8a121705f6aba
strategies/H004/unique_01056/README.md,c26dec7c072f8db398e232994e3197aaa2d09ed28f7317c9a8ccecc7ea7ad02f
strategies/H004/unique_01056/strategy_definition.json,282b530b59a5f81aa7fcdd7b25c5258b4e0eef4167f113514bbea6d1162f3336
strategies/H004/unique_01093/daily_evidence.parquet,ee9248a9e030c1335cbb6fcaaa741f10f7958580181827002f2154f41240c876
strategies/H004/unique_01093/README.md,1ac95b992637331f3e00280e33799408abe28275b71e1ca8dbc29aee77331d87
strategies/H004/unique_01093/strategy_definition.json,ae31e0365b9542a45e63da8223d92ebc52e9022ae1437dd4c8bf489adbcbaf85
strategies/H004/unique_01094/daily_evidence.parquet,02cdf68f6d4ba7328f06db3fa6a8ce5abd5a301abf06f46b6f85f0eab743c6f0
strategies/H004/unique_01094/README.md,50146b26f4239848c352a567907f979c99403ffc8b74f3a56a69b1e973b9a39c
strategies/H004/unique_01094/strategy_definition.json,4a8d979e6a5944f4205a79ccab1b52ae96d7ccc8cfb750b6bf1d6bb078033fb4
strategies/H004/unique_01095/daily_evidence.parquet,4781019d9fdad191f0f17c7b81c03ae4b296b21d5449c77b2de20efabcba3826
strategies/H004/unique_01095/README.md,6e32919fa5eec0a4774fd67684eefc080201b5b383991807541d377a486c972d
strategies/H004/unique_01095/strategy_definition.json,3ddb252ec3fffd89cb51d15bda2228ae684011f69c1cc9c9b63ee7bf410c8b60
strategies/H004/unique_01096/daily_evidence.parquet,ddb3bdd9c177a5c61fa3743a0155d754e0fc38decebccd8b76a9222f71988df1
strategies/H004/unique_01096/README.md,68df6865ebf96f04b07f395d2d0f8619e4b192b4c37ef49da2850beb0e583578
strategies/H004/unique_01096/strategy_definition.json,a8bd869f9942c654ac1984ed9177586fbd14eb6e4ffb834abd2c58b94318890f
strategies/H004/unique_01097/daily_evidence.parquet,5bcb66d558588b12dfec672ff3fbfed7948c2bcf1a33a86122aeac86783bc6ea
strategies/H004/unique_01097/README.md,74212f54d0d0ea3c828b4cab96dc879edfef2817c11ecdc52d7595cafd21d836
strategies/H004/unique_01097/strategy_definition.json,84a9ed1c799639fb76b333540b07064dd6f577cca857b6b69acfacd3264222ce
strategies/H004/unique_01098/daily_evidence.parquet,185453fb93766cc4d6130166e4db24090a1e13ce02db2c290c5e3b8042081e39
strategies/H004/unique_01098/README.md,92c43fb131213ae64e5c2c53797d3b9bc02fbcc7f355fb3d24230a001b670209
strategies/H004/unique_01098/strategy_definition.json,07bc6b09e8fe98a4a2ffc11bfdf96d849db0f5f24b989b7d3786ab5bd41d9999
strategies/H004/unique_01099/daily_evidence.parquet,81da470c6b46bcf256b0914325193c424b479e4aa08ef17ff64829be8402706a
strategies/H004/unique_01099/README.md,80be5621193ddff969862406d2be7fcc48d197564dd30ea8c4d64af0a88a8818
strategies/H004/unique_01099/strategy_definition.json,60d2fa8bbc7838d82288430d51f9295cbb1a43f8058b2b7e7850806311c928ea
strategies/H004/unique_01100/daily_evidence.parquet,7a1988eacb59ed18e91a857eb99a784702145bd581f230a10fb35abec7e45042
strategies/H004/unique_01100/README.md,66f4eb8c9714d7f26d754fa90af935b1be8d340ad7535016ebf672a70e185b83
strategies/H004/unique_01100/strategy_definition.json,1daf53f287e4536027bc7e229da5e0ebc0be9c58784072a03630ef0224a41396
strategies/H004/unique_01101/daily_evidence.parquet,d3f784adbc6bae0b21723fe7306484a52795f13251fcbb134d54add8afdfdebc
strategies/H004/unique_01101/README.md,85c08f1f693f920e48927a01eb66ea1cbd7e9338fd5344ae89f17ab558cbd17a
strategies/H004/unique_01101/strategy_definition.json,d9814864fffdcb688a6073c4c024f94c46e6db35c51b87ce767209e383269633
strategies/H004/unique_01102/daily_evidence.parquet,3f46e67c875c2ffa15dc3b2c86b42ee65127252be5136a76574843d43f180645
strategies/H004/unique_01102/README.md,4e95a1a8b0b1d12ea3092fffe84b024f155e785cccb518939db1f8f794f45148
strategies/H004/unique_01102/strategy_definition.json,3ef54bce4ca5f0c3927017ea7296b7f6b843388ee0473da0d5ab4c2e5fcd44ec
strategies/H004/unique_01103/daily_evidence.parquet,59cfccd4f621fd5e27e9ac10382f81e1916b0d55da946af30d484b2223f58a7f
strategies/H004/unique_01103/README.md,6057df6378565142b1d7f544833183895f09b0782f0df76268000148954751dd
strategies/H004/unique_01103/strategy_definition.json,ee42fdd6dcb74ec6084cd24c48628aa09159af19abbadf6bcf62244420413fcf
strategies/H004/unique_01104/daily_evidence.parquet,07ffd048ae2f2e62cf62a7ceec979c3a013294d0b0ed2de2a4b019aaa8920905
strategies/H004/unique_01104/README.md,9dc241bc914cc899c0fbd5ae5bf02118ed31bac9d71760322b3934fd6131a1fc
strategies/H004/unique_01104/strategy_definition.json,e4c47f10b11b835cff4c9f0c700e8780e81a12e4d6ce790fa723433b44adacfd
strategies/H004/unique_01141/daily_evidence.parquet,b7011f99d443f329a428252b25fb44eff0d52d6ee04dedf9743701a0236d0bcb
strategies/H004/unique_01141/README.md,1f521fe9f29824fc67917babd6b53aa0a99d698588e03b2a48e8b520ac580fc6
strategies/H004/unique_01141/strategy_definition.json,32badd0d552fdf1873039e5bf183106573b9d349a7f5ffb08d46272fe26819b3
strategies/H004/unique_01142/daily_evidence.parquet,33f2a5b34e4e6d9bbcf6b840ea700b8b142dc5c29eec8f9bc61b89b41d85d1ac
strategies/H004/unique_01142/README.md,4f6ddeebcae8969f66fbc644416aa3af61da1fcc42939530357b1426d2e3fbc2
strategies/H004/unique_01142/strategy_definition.json,89e05304eba9edde51ef99bcde73e553ff8ee947ba53369bc6007913f07c27e4
strategies/H004/unique_01143/daily_evidence.parquet,9e084b9823aac56881717893b53545f46b55d2132b26f8b1951c0bda2e76776a
strategies/H004/unique_01143/README.md,bba23694a725a75325ea283ddcfe22b6cd93c50256bc2eb30745123b630c6d6c
strategies/H004/unique_01143/strategy_definition.json,3de3f368f139eebaeacc60c220474822ddc101d78d5c834f8139aee69cfbfb6f
strategies/H004/unique_01144/daily_evidence.parquet,cbe8cceb0167f5aa5d9455db1f6a345a5e36c03910f70b7b865671f1ba244094
strategies/H004/unique_01144/README.md,2fe2da848da2baf27c828c12a453f248a0a6f41df089695b0fe0912754745141
strategies/H004/unique_01144/strategy_definition.json,335bfa3727034536d96492cb6f4684a631044b98afea21f4c1d827e1033a96f9
strategies/H004/unique_01145/daily_evidence.parquet,800cb98652e217fa35e93d690e0d85269484d8b9dbed8bcdc6b0b0af65667d3e
strategies/H004/unique_01145/README.md,b561f8c440b29bad4af7e83e0824e1bde9ce2c9302c8a03333601c0d6e3dd43d
strategies/H004/unique_01145/strategy_definition.json,b15d9c4ab48ecf2d88c24533c4191b2dbeedf71fc27177a6acce451febbc6749
strategies/H004/unique_01146/daily_evidence.parquet,892c94f2632a7f71ec167866f8b5a8747b2096f84b1900b24d68f4f4575062b0
strategies/H004/unique_01146/README.md,4ce2c79e15b94020c8831f42ae394a2dc2bbbe89b010a09a40d0e00f3075ac84
strategies/H004/unique_01146/strategy_definition.json,06d6ef0cdd26d9477db256e10ede4b393425b6915bbbbfe61830638b07084f48
strategies/H004/unique_01147/daily_evidence.parquet,c1b5e1e46c7cf3b5127b54bcca71c4f8b9779649d6d2cc38f15775a8eed0d3bd
strategies/H004/unique_01147/README.md,10392b7ecb45962a1c19d937f506e3ac865e6c393143c0da6482d5cd5f27600c
strategies/H004/unique_01147/strategy_definition.json,1c2c27c4b91e85328fedb8d1ce60fd1583477403d5ad73d391152ab5a872e391
strategies/H004/unique_01148/daily_evidence.parquet,b5c63012466563bb3599ede6bacdea1eb8ebef7459670a42d5b10a1fd654be5d
strategies/H004/unique_01148/README.md,e1383ab6b414dd2747aab74c19fea178e04c1e5bca907b4e2c8b35a3d37666d7
strategies/H004/unique_01148/strategy_definition.json,56e2837b480d964faa397b4bdbb47f070ba7e8f5047d3124f447fc7f95b06037
strategies/H004/unique_01149/daily_evidence.parquet,dfd0f6fa28ba4d9f3b2dd50a169557b8b00b8d3c5d8227b08d738775c2572281
strategies/H004/unique_01149/README.md,e851d7e309bb964cb5fed41adb981af94815fb589fddec6a96bded23dacd06e8
strategies/H004/unique_01149/strategy_definition.json,56c342648aafb2301402d50b4bc600aba0b1fae62f584405bcc4043298d967b0
strategies/H004/unique_01150/daily_evidence.parquet,18e20f5624ed1e93c3cf85c6e5db77a040f4227c3f13b5b31551da2720dcf23b
strategies/H004/unique_01150/README.md,ef51b77056f4c27bb8e0da0ca53458046166966aa930fa471c51a8a1279ba996
strategies/H004/unique_01150/strategy_definition.json,5781d502e9982c3e7579640b6d3b6c2c279d237225d775d9f5ed90e19b031852
strategies/H004/unique_01151/daily_evidence.parquet,790637e33ad46fab94fe1e9410c84b4d7946313994e163bf3e958b20726eef5c
strategies/H004/unique_01151/README.md,4b72ce354f475e27833bcf64d11e48113534372e96a8a6038007d3990d85f393
strategies/H004/unique_01151/strategy_definition.json,ff42c044de89ba8633c0a82416b0ea3c6b24a2dffb57fe9efefcfea44335b3b6
strategies/H004/unique_01152/daily_evidence.parquet,c9a15fe2636309982d190b06a22314a9bd2d11e908ecce28c5b4902a7a8c0bd8
strategies/H004/unique_01152/README.md,898803c57ac1af692dca2215731b5f0f24dd84b2778ac8d9530c4c177b7410df
strategies/H004/unique_01152/strategy_definition.json,b516c0946e26b4d18ed12e584b127bc599281172fd29e610a5d7ae0ec99a10f4
strategies/H004/unique_01189/daily_evidence.parquet,970686b9736dca066613fdbce64915bcbe0254f5dda08825868fa9c5195dd2f1
strategies/H004/unique_01189/README.md,c05ce810010d54e63a93fabe43603f80fd53a92f29d278e29131ef49d8279c7a
strategies/H004/unique_01189/strategy_definition.json,4461af0c828933ab274e2e1d3b43be9cd06e4ad74526d4c3579b3cbe288fb6ee
strategies/H004/unique_01190/daily_evidence.parquet,3fa916e6aa32e537231db0c0c6c975cf257598d70df2ea25902a545c60548947
strategies/H004/unique_01190/README.md,b0c0068b1c3edf38bb49631f6fc1e495da680a30916b9fe37071cc81d0e9e6c7
strategies/H004/unique_01190/strategy_definition.json,a63b385653a869e94e59a4c44d933dc0f7d6de400fc09c3c1af99d9ff9b6340c
strategies/H004/unique_01191/daily_evidence.parquet,b15a29dc1b90e73b7b98055cc09865eed9c384a2b01c99648083928969146249
strategies/H004/unique_01191/README.md,a57fd099474e5db320da68e5e031cb5a332c8499872f1e757cd02c2b747799f8
strategies/H004/unique_01191/strategy_definition.json,d88b5e4839f2ff8932af8c0056efaa46aa103535bb3c94fcf1979b16f1b1917f
strategies/H004/unique_01192/daily_evidence.parquet,e430886cb8b307ded09fe56f6614a74f4c1f5d2bc10a03f6e21f79e6e92a466b
strategies/H004/unique_01192/README.md,48e2921d7e595f8baf280898628e6e44daad7dcc034d4cd88d53969d94e35a66
strategies/H004/unique_01192/strategy_definition.json,d354d9575e6b6a5d127ddfd3e6da55da28818624ee8cc4a4af48200f22f03816
strategies/H004/unique_01193/daily_evidence.parquet,70a8753a9a6accb1f6d55444aaa845bce47fa61e3ff99ad87b2c2b018d127e3f
strategies/H004/unique_01193/README.md,8183fdd32eb563886246ceeb7937f8f4ab0ecf785a98a587fd4f8f8865e0f7e2
strategies/H004/unique_01193/strategy_definition.json,bf678c0b26ad7d0855c4d26be4ad3aa18d19b3c673485b3302d4ecbfefd6d29d
strategies/H004/unique_01194/daily_evidence.parquet,950f26a746ad493e475d5f27f4952625b0c8e5ba9599a9459870a97451b6810f
strategies/H004/unique_01194/README.md,7d41dca51c24718e920e3ca32adfe3b837fa90254af1b0baa0881ff195201fa6
strategies/H004/unique_01194/strategy_definition.json,498d8b56732acdadce5a2bcb99de97c954ec4a9fdfdf34a409d93bc98ea7be6f
strategies/H004/unique_01195/daily_evidence.parquet,547f20ee0e85af8c28a1c9e3a3d7c9dfa979e6002601f713c829e42d050cc894
strategies/H004/unique_01195/README.md,b15cea4e58ce89dd4af70c086657cf90f462db30a13be0def7999415029aa155
strategies/H004/unique_01195/strategy_definition.json,8aa1bb2f5f236c63c51260cce6076184c77919c300f686a5857937f5b794c5ed
strategies/H004/unique_01196/daily_evidence.parquet,d63a408c6c52b434a7313d8518a2b29e742318087a3ba329055aeea62a55bb6e
strategies/H004/unique_01196/README.md,9cfd7aae781209e5be68bf93a257eec38da94d5415a217314532cbe2b1a4fcc7
strategies/H004/unique_01196/strategy_definition.json,ccdfb4346b1d0c8750530439d747b40c3932cf929e0d4775ecd7156cb007bc5a
strategies/H004/unique_01197/daily_evidence.parquet,02d3e6b3834e8da4b72d476f6a7353107a4e18bfd3f13088b2750df2d36f0a6c
strategies/H004/unique_01197/README.md,eb9dfb5270de341a49b1e950f9735db4dcfc8d28f8b9a695b17fdd06a54caf2d
strategies/H004/unique_01197/strategy_definition.json,688c8d7c979b060482cf0554faa405e748af45b14388c444ec068c212879aea1
strategies/H004/unique_01198/daily_evidence.parquet,d36afd592c61d2a3d4e30abb9880f68f8816c27360f1dcd73e4fc73f02c8617b
strategies/H004/unique_01198/README.md,cde0c1edb87e66c886ff6ec2334bd2edbbc1e96b8496207771663666df0845c2
strategies/H004/unique_01198/strategy_definition.json,b4f8468b8626dfd15cac0863c249e8b5123f80272235e122b5746c5084b4f8e9
strategies/H004/unique_01199/daily_evidence.parquet,fad885af795cef01ffdee371b1d1c6500d25f30056532a7573f0dd23b4ab78b4
strategies/H004/unique_01199/README.md,ebcc317fd01c7c674e1461fea8532e0cb320d7754247e7c4ae603728bf5d7456
strategies/H004/unique_01199/strategy_definition.json,4b99d4a7c957038bf7e93bfdefa11798816b242025588c43a18b88edd06d142d
strategies/H004/unique_01200/daily_evidence.parquet,d63a408c6c52b434a7313d8518a2b29e742318087a3ba329055aeea62a55bb6e
strategies/H004/unique_01200/README.md,646b3666d07bd90b2b3a80e9e794edcc8960e5b3b1776b7fb5a648d2a9fcd557
strategies/H004/unique_01200/strategy_definition.json,28f3338fb0ba87f57294b05410285c11b833eecea72a857fc50210a742439e31
strategies/H004/unique_01237/daily_evidence.parquet,d164df30c47969cb89fb8ce5fea0337b99ae09c0d68a92bb4f3d01a8fcf93cc0
strategies/H004/unique_01237/README.md,282b54421a33a32a7694a1cb173dddc24e5901ef9891cebb0931bacc88833776
strategies/H004/unique_01237/strategy_definition.json,258853d2a1b0c20f28ae8526e9109856cac91e659ca6a0439c4e40e65ce66242
strategies/H004/unique_01238/daily_evidence.parquet,45cd9bd45c6e9ec04011549fd1ae409e9ea3256627eb6ef566792d5b4d875cc6
strategies/H004/unique_01238/README.md,12525ce5c1332eb3f5953f51ddae56911f75f83fc11e13cf9f62e6a4c2cb3ce0
strategies/H004/unique_01238/strategy_definition.json,8fb8c3d4205b3517d4d7acc314e36006fc06a15a9cddadf053341352da0dffef
strategies/H004/unique_01239/daily_evidence.parquet,90f1a59d932f1707a364cd391beed99b1abf026a90fcc9cd809eaaf1a899f119
strategies/H004/unique_01239/README.md,8018c8c0f464d4ea498fa0f7f66e7874bc6ac6de44fc9ed4b8a7c0f2b4bc5792
strategies/H004/unique_01239/strategy_definition.json,aa20295e2523f1dd8ed6526a76af3a8db84673973a26ab67f095fc88d22d65de
strategies/H004/unique_01240/daily_evidence.parquet,993525e38438f9d3721c8c6b579610e49f57326e01ccfab32d96e0cd889e022b
strategies/H004/unique_01240/README.md,e723f5f81def66fdf46548ec7c7581b0b090f4dca215ec406a30f6543204d1b8
strategies/H004/unique_01240/strategy_definition.json,0fe847e18a62916c4adfb9aa20455917acc9857338445d106c5ec6b83f19096a
strategies/H004/unique_01241/daily_evidence.parquet,13c2a9969299989f82913db94f47120a4aa0b2dff5e92fe8c0c81c947267b3ca
strategies/H004/unique_01241/README.md,8a2d955a7b99428f448c9b4f7a5b7e42166d241fdd1c1ba1c97f40106f940bd5
strategies/H004/unique_01241/strategy_definition.json,235d78bad9cb0acbaaa72c8d52f1188fe9384a90f2e41dac5766a263982ae80c
strategies/H004/unique_01242/daily_evidence.parquet,6c9b8ca89357c23bf40a7ee57624c57633f163a6c510738909e29ac31c75dffa
strategies/H004/unique_01242/README.md,b017cea373c7fac3066b6f10b5bdf54f68ea84e11b0d7bd94d890718e500f498
strategies/H004/unique_01242/strategy_definition.json,04aa741c709fc8fceb122c314026610f27f7769ae8edb0402eff294c81a53713
strategies/H004/unique_01243/daily_evidence.parquet,7e245bb8ed24e429a241979fcf019399a3ab94cf0652eabfd81efd7d231de5eb
strategies/H004/unique_01243/README.md,67e98fb7ffc91955a08fce3a7ff773e4cd9186c593b06c6fa4aa7c0b696c6be3
strategies/H004/unique_01243/strategy_definition.json,09a3abd3f3c980d876747ebea55c5439b95215bfd1350249208f3fd451eeb1f8
strategies/H004/unique_01244/daily_evidence.parquet,4d5f4bbc02a8506c86379ee67a4f3e701e93130c89a9b7a280ff250f73e1f8fd
strategies/H004/unique_01244/README.md,b6370e05fbd16a94673ff307b94ef734f9450d92639399a680e8ec80e4bd20e1
strategies/H004/unique_01244/strategy_definition.json,4104224a49f9d9fc0b4a1e9e2d95888743862780fac0920f6ccf5f7711af352e
strategies/H004/unique_01245/daily_evidence.parquet,c2391b8e2303b6920cb69b9554efc7e4045971fc8679dd47d65afb3e3e0de5fb
strategies/H004/unique_01245/README.md,1b95da0d454cc24812e5e747d90af27c6144090da420a8c7f6f79f92b66ae5fb
strategies/H004/unique_01245/strategy_definition.json,053fe36ab7787ebc6da3b1c3f5546b6892ab9a1ffb318ca4862e05304a1099f2
strategies/H004/unique_01246/daily_evidence.parquet,6f6af4919d8a5c95231058df5be6cb1b3c74b9e9c0a7c1ff1ef0cb9150fc15f1
strategies/H004/unique_01246/README.md,3fe45aa310335cc820e7e970dc72eef0cf53190167ea9c175cf72b95edf90611
strategies/H004/unique_01246/strategy_definition.json,037655d5295e51204280fce70ccc11e11e4395b21f6fad9832f19706cdabea62
strategies/H004/unique_01247/daily_evidence.parquet,ff1684d7ddec9e1f0f75cedbc1820c0808169ea99f41b0239aa75624aa147800
strategies/H004/unique_01247/README.md,dbd155e178d13a068141b98420738eec22033805c5f4986987ddccd8c862a011
strategies/H004/unique_01247/strategy_definition.json,6d8a40ace8cc4baba24011bb16ed373b2be3c2c7b839f82ef2d2952351be600c
strategies/H004/unique_01248/daily_evidence.parquet,b9f8ca7216d01f09caf7b50b5e549e889de1ceafe3e4f3d8ceb5fef7dc9bace8
strategies/H004/unique_01248/README.md,f5a6e77a1ed9152a18fb4bc85be10fdbe9e8ea02579b4c3fdc4a2e1ac61a3054
strategies/H004/unique_01248/strategy_definition.json,08268bd56c2f4bfa890fc71d443d543f632ca19357b9f3a8c25fbaf41b76542f
strategies/H004/unique_01285/daily_evidence.parquet,683aec1a92145f2052159bc4608da7f5dde0e3354b3ab7720f06249eb7ace8a8
strategies/H004/unique_01285/README.md,4ce6ee03b03b8cdad0768f8a237ed6d6ef258741665385aeb0aa48f36c46c9ec
strategies/H004/unique_01285/strategy_definition.json,e7ca8a613fffcc3e8bb7eff12f6c86c9dbd6d41862d57dc0e0314bbda72945d0
strategies/H004/unique_01286/daily_evidence.parquet,0d9fb8e62d1ec21e43f93a2db028a8fbb840946a6ccc29330e404d99cdd2c736
strategies/H004/unique_01286/README.md,f2af5889d6ccc77955335273785478ce7faf31d0f42626400c402c4b2099147a
strategies/H004/unique_01286/strategy_definition.json,bb4800b6cc0dbae0b4e34bf033667e766d69c5300a27e3768c1896250d693a60
strategies/H004/unique_01287/daily_evidence.parquet,2e90d963cd7c36e25e2c874d928f9fdc3560d520a5e6827acff3cddc2cc66e75
strategies/H004/unique_01287/README.md,ef12c0cced5f1d9a52f4de7e42c057d446b1edf304a0ea4d3e234aecaa0d0d2f
strategies/H004/unique_01287/strategy_definition.json,2d3998da4e5d71f833d27d8f04810fe421a767233c5f6359c4301ead9211c9ce
strategies/H004/unique_01288/daily_evidence.parquet,767a850a296ca4116105a227fcca2d87ff4a2b1e96b1614858dd58a27847e056
strategies/H004/unique_01288/README.md,1514518e2a52e82d28e59967c7fcaf475ba367ac796d90012b9c29ea12e36a6d
strategies/H004/unique_01288/strategy_definition.json,6f7b2c5319e8f79d6e8646779635a464e984f27c38fc590f1b08e94b52b5338f
strategies/H004/unique_01289/daily_evidence.parquet,5895919b0f78cd7239d28f60d30317a7a6615f0aee116daf0118933accc6df95
strategies/H004/unique_01289/README.md,68a98ccffbcc97c84a31b2afc5ad70657da6e70b73c983d112b130173aa364fe
strategies/H004/unique_01289/strategy_definition.json,5ce608b88df1517f8c84d8041994225e1572dca286dd70d38a3bedde72255466
strategies/H004/unique_01290/daily_evidence.parquet,78b44575edf0461d074c8eb44c630b4562f776ed61f93879ee97b2150f4bb481
strategies/H004/unique_01290/README.md,28ce70fa6fd8d6f514fe2d83a9765e7850b37de58fdceaa8bcf4bb833669b2ec
strategies/H004/unique_01290/strategy_definition.json,ec6e3cce22cbba30e61a349541082a3cf152bae50c3936c33c8dfb0bc0e615bd
strategies/H004/unique_01291/daily_evidence.parquet,6ac17f31071c3ac73aa8da60a0ec60bd9c08ffb29a12e80b54ea843dd956dfe9
strategies/H004/unique_01291/README.md,c6cf270205dc35a64179f2d53db3277d4db66a44d524be147504fb1e1f871b02
strategies/H004/unique_01291/strategy_definition.json,75bc6e162e63c3162fd18c808b5af641607a335c5fb581a349bc9f486c332368
strategies/H004/unique_01292/daily_evidence.parquet,f6b1162badf83bb040a9c55255be527e8edc7e2c31906b1166979afd9d8c0634
strategies/H004/unique_01292/README.md,9e9100a228ca7dc11cb93ce1c5816390e9df7e20b3d86e88f45502d39172eda8
strategies/H004/unique_01292/strategy_definition.json,975dab907929ac36e20a0718d72674feb1c8fa5c8894ceaa2d4ee2f37bcf9b39
strategies/H004/unique_01293/daily_evidence.parquet,d3939451060eab1dddf82fc574cb91a6d1e642cacdad3f7f2a833537baa9ccab
strategies/H004/unique_01293/README.md,c634b15b15f84a8cfe041ea709bc359a4337d835375ec044710a6ee65c1026d7
strategies/H004/unique_01293/strategy_definition.json,324b64ee2dec358335ba9178d879508c643a162edba273692047bcec19fdc021
strategies/H004/unique_01294/daily_evidence.parquet,67195314cab0bd486eae15af2716e7b65f3b0cdc46e5cfabd9459f44b7f1b2d3
strategies/H004/unique_01294/README.md,5b6df4054c7aa3866a066912ce948d1df0c824754d1095d3a31136fa1e927520
strategies/H004/unique_01294/strategy_definition.json,a742e9d6011613754a365e06cf74362340d16e68212119d46b8bbabc129745b7
strategies/H004/unique_01295/daily_evidence.parquet,56971643d389de21b49e475dfda7ccc4cb77441aa5bc725975bdafda24b2d42e
strategies/H004/unique_01295/README.md,f608072db6a9971cd6302dfd58226cf3399bc3b3c5f69cac8d4a2c1872d3c630
strategies/H004/unique_01295/strategy_definition.json,f19618db62250ff373b91cb8627fa6b22057d5e416acf35fa6d6700d3058f8f3
strategies/H004/unique_01296/daily_evidence.parquet,10b73aab6195e765da68c3a7a6bb228ed707d8a12000b016de68d4af7d406215
strategies/H004/unique_01296/README.md,b0bfb07c513607b07784366c416dbf0b1a99f50353decdca8f0e0ed5d1a16576
strategies/H004/unique_01296/strategy_definition.json,9f3ee8f1a744bceaff98d2a8f1ecba8bad82e8be0a9ecb222b9d05317e12c379
strategies/H004/unique_01333/daily_evidence.parquet,2b1bf0fe2732534082e7569439ceeb62efb79c88592dc0768c692438ff469b5a
strategies/H004/unique_01333/README.md,11d9ba3d825c7c4b72c85e296de5a0f03ed333f27ae13e8424a0db3656643791
strategies/H004/unique_01333/strategy_definition.json,f15b278ba50a09cb64f6b4979b81b1f0a54c47f7ef847bc578bee64bb7220d95
strategies/H004/unique_01334/daily_evidence.parquet,636e397d676dc664065e8fdb401872a6daad88f8f6e66e7b8616940ac4a520b2
strategies/H004/unique_01334/README.md,dc422fcd79e2a49ce48dbd93ea4ccd87c8079f3032e6650ab3ffa7eebdb693d7
strategies/H004/unique_01334/strategy_definition.json,8981c9349a92dc85ea65612d1c34c41a8aee960223c00b30e2b164067e2e64a4
strategies/H004/unique_01335/daily_evidence.parquet,bb804035140c681a4466e5a555d7c7a943912a446a149e19f9c0d946ad5ac9bf
strategies/H004/unique_01335/README.md,b91eb101b2c45f1a0f1b6bca338c95088820904e849faa0202991641a4131087
strategies/H004/unique_01335/strategy_definition.json,a58339f4738a9e57794182f6fef081b5092927b413b536f5de6ff3a67b80507e
strategies/H004/unique_01336/daily_evidence.parquet,1d6b214d62f940c361a8529800fb0c5c53355ba99192761cf5d63fc39de5e9be
strategies/H004/unique_01336/README.md,dfcfa9ab7f9ce1ee89aefa43864593af43c4abb0a0f7be57d9c594d0b7cdee1d
strategies/H004/unique_01336/strategy_definition.json,36e2ab7d2d2b553f633874de5724757b0e42e2d67fb84d68b13a208a714c276f
strategies/H004/unique_01337/daily_evidence.parquet,1609aaddf628c48b2f3d820f590c8140cbeccd92c80fb85d741c9cb24e3ee1a6
strategies/H004/unique_01337/README.md,08c10d66e912f38a959a88ae64b7bb7009e47a29dba6d99cbe4615c35dfde1d3
strategies/H004/unique_01337/strategy_definition.json,971ba83213eff1146538e30a07a5c2235c1b5c6a500ee1f7890f2ed929e3e829
strategies/H004/unique_01338/daily_evidence.parquet,cf63b8cd60ab4b014e5276b6fc5d7bed5cefc197a0e2e0d6688c1e6990f8a193
strategies/H004/unique_01338/README.md,53c9c99b35c78de699af976db788ca2909abed866d32772f0ebb627d9174cb12
strategies/H004/unique_01338/strategy_definition.json,c0a8f803de676f0c9361f5453f795c4dd79a0afe70aee267fae4539e75d0b8c4
strategies/H004/unique_01339/daily_evidence.parquet,0432eafd2ea86a64e6970b38bd2939364870a892d5f7889abe5f79323d4830aa
strategies/H004/unique_01339/README.md,5af0a5fb74688c2af02801e713b56d0c25addf8bc6d5b764d6f263ec15291abb
strategies/H004/unique_01339/strategy_definition.json,a8bb388a8d93a9844e4773ed073983757853221ed751bea0a757ebd1ce3043f5
strategies/H004/unique_01340/daily_evidence.parquet,3f9923558caf8f839f94a912eed92139349dd6e923b8b255c8c501df3e4e88b9
strategies/H004/unique_01340/README.md,e2a74ec1955a25ecd8e69b6af583c4f668c0e5310d0336291aa1d5cc5c21d621
strategies/H004/unique_01340/strategy_definition.json,e6740217663730e5ef01ba7042e5c960c478ac7697048ce1270ad34a32e80a53
strategies/H004/unique_01341/daily_evidence.parquet,2d9876d741d5ef03599f81a9b01107f58fd0afa63febba771e08463d1cc4050d
strategies/H004/unique_01341/README.md,eb409d141c383b10fd1d61d2a621a486e90434a7e9fb27fc9d51275702bf7eaf
strategies/H004/unique_01341/strategy_definition.json,40ec4c801bdd1f7b39b88e1bcea5feaf14348e1aae60149345dd0fc23cdd86f8
strategies/H004/unique_01342/daily_evidence.parquet,68039a98b0613fcdbea6f3a589b87e0b4e7c48b54626594cdfb62827443d1990
strategies/H004/unique_01342/README.md,7c8583cca43f556c19e9ded936997bf4659b5162229b3c2c5e3bd4b69b7ca2bb
strategies/H004/unique_01342/strategy_definition.json,30006feab30556c8532bb1aa3c2d9eca52cec6872a2f73cb17a14c669bd1dc6c
strategies/H004/unique_01343/daily_evidence.parquet,25d1c538d827289719c0406ff234138581bdfe575f14c840f1a01ae8b0f25634
strategies/H004/unique_01343/README.md,ab3481dbfd55d6b2a567d11b4012707a37684c1025e69066d02e6aeda448ab18
strategies/H004/unique_01343/strategy_definition.json,6903c338ff2af8237fee85981c3ea90dcfdd0130266089ab7cc9f0b636fb6354
strategies/H004/unique_01344/daily_evidence.parquet,9c8c9927812f702f6a01819820d836651c018586a68b873b802d87281bb9004f
strategies/H004/unique_01344/README.md,bea769b13f05630e919386e6dee6fb451f845348ac918a67ab5dc176b8031957
strategies/H004/unique_01344/strategy_definition.json,a24a64e025375caa52a95c3472eba2cb950fb252f21e4258dfc75eaa9c10c21b
strategies/H004/unique_01381/daily_evidence.parquet,f6db741e504f2eba21474aedf37f921af6174f871041c4c9a44d924d22de2253
strategies/H004/unique_01381/README.md,ef77672209a2c422bf1f566481d92ce238f09cf1e1306261e2a4c8ac22613cd3
strategies/H004/unique_01381/strategy_definition.json,f49338518e62605b0c3d03ab8c606766785af9d24abd70dbf8305b4b0a17ee85
strategies/H004/unique_01382/daily_evidence.parquet,4064529ab9c1c14aba82873afa24861ef6c91b3e28b45209bd39695d9fb36175
strategies/H004/unique_01382/README.md,b52bc61b9185010c13ba0b989b913ec0f0c3db1705fdb9d38550a2412b654e2d
strategies/H004/unique_01382/strategy_definition.json,e8cd5bd1996e8414bb96450a396a06bc7926fea3ce7d09ad359466034f5e4f5f
strategies/H004/unique_01383/daily_evidence.parquet,aeaf07eef33cc07e085cdc3f0a51dd66a241031fdcb0aa5d876a3b4bf5d2bcca
strategies/H004/unique_01383/README.md,f5a077dfaf6c8a37e67dce0a31b9335e9e75854d7690fef79595e71ebc7f2289
strategies/H004/unique_01383/strategy_definition.json,4b59af601948c64b698bddc8958a1867f9ec1e1195ef52814a8d704cc53eea11
strategies/H004/unique_01384/daily_evidence.parquet,ae56769c1eea35797e5d14d57e694e8805ce2e9bd726763314c9a3c7b30c6310
strategies/H004/unique_01384/README.md,c84fb04d03d05df6fe8f77af33328cbd582c61c2efcfeeae04137e9fcf4a6ed0
strategies/H004/unique_01384/strategy_definition.json,6200a3963dd56249ac02672f48d079caa174c284d1a0fa385fce6bc2b581bc32
strategies/H004/unique_01385/daily_evidence.parquet,b51f83e5897677a817c5f64c5a42ee672b254a1af224edd5e00fdf3a3c6b00a0
strategies/H004/unique_01385/README.md,5dc222fee941e67cdb1880d156f1d7818448c3a18a9bf06ccd5ce62f67fd2ee1
strategies/H004/unique_01385/strategy_definition.json,557e54f27da800f0505e94a901273bca78786f7ada61dc6526670b94aec197dc
strategies/H004/unique_01386/daily_evidence.parquet,3880c2b4b73a13d04514bed769bc8cc57cefb51f87caeb2e1c1bea6985661e28
strategies/H004/unique_01386/README.md,72e1d9ee94500bbe8fe3e320b56ca76dd1936555e09368bfd7ad178693a8c125
strategies/H004/unique_01386/strategy_definition.json,8a9828b61e4beba819afd1ec42f4e1948b3c89508eb11ce07c3174bde318ecd3
strategies/H004/unique_01387/daily_evidence.parquet,06cbc804050d53d3f44457e704b5e9240534e5497eb421021757d23cb4bcfbe3
strategies/H004/unique_01387/README.md,a778827a60ef34097dc885d9affd140ab5afc4fe904e5b3d22d7671b2d305371
strategies/H004/unique_01387/strategy_definition.json,823f87fb94bc068192c32eb7558e673cd97d29f2db4d5d1f09bad3b4797f5ecd
strategies/H004/unique_01388/daily_evidence.parquet,a4ff2126118687881306122c68d16e894f949867c7b9acb21cf154bbe236d2de
strategies/H004/unique_01388/README.md,4b84be0ebd2234f115d1bccbe9b362620b198cd1ef0630c294cfd0a186e919e6
strategies/H004/unique_01388/strategy_definition.json,08041c14a760e1c8ddbe2bf4f36e885a794a209f466482f3cece813698138cd0
strategies/H004/unique_01389/daily_evidence.parquet,4ec3090651072c5c9114a655434a392647cce3cb46d6b5c45c9e504b6f1a1a9a
strategies/H004/unique_01389/README.md,7bb958e060ab6f8ef359f609969720e0fe19669671e27fbc2bba00b2de48c379
strategies/H004/unique_01389/strategy_definition.json,78e77be2e63c3805380c6cccc57035db0709e615d6eba40181fabdeeebfb9a96
strategies/H004/unique_01390/daily_evidence.parquet,784d683c8199fbccaadf52c8b68cd215e0cf366a1dc59ac8f40660caa1d33d2f
strategies/H004/unique_01390/README.md,d2b5813b088a21223a53247469af81de5a041f2f9d07e7b3fb827f6fdddb1c04
strategies/H004/unique_01390/strategy_definition.json,2627ec2f5b3e86f6a2701662db41842ac3485d37e5b2b97686c63458ac7331be
strategies/H004/unique_01391/daily_evidence.parquet,a34bf09343382cf9f9e8214b8ad4f79c6725fd4dd53e818177e1a78d78938a07
strategies/H004/unique_01391/README.md,5a930f488b431a6e7715fcbcc104540a6722272f5ec4abee774b6df424f7342b
strategies/H004/unique_01391/strategy_definition.json,6b7d829cbe2ab23d74ad14e5c4f13aa3c20bf8533b2bda28b7cd306ba3c1e17c
strategies/H004/unique_01392/daily_evidence.parquet,be73a13452be110c68d959f6dd9027d84c24f1bd687cf1bf867b5a93fa79dbaf
strategies/H004/unique_01392/README.md,5584b42d082abdc360ee1d9f44971489cabb38d8f4f7368961e0cc9b7337566b
strategies/H004/unique_01392/strategy_definition.json,cf0c563e402540aab16d07bae0e8458c9c683b30f70317cd675e8bdab3d1acfe
strategies/H004/unique_01429/daily_evidence.parquet,b442d8cefe7630aba1aa10a6512e5a16cea97c719d968664a0b86c7a20f5f881
strategies/H004/unique_01429/README.md,7a6df5f5655c2a6d19ba392486c4c68144b5f8d64299ff23c665ec6f99ee6a45
strategies/H004/unique_01429/strategy_definition.json,5ed74ae1f4d4062f540ca7edb7bdfa6dd9a699572f1f78e41943f711d32bb70f
strategies/H004/unique_01430/daily_evidence.parquet,24ad0875020976a5dd8fc76f5e2daac38d57d7264edb11950972e845499eca38
strategies/H004/unique_01430/README.md,23c3a13571aa31f9d5d714eab677d2736029415d153b71025bce7c65063791e7
strategies/H004/unique_01430/strategy_definition.json,352a43c1c7fd9095e0c3f3bef5056a7d004dfe02df64bb2919f29cdb27710c45
strategies/H004/unique_01431/daily_evidence.parquet,739b84eeca4903b7b7af364704934d0313928cc8ffcdac08d670a21a2d402549
strategies/H004/unique_01431/README.md,4b8f6b0675abecf827e128b1aed2df3d753ad669fd714d6ef866f3a575053c55
strategies/H004/unique_01431/strategy_definition.json,ec89095d37f0d7474573aac307aa568126afcc08686dd551b6c26881d787a69e
strategies/H004/unique_01432/daily_evidence.parquet,f949f8e71e31b3bff72f3eb9c6a041ff2e85cbd49b356ae8603caa6e91c53003
strategies/H004/unique_01432/README.md,7c9c98c0f27867c4fa91be84a065b627ea03e3326c45efa6fe99edfbc8c278e9
strategies/H004/unique_01432/strategy_definition.json,cd5cb5da1fe4fe8684d74ec77e38aaff94efce81b698c48cee7c8e9bae5f0d31
strategies/H004/unique_01433/daily_evidence.parquet,be3af50c7b1b052866138c783036e0ca4ae4ba51945abb7e1acfe065ad55d913
strategies/H004/unique_01433/README.md,90dccf7e3d169a94fb755c05a78f82a07d9234a7a6edf8f7c834cda3e45b713a
strategies/H004/unique_01433/strategy_definition.json,1cafc3ec4505fa810565cf25b973a101c528c25036d71274cbee32433f0062fc
strategies/H004/unique_01434/daily_evidence.parquet,24ad0875020976a5dd8fc76f5e2daac38d57d7264edb11950972e845499eca38
strategies/H004/unique_01434/README.md,21e2d9bf59b856609dbac5bd92faecf989f0742bf2b695eb1be800560e0593bc
strategies/H004/unique_01434/strategy_definition.json,45633eeac606e67069a2463495d5e40b7e8c97f6a83b5c90be2653bd162470c7
strategies/H004/unique_01435/daily_evidence.parquet,bed6374e40fd521a4ed988566ca0bb7c058b72ed1f6a52eaccc71d2d5c6a05d0
strategies/H004/unique_01435/README.md,ba316745ec6255922228b7ea44d7e04440ec085a4cd93bb9a2e9995e11b8801f
strategies/H004/unique_01435/strategy_definition.json,c735c1f6f156c9cfc73bb78b0809ebf578ff49a98a803a8e1932cb47f86a7aa2
strategies/H004/unique_01436/daily_evidence.parquet,fea7ee4448ad1143989aaa0cc9b13274bed80b199dd4941fd8e62bc87088cf6d
strategies/H004/unique_01436/README.md,c046b4a8a792c37ff92c88759bf1ab248e508ce1562fd4d013eb15f01b907d42
strategies/H004/unique_01436/strategy_definition.json,3525d5390ddfb26635a5fa605e5e54c793deed47f8e4c42ab2aad8231fc9ec09
strategies/H004/unique_01437/daily_evidence.parquet,053239a2f997d948941ce0f321c412de510106196e6d66b6ce3f2c496ccf6b93
strategies/H004/unique_01437/README.md,88afd5d724b6bf062c00968f5f1d5d89e85621a7b4a105f58c56e9cac5af2293
strategies/H004/unique_01437/strategy_definition.json,059c2a6f7c8190430886831572de55e07bfad8b3cda972880f2249dfad3554ee
strategies/H004/unique_01438/daily_evidence.parquet,24ad0875020976a5dd8fc76f5e2daac38d57d7264edb11950972e845499eca38
strategies/H004/unique_01438/README.md,8225796909e069684da53ed47563beb35fb874694e830ad923168351d4e97db8
strategies/H004/unique_01438/strategy_definition.json,b01676da749c404fe2dce598024d50fef983eda6cbdf0b4bd0e06148a8600c65
strategies/H004/unique_01439/daily_evidence.parquet,68d3e9ed496307c9b7e0bf0c059db7e476e6240fddc9b45fe83f8ba38cf1a23d
strategies/H004/unique_01439/README.md,1b3fa32c161e233cf184e20a8010a93a0d5d38b6bf6b225a90f204a4fd10e2dc
strategies/H004/unique_01439/strategy_definition.json,297e10a4807d3bb1c927be6759e31805f2b3fff8acb7051f57594408804a768c
strategies/H004/unique_01440/daily_evidence.parquet,1817b9cac10f0cbec981ed452a93d1cb2f7f801859a8ba57fea56b9b81d55202
strategies/H004/unique_01440/README.md,fb6ebe227a9c690e5bdb0a95605a7382fbcb7ba3a3bd18fc4e88997f25c6e366
strategies/H004/unique_01440/strategy_definition.json,501c3657f6ec3cf39a7888292d908a98d9392833d48812d58dad0ce4a5f3e3aa
strategies/H004/unique_01717/daily_evidence.parquet,b89988da1b187c50c337120562724af19704fb2be9c97766cbc22a5509f343ce
strategies/H004/unique_01717/README.md,cd995b75e7bc49f421676602126d965695e19a8b3cc46c46570c007b51a49137
strategies/H004/unique_01717/strategy_definition.json,90a677b5036269c6ec245fa975c04f41df38d70770eda8c38092fd58bc96cbf3
strategies/H004/unique_01718/daily_evidence.parquet,c79f2f5bb59e048623c898057db28e34493f7cbe36e08ee13824473a8f359654
strategies/H004/unique_01718/README.md,2e47acb4d8f238bb1f161aaacf8e51e06159e989c571c84809440bbb04300437
strategies/H004/unique_01718/strategy_definition.json,d27ee9d853e35b7a82b36a6d4c133793871cd36692af033087406d6c9185af17
strategies/H004/unique_01719/daily_evidence.parquet,a6539eedd79a2a75ba3f7b3c7e93d6f535368d96e5b20460cf56a5886094e3e0
strategies/H004/unique_01719/README.md,5b67dff6bd244f2c5f0519b86c9ba674120c959c51bcdaea95a737bb51726076
strategies/H004/unique_01719/strategy_definition.json,dbb105f927e3d7885c52b9db4e299406ce5742f485f857dc3803e5403a42318c
strategies/H004/unique_01720/daily_evidence.parquet,0d476723fd544fae3f9430b95dcdbb8f4c143bc24b672dee5500fd8f72bb9f96
strategies/H004/unique_01720/README.md,2fda16ea22bcebf138a67ebe7155549c63cbc59a1eae5d611b7086d4d08522e9
strategies/H004/unique_01720/strategy_definition.json,be83f280f70c40d1cbd1aa27335e1339bdcb6f9b3517a4e957b68cce3fc0e6a4
strategies/H004/unique_01721/daily_evidence.parquet,2fde23a502c7faf997ae23628a8d717770268d9200f7fef97ca154040077f78c
strategies/H004/unique_01721/README.md,bb90a4539afe5fcea1727986e91c94865863e790a7f6e591e9c7149627afd8e4
strategies/H004/unique_01721/strategy_definition.json,1955c079f4deaddce3127ccba6e7f1d7941fa34c61105c4e4551591db06fcbfa
strategies/H004/unique_01722/daily_evidence.parquet,cdd4f668014862e5bc7f2c029ce6f127286d724a83899c5dc676e18106b876b6
strategies/H004/unique_01722/README.md,340c5708ffb85cf721c531e8234450433a926989bd13e10e07996c66c1f7ab7f
strategies/H004/unique_01722/strategy_definition.json,a6479ae52790cfc71db0b471ee370328453600f39d170a0d1919604d3b2e1d84
strategies/H004/unique_01723/daily_evidence.parquet,a211fc4170ec4fccb88ffc2bdff19f4dba9d89b372f017267ae3bc07addf781f
strategies/H004/unique_01723/README.md,d21e0584eace9bb305d1981caea45c15970fc56cc36de3e1ec1e2f4a1a0f24b9
strategies/H004/unique_01723/strategy_definition.json,e9064643d3d63ca82374f80d5e73719a81c7944a30e88bcab0d1c8bd298d69f4
strategies/H004/unique_01724/daily_evidence.parquet,7c1f3d4c6a386cb70b9faacd63f0c5cebcfac7c5b6d22bb45a50432b75dfdf48
strategies/H004/unique_01724/README.md,a4e880c9a0ee925f5972678e06284f2aa239d46acec7cae7054d0f5cd1eb974b
strategies/H004/unique_01724/strategy_definition.json,9ac1687872a83de83ae5695cafba5a61fa7c1eade2568e77e637782d0cf61af5
strategies/H004/unique_01725/daily_evidence.parquet,d44921b6cbd057fb5500dc9d221c5c2b95e186953f45e012beb25fafdc5b13a4
strategies/H004/unique_01725/README.md,4182c782e76feb0dc8b28064cc3ceb8d9c1e01059f1b45cae6d65e544eab35f6
strategies/H004/unique_01725/strategy_definition.json,23f8bad92fcf9ac154bd23368adb6b628754622132a64ee6421dda5ae99b9d45
strategies/H004/unique_01726/daily_evidence.parquet,07bd7ed6e95533d50731b24ea72a29b6f84eb5fdf61bf45887f3873838cd31b3
strategies/H004/unique_01726/README.md,2ee23302ef326ce1d1935f31593143f4a648647973a7a4567baffb703c7decbb
strategies/H004/unique_01726/strategy_definition.json,f32a222ca2123463b7f19cf27b306260e3a3782b6172305110d132da74363f82
strategies/H004/unique_01727/daily_evidence.parquet,6447bd1f194661a51e6f8baf5008ac60a364eaca835e29766573a6382c1cda0c
strategies/H004/unique_01727/README.md,903a3d5f58228cbaa2743b6389c1c7437121f79cc68ee74335a1b866c8ba8b77
strategies/H004/unique_01727/strategy_definition.json,de52c80fd4087069e06b6674f1628dec90aa87717ab1f4d713055b10edad63d9
strategies/H004/unique_01728/daily_evidence.parquet,bde8ab6fd6caa0b1118d77f308a9c4c881e9f22c39cab9a3506246c0bf5929fb
strategies/H004/unique_01728/README.md,c1bd49ee8f3d60ab05b8582fdef029a3bdf307771b1c9247072fe27fcf74327b
strategies/H004/unique_01728/strategy_definition.json,2b5016a1a904480198a58090d8f37a823f66043fbb2392440d83bcaae24838dc
strategies/H004/unique_01765/daily_evidence.parquet,a10598f4c40f034700e247330bb711b1f82a11928ea4280dbf9e9ca92cf81896
strategies/H004/unique_01765/README.md,f79243827d5e443858ac5f569252b4e9686e8b2d8d15314d1e83f6fd66c21c11
strategies/H004/unique_01765/strategy_definition.json,6299a08598753929dacde44c87bb17bbc747e46b17faf70319b332d213442a4b
strategies/H004/unique_01766/daily_evidence.parquet,539d32ddee011fbe897b723d3b438095bd4619248390a820838e8bab677477bc
strategies/H004/unique_01766/README.md,25a3f28982850fe0f79f9f6768c4e1b80aae5eb5ef4980295f18f9b0bcbd3bd9
strategies/H004/unique_01766/strategy_definition.json,4a3d4a88c889ef312a14b4e9aa8e9def77b5cfc7cd5df00fc1f6b498fb66d04c
strategies/H004/unique_01767/daily_evidence.parquet,f9cfd87280bc02efd03b7d818e7948fc33472cb7672edf83567706dd1c99b72b
strategies/H004/unique_01767/README.md,188329a41c05139aa2566bcc4d707fe88ba85fabb86d13a85fc6399fc1c5e048
strategies/H004/unique_01767/strategy_definition.json,1c040130668fe54ef6263e6570dd73be4523d9b3ede5be34255b80584b9813fa
strategies/H004/unique_01768/daily_evidence.parquet,a10a5fa047effd9bbc1326df84d17dc79de039c7ab995fe70c5e9fd53065f42e
strategies/H004/unique_01768/README.md,4c18d437ae9ebdbc51ae20b1a7526ce61e4ff7b2c0b2aea870a23882afb6cc6e
strategies/H004/unique_01768/strategy_definition.json,1b1d0c446660654741353ec2a211da18a52e80396fb56123a351c45a627786e5
strategies/H004/unique_01769/daily_evidence.parquet,ee2b8e9f69221b366ab6480f9f4e75a7f94e7fd06c958be05bab97cdd080c438
strategies/H004/unique_01769/README.md,4189fc54044a730b828517e333ba9c30c7adf0c6a8ccb664dca30a95fcace459
strategies/H004/unique_01769/strategy_definition.json,fcfbc0d7a8dfd8c7065d8dbf82f5888c84d0a2548bc6dd616f2dd260e3477310
strategies/H004/unique_01770/daily_evidence.parquet,d746578c2e9b3a0e11210044b341bff05c88c5ec75aec769b82361dbb6602d0b
strategies/H004/unique_01770/README.md,a4e2186c51a2c6ac8e14509e48fb9182ed3df80634bdb0eff1cdc23adefd7296
strategies/H004/unique_01770/strategy_definition.json,80a495e270f7d7ac6227b73e0b0b8454de2c7a7c2ad36acdb84371f98a79d172
strategies/H004/unique_01771/daily_evidence.parquet,672b1e3ca7f4cadf04d2d6dd9f66e25bfed44331ce2567eef21e70c5b0f3f68d
strategies/H004/unique_01771/README.md,552e3a12c46190a4f2769508021f56f131d62e1de554fcbee318e30e0c7c138e
strategies/H004/unique_01771/strategy_definition.json,b6ed4c63c1805ccaad713ae3d0168c3ebc663ad1791e09f928a3743d354fbaa4
strategies/H004/unique_01772/daily_evidence.parquet,3e0a1770a45ff365ad2eb82e54bd3ae91f52e6a2ba1d41904dc636e5bd1797bf
strategies/H004/unique_01772/README.md,4f0a562a08fd4839e31eda8ce8cf1cbe1f7e63ead726c6af8d422c2371d29962
strategies/H004/unique_01772/strategy_definition.json,55a208d49a1ec7f4182b4c3d9ec31022abc5c11add0dc75f96b14ee45e84551b
strategies/H004/unique_01773/daily_evidence.parquet,1d1eed3e1f9fc77872606376c6ac8fe438dd5ea52169da9e787f70d59f5a9dce
strategies/H004/unique_01773/README.md,7fd829c6c58ff70f1bef62841d3881900514d60d1aab038d8a0149053611e0ec
strategies/H004/unique_01773/strategy_definition.json,880b40439f2c8afdcd6ab35f9282822d73e5698750dd40448ebbcf08b7baeb29
strategies/H004/unique_01774/daily_evidence.parquet,5fb1f0e49001a0f78f94af82d7e12b116e127a98916822eb1207772ae190210c
strategies/H004/unique_01774/README.md,ce1627ed3fd3d457b9e41517804d7835a9bba35737268919162390c582a275d8
strategies/H004/unique_01774/strategy_definition.json,b9d82ad11c159043ca3c8577c28ae3442c1271b44d0aafd64894ffd3a27a845e
strategies/H004/unique_01775/daily_evidence.parquet,7c0c18057cf72dfda8cd6028848c8e949fde7dcaf8f6e8e666fb35ab042e8c29
strategies/H004/unique_01775/README.md,deabe5b51ad14aabc089842a93bf1b97ba0154220c82f5cc8431a2da7d04340e
strategies/H004/unique_01775/strategy_definition.json,aa6109d121f73386b305f3f9c21992e937a0fd79af1b6b0886785d110f61b0ee
strategies/H004/unique_01776/daily_evidence.parquet,1b63e5d9bfc58e98431ccd9516d2b28575d11fce21431117bb813d530025144c
strategies/H004/unique_01776/README.md,7f0fc92246b14ac9fbfe2b97f7540496242f8b8e3d76a03e301d1c75816f11a6
strategies/H004/unique_01776/strategy_definition.json,085ab79bd78d0661c9637f637007c5783274beaeca67bf8c33e377e8b31b40a7
strategies/H004/unique_01813/daily_evidence.parquet,95d7ed46d0866e2831b15a7aed82d5ffe2d1b9ae02225ecd88dbdbcad1d90fc4
strategies/H004/unique_01813/README.md,a4cfaebdf8e1328d28c36886c766812efabb7cfefbb34ddafaab6657e8752318
strategies/H004/unique_01813/strategy_definition.json,a13ecc298daaaad316786f262ea547fea6d94168f2bafe6591f49fc950cea51b
strategies/H004/unique_01814/daily_evidence.parquet,9a8685fc3c28f0111960666c31363e35e812c9dd935e48e4e380beb44a000b7c
strategies/H004/unique_01814/README.md,8b27091b90e5285a8fb071d8bd0f0713bd317531217fda44acf5cd0adf8167a9
strategies/H004/unique_01814/strategy_definition.json,180ffb67ae547ba8b256fadf1d6fb9d5706edc9f8539db9cf814969548e51a48
strategies/H004/unique_01815/daily_evidence.parquet,62bf413f761943f8ca7f19522b79f4d6ce6602c01368a052d2b2622f595b4b89
strategies/H004/unique_01815/README.md,7108dced5080a308f05e9c1e346a1a79fa56fbb0a9ca9ef7efa7b07c27732108
strategies/H004/unique_01815/strategy_definition.json,86311faf70b881fd854c4ab47154d336bcb56e61340dd4e391c075af746c47e5
strategies/H004/unique_01816/daily_evidence.parquet,842309dc5062ae2898611c30b25ff367f288136cbb3546fcb609b1543d070a04
strategies/H004/unique_01816/README.md,6d386a09b7e5a395f84b246646aa78b6bad1c4a9be6bb16fe791c9cda497de58
strategies/H004/unique_01816/strategy_definition.json,d5a32c2f5bb119ac87a541961899d699039816bbe1e6bbb44e40af5b70e95bbe
strategies/H004/unique_01817/daily_evidence.parquet,ede9486b424224ca1901b4355b87ce49c06667ca66c52790f6d3b4fa78f62938
strategies/H004/unique_01817/README.md,731c52cb8c793d34c806fe6a615662540b923da22c51dd976c0ac4b07e3c68a2
strategies/H004/unique_01817/strategy_definition.json,f2a450a58542774de3f66b7f5aa13b3c33dfc356220058aae716b554b3ab2d65
strategies/H004/unique_01818/daily_evidence.parquet,d1c192c97879feba03f0987b564c572b049f20bcc09e2ea0ead6f419d0369827
strategies/H004/unique_01818/README.md,68547ad49fa84c91ad54dd4f1f200980832a73590b0de4fc8142baa71dc33c4b
strategies/H004/unique_01818/strategy_definition.json,df8ba364840437dda9b57a63181f419b4ead80c11eacde54583636e1d70b205b
strategies/H004/unique_01819/daily_evidence.parquet,7501f1b0f88511fbef0adc13c8d35e6df81e939e70a2628f26baa90c3efd313c
strategies/H004/unique_01819/README.md,7d47bc56d635fb00b090a57cbea07c25fc51bcf4122e4f7d205bf07b9164dd74
strategies/H004/unique_01819/strategy_definition.json,43249de844764d4558e17c943d6a883b4c8a09a0afec625a31aab56ca055286f
strategies/H004/unique_01820/daily_evidence.parquet,c838be5768a54c4807e7651704e9e287c4d494df6a380fd5f4d5ef5c35412751
strategies/H004/unique_01820/README.md,40a6f8d45c84cea37c4657c873a4770eb647a38516bb7ab98f2dc7f1546a2d25
strategies/H004/unique_01820/strategy_definition.json,a2e70d462ae4377522dc59694973b2359164fe52c58480a9f5b2f21b9dff6433
strategies/H004/unique_01821/daily_evidence.parquet,a742fab5057cb0dbcee55736f1faa251b10d43e897c9f0c2573423b70a163a2b
strategies/H004/unique_01821/README.md,f9466360c575f1ccaf544ec7ae8c581dfea96382b549c4b2f94990e19395fcd9
strategies/H004/unique_01821/strategy_definition.json,a1cd532a3eab31ae0bf46fc1aaad3f5992e123de01be68e62d3aa51d9fbd996a
strategies/H004/unique_01822/daily_evidence.parquet,72895b8ace2aabddb11ee04ff1f839e5207436d64b71cd881a34a61527ad22e9
strategies/H004/unique_01822/README.md,a34ba87e46d8ee14192f742821c6bb452ce376b83cb22d3805bfa0754db0aa53
strategies/H004/unique_01822/strategy_definition.json,ff4124350ffb4b8d188e9c1038f4a211c01eafa15e6fc282d1462896b85125fd
strategies/H004/unique_01823/daily_evidence.parquet,e277819d5221d68f391176d45a73b4606406f5d8e7ba910d706af1bbb4edbef8
strategies/H004/unique_01823/README.md,3ca5fc906b10222652276c2e8d7616ee7a483471ab2ad30bab54a38b00ff3e9b
strategies/H004/unique_01823/strategy_definition.json,064eb9d5701652df5d4ffde16650cbe679b15decf45fcf17bcf332c01afef8e8
strategies/H004/unique_01824/daily_evidence.parquet,8f9115a1a4cc7f202d6e8a2b990cf0e448080d973a8ad795b89db74529bd248b
strategies/H004/unique_01824/README.md,9633ca04530cfc5cc056593c95290d73751abd3fa779f5f4e6cf2ee2db485a8c
strategies/H004/unique_01824/strategy_definition.json,e1192fbb4224652cf80c10581d40b3584e7204a797f2173720628bc1deb3185e
strategies/H004/unique_01861/daily_evidence.parquet,c8c7d714d778714c61a8ab1bfbc27f824967d308371871c9c37609c877ed8dcc
strategies/H004/unique_01861/README.md,bf68235bfafb2a6e33077b739c9230808b4d6d1755c4102bc9a500ec8be1a343
strategies/H004/unique_01861/strategy_definition.json,e934af06cf272be5b0a7581e7969dda3678fcc0832d5dbff5842406f235c6377
strategies/H004/unique_01862/daily_evidence.parquet,bd01cfe0d140925598bbd5a104a339df60ca8b7236bb38b97c988826eb90611e
strategies/H004/unique_01862/README.md,5d665ad2896329d67b0fcba7288236362d32b4dc195f1b0c200700a36790faab
strategies/H004/unique_01862/strategy_definition.json,ac8b3d887de92e44bc1d08ce791aed5e861055f4873564504f0820527ffa38e0
strategies/H004/unique_01863/daily_evidence.parquet,3c8f3cb5497186fbdf14c88fd38cfe31331c1c051dfbf1afee459be911af2053
strategies/H004/unique_01863/README.md,85897772f2a6bbacb56e5e81a48c14bae25ae7cd3fe54d62ddaf9b4c13bf1cde
strategies/H004/unique_01863/strategy_definition.json,887c3cf032e0795ed23a61082023c519da5e54ac4e0cbc8e583ba7026f97a54c
strategies/H004/unique_01864/daily_evidence.parquet,9363aa0bd60133d7e33848a130f0f2860dc810eea72c976e0979765c6a54ff9b
strategies/H004/unique_01864/README.md,47f0aba009cc43f765f0025460931e76139a94a737b5f271805908fc041e41cd
strategies/H004/unique_01864/strategy_definition.json,7bb6c39b0694b2ca1bef5399dd63bd3db6deddb6819a5558bf198334b5f3a939
strategies/H004/unique_01865/daily_evidence.parquet,00a344ee231bfeb926e1d59e0206e0fbef78b5be99777053289498ba09528075
strategies/H004/unique_01865/README.md,67933c3fb14b13b55c5dcd2b292bb873c0757ffe5ca6613025c60d26405f568b
strategies/H004/unique_01865/strategy_definition.json,c246e397bae26faee44064529678eae64c69764f446db7840f6558cf43e79874
strategies/H004/unique_01866/daily_evidence.parquet,7290b787ca55d4a969a62b17f64ae6567c6ff915080654e5c136d8ff1c5f76aa
strategies/H004/unique_01866/README.md,48701ecefe36b33b9cb45e7f043533d6c5972c0441ae2e24c1bcb3c3f340d71c
strategies/H004/unique_01866/strategy_definition.json,e6d2ce67b3c640f43db2dccb2d2172f42ef69c6d2a5436cc8cf32047af40df52
strategies/H004/unique_01867/daily_evidence.parquet,9a5af7cc8f9b8887110f88d78e2bd08a868f3d1eae46ffba185610f15a0a4804
strategies/H004/unique_01867/README.md,4673a2f79c4cd36697815b3d47c07cbfa351c50447e975582aabf7e1a65a96ea
strategies/H004/unique_01867/strategy_definition.json,8c5bf8ad0aaad9a62c85e8dae77c637d671962c6e3e712d2689993e39a5b2868
strategies/H004/unique_01868/daily_evidence.parquet,4648b5f3cc8666c0361aca2cb1b1b85f85ba682cc83ba1ad9775cbeee490ac85
strategies/H004/unique_01868/README.md,96b80c90961316d0659bd71aa0c8e3180fa2ea1c326029f18ba99e2a8e08178e
strategies/H004/unique_01868/strategy_definition.json,fb82c73a92de7bf333e57d22e0a4938c6caa879d3148d27a56fab10424b74f1a
strategies/H004/unique_01869/daily_evidence.parquet,656e1890fc03948af3a8c41c79e3da9384d8eeb7a170320e34e1eda61b9d94af
strategies/H004/unique_01869/README.md,8068d15eda7fc8ce8b98526bdbdde16c15a21bb3943c278d668b1c722410010e
strategies/H004/unique_01869/strategy_definition.json,449ded6b080f2baa713abe4039f90e5899affe30f0c93fac8d6b23563ea04514
strategies/H004/unique_01870/daily_evidence.parquet,a85b38aa4f8be5193b23de1ba116b9fc4714791ac1304a258b10f0fe4d3759ae
strategies/H004/unique_01870/README.md,57b985b47500018b32e29cf218b88872330481947dc3b8f72cb55e7d003a1069
strategies/H004/unique_01870/strategy_definition.json,3d22f9735463c71b88bbd5c582cf146315cf763d72ec9db592f20840242f40b6
strategies/H004/unique_01871/daily_evidence.parquet,4cc42e3d64f0569fb87dcb66d777ddd93071bfdeb5b41d7fc4d88c06238f81bd
strategies/H004/unique_01871/README.md,5de18af6ee38d896cfb59370210724458e5d3b65237a759d02278c170202e437
strategies/H004/unique_01871/strategy_definition.json,153ebac7f822de65160f450541a087c3c1d2b948dc4ac2cfc5c7e1f24dc92a96
strategies/H004/unique_01872/daily_evidence.parquet,5035b42276ae9d142f449e8333710d01e0cf4d88a3af0d8403cace4cd3fb5136
strategies/H004/unique_01872/README.md,176d73084eb6efe56cebb268eda4285b580398fd734dfc21b8a428b2edd069d3
strategies/H004/unique_01872/strategy_definition.json,9f6e9ffc3a3dbdd3ab54d3ce877dbad74121587c2c0f6cc91d10515f0f9cdb8f
strategies/H004/unique_01909/daily_evidence.parquet,6065ebc13c974773d443ef565e80e84774b7fb29d4e5eb524acae66d7cba69e3
strategies/H004/unique_01909/README.md,09b8b7d15dcd16e798f1947642ad608b698e1f259f8ac18f32e923f1362bc57f
strategies/H004/unique_01909/strategy_definition.json,1e6fe794097c5e4a8a215a908fc33e0c78ad1ae129330fc405dda90817389257
strategies/H004/unique_01910/daily_evidence.parquet,43950bb59f95a2cf8223e84ee2f1c2ecd92d26b9d77672427924d232800b0686
strategies/H004/unique_01910/README.md,649dc1768a2c241c3006e5c114f6d001ab593c6dce46adc2e4a03dc5212444c9
strategies/H004/unique_01910/strategy_definition.json,3427e0cca0ffdf5036527ea47446e677756d11c62152ab40c59521e05eb63a2e
strategies/H004/unique_01911/daily_evidence.parquet,b2fc8c5a6a081da146260df137966004c78e3cb2ba716a7df4a976c6fc5df5cf
strategies/H004/unique_01911/README.md,5359065374febaf100f8a26d85589b6fc0f31f097ac95b507e0c731e231cc1fb
strategies/H004/unique_01911/strategy_definition.json,79ffce1f7fc50cb8fb519ddf6a0803da9a7e6cc9f910d859dce3efe651583548
strategies/H004/unique_01912/daily_evidence.parquet,d7532ce7b4d0f58242e8b802f00d487aad6b4d7014caf31f8effc28784a8ff43
strategies/H004/unique_01912/README.md,6f2c566c317c7517fd571f4054fa1a09627b37aa6ac895334104cb3cf77d1d04
strategies/H004/unique_01912/strategy_definition.json,c35c82d71c01dee1486700f001d8178aadec260a1386a55a490a148ae5ddcf2d
strategies/H004/unique_01913/daily_evidence.parquet,fb7a22eb0154e82dd9b2e661b9fcb7b153841a788b4f0a40e4a4d061fa4cdea0
strategies/H004/unique_01913/README.md,bd5d37a0ea421db2e70d733e80a83bcbb61f7a0664d90bf42dafcbbd946927c4
strategies/H004/unique_01913/strategy_definition.json,3bd11e8d66caa22712e4ad73b934b31a5ab3c514a015c0e97af5c45086324cab
strategies/H004/unique_01914/daily_evidence.parquet,d8d32149b02416077ac9243738ac73d7adf66dd41dabc1efbc63edb3cbf2321d
strategies/H004/unique_01914/README.md,5495ee1a1f33329bcdc6983fd4587d8dd2d7d3b8d2a90149cb8ebe4a8ea4b4db
strategies/H004/unique_01914/strategy_definition.json,ab8e36ff4df8a5a5c73c9cb1b0132ebb73d097b8372064259d17eeb2b8eb5a30
strategies/H004/unique_01915/daily_evidence.parquet,67f07d0d00aaa65dc238419b2b666cc3b0b1e6eb0211a40769748f983c03547d
strategies/H004/unique_01915/README.md,09c09581e429ec87520a427ec48627ad1638d54217a70e1593c87461736dc69a
strategies/H004/unique_01915/strategy_definition.json,ef07c163fedc830c766bce876c4f4d077550431e2ef764d82cfb2a3c4f6f2249
strategies/H004/unique_01916/daily_evidence.parquet,afffa35cf2b8c03c20b70cbce97e37a206336d91282d4589f73d2837524abf01
strategies/H004/unique_01916/README.md,1b9189d7c1875dd0a64ffd6f9ef2fe1b9e2be6c1f0dc0649d52131388c2e9cb2
strategies/H004/unique_01916/strategy_definition.json,4428d6efb8b93adc41d5e9c1722ef52d50d0234f38b611d942ea1f6c643aaf7f
strategies/H004/unique_01917/daily_evidence.parquet,f4da0b7829d9ad0ec2c7082a26fed81493636fb1a57405bd609cc029d21c5875
strategies/H004/unique_01917/README.md,58ea98ba603087643c93a8e0d190012f5a01b220b316ff548fd1031396e44cd4
strategies/H004/unique_01917/strategy_definition.json,15174da6b1bb7303e123e83511d3bdc287cdd23d5094fa6dc3aaef3f406d716e
strategies/H004/unique_01918/daily_evidence.parquet,3fd6781b51a17efb778a8a961b98eed72a187be33adbb59d45f702e92532cdd1
strategies/H004/unique_01918/README.md,f4312e8e7f6ac50887eed8d55d302da942ff7f93183e66aa51d0fc40fd8e9b12
strategies/H004/unique_01918/strategy_definition.json,dae67e086ac666b6e53450c529cc73133161176bffc26e0d21040fcd9f13045e
strategies/H004/unique_01919/daily_evidence.parquet,888662f3c04d91495fe87dbacae7f55e0fe836beb214222f1036024138d9ccd8
strategies/H004/unique_01919/README.md,69ba2649d29d2dee1313ec6b44694bc3193d0a7487d8dbb998c3731459c0547e
strategies/H004/unique_01919/strategy_definition.json,e22af330139a958d852435b2f7ad07ed66f6e605ef7ee98cf183d137c2458b22
strategies/H004/unique_01920/daily_evidence.parquet,eefcb0b77375ec0ca5b8f5a2f1d4aeb526008c79d2d2fe589f8718d3fe25626c
strategies/H004/unique_01920/README.md,47d9041d803a71b32a9136c35ea0527de6471296bef1f91dbd2c74271dbddf8e
strategies/H004/unique_01920/strategy_definition.json,7a43a44725e30c8b8c6bcc76e0d419b587020a23e87f0baec8f03231cdd263c7
strategies/H004/unique_01957/daily_evidence.parquet,45f2557b905478baebd18da27224465628f7dd67d4c6976f9f3ee4cf302d268c
strategies/H004/unique_01957/README.md,e9515b35909af1e7fbe6c3f21f96fc5ff618ff77f1aa2e45d6892241e8b225d9
strategies/H004/unique_01957/strategy_definition.json,0a9376352122a47ff69cfb169b8ed05043b05904ab5d9e6be11ee8033704b420
strategies/H004/unique_01958/daily_evidence.parquet,a032b12b9632cecc0a11d4113668b8c1a9c4d4e419da4969178b2b3229367b39
strategies/H004/unique_01958/README.md,9448adbd8c39d7481b0fd4b4fc3614046b50a7e7824c4bcbb960718aa3f87c42
strategies/H004/unique_01958/strategy_definition.json,d404cf3e53dbb7eff375fcc5b9d2565784f31b9e08c3cee6430c86e596520409
strategies/H004/unique_01959/daily_evidence.parquet,1d95d92980114e11a7130ba9f918c155c71e9b83249c5e40aeadac6c1deffadb
strategies/H004/unique_01959/README.md,16e1bc75b0b1cca6ea8f88cc624d27ec4ac5896b42cfb5decd5647ef9757fcbe
strategies/H004/unique_01959/strategy_definition.json,5ad2f64a9af4458816b8a4bbc4aeef8d06fe13a04d4c5f7fffb4b24fc3253832
strategies/H004/unique_01960/daily_evidence.parquet,b1c07aa4e78ef0043bbce89efe08f18dfbfcb74be9fde691aed76f565ad9ad04
strategies/H004/unique_01960/README.md,d778c506df8383be95a2a95e767774250682862604cacc4f2d741ac1f4f987df
strategies/H004/unique_01960/strategy_definition.json,e296006c38f4f8ed8a3688f4e317f4571c3ed1f0d7129f78fb8bfbc3c8483567
strategies/H004/unique_01961/daily_evidence.parquet,99f2fa9788102454b78cb7c05ae3dc330df0dcbb067c38687cc83c531d985e81
strategies/H004/unique_01961/README.md,1447b68673edea1ff5774e683488ddb9420c03034b4e98db9591af919dec0bbd
strategies/H004/unique_01961/strategy_definition.json,01d7386323fcf14568ffba2c6eabeb4b6bfb059201139290861a663c7cea514f
strategies/H004/unique_01962/daily_evidence.parquet,f01996a368c4147d1d7991921c944b809c86ba8d1562ccac081c64b09f73af00
strategies/H004/unique_01962/README.md,1f9ceff839334b80b6ab1609f11668b5c5eb7c273ec2f226d42c6080cfcc8eda
strategies/H004/unique_01962/strategy_definition.json,c06122313e8242a2ad61361ae4a17aca06ee4f8a9a75ee34ee9259014571a194
strategies/H004/unique_01963/daily_evidence.parquet,65768fe570788c40ad7a4c258022015c3ddc90c546fbe1e45704e93ec918a19d
strategies/H004/unique_01963/README.md,ef6cab3b80b3eeaa734f55876f8fe4b13aea2118f1e14284c1979f390215a1b0
strategies/H004/unique_01963/strategy_definition.json,dcb61e5a838abd73e15a467ac967d0e15bfbcd9eebf1a9a0b6160dd02576327f
strategies/H004/unique_01964/daily_evidence.parquet,82cfe5419db6ed4ddae4ebf36570ef740cf3263f2f9b60be80efab57eaeb23d7
strategies/H004/unique_01964/README.md,5b07a28a38ca295ee72097fc1c071e2c7ffa7445c67f77997ac07ec710cfbd35
strategies/H004/unique_01964/strategy_definition.json,f2d65af84bba1b0a570679e7e8b9d670b4b168e71808f045caa67fb9dbbf7dce
strategies/H004/unique_01965/daily_evidence.parquet,1850d68e167d36a4764d5a7b0d56dacb034fdc7b859315a576e0ca1137ed95dc
strategies/H004/unique_01965/README.md,91d73fd3e7887de29062cd4323613473e9a9cd14c9c2cf4f15983d81546f7f5f
strategies/H004/unique_01965/strategy_definition.json,0675c08e647099f9bdcf2a38ad897a4a376e2d74fa0ec7262c19dc6ac10be315
strategies/H004/unique_01966/daily_evidence.parquet,f01996a368c4147d1d7991921c944b809c86ba8d1562ccac081c64b09f73af00
strategies/H004/unique_01966/README.md,fdf28cbf49c85e4bdae0cf9e243e094e4b8ff3d6f17869f4311934bf464abd59
strategies/H004/unique_01966/strategy_definition.json,bb15ac51db28e2bf386416ea662c3c97a92c02a853414eeb35f019fb7ab39e21
strategies/H004/unique_01967/daily_evidence.parquet,74cd13138f7f316e9015e8d6d595ae30b16ea012a26e13d646653bea8cbf20df
strategies/H004/unique_01967/README.md,b0655b07cba00809a05f40ae84397516a1b5525b7ccfacb28101d244892a0266
strategies/H004/unique_01967/strategy_definition.json,9bf0e49bfb8c2af85a870c4e9d9499d64115f525b460c9a3ea5a7fc2b9c3fc36
strategies/H004/unique_01968/daily_evidence.parquet,c73642f6859e0cece70ad093c70d74a566a9b5763741209d31676deb121ef0c5
strategies/H004/unique_01968/README.md,ea59187b95b2799c270e04ded5c47c7924e0115f95a1778c022b76f1088cf7d4
strategies/H004/unique_01968/strategy_definition.json,560689fccfbc66bd22a79b4cf64bd3cf148354e5e71c69784eb94fbe322272ce
strategies/H004/unique_02005/daily_evidence.parquet,d4533c0086f46c3eeb88e8aed966ce445d1826bcf38fe09a00ce3743d464ea87
strategies/H004/unique_02005/README.md,9d35e78b1dc4fdfe6798c720f4959c38a0d12c70c8e0552b49fdfaedea330374
strategies/H004/unique_02005/strategy_definition.json,465a5cf0ce5acd96a2e2202905d7b4997c71ebb3ad7c27dc9a81696463ddb033
strategies/H004/unique_02006/daily_evidence.parquet,caf95c5183cc08c3a1ef3b590cb62aef1da9d8f6a6332de933147cc67a3a6e58
strategies/H004/unique_02006/README.md,53e51ddd2a68bf087b11b60ed1f547be4e5ff8641f9c53739862c85b011e3fb2
strategies/H004/unique_02006/strategy_definition.json,0efbf74a00ff20ba3c508a71357df09bc9da1bbd4fa00cd6dd9bacece45747e2
strategies/H004/unique_02007/daily_evidence.parquet,7889b0c01e98ec3eddab0a3c495cda8a58ec8e22180b5531f10819b6fa43ccfb
strategies/H004/unique_02007/README.md,62d1bb63f17585b506aecf560234965b2a72b888148d26246b444d6eb0fe6f81
strategies/H004/unique_02007/strategy_definition.json,a2c5d51d1e7a26e3f1cfb2a7b71b3446e7065d12f961bcca3fb8e1792d7d4e0d
strategies/H004/unique_02008/daily_evidence.parquet,a398ad7d0da0a67504047aaa06d0c21247a0593b593e85cd7ffa10d20944568a
strategies/H004/unique_02008/README.md,4e15a2be1672629f5a0c61118a6a957bb16e849144e2c66248691fa737eb975e
strategies/H004/unique_02008/strategy_definition.json,769e8c0a64e9c99b07dc7046696154aaff14f5f61b516d8eeac3030db4eb329f
strategies/H004/unique_02009/daily_evidence.parquet,63ef1fe4bd17815e071e2b59142a5ec16f24b4b3a1857209fea0fb40c2d8b1cc
strategies/H004/unique_02009/README.md,7ef98c9ce3833e3276e1a0aa385c7c52dc072fa231f18cc71b1fab5b31753a4b
strategies/H004/unique_02009/strategy_definition.json,5d45362da45d98c38664bde60cb8e281facf93a3343b96afe22d52bfb6f8a202
strategies/H004/unique_02010/daily_evidence.parquet,265a5dfd17d474918f0c3a5d81693432c998fa51b7fb92fcebbc2047a832e4c5
strategies/H004/unique_02010/README.md,6c5f26104731925f1cd893dc5068ca3b8e7d1737d829df76d73bde379ae74ac4
strategies/H004/unique_02010/strategy_definition.json,2e19051730e9952efdab759b19de61abf2e3b5bd671c8b16b02e7eb28f07c03e
strategies/H004/unique_02011/daily_evidence.parquet,f98788511ac77af5bfcc48dbef880b619fb0c739b148264b3406c96bd1532ae1
strategies/H004/unique_02011/README.md,84b5b366c742a3ff926e2fd4e4a767701d7cf41f3ece1d8a04b5f37dc095718a
strategies/H004/unique_02011/strategy_definition.json,b9867db54d690d6342fea1ab8acb80e30f30658186618d8d8de7f5719291667b
strategies/H004/unique_02012/daily_evidence.parquet,3aa1ff175829ca1343f479c0479e10b83715ea327a677b9b9a5a49285da4527b
strategies/H004/unique_02012/README.md,710a09facc26e400c309f05b8764b917f1deaf5fe137595cd4a03d57eaf26e13
strategies/H004/unique_02012/strategy_definition.json,41841f24658b5b3694bf12d6c0df6ecb89eb7c16e45c0b70110b66dfcd449e65
strategies/H004/unique_02013/daily_evidence.parquet,2b29617897f001a260c7b965edb7f9c11c157f7dafab16f4737ebf55c79a0af0
strategies/H004/unique_02013/README.md,ec7e485a19abd8492919a1cfdc96de15b1f798a96fd870d78a2dfca59817b14d
strategies/H004/unique_02013/strategy_definition.json,6e50396bffcdf3e8cd07b4906fa74de16f5bbc9ea0daf19115c8ac1deebdcf25
strategies/H004/unique_02014/daily_evidence.parquet,4b69b8f63d81c0cd18860741b9c4e68763ec19fabd683d8c6b8908cd042a4241
strategies/H004/unique_02014/README.md,367ae9ff91e2c9d1a2baed7000fcd483f3a29d82377e528fb43c33e82ae18b63
strategies/H004/unique_02014/strategy_definition.json,ab38687fdad8d3c7b7cbbd632c1670c49011762c02122d17d5a64a1dcfec45b5
strategies/H004/unique_02015/daily_evidence.parquet,642b227e813679205d38273a56d786e10ad1167639270c906c3de1a6b8c5040a
strategies/H004/unique_02015/README.md,f42eada9071c3e59310728ab4bc703e0c60dd64d6f3db7924fef7949c0dcfc2c
strategies/H004/unique_02015/strategy_definition.json,0f42863bc2836acea9c840e1f3bc74e5ab1c8f323b0f4f047d0a848819467f34
strategies/H004/unique_02016/daily_evidence.parquet,4e154bdb2420d86b635594b66e2a19e698067e46f9868b68287e11711b46e802
strategies/H004/unique_02016/README.md,431a215e010a9e7c4f70e93667f5af94e960d93911d12ff536bd7be78e2e63f3
strategies/H004/unique_02016/strategy_definition.json,36e27fec0dc5490a9d9dfaa71f7aaa5f8e026680e58fa57e186cec9ad37d14cd
strategies/H004/unique_02053/daily_evidence.parquet,9aea584e1560a12d505c902ba8ce0c5b049abf09988b24e2899f426bae6e0c6f
strategies/H004/unique_02053/README.md,063dce0a263b8093c9c13004efb697c26691703f1a420403c248150eefbc5c3d
strategies/H004/unique_02053/strategy_definition.json,d5a9136fcdba4edcbc5e1d5be11442fa2a9722b5d185ce38ce345afefe533b92
strategies/H004/unique_02054/daily_evidence.parquet,a23587dbad6d69adb84b2eab86acec5e3a0b2cdc69f9c2e0e54a5ea7544ed958
strategies/H004/unique_02054/README.md,ef1e0f7be75f612798c996a85fcd9009920f63e96e419738bafa60ca964ba414
strategies/H004/unique_02054/strategy_definition.json,9731bb2e1f75ac46aa3e82f629e211a4f94759cc09d90974d404a3264b475d34
strategies/H004/unique_02055/daily_evidence.parquet,cf2959653cb8e9c118c2247199731effc3c0880ddcc0ed0d6ccf9979cc827d7e
strategies/H004/unique_02055/README.md,3471f4fa269d79193bdbb5ec61331b62ab8ce7834aaa07e44df29d62004e0ee0
strategies/H004/unique_02055/strategy_definition.json,ddf3d442aa84fda5dcf07ace077e94ae8ea211002461f295e3ec22b2ba56f190
strategies/H004/unique_02056/daily_evidence.parquet,b47c7c3b7c3cb2ff49611e781bbfe8ae6007dd2c9f8f18571f8d11a279d0db9c
strategies/H004/unique_02056/README.md,e31105a77748a318953e78c95a4a2d74c284a6440576714fd2dc14acb8ac97f9
strategies/H004/unique_02056/strategy_definition.json,d555eed8a788710bf75034b3c83b0e35606f9557e6f39bf2ca6fd25f3db76bba
strategies/H004/unique_02057/daily_evidence.parquet,4bee01508e8cea16fb8125f0ba505540a5ca229aa9738cd9ad9c70a5ad807d5c
strategies/H004/unique_02057/README.md,00b9d48af8137965278d3a8bc19ee1c9b88847e9247025dabfb4ac73723114cd
strategies/H004/unique_02057/strategy_definition.json,348e447c17b8989b5fbd5c516ca753ccf189aaeba9b48b23b23630469a3ef565
strategies/H004/unique_02058/daily_evidence.parquet,18eed7ad86cb97a3751991cf19ed6e2e8bff74de9fd50284f4f97b9e20ca233a
strategies/H004/unique_02058/README.md,d7ec78e8b9c0556c5e10aba8fa280e9224fe4262eedbce8f9a3ea8d31f200c43
strategies/H004/unique_02058/strategy_definition.json,7357b6c146dc01c37a14d70868138c3dca9b33c6fc58cab7b2ac8addcb6a9b7e
strategies/H004/unique_02059/daily_evidence.parquet,4679c2a7f2d93aaf7bd84adf96b4de35e207a2ce8cef6697d9c09c172deb3d4d
strategies/H004/unique_02059/README.md,85d97656f350d2a1c440b81a5bc4d7355b0d0ebff07206d72515b47c5606f000
strategies/H004/unique_02059/strategy_definition.json,1bb8be7046231236f3f9c298779de02a5d53d4361dae18a3d1bab9b85be620d8
strategies/H004/unique_02060/daily_evidence.parquet,bd638504e052b2681d323ecaab38772d1977361fd28d88f43586a565996e79b1
strategies/H004/unique_02060/README.md,318f52256f64a5e2eaa80c27ad2d971726f6b6755f041af5f1567a3586ef9b84
strategies/H004/unique_02060/strategy_definition.json,324901ba06db3270b05fc4fb1ab35e99f9eb3eae6fee854c5e772c6c1ed6ae21
strategies/H004/unique_02061/daily_evidence.parquet,848c436d8e46ed0d3255172f517bd856cbfac66420242409cca992f5205ae9ca
strategies/H004/unique_02061/README.md,f843674cbd4f0ae0ce9c9db46cc73d1219521508e6edb0b5f815d0104a8996d6
strategies/H004/unique_02061/strategy_definition.json,6b1fedf3ee78f54581b29985cd0f911d1d1edf9bf2d2cf654417ec1327f538d6
strategies/H004/unique_02062/daily_evidence.parquet,fd8a8f4593583ad88d3dab31dd9a2d312bebdd36f5ac7ce595ba3e97f9086ea6
strategies/H004/unique_02062/README.md,b73bdf115ed10b112772603930ef873db83a7f1f0f0a2dc8b3a7d461cac62318
strategies/H004/unique_02062/strategy_definition.json,25e443e6b8f453a2b2b42d03bdf6073cce8150f22efea142108b4ee158f4c6a6
strategies/H004/unique_02063/daily_evidence.parquet,6d3ab1ef69a3343b9781876488acc649a0aa4855e0deee32e5f7061000886ff8
strategies/H004/unique_02063/README.md,5ea8efd61942cd78ae0e0d8724869b67262f9a1e1832b3a40bf9c9fca77394c3
strategies/H004/unique_02063/strategy_definition.json,954eb8c2390166a26ef9634e97096a0e97507cda9a2cbd21bc529b003fbbfdde
strategies/H004/unique_02064/daily_evidence.parquet,499c61b2466ccd3bcc066a0a53913824836988ef55ea4572cfad82a165452509
strategies/H004/unique_02064/README.md,7147579620b15e4e63ab77817f280ae1de303ac8e4a3b6b78febf41879c766d5
strategies/H004/unique_02064/strategy_definition.json,f8be84aafb076a3f589200e32f27bb02cf248db5d70ff977a4b8d9cd60b6bfd6
strategies/H004/unique_02101/daily_evidence.parquet,a95688f9a58ad1e69ab21ee007fb9122735c3d72110fc0395afb1e59b55bfcc7
strategies/H004/unique_02101/README.md,82d9c3002f21f12623ab2886c9551ad7ba823761181fcce68342d8a21e647f31
strategies/H004/unique_02101/strategy_definition.json,bf44a69e6b7e019aa3ff8bd63ff2ff844e94ed3040979510954694244b126d1a
strategies/H004/unique_02102/daily_evidence.parquet,c400b917d20aef1361be1589f60533d67111240efb3eb7db352461a524261b1b
strategies/H004/unique_02102/README.md,42e0b031d0a9b310a105c8d2d9438a97e92f834288f64df368d3229f89ee88c7
strategies/H004/unique_02102/strategy_definition.json,296e0f4084cb2f6c18318b98df1d43d688f51d52cae5ad0e2a2e737cdd5ce774
strategies/H004/unique_02103/daily_evidence.parquet,70c87ec02f38f54100b2d3c428017e4cbbe4d90abb771d152cf24234871df9fa
strategies/H004/unique_02103/README.md,1fb37fb4c456443946e5c454d7a8b433028da0fa9e1ceaa7b596322a5bc4756e
strategies/H004/unique_02103/strategy_definition.json,f19d242ae756a8d61312baa25787b17cc7eb9866b43679dc46f286d29e9b4304
strategies/H004/unique_02104/daily_evidence.parquet,079e2488da1f6b51aacd2e7a0cbad8a62e09ca8bf5193455ff46f9a426925931
strategies/H004/unique_02104/README.md,9fa3d9a9be3a40acbfb1f45d912db5f0a132e725dc9ff80be067bd891a1540b4
strategies/H004/unique_02104/strategy_definition.json,d4cacef8f2b2f69c14049fe87495ce4935c2456bee1ac5640fbfca94e8ebc6ad
strategies/H004/unique_02105/daily_evidence.parquet,d2415dfd7d3d87b612ea07696dc9c850424df19c7d35375befd54e7f861275b9
strategies/H004/unique_02105/README.md,167677726fd5a63034ee94c14bd776724d6dcae0928f44c89ae05f5530e8703e
strategies/H004/unique_02105/strategy_definition.json,d9731be4ff6b5eb66def74e3b6712bac93ea39140d91719bfd92a0d9a9eef204
strategies/H004/unique_02106/daily_evidence.parquet,b79e08ac8e50084753b50ca907571d36dfd7070254d196796695592ca6159ed3
strategies/H004/unique_02106/README.md,8cf8ac34dc5da5bf88d2f144f62b95c94b1bd480b82169b5a576f73544a5bca0
strategies/H004/unique_02106/strategy_definition.json,7a0ef6126f27a987b93b876d50b8c85e9a3e1a2f99c9ee3c3f15c32c4b7c7634
strategies/H004/unique_02107/daily_evidence.parquet,be9796310bf3b55dfaa5f224d90b0d9c7ab090da427d1efa452e79a8d6948174
strategies/H004/unique_02107/README.md,ed7f149228b7c03b6bacf1f3ded5d27a44ea6aeb23e834248bd25b44dcd22983
strategies/H004/unique_02107/strategy_definition.json,5de0c55c89eca347b624ca177c66f21e9c5500b58499f84015b3387990226b47
strategies/H004/unique_02108/daily_evidence.parquet,587a29f3c36acd5696d46cd6f6a4c3ef63491f852123b753da5581a01e026dbf
strategies/H004/unique_02108/README.md,5aa3288934da39f38eccd6f483b6b2b35ba6ef785cc8317deb77fa8550b055bb
strategies/H004/unique_02108/strategy_definition.json,3dfa8d57e693e6d87bf4dfc0e91a89a328ec7e16254ffb8dd25f765989284483
strategies/H004/unique_02109/daily_evidence.parquet,9c80f420da4a0f482cabae09f1a27cb97e1696b7753cc64c4d14b3a0bf9391c4
strategies/H004/unique_02109/README.md,798ae93194ac3c9fdbd6a735b72a00598cc87b7e6af4240c1fc22f1555f883e5
strategies/H004/unique_02109/strategy_definition.json,3abe6989598a968940640c1698a34f87767fcf719c279367abd22c7177d50e74
strategies/H004/unique_02110/daily_evidence.parquet,3be709df0cbf90fca8108a40424cc246c1989136dc70b25fa7c1bcb84ac58730
strategies/H004/unique_02110/README.md,4d297394e0a75bc0b15fbe0986350f2ff224359496b1125224798712a14d7976
strategies/H004/unique_02110/strategy_definition.json,388e848d5331e4477df5b42cb2720df2e9934930ffc0ad66fc9641e2e52fdff6
strategies/H004/unique_02111/daily_evidence.parquet,42577a4b16c024f89820f3ca8a57aa88e85e18afab3a2f444c40399b6f092aa3
strategies/H004/unique_02111/README.md,82dae546286ef6161350e955314c4769ca81784b537a014ad85a9d2ae721c715
strategies/H004/unique_02111/strategy_definition.json,5be0426823465d83e53c97cc1aa7e4cb03822452254fbfb979b2e8e6fef8f8cb
strategies/H004/unique_02112/daily_evidence.parquet,c7d7ab41ddd207a15c88df9cad771c40ff3d8aa02a65eeb69e74a4f3d1ddd6f1
strategies/H004/unique_02112/README.md,a64d994bcbaea6e98fe201095aa66a991556e447427d99ac185e1a28b9b02e39
strategies/H004/unique_02112/strategy_definition.json,9da11296b3047a747a1363084ef39b8ed040089f76506250f41c4ea5f2b12ec1
strategies/H004/unique_02149/daily_evidence.parquet,d2aecc8f4e0907cb830bcfcf1d8aa2d32dc00cd59ad72762ec74bd12fa63cf00
strategies/H004/unique_02149/README.md,303e2f6b249107bfd4c89d501ead76e29d5289cbd4eca3a76114fc539498d6f2
strategies/H004/unique_02149/strategy_definition.json,1414a33df43afc1e435a5506aa39f7475799e83beb017a72769005c0af2f5f7d
strategies/H004/unique_02150/daily_evidence.parquet,77c4062bdf02d1c7315208389788910961ba3951ef9089c3ae5f4dfda77cd118
strategies/H004/unique_02150/README.md,b73a11a2e7cc70beaa92455bf2013150846fe1ffb88178ba847a57a012141d7f
strategies/H004/unique_02150/strategy_definition.json,86063919869d57bf1ddc6649d71990cb551edbfaa3f2dc1988ae9ff994eb005a
strategies/H004/unique_02151/daily_evidence.parquet,d97bdab6f493967778ca3b542f3275589f8564eefa7443563513a62cf9182543
strategies/H004/unique_02151/README.md,6e2adf019aa2d5c7c0edb8fcdfb2b8c787ccd27d2f0fb379e34e2a81c26bd2f2
strategies/H004/unique_02151/strategy_definition.json,1311dd74f57ab5e76d2f1a8597df162348311fcce31ffa4f575f6a5417e33088
strategies/H004/unique_02152/daily_evidence.parquet,ce2c59d67022c5a06f4164e4d173954d76395f5a0b4c51d815717e762015a115
strategies/H004/unique_02152/README.md,7ae42ef7351dba04eacef380754a1665054f050b93aafee7390cf61bda42d449
strategies/H004/unique_02152/strategy_definition.json,6186e5aaaac5fc53dbba9a1909234564a947003fea1fb2f017a0a4cf6065e027
strategies/H004/unique_02153/daily_evidence.parquet,9f04359624ee11db866bc7d55c130421b012d78affaf77961127174affa4035b
strategies/H004/unique_02153/README.md,7b6b265dd539fd37f2b0ce76dfd67a8af5028410bf5fe7010710f5b6e247f8c0
strategies/H004/unique_02153/strategy_definition.json,83b3bf15f914a4712761991a5e80038c8609e2271a5e573b8055826ef1e85d57
strategies/H004/unique_02154/daily_evidence.parquet,77c4062bdf02d1c7315208389788910961ba3951ef9089c3ae5f4dfda77cd118
strategies/H004/unique_02154/README.md,a58cbc017461bdcfa6b8cf8db46d088b3f7377945680ee51823127fb346d53f2
strategies/H004/unique_02154/strategy_definition.json,a091ca53e96595f685802dbc454825eb0b81963311169d5c121bbc4c990c8a93
strategies/H004/unique_02155/daily_evidence.parquet,70384236e9821d6d0695fff745742cdfdad6516019a73cbd159706dacb726fcb
strategies/H004/unique_02155/README.md,13fd2b0b2869c6796086fbad6a8ccb862aa52a3fb4c9ef2f5239ed8d71df1156
strategies/H004/unique_02155/strategy_definition.json,eb8647e5e366f1884fbdf49f4cb4c346769a4316c2f649df7f8f7d71b7638aa5
strategies/H004/unique_02156/daily_evidence.parquet,0ec54cfd4f85ab77169368ae706c5664772b0bce5b138880d99381979956f69a
strategies/H004/unique_02156/README.md,befa3f770a08c3ccf78465415785dfb5ede420fd0cd5843538db9816f100fd25
strategies/H004/unique_02156/strategy_definition.json,0fbe60f476cffa1a02340ed1065e37755a220116797d0665354de74aa9d8a125
strategies/H004/unique_02157/daily_evidence.parquet,4817b10884424b5358b1127100a0b0ff44642ae946dbfdb04ee933caf6eca6d1
strategies/H004/unique_02157/README.md,b3ee7089e00ecfaa1a16f0e98885ddb9c8d29ca1d827aeb8783ef1d0f6449150
strategies/H004/unique_02157/strategy_definition.json,bbdcbaf9588d9040f5f10a31bd2bd2b63c012cfab4855210ad6febbccbeb8bfd
strategies/H004/unique_02158/daily_evidence.parquet,77c4062bdf02d1c7315208389788910961ba3951ef9089c3ae5f4dfda77cd118
strategies/H004/unique_02158/README.md,6ff95c820b3efda1b75f5eb21b4c40a6f12d46499c05736b6048f4850b118e62
strategies/H004/unique_02158/strategy_definition.json,fda51a23e8302cb331c0a337476d20d7b91c606737ae22ebada2c34508444b25
strategies/H004/unique_02159/daily_evidence.parquet,742474ac37ff7eec2e2eb2bb95d5859a2c6878b8856518381160a7fc78137de8
strategies/H004/unique_02159/README.md,45f9572f5f8efbfd22b0d761c9b920efeec462eb7b4208de35ff610c37e884cb
strategies/H004/unique_02159/strategy_definition.json,1fff2f97807ffff016d5a42a1b630bad0a2b364f40222d6e30c5099bdc295be9
strategies/H004/unique_02160/daily_evidence.parquet,4958e876516bb3ee5b257000eec283b7044f100f9ba865fa4d4179b1588777da
strategies/H004/unique_02160/README.md,4c394f65dd4c3dd8b59ae2ec14c9f2eec0f5dda353094ce08315bbbf7c50b195
strategies/H004/unique_02160/strategy_definition.json,ab928d86ca5728aaf16b564af7ed23113fbaaaeff693309de92d906c0b5d5d7e
strategies/H004/unique_02437/daily_evidence.parquet,e55a1d48ba757b1250e65fe80009cbc0a11dbb28d23eb1064c3b78ab6e55c923
strategies/H004/unique_02437/README.md,d6d913024b1d3c452a5d1a010618c6bfb308cf32bd317e7f32d8134b8e9732e3
strategies/H004/unique_02437/strategy_definition.json,7f37de12e6ad762ef43fa2002c54d5036393c12c6418997a35537e3c81504d3d
strategies/H004/unique_02438/daily_evidence.parquet,81a112856f9c37a15078617b94b891b114f9f965e075197721ca8676d078d0bb
strategies/H004/unique_02438/README.md,95e1701329f75ad04db97cf486cab04693cbfb6b42ba2c4578ba8965aa379dfc
strategies/H004/unique_02438/strategy_definition.json,f9ff02be53431114153b9177657eb540202fdd2bc4efbce3008d841c44260a60
strategies/H004/unique_02439/daily_evidence.parquet,1630e15e0d3943fac9d96329ff7b1fe510dcf001b9996cf4cfcf84715ba78468
strategies/H004/unique_02439/README.md,99485e3e267150707f635c0d8cedd22a4fceb95da2c360ce26cec6c213a5ced1
strategies/H004/unique_02439/strategy_definition.json,97e34bc0c1ccc6b549ad4e28c358e2b002c8c964ae3c0a4a55a1d40699149e9c
strategies/H004/unique_02440/daily_evidence.parquet,a5b3a2c559b465813d7068a7fc68cc6951c58b9bab0391d4d3606eac34e3d20a
strategies/H004/unique_02440/README.md,626e1f1edbd0f021d0fe77e1a74766fdc37e2849291884a5073c2488bb8415d4
strategies/H004/unique_02440/strategy_definition.json,9b34340b9ffe22ca02cba800c073b791612e53bfc1494dcade0151c2b6aa106f
strategies/H004/unique_02441/daily_evidence.parquet,164568f9dd612e3819b29b89ec5c0228fe542b519326a2e5ba2997afeb03b965
strategies/H004/unique_02441/README.md,3d0903df618ad72e186be7c2a262d606da7bc7200fdca0b4c951d7e7f9be62e4
strategies/H004/unique_02441/strategy_definition.json,ef2a943a18b3c5574d2ed996640068a0ab1da42b1777c3b07fba3ec43be9c03c
strategies/H004/unique_02442/daily_evidence.parquet,ed4a5dfd9cc529f83712767f41d946af4dda8f7aaac612ab486c25d50a0694aa
strategies/H004/unique_02442/README.md,77c224c8b451b52d8cf0d50961502a3ce7e1cfb94929708a89b82c11e873b7f0
strategies/H004/unique_02442/strategy_definition.json,db5cf2ae51179e9919e0f0cea7410cb2b904704f9fba31ee4412f4293d6962af
strategies/H004/unique_02443/daily_evidence.parquet,d7c1462fead4bd101f0d1baa642d6684713fd9f2d8a9fff6d834b2dd7124da69
strategies/H004/unique_02443/README.md,f00d29740e474d71cdf90db9604ebd50bea8cb64ae82781b81a9348942204fbf
strategies/H004/unique_02443/strategy_definition.json,c0a0897cdcbe0c0935cdec6866c1e3867ec249f08912897579a8bad3fea46ae3
strategies/H004/unique_02444/daily_evidence.parquet,5b3a853a55ea7d1ba6a4d23203efaae1c00018b8f024802e29d7f21d3472ea4b
strategies/H004/unique_02444/README.md,0ea0e8ffb7a24ff0e23af1372dd84345b573f8dcc7c86624232d8e2200124233
strategies/H004/unique_02444/strategy_definition.json,76e44ca5b318451b0fad40310dd000c5a6e0d7502a7c2db8a9e6506492975c11
strategies/H004/unique_02445/daily_evidence.parquet,90267e6a5bbbaf5bdea2facd24691195a9d9f93d38c3c5f0071dbb32d28382b2
strategies/H004/unique_02445/README.md,ea58b19046649631ac01d0ea51ee537d141874b3ab4538a40bb27e7dd843b1de
strategies/H004/unique_02445/strategy_definition.json,461d57c0d84d14f520fae1141eced8cb834a29608cf00c620ca9b3f7634dcd3d
strategies/H004/unique_02446/daily_evidence.parquet,bf4d9ef991c1d8ebe482126bf4f093515032b3991135f36db1512718f18254ae
strategies/H004/unique_02446/README.md,1f9b160997ae586ee7d55bb75830176965618d5c49ee548ad44ad9cdcb82ffa8
strategies/H004/unique_02446/strategy_definition.json,8ad5d740ab21302b509dda099c934078ed605b45f2f9339ad78a1cbf7d2e4b77
strategies/H004/unique_02447/daily_evidence.parquet,e2564af1ced7bf35cb8a1afa87ca59b1815989b6bb1bfae8c96e014855004bdb
strategies/H004/unique_02447/README.md,8e910f85c7176dd1ad9e81c8bee1bf8f32c68f1ae63dbdfffd42089e742e022d
strategies/H004/unique_02447/strategy_definition.json,748a44a734cf2ebf733ae921f5d41cfb69de0e79c8de2d8655e7f8d0c5390a6a
strategies/H004/unique_02448/daily_evidence.parquet,9931f6fe01710cfbe71f28a3f75d566a240fca5b7c7e675616afb5b84c148038
strategies/H004/unique_02448/README.md,bd30ba642f311f478e884b6aa9ce1925aacdb61f2b899f04ccb662fb9f3044c5
strategies/H004/unique_02448/strategy_definition.json,9b38a6098495a95aecfcd75ccdd13cadb60931221fc6a1e3fe0159190a9c38c9
strategies/H004/unique_02485/daily_evidence.parquet,727856a6cd8d629fa0c2667eab60a71e8dc7e1f6b2271399f12458b73e53807d
strategies/H004/unique_02485/README.md,44cf1e31c5bf083492e111c7f032c9af0409b5802f7179ccb2737a563ced8221
strategies/H004/unique_02485/strategy_definition.json,b5613ebefded25c2b517c7c25ec478616329f76fc2be61de3dc66990f6bc9f31
strategies/H004/unique_02486/daily_evidence.parquet,c8c63c0cb10306e782363fbb4bda5a1c4c97848c7b64834de9052d456f6b87d4
strategies/H004/unique_02486/README.md,993af842be2980f320abd92a7838888cabec33000b6e40078b5196341f656f37
strategies/H004/unique_02486/strategy_definition.json,25f3e1d6b42f77d9bf1c7e4b3d2db32c061cc8006e8c0407fd2879477ece4ba2
strategies/H004/unique_02487/daily_evidence.parquet,a4d0126bc28fc70b97b491a32009f1adfa0b8707490e7b289cafd352abc41961
strategies/H004/unique_02487/README.md,8ab1bd06e389d0deab77f4869a86f9f4d3c861dea1ed5b5c83f899d57e101d45
strategies/H004/unique_02487/strategy_definition.json,a81d55c0c41d80960af761f1bd806ffadfe7f5b7a398f5664fd049c8b185f853
strategies/H004/unique_02488/daily_evidence.parquet,065776dde75a39abf292a3a1b4b007ddca27769d74fce78e7aa5b0c5092dd10e
strategies/H004/unique_02488/README.md,ea53126cd6a062f45a6d850479b610d329836407ab297e6dc225604297b6946e
strategies/H004/unique_02488/strategy_definition.json,0c87efa8266b1ad96e80712d6eaac4b9861f684e428c198305348f20c917c94a
strategies/H004/unique_02489/daily_evidence.parquet,6c95f042874e68da17332a3ca427047e33e9e335301bb68bdbdb4f152707f95f
strategies/H004/unique_02489/README.md,4c0d2eb03d840819f2871a87feeaaa18da2e114ff45c88fc61418cf3f0bac6ee
strategies/H004/unique_02489/strategy_definition.json,70e76e2cae102fbabf48eda8dff9e25aba6daf38a42b29c07a28c97be69ef376
strategies/H004/unique_02490/daily_evidence.parquet,6f63bcca61560485e1acadaf3a2a55ce70c5e1c42e0c558cfc7c0af11fca8170
strategies/H004/unique_02490/README.md,f9f29c2194c9806d5c47617467673f3a08bddc634511b82f2fdfbe1fab38640c
strategies/H004/unique_02490/strategy_definition.json,3c25a776b2963b9d7b2f925b65898c52474c3e3c88df5caeae9465c9291539d3
strategies/H004/unique_02491/daily_evidence.parquet,254754b41ad4ff1c1e537f0ee92fb367a6013d969dc783c41ca8627ba5b14024
strategies/H004/unique_02491/README.md,0f08d83a8099d01bc20e39cd2d73ecc85d714e6caf78997070839568e4d144e6
strategies/H004/unique_02491/strategy_definition.json,b7becd60190fe3e61237da12b4e160449eed4f0beae603cc9e9350e695f073f8
strategies/H004/unique_02492/daily_evidence.parquet,2270e476398b658b6f77cb60af290f23f73f3ae2ec58bb188eeac0bdb9abbdd6
strategies/H004/unique_02492/README.md,1b9a56f71fd85b7c9d9be3b49e57edc241f2db2439349125611f238372c6f328
strategies/H004/unique_02492/strategy_definition.json,1b259e41acb46cfbdfd9cd8895276070f9dcb64780be9594f3348d23ef44f1c0
strategies/H004/unique_02493/daily_evidence.parquet,fb445792a3c4a8e5860006dbb633bad25c74690e091e5e7f05c2328eaeea235f
strategies/H004/unique_02493/README.md,9ad13f54b91460bcf31822323fa16766689e31ba2b45ac5101139c031df011bb
strategies/H004/unique_02493/strategy_definition.json,29e83bc0d7fc5b43780f62f0c593ee60f9d0ff906863ab06c47b821055f11361
strategies/H004/unique_02494/daily_evidence.parquet,84952720ae25753846457c8f1138b91c7b24e947854ceb4c7df5230188a9fb82
strategies/H004/unique_02494/README.md,5f473122fcba6f1fe3c063de3822ff2a4a66e961ddbc9fb2686ed615dd1bda62
strategies/H004/unique_02494/strategy_definition.json,5e7ad840c1cd7b8a4fd15f28dfc614870a35006ba9d54aeb9724599a62b01126
strategies/H004/unique_02495/daily_evidence.parquet,a91874b227f5b68b6efad690c45c2ed603686c1bf74c92c255711c9d35bd1711
strategies/H004/unique_02495/README.md,4d70c90a6d46e5c038131da785fa38591540e0ab34053f8dbb1bd19d15a55943
strategies/H004/unique_02495/strategy_definition.json,1e42caf5c4a7019697cad8d042116d9d32d299d6fb058fed738d8c07e01fc2dd
strategies/H004/unique_02496/daily_evidence.parquet,9fb2ee5a517cce34414031eb8901e05d6e635d8fad3602764ef94afc837fd9b2
strategies/H004/unique_02496/README.md,3572bba2bdaeb477c5dcafed944f12160106ff9ef0a5d1bb9f2d18008fe25d26
strategies/H004/unique_02496/strategy_definition.json,45c485f7c0550a2a6f8588209134134bfd6a6f3fd723373f2968a52ca483b2b9
strategies/H004/unique_02533/daily_evidence.parquet,ab102011a455be7df44ebef78597d982584bde8a74612f7ab33e65fd0cea95f7
strategies/H004/unique_02533/README.md,1c3c1c510af613ce959408037ebec4cf7a3c3b6220c25cab452148cfd53c71d6
strategies/H004/unique_02533/strategy_definition.json,f75f4a6fff4abbb56670b348971945f59da36663ba1009f1734988b923084534
strategies/H004/unique_02534/daily_evidence.parquet,1dbbf0f1e17e129681e37be991dc71f715aa50e034c4e350d352c3366a6b93e0
strategies/H004/unique_02534/README.md,d1aba5e51b1be06db740d11d693fddddbb426f4a73460dd2ff5d87f4e17e7735
strategies/H004/unique_02534/strategy_definition.json,5c54e098423cc7c4648ed23b9a2e226f41badb625cd413cbadc96a82766900ec
strategies/H004/unique_02535/daily_evidence.parquet,5200217ee1dd4cb369eebbc8cf648713eaf2618ab6e00aaab2f4631b55efad59
strategies/H004/unique_02535/README.md,851996f944fa5ce082499ab0d3f812c12f62cf9cea938ce7d6551c7bfa557da4
strategies/H004/unique_02535/strategy_definition.json,a9dd42a8c0c6229e050c43c45fc3eaed4707830296a18a24188e98c7206dc516
strategies/H004/unique_02536/daily_evidence.parquet,a20d507087c94d1648a14c4c8d486a3c8c2435bfbcfe16229b57e37f3ae4395d
strategies/H004/unique_02536/README.md,70e55240a91467378c4a2eeaa25bb78ce1dec4480bef0b22199dabf26c19ef52
strategies/H004/unique_02536/strategy_definition.json,b1b3acfd42671a85de79c8b0086133f972a029f7ca79b2a754a1c7beb19e47cc
strategies/H004/unique_02537/daily_evidence.parquet,2469e3257f835421f40ec06b31e66ccd87bd12d121357ece5ea19434cf885b79
strategies/H004/unique_02537/README.md,6a6ffea6ba4ac086bffc811cb981313e83dcb150cacb9214c40cb8cf69a149c3
strategies/H004/unique_02537/strategy_definition.json,2d1e469074cd3fdeac111d7b945471d56629b0aca372ee302d1bbfd389dfdaf7
strategies/H004/unique_02538/daily_evidence.parquet,f93ee1385cd222634974e1bb1bb9d41dbce4cab15e7454431af3a5b8cda23346
strategies/H004/unique_02538/README.md,deed8eab6926660370ca8233231bece78795ff84fe633026b8c5441df9c2de95
strategies/H004/unique_02538/strategy_definition.json,f18518d1ddc3e0410b04e2416c5939bb389ce7753d86e621f01fe2aec55d8667
strategies/H004/unique_02539/daily_evidence.parquet,498b491e1909ebc255083898436cf58fe16be8012d7d40836c856e199cc4389c
strategies/H004/unique_02539/README.md,52921b0207403fed5049359f2d4034ac8cbc3ef97906369ec52642960e60aab4
strategies/H004/unique_02539/strategy_definition.json,61a719dbdffddbbc90ebd26d560a59d36e5094a48989e1b4b48fd2df35db0bbc
strategies/H004/unique_02540/daily_evidence.parquet,e07bc3d0b0812e8d8b221bdb702db5a95d567666a8af9d08218789ad465409a4
strategies/H004/unique_02540/README.md,dab33d73a3996e2005b1a6bc6c23b4b5513a066cd2f8e109efbdcfe185198df3
strategies/H004/unique_02540/strategy_definition.json,61e881bff3502ec4fc589ecbf173d81e1d3d55a3a232e9b20a139f57f0087940
strategies/H004/unique_02541/daily_evidence.parquet,3e7e07b94f1ba87785646341266235f3c39185f1cdd449e9fcf3ab5405013361
strategies/H004/unique_02541/README.md,6f983c449a01d84fff13da3b104c82bb54f9a1e9292a6eb84a2c324e84fb6248
strategies/H004/unique_02541/strategy_definition.json,8c24e1578fad6cae6612b3765e41626cc327cd5180ba1764474ee997fc480481
strategies/H004/unique_02542/daily_evidence.parquet,06bde5a40a24f77e8bd0bf3dde15d83cc452dde97f847b9d5439d84659ab855f
strategies/H004/unique_02542/README.md,6df4b2c8d0206c7ab8e45792eca4e4dada9018078183146b6dee479af84e86e5
strategies/H004/unique_02542/strategy_definition.json,d1d992d2f627253474baa213d5a2793b751721d3bd9dd0e150d08c25155c04e7
strategies/H004/unique_02543/daily_evidence.parquet,2d5e923d766393a0d16f7f655787dc945ae11b6f2f773e6e8053da97d696e595
strategies/H004/unique_02543/README.md,5056bb12abd2955c8afb4f2f2604d4dfd07b6a5d575676b4b5a096d713ba04b3
strategies/H004/unique_02543/strategy_definition.json,35314ed00679ac5929867c6dd1146cd7ffc77a998cb37b82a752dc8c15934df5
strategies/H004/unique_02544/daily_evidence.parquet,830f1d329ed764ccb6396761a4fe38c7f81c2efbb5f611ac7d63917aca168694
strategies/H004/unique_02544/README.md,c2c7e2080d74adbc03f966d961ddac246c8ffe9a5154cf039f6e8d19488a949f
strategies/H004/unique_02544/strategy_definition.json,6937f8e171325e68737e7d8fa0be7014f2128ea12e52bc908fff021be38687c7
strategies/H004/unique_02581/daily_evidence.parquet,92f6c4ea0775c6de5d7a6eca1c82e74a20338ff5152b0d2abc79af64f6762798
strategies/H004/unique_02581/README.md,d8f08e1b14d7291affe218e0d2af8fe12c1ad38be789c7e9a74a0b2d47537f67
strategies/H004/unique_02581/strategy_definition.json,7ad8d002abe0998bafc0d587b169e6c6771258da944d17152bce45894fa32428
strategies/H004/unique_02582/daily_evidence.parquet,adfbba84ee2a97f3789e3c0064d7f2fe27e345145efb2d1d6232e057b1e0a302
strategies/H004/unique_02582/README.md,b27f154218cdaf56f646c5c357a5a8c3c17d61ca737dcc074f674a833a200d3a
strategies/H004/unique_02582/strategy_definition.json,47e876ea9716c39b09e757314df699858b2f27c9071520f1fe2e987e114b3f3b
strategies/H004/unique_02583/daily_evidence.parquet,6f84c3f1f70955bd7b58acf0931990406f4647a6a1ef63d4281c7c266349ff37
strategies/H004/unique_02583/README.md,1cdae611abc9b16b8717ccac05c72df713dd5a08a738cadc36e95a9475078181
strategies/H004/unique_02583/strategy_definition.json,96a96e4798e8341353417770767cab0b6d742cdf9d89ccf104331ebcf2df5705
strategies/H004/unique_02584/daily_evidence.parquet,f778685082141965ba6c2407d15e2e7f7fff33c65894fd889de395d6c3ccc5f3
strategies/H004/unique_02584/README.md,a56c0699e923e75f4423f857f5f571741fa7e7a24ca2c55819f65dbdbd2ad31f
strategies/H004/unique_02584/strategy_definition.json,9b880f7c89fb9f7f2ff175bd437f4aa9208e088dc28c9ea968ed26d83c7dd0e6
strategies/H004/unique_02585/daily_evidence.parquet,9a8d0e07fd6e74020b4a69bb551937d0aa0e2bd5ab300ff1c35f58c1d46eef5f
strategies/H004/unique_02585/README.md,4e025a9feb46142f52adf0413e0d2f8f407765b33c757f6fd27e795e0cb33c53
strategies/H004/unique_02585/strategy_definition.json,02e153c44d08d33f1c40ee2d4e80195e4a63c58acb4d85b7eca27e860b2f5eb5
strategies/H004/unique_02586/daily_evidence.parquet,6bf2e5a166f87226a33a5661505a293cb2e8d4f56001440c61fae505e1704e5c
strategies/H004/unique_02586/README.md,1e950ebae8184962701b74d43b0dbba10e497dad8952c127e71cb9d7698bd221
strategies/H004/unique_02586/strategy_definition.json,fa6a83587caee555426776dbfe58b8a7d55b12199aea104bbaeb02f1a382ffa8
strategies/H004/unique_02587/daily_evidence.parquet,57f63159710454ca96c3e1b4a23a438427dbbb520a7470b60c2c4da257aea28b
strategies/H004/unique_02587/README.md,6d45ac7ef9e7c8b66e7da8760aae9260811ec55fae6a28ac931af5fa20ba0f44
strategies/H004/unique_02587/strategy_definition.json,c8e11b2322a783ff572d774b0f7600a6452a0b64be6d15e53e86975c0ca0d0b2
strategies/H004/unique_02588/daily_evidence.parquet,7546794d6650ea6657777db8b5265442b8ce69f9035adf25ccaa1527b2577558
strategies/H004/unique_02588/README.md,369ba7646ca56f9f1f97fd588a953e6ffad8f02a6ef513481e0b53c428713fc6
strategies/H004/unique_02588/strategy_definition.json,3b5aea404f0a38fec87b00ee365517ede64b833da4b98a55180711e22efa31a8
strategies/H004/unique_02589/daily_evidence.parquet,e51843c3360387c3f77e73d337774ca4a6a2522848de7b3bb0b9ca2417ef42b0
strategies/H004/unique_02589/README.md,cfe9c525bf3ab20c703f6d321d07db292233af56591febe51872664e59d5cf38
strategies/H004/unique_02589/strategy_definition.json,835adfa46d7cba3116b212ac90f05636f463c8f2e814bf49865ee076a4958ee3
strategies/H004/unique_02590/daily_evidence.parquet,a1ef9c1b9bcec0e93983d1a464ee6d5ae83e028a1b17177bc4c0544d05ed3f56
strategies/H004/unique_02590/README.md,3bd8aad208cdc5fd4a840223ef0f40e0b463e85df7e08705ae24c7b5a7627a00
strategies/H004/unique_02590/strategy_definition.json,d2a2c3f936f989c267ad492329a8f3ae749419cb040a8edbebe982c79ba43337
strategies/H004/unique_02591/daily_evidence.parquet,dd0ae9fbf926f446b877ab9b5cc258358e7f8c6f942388b39b09f6f1e92c5160
strategies/H004/unique_02591/README.md,8860aef5024cb5dcf2908e425f3a6cd9ed4325aa78a697ff44743f79c6b3dbfa
strategies/H004/unique_02591/strategy_definition.json,e903a49a7949e2fba393a015d031688d23dd6b53c594674b7e1c46ac8072be89
strategies/H004/unique_02592/daily_evidence.parquet,d25afcfa95877e6c5dd55476ceb8dba94c7175203dabcd365e5640dd1064644c
strategies/H004/unique_02592/README.md,d7f94cf80395ef96b203d0851fe4cee56b7d09f9a20ae23e23fcbf00979dcaaa
strategies/H004/unique_02592/strategy_definition.json,2af4e445cd4763de7062a4d1f5a3279a3525861d9983150586488d20ca60dc74
strategies/H004/unique_02629/daily_evidence.parquet,acaa6766f04ee50c8df649c8325d76cef278f99918fd35d5f338db1e8a1aa14b
strategies/H004/unique_02629/README.md,5bc5430b03881fabed084c3bb8fa80393991dace6e0e34f458f204f002dab2f6
strategies/H004/unique_02629/strategy_definition.json,fc1294c331fb03eee9473a4ec656f938759dbc0812de13933ce978f238fb5ba5
strategies/H004/unique_02630/daily_evidence.parquet,e12fc2b76d7823e715c79909be9223b173264f7fa1ceaeb8d04b1aa0effa9a7f
strategies/H004/unique_02630/README.md,7659c7971bd832cabf06602800cfd5cf323841b4f7782b8277f4bea565cc81bc
strategies/H004/unique_02630/strategy_definition.json,d8fe7608c6948cc77c3ec2bc5c3505058c8d16e6773a80a17c14db9c5f7e3c75
strategies/H004/unique_02631/daily_evidence.parquet,0d96a64b10c4778347271471197c266d86ff7773f48ac8bbe1c419261c7ac1b1
strategies/H004/unique_02631/README.md,2650cb4dbfcc6214a087430e7251d2aa0127cbceaba822e7495e37a60037d792
strategies/H004/unique_02631/strategy_definition.json,9e549db1edcbd186cffa69e7e5fd64e34ff1da8f9fbffd4692861935cc394ec3
strategies/H004/unique_02632/daily_evidence.parquet,a9068c638f2f0834f27c1181992ff7418d182cd1a297e4f1f93cffbe7a00bc82
strategies/H004/unique_02632/README.md,651ccd4f66302247ec077407500afebe751210670d54434fdc87097395598a1c
strategies/H004/unique_02632/strategy_definition.json,b30f4e1a7976bb2c462b1640900b8169ebaa1b5fbe10e3f38632723b2f9362bb
strategies/H004/unique_02633/daily_evidence.parquet,9657a9e204e9801c99ef1a0298bbffaec5670fb175ae8f37bc4fcd5f84446e05
strategies/H004/unique_02633/README.md,9086dc37b04aeafa7b186d0ce6c5fdda5b120b049b39548a29b129b0f2ab7716
strategies/H004/unique_02633/strategy_definition.json,8d00d4ee3a643514bba8216e61b0467ccfed90bd61573c76f361245f61fc56b9
strategies/H004/unique_02634/daily_evidence.parquet,1daa7e4dbe36d022ff832760cdd5c1294ec1faac3c3788ad8207ce99917c359d
strategies/H004/unique_02634/README.md,8a705d5fcbe2e3f1e953dd3c21a297fec3b7042fb54b66aa87adb1526dee4bdc
strategies/H004/unique_02634/strategy_definition.json,8f2d5d1a94f81de7b1a47716c67f43d8748e6437a9d45ccf9faabb45f7893d52
strategies/H004/unique_02635/daily_evidence.parquet,b7c8717bac798e8849593b5a26d976beb64726f636621687f673570ada2fc396
strategies/H004/unique_02635/README.md,7eba1858ab63f4bb8c28b9614e89b7eeae96a3431f4c46bb8af08655a51cc30b
strategies/H004/unique_02635/strategy_definition.json,dd70658081f979eecfe92284f092d331df8ca786d5c85da33ec047736ec94e1e
strategies/H004/unique_02636/daily_evidence.parquet,4e0af502f946ffaac31a806d440c5fd3557e990bb36a561205adf3686f1f9c86
strategies/H004/unique_02636/README.md,5a999b88f37a14cc9b68cd88dfd124c2366f229eb47690b30091da38404bd468
strategies/H004/unique_02636/strategy_definition.json,e0dada0c798575a77098385a41d6a6fb9ba965c7e56afabacb37ed6d8ddcf3aa
strategies/H004/unique_02637/daily_evidence.parquet,d27f4d1403649eb7d063fb007c709a7fdf217bfb2716697e8a1f188f469947b2
strategies/H004/unique_02637/README.md,d3e4f6ead2d2e5b6b5dbaee2d4f4f40544b786f6b8bbe4f10abde492b5fc84be
strategies/H004/unique_02637/strategy_definition.json,326fb270a2a88d05af6c78bef54dcb78ade124bee439e9b4e0aadc4e0cde9c99
strategies/H004/unique_02638/daily_evidence.parquet,49f8170e85a6da9006d4613d5e99dbd351e3d80808fba9afb1de0a6ad0365272
strategies/H004/unique_02638/README.md,ba869321670640b4fa18a678c722b082daa071ceb8608ab84b621a46d951467f
strategies/H004/unique_02638/strategy_definition.json,b03df2a94b5e8e70a5968e01cffe757f3705cd3ed900da153a2bd3347c675309
strategies/H004/unique_02639/daily_evidence.parquet,20cb8943ddb6a2fd80aebdc350266a6c2237ebeb2dabe9b083a1b4352c46bd64
strategies/H004/unique_02639/README.md,ad34bf93060509e5767d21fd15f36780e42079b01fbec5b6c20283f629a33665
strategies/H004/unique_02639/strategy_definition.json,91cc9b47bd6e116d0f44124a93acb6e1faad3bf49f84eafcb06a9ff92754d90e
strategies/H004/unique_02640/daily_evidence.parquet,de88cd545bd8c82a53d7220cef65be52d7e3b7ef2f6f91a2e55789673525d0ee
strategies/H004/unique_02640/README.md,a8ba25127f85f4ade3518d08c34e7336547fa1a714fa7432fed132b9b9330c05
strategies/H004/unique_02640/strategy_definition.json,9435a1ffb506be4539a98c99a5cbb98df32fb7527a6159ac0214d35eb356020e
strategies/H004/unique_02677/daily_evidence.parquet,f6e81261ab48fa2464d22aebc0eeceb1056e5f5f4a529f546be4f6aab47f215c
strategies/H004/unique_02677/README.md,4c15f47d69e776644b7f3040c4a4897248bd5d3445dc04f5c221e6dd40c5e69a
strategies/H004/unique_02677/strategy_definition.json,854f180dcac7274ac0957175a8dde0e0ad82fe331bd235f6dc493ca9b34863bf
strategies/H004/unique_02678/daily_evidence.parquet,f92be00bf6cd26acf5357a387def87f18459f768ded513e8a2fe1dc250669933
strategies/H004/unique_02678/README.md,88a1cb825611133eba556ff2575d723f86dd70e8ba65c9ddb0289cde48b7b7d1
strategies/H004/unique_02678/strategy_definition.json,4013f346a470c4a9d789f34f694acc773aab2835d07d5a90ec7cc63fb70d334d
strategies/H004/unique_02679/daily_evidence.parquet,abc5407334ce693291496c2bb5e929b44538aa6f6de9bf7583c5205ad70e62f4
strategies/H004/unique_02679/README.md,9eba5f49cc6dce9acf1abb962d2808c39ebec1f1f45b2447d63289d1f08bf305
strategies/H004/unique_02679/strategy_definition.json,943ca56b37476a6771919a570d8ae4550135931fde818f3b099852388f2881e6
strategies/H004/unique_02680/daily_evidence.parquet,d56811f06399fb782ea95cb8e68b4ea0022116e643efdbee190f5c080f3826ba
strategies/H004/unique_02680/README.md,f2d241e62caf4c998acd8b1247b2ed6351caff4cc766d4c3b544704191542559
strategies/H004/unique_02680/strategy_definition.json,29fa686969d52015baac4ddb23b88237c389e680bdf31a92ac12047df84a2ddf
strategies/H004/unique_02681/daily_evidence.parquet,e70a34e4ca734d83f8f7e69a432e3d42a69a13ce1a21aed09a1d35e1ea0a78d7
strategies/H004/unique_02681/README.md,70177e62d36f8cbb36ebda24915f20180ad9edbd2149074181196ce93e299f3e
strategies/H004/unique_02681/strategy_definition.json,957123154f4594c59832ec67820ebba086371c38c55927415c7a2ca9191a88a4
strategies/H004/unique_02682/daily_evidence.parquet,313d70e066cfa44349ba328139778cd4f988add3e3b758d1f296707be081344a
strategies/H004/unique_02682/README.md,638a80ade12c3a0aad39136eb1d494790cdcd9448183831517c4f80ab8e7a3bb
strategies/H004/unique_02682/strategy_definition.json,c86466faac96963e706dde306a29d5faedc3fb85e6f84cc2084726d307f4042c
strategies/H004/unique_02683/daily_evidence.parquet,61c338b8ae2ebb2432ea61888aef16454f5332c23d35b840115e0e2ae4efe4da
strategies/H004/unique_02683/README.md,ba9fac533a4c60d55f120fe9fa6c3c006ec01ff943107eceff798dbe91b4e2eb
strategies/H004/unique_02683/strategy_definition.json,35ba58fd14c37f55c29be631c7aad3cb1b10575663822e41648c77eab39b132f
strategies/H004/unique_02684/daily_evidence.parquet,3cfbbc5f982fe8ddc792a97c0bb951efda82cb3426fbf576d00ecff4f3fde600
strategies/H004/unique_02684/README.md,754daf7182828fca51dd465655f09ea6225ce2379ad10a188adfefd3069b18a0
strategies/H004/unique_02684/strategy_definition.json,36bc3c0cd2080d07966225f576d3bd712612fa5b5da8ef1ab0f90fb9c3e8f54e
strategies/H004/unique_02685/daily_evidence.parquet,1f73acc412dd1db26ae71a3ce71c54e4c5a6a93f956002ba70b6be18a8026591
strategies/H004/unique_02685/README.md,29e753e0aaf848dd2dc1501e8dcc38008c0764964142206b3e005bc79e6c4a08
strategies/H004/unique_02685/strategy_definition.json,be355f99ba1751744417a8ad8b1a5340e8788b186587004bd3c955298572aed3
strategies/H004/unique_02686/daily_evidence.parquet,628b1d2efb5e5e7949c9e3e0f687602eaf302f660e8d3ca1bbd862d443ee2914
strategies/H004/unique_02686/README.md,197fa9ae1d36eb5311d396e24848fe6c62517b1022437d8fad5ba982a3e97269
strategies/H004/unique_02686/strategy_definition.json,1d967d0908d3c1d1176a3255a2178c926e274cdd6369c9f32a162b1c0c967ad9
strategies/H004/unique_02687/daily_evidence.parquet,5d7d4da38bc0b25f4a7007dd39e135a0901913042df7454c61ec99b2a44778e8
strategies/H004/unique_02687/README.md,af844413466f4634a9979ff856bb79b065ef0e0262d752c3a5835409086e423c
strategies/H004/unique_02687/strategy_definition.json,70e968857552ab810739fd7ca053d8a7aa523664896f6ce9a2012654292fc469
strategies/H004/unique_02688/daily_evidence.parquet,fe6ab50b63dd94b9c722febdf6cf82a0750f58df28ba0e7dcecfbcab82c2853b
strategies/H004/unique_02688/README.md,1892ba05fefae8081fb0cb0fb7bf980f5554b16dbd15fc008504116a8ff00000
strategies/H004/unique_02688/strategy_definition.json,446529feeb3fd27f91aafca0af6631572f2c52375fdbc07e9f21412aa78be367
strategies/H004/unique_02725/daily_evidence.parquet,72e877b232e849f94556b89aa7d487e62cae3d9be09118c6d5490b58c8ec3000
strategies/H004/unique_02725/README.md,f2876f05043b1cc891c8745cf82c94ff7015ef9c109ba03d0bbc3e0dd3992d29
strategies/H004/unique_02725/strategy_definition.json,1881c972a861139a546f8ff51140ed6bbd6818c03df3a4085a70eff34a9551d9
strategies/H004/unique_02726/daily_evidence.parquet,b5820508ccacc9472302141612926cc5e5eccaf50bd25c21d32019cac450a9b0
strategies/H004/unique_02726/README.md,238bd871768f41508e32b70cce16a617c2510108ab13818f01c7bc47914aab4f
strategies/H004/unique_02726/strategy_definition.json,5f440d418d8ef5ad2b1e9c25f0c0fb0007f6bed812bbdce742767fc3cf130f35
strategies/H004/unique_02727/daily_evidence.parquet,41b85a08575293a26303eff60c14fcff6ab5c87216f5b4c1e54affeec7e5d37c
strategies/H004/unique_02727/README.md,d4ef057eeac1e35c860421c3989566d17b16437513ddd78d9e7849d924a75656
strategies/H004/unique_02727/strategy_definition.json,99df14a21e54f4b2cd7020e3ca8f90180fa9a7d3be8d8081eaf0a650c6e394d5
strategies/H004/unique_02728/daily_evidence.parquet,f416b03161b8b97d9f9a79cf4090e397910ca0c8d6932e9029b5fda617b815e7
strategies/H004/unique_02728/README.md,54702b7a5c5facf03bd70e3a79310320881bb20d183e7846835e07b69d4b3a7e
strategies/H004/unique_02728/strategy_definition.json,4ac169f3aea4fdf783e0498055c49c7beba347addc847fc7d3f0b760785a9a80
strategies/H004/unique_02729/daily_evidence.parquet,b191701b8506bac6f21aecd390df9ac45de078aef5f015aa0df56695514fdc7b
strategies/H004/unique_02729/README.md,0f4436ea200b68eb327e0bdc71591121a7b37cea700a7684e974dc7b3d0bada1
strategies/H004/unique_02729/strategy_definition.json,26931c7b69df1a4d36607487141405b7f26f081aa0b7e853afd9d3429fcdb0da
strategies/H004/unique_02730/daily_evidence.parquet,b9ad021c5ef054cf31e89f840d9ccd5b3313dd6c001071c4a9e745ee12d1fb89
strategies/H004/unique_02730/README.md,01e58f434f85bc58032042e9dcca9b78d16288175bd5628e0b342f081d8c619a
strategies/H004/unique_02730/strategy_definition.json,70e7c3b217e2613b4510ebd0aeab278e14aba14d710a33a3413e202bedd28f60
strategies/H004/unique_02731/daily_evidence.parquet,ac6fabc3394b6b63ba26caa12770032d9d83bdd3df54264e5d7321d1e501dc64
strategies/H004/unique_02731/README.md,b8fcb29811950bc87db95886b0c03cb8840b886f14ed0c9038734674cea16ca6
strategies/H004/unique_02731/strategy_definition.json,fb64b85d35076ecd8cc08c96ced0ffc48b679cd042fcb9a5daa5b1381aef72c9
strategies/H004/unique_02732/daily_evidence.parquet,d5d79be1452f67f1fdb247fbeeb1ea828d1d4d71205c3adf05514cea87c41574
strategies/H004/unique_02732/README.md,107b6fca57d796970218539363da1183757d7b4273e2aa53dbb450db7f2774a2
strategies/H004/unique_02732/strategy_definition.json,ff9df005c7afc346c03d87d0933fc42071442d6c1d4c2e5fdc53e6574e4c782f
strategies/H004/unique_02733/daily_evidence.parquet,e05fb82d56d7ac594693c709c10da7ad3ad1c543919a22dee1c48a9628d42d3c
strategies/H004/unique_02733/README.md,ac6e0982025cfd35e17a8f90d04757b95a8eb00c514129abc25d4f3e6c5d923e
strategies/H004/unique_02733/strategy_definition.json,a0169e0382b5005d5e41f84cab5d74eb261dde73884767e21b42376757be166a
strategies/H004/unique_02734/daily_evidence.parquet,4e43f6008028e83235bc185e5c4d0d63fe64a860a757d67a5c16b36a02240631
strategies/H004/unique_02734/README.md,764524300071cd860f18e574d5c692c6a2bead26f9ee4710e6dcb63f9893b72c
strategies/H004/unique_02734/strategy_definition.json,28bfcc3c7cbebe7d4d2d4739fc4fdfce5c6de89c9a2a14f1a05c32dfe6cfba0f
strategies/H004/unique_02735/daily_evidence.parquet,8924911c82394fa379aa302ba2f6e8cafdb6b3c7edd523644df0f595a1488113
strategies/H004/unique_02735/README.md,6740e5e4a8cb678575b48623266c531126123f2a3c5812bede949cf90db603da
strategies/H004/unique_02735/strategy_definition.json,72d3f92e06f501c9425cc1484094df9d1df89bb7c8bc9c0a0c64a989784772f7
strategies/H004/unique_02736/daily_evidence.parquet,9bc4b45bfc1086f2b695919337097b8e121c56e1308d39c0b7036e80b458d0f0
strategies/H004/unique_02736/README.md,c3a287f905c1d44c9ec2f53167c304462d9d02b7bb80d34b730a373ec23ec29b
strategies/H004/unique_02736/strategy_definition.json,75cf29efdd842c89226a47c10f6bd7071ac0be13977cfa94a00ac04c9924e11d
strategies/H004/unique_02773/daily_evidence.parquet,fb9d547076631e101981491da04cbba31dffc75fb044dcc8e46b3302c59cc966
strategies/H004/unique_02773/README.md,62ac2fa46550f4e974a36df8b419f84911bae5604bd1b759c1e5abe347e4a342
strategies/H004/unique_02773/strategy_definition.json,451f5fd8c1925b4b668b8d4a230512e2a45611b0785bcde07509c1fbb52c58b6
strategies/H004/unique_02774/daily_evidence.parquet,9320b51d6d0eeca1b05298ed0239584c6929b263d023b238bfbbd1f48b86ca99
strategies/H004/unique_02774/README.md,fc0f8a147274c8848c4ecf0e2cc1b13d286d104a1d386f064dad106acd77e207
strategies/H004/unique_02774/strategy_definition.json,770f908f55a15b53b0e17fdfdab212a22cb3da1e93aabbc27e91c2b90dfb5396
strategies/H004/unique_02775/daily_evidence.parquet,57603e43580da70910d50c277176a9a74344d9af08cd436514caa955612adf4e
strategies/H004/unique_02775/README.md,0d212f564c7a97e1291032d86d9939cff106ca63e198e88d9e5711460f68c20b
strategies/H004/unique_02775/strategy_definition.json,f94ab5dd6b0f31866c7b5774173cafa4608052e561b34b25acebeb79abad577f
strategies/H004/unique_02776/daily_evidence.parquet,61e5d9caa95e85cdfab174ae65439cead1d67446ac0d1986b03a73565109f085
strategies/H004/unique_02776/README.md,ec385e1cfb10dae372e4ed1f2f158945cc8e3710ddb39805c2ead4427595e751
strategies/H004/unique_02776/strategy_definition.json,331d5f28c9741d6dfa5b01a69795ac237e38c87bcd01da95e4175cbfed2839ec
strategies/H004/unique_02777/daily_evidence.parquet,d141739dfcd75577073b0337a08a710b6aebebb1dd9316b10f1105f4bcfeb838
strategies/H004/unique_02777/README.md,beeed6a7b8811743220a7a127abe7fc5dbf1b7252e3951fddf48cee84091b9ba
strategies/H004/unique_02777/strategy_definition.json,05e8a7a706798bcf838fd54cf1a2139ee77f81e5c3efb0be90c41537c43e6e26
strategies/H004/unique_02778/daily_evidence.parquet,bb6329f68a9f8540a8f8d66a958a253730ef1864991bd972acf9f6e1b4aaa34c
strategies/H004/unique_02778/README.md,930fb58b4783b878d65e17f4700bde8d2e62b0ff05a19615f5f9e1c18dadf713
strategies/H004/unique_02778/strategy_definition.json,07f36d14573f1a79128fc521a54a930ee32df881753ec2ff099d755358a4868f
strategies/H004/unique_02779/daily_evidence.parquet,d745ede48fde3080edd07a8eea1c0c9b3a7da02e4251d6eda20df95209c9d9f7
strategies/H004/unique_02779/README.md,ee221716ba49404c8acb13cf883b9482f9436d408a343486c940fcb6ed3a7a1a
strategies/H004/unique_02779/strategy_definition.json,c25a785c8c8cfa62455a4354a801ccafc3628bf0b0e6b5d2a83073feaf95151f
strategies/H004/unique_02780/daily_evidence.parquet,9a60209e8a0dd6c402b2686c6c3d6a4cff336c3400bf0b359c0adbb1c82a8de4
strategies/H004/unique_02780/README.md,2b9c1f00e06058a1e2ec9a21a31f27b79f1a98d5a05c12353d6ddbb7ddcb99a1
strategies/H004/unique_02780/strategy_definition.json,2d3e8226616b1218cf4f5f3822c6fde8dac18a552c54763a2cfae774e4a35ed8
strategies/H004/unique_02781/daily_evidence.parquet,41854e558f30817df77dee902f418b75ed179d1a9c7a7c118c7fd3200342b59f
strategies/H004/unique_02781/README.md,49d6340735aa5e711b970060cbab360aec21b103c39cd7d7e59e1599d3fc617e
strategies/H004/unique_02781/strategy_definition.json,bf7b77bec2fac480f3551f90063e959e29557058b4ed04d459edfc3969cb1309
strategies/H004/unique_02782/daily_evidence.parquet,e75d275db7201aec3c6772125ab0e51d196518b6a1b9b675a82386c37d3fb152
strategies/H004/unique_02782/README.md,3403415a390273f82e9123eff8f3cf22e4f7854a2e381453a503ea23b92ba5b6
strategies/H004/unique_02782/strategy_definition.json,3f511a8e28e9cd4079653b62ed68ed96c3272d36cf3b2813df2821edef0c86ab
strategies/H004/unique_02783/daily_evidence.parquet,078c7b0fd3c3e01a3a4649d03956f8713e77c05715dbbd2fa47733c536957b3a
strategies/H004/unique_02783/README.md,f921b2a93f92bd7c860c01cd9259200be452a67c1eaf6eb7c7a00ec86f7e55a0
strategies/H004/unique_02783/strategy_definition.json,39f87aeffaca190fd79b937bcdc0f1e372067390423982eb4550c1f17818ac96
strategies/H004/unique_02784/daily_evidence.parquet,c257e70312129cabbb3a25a620445437de07b1aadf18eeccfeaaad79a9944dc6
strategies/H004/unique_02784/README.md,595917e4d8cb05d4dc25f7328b42dc8ffdcc9f2d99ec50a9d77070ef0c896b91
strategies/H004/unique_02784/strategy_definition.json,b60fd0f175a44891493265e553a11b594685629c8c6ecbc4923da9d9d04cf45a
strategies/H004/unique_02821/daily_evidence.parquet,7873c16e0a6b987b9011f46b294ee76b614aea31d508220b0ce4f92f9571f662
strategies/H004/unique_02821/README.md,ae38e2b5bcce974600b0162a6003c3135b21eeb978eaad3306febe1f6c86d19b
strategies/H004/unique_02821/strategy_definition.json,bbd25a7faf17cf0c483c729a17e8da2349ecec49c28764f8f0351a3e794b412e
strategies/H004/unique_02822/daily_evidence.parquet,e989e03c1e53693f6fdc287e2e7a5967dbeedf0e9fd78b256a2658e7fbc4ae80
strategies/H004/unique_02822/README.md,744acfdff55cf8d890f4bdb718bd33ea572977c9315b48aecb57afbe06b6c8f2
strategies/H004/unique_02822/strategy_definition.json,0219c125d33476aa4cfe1f25b5c4d51ac6899fffb435d8a8d15ee889a3198678
strategies/H004/unique_02823/daily_evidence.parquet,4180b6a4fd4bd927045f0d1f4ce1f40c80fb43b7994bd77daa5960b74683ab7e
strategies/H004/unique_02823/README.md,5b20d8c4417cf2111babea1997369e0133016b3fcb30b7ad97c20d70fe0355d6
strategies/H004/unique_02823/strategy_definition.json,2c549a45108078f3c45a0df8c6912ae4e7b45913b0563fa0a8251bffce80aba7
strategies/H004/unique_02824/daily_evidence.parquet,1259c1111ae29a3a10f45a09713fc55cd0e7369c4bee936e7d7ff3cf29a19812
strategies/H004/unique_02824/README.md,a4aa818109d104c5a0bb2550e8da2a41738fbbb01466a7a8ae4aaf6194666ea9
strategies/H004/unique_02824/strategy_definition.json,561a457c6d20bcce02b3219e633abf7097475b0ec9a88d1bd9539ccdfd0b8786
strategies/H004/unique_02825/daily_evidence.parquet,ad36cff0ae739e9734ccf54f1f0249f943b740efa033ee4ce0d0ffbd7ad58f10
strategies/H004/unique_02825/README.md,0eef6ac3313725ac9b27507a8e346433f187e1ffab04b6d0c40c1445aedf0da2
strategies/H004/unique_02825/strategy_definition.json,5526a7d65b97556323b97978029eef49699c1076a784a1c5dccee8a489e2db75
strategies/H004/unique_02826/daily_evidence.parquet,802768007745bd9f565c269af418080e3a5b6074d5bef6b82a0f260739752e93
strategies/H004/unique_02826/README.md,3731c6fd78a8f5976d93f410e38cb88a53384210f39c4abcd49c832acdaac590
strategies/H004/unique_02826/strategy_definition.json,dcfa17149a48229a8247539d132524eaec9ce5202334550c9c1dfc8931a5e566
strategies/H004/unique_02827/daily_evidence.parquet,431ccb7817d5001acc901323293e3bd77df286e97db8c5aec56ba3f3ea238cf0
strategies/H004/unique_02827/README.md,e0ed9fc6e88f5076fb9df2010d11f0fd615dc63932c5be955581403302980625
strategies/H004/unique_02827/strategy_definition.json,545cc7c1922549a114f611ecc6476284612d69123a4cd63d7a445cda5b20268f
strategies/H004/unique_02828/daily_evidence.parquet,0c0b327ee65668c459adcb183c0dbfdc1d8e76a3237d3ace1f527c7f346fac24
strategies/H004/unique_02828/README.md,24ef8eba0fb38f2cb156e7cf61e9475d1cc9d63eeee21a5d7697db332b0fac3f
strategies/H004/unique_02828/strategy_definition.json,99ffc11de06abe128bc9b580bc1bfe0c5ce2f0546e906157efceb549e6cd318e
strategies/H004/unique_02829/daily_evidence.parquet,821d84502205e5f3179d18421af370517faa158b965cc4888b0c4265ed3eb22d
strategies/H004/unique_02829/README.md,531383fa72d4895b69d57a8d7a1ab25df320d0a4b3ec9c833b57251b6760d051
strategies/H004/unique_02829/strategy_definition.json,6fc238f7de53167ddff626304ca67d84497156db172ab6efcacc3fe0aea86aaa
strategies/H004/unique_02830/daily_evidence.parquet,9ee97985e38aca066ab4aca9669b5806bbe19e965257ba7673f9d6d411ac716e
strategies/H004/unique_02830/README.md,927d6f9a83a3d65be1bbcc982036195dcc24b66ac9a3a7b253f9d003774ef3a7
strategies/H004/unique_02830/strategy_definition.json,356d95f92636b53375fd2938062334b3dab6fa320d70f6dc377ecc8a9794beac
strategies/H004/unique_02831/daily_evidence.parquet,cd61e30a843cca700ca430155a65566e5b15884fd132bef55b0acd9208e93cd4
strategies/H004/unique_02831/README.md,1c1387c3c5192548f7e7cf0b0b00095d5a7ae58f8ba9bb7e6e25cfe31df515ce
strategies/H004/unique_02831/strategy_definition.json,94e57a3477a58b0987138da0ec2ccb7a55a6e83a731bbc5334ba661de9fd6572
strategies/H004/unique_02832/daily_evidence.parquet,8eb5a16003765fae83a6073d5dfe89e6eb3ab6a3190824364c5412d4b6a14c2a
strategies/H004/unique_02832/README.md,7595676f85139d4a7be6c383b229a64b4b6305826c92086e4153ecada97cf262
strategies/H004/unique_02832/strategy_definition.json,64aed3218e817cdf958d87e40c33eefc113188f4556de359bd7f610823c70e42
strategies/H004/unique_02869/daily_evidence.parquet,cd90b3a29aec8fbc7022d40d1ca47cfc76ffc4da78820f4e6b73850c04daf20f
strategies/H004/unique_02869/README.md,be0faa46cc717bf0b9ea970eff0548f5bba50da05e4129f4829c061d21507b86
strategies/H004/unique_02869/strategy_definition.json,097bd7a3f29a6f14f55dfa76c4c7a3b5b7c65c035a0dd6b3c59c9a8aa785a80f
strategies/H004/unique_02870/daily_evidence.parquet,974e0471cdde90a06d7ee4af5ec965ec14aab50544520c4cd6efefc3a2b83804
strategies/H004/unique_02870/README.md,22e50b33df5d46823e3ff9a7c518240d9d74061e58eda857d96823b47f3fbd50
strategies/H004/unique_02870/strategy_definition.json,5b00bc5efb435634770d39b4efaf11478f9ef1c2d913bf6bf2d68e4c28a00c7e
strategies/H004/unique_02871/daily_evidence.parquet,607ff205338f3d8235306f02d507f2f75ef003de1d5c086b3e8c8b31d4f4f17c
strategies/H004/unique_02871/README.md,3b8e9da440bdc93c2ea1177a67dab2eaac746085a3773c4e764e6784be77a47f
strategies/H004/unique_02871/strategy_definition.json,819791e511ff7a35623f6803d77c8a720cfe812bc9c5daeae1e171c9bbb77b53
strategies/H004/unique_02872/daily_evidence.parquet,2245cd9361a0ec3577ac3edd093ac791632f0ed0affbb3047b8f37a163bfb141
strategies/H004/unique_02872/README.md,887eb098db40e8425ee024ad1151b5ea54fbb495795e2162b90286c444240181
strategies/H004/unique_02872/strategy_definition.json,e0207dbf98b3fab173b03620209ea9af5b9b250b489c4f34c37eec4f7a9ef2f6
strategies/H004/unique_02873/daily_evidence.parquet,6931ab07f9dac2555842e8986dc3f1dd02aaf1c97fcc6b8ab159c976d4d2408f
strategies/H004/unique_02873/README.md,f74ac9af0de8d770181555d87ecfb34715dc9ff50cfa9a339e67327c63604fef
strategies/H004/unique_02873/strategy_definition.json,d601283cb8520520904fcc2beeeb2c58d8f5a05de91976a03be7e497f5310ac9
strategies/H004/unique_02874/daily_evidence.parquet,0bfb2fd46b692a22889d2bba3e5cde324583f25dd09bcffe90a106adf82558d5
strategies/H004/unique_02874/README.md,95f702060d7068b5793b84e8c11fe63da404a00274e2538750185cf28b8e7177
strategies/H004/unique_02874/strategy_definition.json,e405f1cf2ddb39a4d8ebf1a444dffb982241fab5e5cd037ebb9641f03b32a22c
strategies/H004/unique_02875/daily_evidence.parquet,485cba658f060ba168b6108dc2af67b16905f317c92b90a50cda82ca841a10c2
strategies/H004/unique_02875/README.md,e2a6bc4529d4117d5e0636696680cd1788fe3a2b23c474edcf8ec1196b57d952
strategies/H004/unique_02875/strategy_definition.json,a769ce3293802aa706d07ae477a21767921b6e90e5cf1d1ef86e12d92047e1ba
strategies/H004/unique_02876/daily_evidence.parquet,b07c95b651183171abb92237a10c57885becaeda160b15917693bbbd65fc8409
strategies/H004/unique_02876/README.md,0514dadf28ec6d5b94209e4715bc614504b147306ed7a4595d1fe96b6c594e76
strategies/H004/unique_02876/strategy_definition.json,b161a4062563079f153033e1fbdfe475356fd7afdc7fa9762de8a2c10a22b9cd
strategies/H004/unique_02877/daily_evidence.parquet,2c6090c9c5169206207db385eb5032856c34ff7f9c23c8ab5f2debc7d7a92ebd
strategies/H004/unique_02877/README.md,fa4a6479ddedcac5cdfb82793687926058ff8b60411d1d63cb3cca1ef78d66c9
strategies/H004/unique_02877/strategy_definition.json,60959f664cba126f87c5a934384ca32d2135fa517a4af64947c0cbd198f4671f
strategies/H004/unique_02878/daily_evidence.parquet,3f89776e198713f3109154daa797d337356b03a8b580a193e3dfb05d51668b0c
strategies/H004/unique_02878/README.md,ac92f81bd3af39cbf7adcd1683d8125ccc963bcef881c85ef904915d78ba9310
strategies/H004/unique_02878/strategy_definition.json,5b86bcadb86310b59b7ace4e334a82564f67c22af502c88e5ceedd3160d9ad82
strategies/H004/unique_02879/daily_evidence.parquet,6604fed0aab4acb967404a87ef08bee09dc5286157eb4a26242b34bcd78965cd
strategies/H004/unique_02879/README.md,f99cb718a7a1e755ef2c44e19fb144e2aec81d9acfa18d1836fb9dbcf409932b
strategies/H004/unique_02879/strategy_definition.json,dd08eb515b732e580794850e8577df5150cf9d75b5a450678680cc1820cfdf99
strategies/H004/unique_02880/daily_evidence.parquet,3ce90db39d57d64d4f9993ba39981cd4169fe08aeaa6a9e2c10978e9a79dd87b
strategies/H004/unique_02880/README.md,1208d099659221a51627ecb9fda790d92a908ad5050d6382805cfa6d4f305245
strategies/H004/unique_02880/strategy_definition.json,a08629ba70c490bec9d2c44090ebb77c640739b2e05ce626d7114b92ca1a80a3
strategies/H005/unique_00001/daily_evidence.parquet,6dc8c47aa363d5521526519b3b6c063c31d941633e97c65b01134c6b8c146058
strategies/H005/unique_00001/README.md,2303b2d2df913eb89ec5ec020fb63881cb85b4602e995b9f85e9b7523729cdd0
strategies/H005/unique_00001/strategy_definition.json,9292364b188caa0102757670e97ab3bb716c21444d9c631898eb1a238ba98fe8
strategies/H005/unique_00002/daily_evidence.parquet,ba5cc7f67b37679cf36e2923064642c34916f1286b3ef9538a29a26fb7df08f7
strategies/H005/unique_00002/README.md,49673580d8486c8669505fe79da178733f41e2b08114c2dead2f8e8d9510a5a7
strategies/H005/unique_00002/strategy_definition.json,f614fd22ea343ec7c8a445008abee03f7f11418bc234f217d2596cf9b050e841
strategies/H005/unique_00003/daily_evidence.parquet,2b4062403931c7ae106c25dc79defcd5dcb76be40a90943044a577d38b4461eb
strategies/H005/unique_00003/README.md,4b3ad23ede8ab65a27254a6afde55faa2b2617cd0253c14d3aa2bd01d5c9d5f9
strategies/H005/unique_00003/strategy_definition.json,c98be15363470606a51be006497dcf058cf2fd5f4349694b51c0d7397b48eac2
strategies/H005/unique_00004/daily_evidence.parquet,1a7788c3144a2c0272e0926902f32cba76ab12bfb1ed36b571b3500dc2db12db
strategies/H005/unique_00004/README.md,3f7df7fdcce31eaf2701a971691cf8da3235dfd828876cccb1b202ce0c6420fa
strategies/H005/unique_00004/strategy_definition.json,087ccd55e29e8a97fecaf12ca67e7a97c9357e66d3ae6fd18e60f474a815e611
strategies/H005/unique_00005/daily_evidence.parquet,1dd0e38c08c946c438394762057275144081aeba8216dae883517365d31ba75a
strategies/H005/unique_00005/README.md,d9ce202f854ba00cb2878eb762c0e382cf7a37180b8780b5bf5e36350089141a
strategies/H005/unique_00005/strategy_definition.json,6536cfa8223a52abf21df59c5f83e2971a6b21e8ee6375bb4230bd0fe7ba95a4
strategies/H005/unique_00006/daily_evidence.parquet,e0221453edc0458c36e31cbc99a65a3709f614f4d2e3d6cc4ca0e20a4992dab8
strategies/H005/unique_00006/README.md,1d2b30a7c2f73093a86af1493c7bf9de38025dee318e42024ee12492070501be
strategies/H005/unique_00006/strategy_definition.json,d2f0f530980d2ca4d898fa5aa8b86d400bbfc6070108d9cf9b357aaf11feb728
strategies/H005/unique_00007/daily_evidence.parquet,ecbcee14786fd5feaf64ee8872bfea633e5d30976bfaefa702dd703776b5a648
strategies/H005/unique_00007/README.md,26bc2de4362e8f7885be115ec6afd3a9163c691681903d12681776be92027338
strategies/H005/unique_00007/strategy_definition.json,7b3c40d358897361a79689e6f7750e3611b0773bb2a3a40f808e628c15442dd3
strategies/H005/unique_00008/daily_evidence.parquet,22f7fa3680dd8dd4f7c8a3951541bf72c727417da37186dfe2aaed1fea3390eb
strategies/H005/unique_00008/README.md,fd9baa8c0be7302e06c628a7f7f4fbe2690f0160b465586c11edc36966cf66ab
strategies/H005/unique_00008/strategy_definition.json,d9568cfe9c6171529c783c2d7d4d0bcce485f1bae65809e140345e70b05cc6df
strategies/H005/unique_00009/daily_evidence.parquet,aae379107ddab803da0b40be67d0b55e69cded0e289c29be76af8eacdb3093b0
strategies/H005/unique_00009/README.md,9e67c9dfd3eee7179bb53c070896013803449ffb4fe7e169be77b42bffef1789
strategies/H005/unique_00009/strategy_definition.json,6a004f07b5881797371432d3c124f9f769a9e9423c08e6f22239e9f796e5e9b4
strategies/H005/unique_00010/daily_evidence.parquet,6a3a81a8efb81645ef19b304f83af1f5770afd406e622d4de72433017a6c2cbe
strategies/H005/unique_00010/README.md,d78020bf3dfbfd1a2fb3a95a901fa0f340fd1caeae6cd4f937da293a3cc62cbf
strategies/H005/unique_00010/strategy_definition.json,2208d51b6ff49756c0f97f64615ae076fbf355282e04eb58c649dd11c5c0c6aa
strategies/H005/unique_00011/daily_evidence.parquet,e017e614574b85ce37d9bf111d5b84cfc604225adaa22b50ec20f77f141ae05e
strategies/H005/unique_00011/README.md,23daa93924773e53e0efd03c3cfb32f145e16451cf8985e92a2da5f8fe9d049a
strategies/H005/unique_00011/strategy_definition.json,ccfec8a80dc612f9226269534bbb2f1aa9d59191e8b3931839d3a05189e79f34
strategies/H005/unique_00012/daily_evidence.parquet,967ab81ebadd1dbcf5c3317715766230409da3848e833d3a01e7a53ff7883979
strategies/H005/unique_00012/README.md,0141d6b8b027536aee816a9c29c55b19bb444457af49c81d56cd189423d54b8a
strategies/H005/unique_00012/strategy_definition.json,d6410ae5f83bce5fe8498212337e6f95c07e180e6cc4a117a3708c2d12702e90
strategies/H005/unique_00013/daily_evidence.parquet,78a6411023e1897d2ac6debdf38522203ff819d1d0ffc253f3c1adfc87dbbcef
strategies/H005/unique_00013/README.md,c69f243489eeccbd31adc166453a716a3ce78c09dd2c073fcf9d314acc5608fc
strategies/H005/unique_00013/strategy_definition.json,531ef689203a0f24c2e5afef893447cc9e5f337fa925138c437a2fa3ea7b5f8d
strategies/H005/unique_00014/daily_evidence.parquet,b533d83d5bd16f6ef17b7178bbfdc3427381761c157ebe54d74d14ece4f96270
strategies/H005/unique_00014/README.md,3bad637022f8a55117e043987a1462ff72f28bf807811329eb6e08644b516f96
strategies/H005/unique_00014/strategy_definition.json,b58eb6ea08ec0696b41e1f733a2a53cfae50dde12330f2c6bbb74395b90d246c
strategies/H005/unique_00015/daily_evidence.parquet,4af998378692b021295f8b20b5f3cd563a7ed25c6d0a23da1c609b8ce8e7fb02
strategies/H005/unique_00015/README.md,b50ddb80ad482760364470bed1585ff8803f6c00142009328cb3a0f73bd6fd37
strategies/H005/unique_00015/strategy_definition.json,751a0369286eca73054123b3e641de040c6f3eb1c0471a81073c66605b99f401
strategies/H005/unique_00016/daily_evidence.parquet,adc2257428acb7ed1b34c8d6b877e886c4e30397330e47b0776c313ffd3f57ef
strategies/H005/unique_00016/README.md,0f5546eae35a084b0c62e23f8d227882bc8f0fd8d23ec9ea8755057e75469b4a
strategies/H005/unique_00016/strategy_definition.json,993100a6a40ce68defede4528a9968b50481534b061f29e8b0a6f470b0f977a8
strategies/H005/unique_00017/daily_evidence.parquet,cf1821f77e33cdd1ee3485f9329c253a732a15c04884aa974d9e910d8def0625
strategies/H005/unique_00017/README.md,01868d45aff4df59942fb423d2466bcaa7013bb4a298f6e397daf31a6ff94335
strategies/H005/unique_00017/strategy_definition.json,4ebdefcf45eeb4b8b0ce51837abd0fe81f33dfbecc48f4ae8c0712cc5b5e79d3
strategies/H005/unique_00018/daily_evidence.parquet,da14a2460b3e0471d2e1978243c2ba6d48cb5035f1697b1782f58b6cf79936f4
strategies/H005/unique_00018/README.md,90b1ea52ed309fdb60ce341ec6b505fcba4e0a3e5530afef5f38db019f61cd78
strategies/H005/unique_00018/strategy_definition.json,e8dc85a14ff6c2d334da44baa39a1fad776c44c9392296a858e5e84c6c89eb08
strategies/H005/unique_00019/daily_evidence.parquet,11717496e9e783ee7297ba5c642d75b85c1a0bcf7bb5ea81fd62b22705925dae
strategies/H005/unique_00019/README.md,d81636a32a429906a1765fa2aaf174247485af2390bc22d4e3b759b4c2ce58fa
strategies/H005/unique_00019/strategy_definition.json,661f43047d44ffc2bc11849023d1cda922fd915baf38c983e7cc52d9e8e9993b
strategies/H005/unique_00020/daily_evidence.parquet,ddaf729f5502ff96e95986e28198fa6c99ddebb878c8574fdbd204e1a69232b8
strategies/H005/unique_00020/README.md,47dfa4b44feb0de13eb718442b59ed3dbdbe58cf82ab1fc20718a44eb5833143
strategies/H005/unique_00020/strategy_definition.json,39205672e54d544f7c1d2666b5769c95cc9aef584edca7d9a1803d47011f6d25
strategies/H005/unique_00021/daily_evidence.parquet,2c6d37b6dbd6c57f66ca0df857fa6f54a790c656cd7ff5a69411aad23e96e5d6
strategies/H005/unique_00021/README.md,fff8d29c2db8819c3523169ca729a38c80f2f909f25883e1f2e70810a18512ed
strategies/H005/unique_00021/strategy_definition.json,2fd013695db69a7cc3d70731c817e90aa6ad82f39064aee193c312bd6069174b
strategies/H005/unique_00022/daily_evidence.parquet,d2282ebcb27f1d3a5ba5db9da7679e20c3e3e439fa6ff8b7ab27102e8d92e24c
strategies/H005/unique_00022/README.md,51de34ef08b4d06f1da4c3860454beb4afd9188193b111a5cc20a942611a633a
strategies/H005/unique_00022/strategy_definition.json,a394ed01764a29ad4bded77cdfd5243330a8e197982f841e7709bcc6074a9953
strategies/H005/unique_00023/daily_evidence.parquet,823bfcde2361967e15bb8b1a4c75d72416213d43d7f2030b4642187ea500804e
strategies/H005/unique_00023/README.md,f253b2207b5d2b12626fc11ab93c83fd7a607cd142eed21913813750eb73a359
strategies/H005/unique_00023/strategy_definition.json,a916ef1a8eb3a1489a40a26344d4381eae715fa3842580c3f16e3494822797a4
strategies/H005/unique_00024/daily_evidence.parquet,e5809c8554dde44032a19e561026eeffe34f60673c83a89371d720b72fd1282e
strategies/H005/unique_00024/README.md,770b4b87217cc53b0a21dd16c9241091241c869440da6b29d498ae7083af398f
strategies/H005/unique_00024/strategy_definition.json,6989e2507f3d26e013eeae144deee285b4fc99def20a975acbf7e8d555e57a7f
strategies/H005/unique_00025/daily_evidence.parquet,a3e81d0da648fb2e5d4c5cd88fd10982f7a7687a9961c9d50166d7f701f7b137
strategies/H005/unique_00025/README.md,af539fef018e552a697208bf4a01969f5851b59fa1fece40713faef4a6dca0f1
strategies/H005/unique_00025/strategy_definition.json,47985cccee077dd30b9c29aefa0c22c3368780bceed74437f82fa75ca5efc4d3
strategies/H005/unique_00026/daily_evidence.parquet,91d1fc28114c060183019d1c31707b5d7e0ab5ae958df9f37743e139d6b7a540
strategies/H005/unique_00026/README.md,c06f612b6f79b947104e7a2810138b4fc0b4220cecc85cef1ebc58fc07f6f65c
strategies/H005/unique_00026/strategy_definition.json,076d52882d7a2c7e58e33fafcb3d08b469efaa2e9b1b134b1338d6d0e7306c57
strategies/H005/unique_00027/daily_evidence.parquet,ae29978abc5c2c3c9feeba2474b0c555ff1e636892d70a22bcbe9ddd17847d8e
strategies/H005/unique_00027/README.md,f902d972f6c623b87c0483f104273ed18ad63a674310d8785c44e0d4638e920f
strategies/H005/unique_00027/strategy_definition.json,3b92bc2dc80dda550596b8a37f4496fd0757e09fe5d440fc6d836b0d56dbcd50
strategies/H005/unique_00028/daily_evidence.parquet,0cba8aaec8b58f6a781d013ad8cdece71168cfc7961f516af6ae1b686949984a
strategies/H005/unique_00028/README.md,6ad85c9dfedca5c56fce40692c4b469b7f716f1d7660c100ca8f0c76dc1b98e6
strategies/H005/unique_00028/strategy_definition.json,4a5dfa9f783ecf62600e3f35bd214f4e928197c9fbda1a71a7e33bb31623f2fa
strategies/H005/unique_00029/daily_evidence.parquet,4cdb5126c2ef4c92b01386a687c43ba34991c36a1b12bd796bc56351962d0fef
strategies/H005/unique_00029/README.md,2a2db5a537023c2b0da4c28fdf0782f718f560192e0510d9ccb8f2a324d0de3f
strategies/H005/unique_00029/strategy_definition.json,e1a095ca56b7d41e0d8466a293d0768cc9faa337e2c37cf952d83b7287df9665
strategies/H005/unique_00030/daily_evidence.parquet,af46868dac3e5d897dc476d0dc26e476b7aadaa4c1fff04b8901d49f596c8df4
strategies/H005/unique_00030/README.md,527e5a707aeaf437441224a665614bcaa0dbb646dea65ab6dc78227eeee2c34a
strategies/H005/unique_00030/strategy_definition.json,93103d90601d7989149f717cfbf98310a22d70ad618bd4662a7903670a740330
strategies/H005/unique_00031/daily_evidence.parquet,15584a1ffc6b4c66c498d922323ae6096bbee3ddd42dbc3859b3ee0198bbb6f9
strategies/H005/unique_00031/README.md,4ab379b25d595a08fb6e0486880ce20d34cd8682e371fbe72396cdf8b03f8011
strategies/H005/unique_00031/strategy_definition.json,8292ff11bf7419e22df2a07a3985f4416c209c9a8ed42b45c61bdee7377a9bf3
strategies/H005/unique_00032/daily_evidence.parquet,673b57d590267bf236ccce24d069f1a5e8faa14ccc7f5903e57170b2aac5db5f
strategies/H005/unique_00032/README.md,6342853997020533547288f326d8602f0a0e67eb862a537dc435b7de9da66c8a
strategies/H005/unique_00032/strategy_definition.json,2d9e693e0f542743ea3ec6283549232aa2e4f1bdfd98314ec63109d50456f5c0
strategies/H005/unique_00033/daily_evidence.parquet,409876d09a37250edfc851f1a5b023e2aa8d9412f5f1184cf1259274cfb3b23b
strategies/H005/unique_00033/README.md,2b95d44322d99bd8d7cf3acd0ecaba6a9ce2a6c1a122905e0eb4f2d9a7fed587
strategies/H005/unique_00033/strategy_definition.json,523ea70ed756902dd09a371ca293413024d5e665ae62f0147bed9dc9aa081488
strategies/H005/unique_00034/daily_evidence.parquet,f87337daaa4f44be40eeb4e72b3691daf44404f4310b05db98d4644c975f2363
strategies/H005/unique_00034/README.md,13e07e8f5bbbf313845f9070276cd0c9d2ab0ef2cc333a02ca2071b033d05e78
strategies/H005/unique_00034/strategy_definition.json,93bf886109bcafd89b4392f37fb86bb917aba14737902a84d0fa633c4648e902
strategies/H005/unique_00035/daily_evidence.parquet,f9bea2b688dc6aa4df33ad386ecd73a71cde228b82ec87802bbe7c31e0ec7c47
strategies/H005/unique_00035/README.md,6bf3e274c8d54258c6c00aed67d6d1ee443c495dcc8038a169503090c5c87c03
strategies/H005/unique_00035/strategy_definition.json,5a2e12766753eadf57c3eb40864b463f3d69941025b409351cdb4fd4bac98f65
strategies/H005/unique_00036/daily_evidence.parquet,77b5248e32cac8a3e3af8d34b0b30ae7ca941f28799ddc74480be412ce84b10c
strategies/H005/unique_00036/README.md,68dfdd33473ce2585235879194cf90951b12da569f43fbb0739427afbb8232f2
strategies/H005/unique_00036/strategy_definition.json,61f3dd1321ae3e18f899499bb4d16854a37823d0192f2f42d065f8bd9e7cdb44
strategies/H005/unique_00037/daily_evidence.parquet,9c542d116feea7e72737f052fa099eb76cf5ee767c5fc5a87b4fc855f79a0bf8
strategies/H005/unique_00037/README.md,951f2696ece4a488b2723433a54f00f2abb4d450c09efa6abef30963b73a228f
strategies/H005/unique_00037/strategy_definition.json,144fba04bbdf65ddd492938fca0edd0827fea3fdabdf971835cfa6e2272bf1df
strategies/H005/unique_00038/daily_evidence.parquet,97aeab93fcfd74f85648b5c7e2dc97f751c26a6ab487d852fcfa5f37a55141a8
strategies/H005/unique_00038/README.md,e14bf8613a731abac31a881ccc329bb18786e29bd7352b79093e2b8648b2da8c
strategies/H005/unique_00038/strategy_definition.json,3660dc8823206e669300f0bfab976de90b710fb73de9f28d6a16c7a6873e01df
strategies/H005/unique_00039/daily_evidence.parquet,fae653c2c96b872f2f48f8f5aedd50a142f5ec6a9800eca747b9767c810ddaf3
strategies/H005/unique_00039/README.md,604a248e9dbaed61a12df3b7460df5f2bdfda3e03967ef3d83efb30f4f8e4738
strategies/H005/unique_00039/strategy_definition.json,72cbcd976fc0900910cf3a5ba89d5650966befbe000be4fd1db1591d3b3db579
strategies/H005/unique_00040/daily_evidence.parquet,73468b24a05bc9b5c33300e3e323e4592f018803b4357e5f35c1a3893505f781
strategies/H005/unique_00040/README.md,710bdf2bdc2cb600873c741b2fc960041763f296f8cfdf18bb0b653080b6d59d
strategies/H005/unique_00040/strategy_definition.json,008aa447e04e717fa0edb9b74199829bc571856acdb705fbd68ccdd8e13b61ec
strategies/H005/unique_00041/daily_evidence.parquet,43ed36d280fc77269fb9fa0c29516065f6a532ef448d9384565788511387bdc3
strategies/H005/unique_00041/README.md,db1b01bfd79ece46176855b9dd3fd6c7c32f63b16fcc4eaa81f6612a7483d3e7
strategies/H005/unique_00041/strategy_definition.json,d5a9c5e91ab7516a450bd43ce24072ddbe8100fd4044d4aaa6b83345aaeab190
strategies/H005/unique_00042/daily_evidence.parquet,82fd4dc9266b79f61b65b1fb80f010ea2b1e7d0cf2ba69c0ab6af58b3c8d4fcb
strategies/H005/unique_00042/README.md,90e03bac3a7a010d24ae7f07e34072ec8126e84487fbd54b68d9b6fe7bbd5624
strategies/H005/unique_00042/strategy_definition.json,d86e58f7ef54c554d5141174b296791e85087d195878d8aaad4c31f830466800
strategies/H005/unique_00043/daily_evidence.parquet,aa2664e8076496a181f103913c9bac0f15edbc4159abc37ba67dad2479aa6a5b
strategies/H005/unique_00043/README.md,0b2905ca83e2ffc22106cf53cb8c6b82bbf13ff10f7c5b932cb04b0b45683c78
strategies/H005/unique_00043/strategy_definition.json,fb728a8d31c122f5b88e3738b155ec7ad9a2becb436f05445eec59a5cbec3d5e
strategies/H005/unique_00044/daily_evidence.parquet,64e09f13df1baeb0defdad7a58b5997493ec31f4bf31c01be498c225becb5add
strategies/H005/unique_00044/README.md,bdfdcaeb760c20b3dfe9b7d3071362b07a2735e04620a25c5c98322dbf76d1ab
strategies/H005/unique_00044/strategy_definition.json,0f732739fdf3ad03561c2198a8b39634655393c08e1aee2c670c80002785b7ba
strategies/H005/unique_00045/daily_evidence.parquet,780615cb2c4282a4148f470f03618ec1b37186cf5ba4e116de0e862214784294
strategies/H005/unique_00045/README.md,4f1d69e60d60c9b0188f7f3d6694e58343bcdd72950c2449e0865d0b5314dbe4
strategies/H005/unique_00045/strategy_definition.json,fff72c7d063a74f1128c7ede4f328088f370c820cbb4b6cafc9795a9b70bbac8
strategies/H005/unique_00046/daily_evidence.parquet,acf5b4600f76c59fef5b5e7ce973541e6c10e2db40f4309d206da0248e59f867
strategies/H005/unique_00046/README.md,29cfbb80486f2056f104bf4f9011b715d7c2afa10b134f7d13ed2448319b6317
strategies/H005/unique_00046/strategy_definition.json,bac07c1c02716180eaf2faa745095772045861200acb893574d675953a1e772c
strategies/H005/unique_00047/daily_evidence.parquet,ba850e9566ae91b3eaf240c29e01aa5e3eaad7f8b8b065cd0cbb8f835f92ce32
strategies/H005/unique_00047/README.md,9010991bc3d40546542ec75fa28daddd552d510c0c09bd11d038d0b237139361
strategies/H005/unique_00047/strategy_definition.json,843dbb7990928c485e5e8eb1f38b5b7a954c34ceefaabf60925fc66f50add4ea
strategies/H005/unique_00048/daily_evidence.parquet,970de8adeb30812a874cda3f4674be09bc60ab60f20157c98ae32312b17690d4
strategies/H005/unique_00048/README.md,cf82f615ced8698cd9a855a7266546f0e26dc0515f8a2b7967c00bad3ecac25a
strategies/H005/unique_00048/strategy_definition.json,6b1391334cb2ce0ccbfb3c1576f65eb2b3d0b9ecca8987d14f67a7f9acce7b4b
strategies/H005/unique_00049/daily_evidence.parquet,be102710bf4eecdb4f66785e599579c2b0040cf614fb8ab73eeb16e6d8fabf0b
strategies/H005/unique_00049/README.md,ed599fa08364a7a0c1f3b2a32ff36c227e7f8fa72bd87603a311b48b1eecd66b
strategies/H005/unique_00049/strategy_definition.json,24442d4ee68e8e93eadb7755657575e8ac147be2ef04831e6387645f0b1bff91
strategies/H005/unique_00050/daily_evidence.parquet,9e245f2099903eeb62bf4085b579aeefc5fef816d2fd08f7989b21b4e13e1e8f
strategies/H005/unique_00050/README.md,752ca47a0496a0538a3058ff363cc990921a98969ed5812ee19dcbfda5056455
strategies/H005/unique_00050/strategy_definition.json,4b5b1a4798fe43b085175a4835d9eabb6882025015a8c7c3b2ca33f351894508
strategies/H005/unique_00051/daily_evidence.parquet,936787ffa24dab6b55edd319a93560f691e6f9dc9f5df5b7eb3c1df2d22c7b13
strategies/H005/unique_00051/README.md,ad1818baab3723282d0ef7fc0c029862d0646d8080c2369674c5289691e8782d
strategies/H005/unique_00051/strategy_definition.json,54e0325f627510422ab4801b0cf4fdacf0282484040218a86c4c3223884de935
strategies/H005/unique_00052/daily_evidence.parquet,0ee9ec531e6be01f261ab54ebaa307c1fcecf20023271fbaf00f822c68317ca4
strategies/H005/unique_00052/README.md,4515234133194a128a3f0ef3b4a2d10f5c7d26c7788d0c9b2d57e4e0b7520388
strategies/H005/unique_00052/strategy_definition.json,e88e257d189abb52a58ed884cef281d22ce631d38bc6d8cecb1ab7ca5daa2c97
strategies/H005/unique_00053/daily_evidence.parquet,b1884f65f07d6e0d9e907ce812351c0b570cf3da11c6930705d4f2928fce5622
strategies/H005/unique_00053/README.md,c443f9324c86fd14e827d7c17474e0a65add53ed672d8507a47697d3717538d4
strategies/H005/unique_00053/strategy_definition.json,dbee8225fba9103dd152bb41bfb42b39849029fea31ab870748d857f39f99a88
strategies/H005/unique_00054/daily_evidence.parquet,1cd0b4ac5f93695c76c018264dcc69f6c541a1c104766ffcbb61efde91e59914
strategies/H005/unique_00054/README.md,639a212d5efdc4126130a9625fd7781a112843d5fb7a41ba702384ce1197d1a1
strategies/H005/unique_00054/strategy_definition.json,b21c5cd0f2caa7dd7d88dc1289c87372dd4124af4dbfc8417c7d39869d8e84cb
strategies/H005/unique_00055/daily_evidence.parquet,2adcfd7e7ce7274e0febaa088182686f6c483c3e76a9fd84eab9212b48113570
strategies/H005/unique_00055/README.md,df5f7d8bd5ef1f09a1537095fc971679df02cfc16cf2ec1ac7bec8eb849fc9bd
strategies/H005/unique_00055/strategy_definition.json,864cacd3b17ce4f74c04c2917cfbd4fc37f1a5a14137aecc88c3b705054901c3
strategies/H005/unique_00056/daily_evidence.parquet,b5ea02ead4130c6994b9fb09781308eeb2ec1edd2effdf5bd42c04dd83c09894
strategies/H005/unique_00056/README.md,0bcc4d52dd2be53731cc4e2f13acfe71f67dbf4b15d2687f45102a6997b1f298
strategies/H005/unique_00056/strategy_definition.json,e56cdcac1b9fa60cb71f3d831ff5e943dc198387fa22685439ba9508e8b8541d
strategies/H005/unique_00057/daily_evidence.parquet,56e7c5a38ee1c5de79a080d5ccc148aa8f18c8eac63687fcd237b3de68fb665b
strategies/H005/unique_00057/README.md,f97e9889c2773d06abfc02e4641df9b8f7ede92ad110aaa3f2e96e3d7f32537e
strategies/H005/unique_00057/strategy_definition.json,030bd0d046157397b0857e7b2f474e7c8e0833af5d18c400c9b29bd576434c43
strategies/H005/unique_00058/daily_evidence.parquet,ba7c01e05ee921c8440cb479bf0f5ddea4277239c1ff0e9642c9efd290368d58
strategies/H005/unique_00058/README.md,952328e2ceed8a9472ce1b981032fb2690f99579566b630a343bc9ef53614583
strategies/H005/unique_00058/strategy_definition.json,38a51397be2e926e26db55b671f1f4b3e79d5c1cc9099e12a116c3b1d2fe4543
strategies/H005/unique_00059/daily_evidence.parquet,cb0ad0458d4428e3d40928ceb13b58c75394a5a434e7f7b973c246624934ca74
strategies/H005/unique_00059/README.md,9ea06a8d0962a21a6aab4d79eeaf9ee3b751e1b818651ba12330c97fcfeaf553
strategies/H005/unique_00059/strategy_definition.json,97f25bd6da74fc7a4d51874225aa0aeb486aed9b0020b404357a20dad3df0f07
strategies/H005/unique_00060/daily_evidence.parquet,7feeef0e9821224fb10f411c1084be33616b539fb8f5f9326c909d6834eddfc1
strategies/H005/unique_00060/README.md,772717b8b3b431cdec823faa2867433b31ecd8de9dcc5bffd42295df9f282884
strategies/H005/unique_00060/strategy_definition.json,88379bddc456238ba655c2a849b6889b01fac5208adc29b68e21ed94d472992e
strategies/H005/unique_00061/daily_evidence.parquet,a40adb43d6516ae175d84ed0abc7eeac1f79d2f830f7b57b566268948f8c3b5a
strategies/H005/unique_00061/README.md,18965e5b972aa8bab16b05e62d9ca5a987b45ab0fd3d6fab1faa9569869c422a
strategies/H005/unique_00061/strategy_definition.json,21c2bf8569e670896818b715fb9cca6ffddbd065066a07f3bb39ad3a95405738
strategies/H005/unique_00062/daily_evidence.parquet,48ae7b7cf44de42f525312ca1de7009f398f779156fdb34f9fd82cfb5db2707e
strategies/H005/unique_00062/README.md,f7422e9dcf2910423b365346cc708283f185a09dd2c28fbd294ee596ee769fb1
strategies/H005/unique_00062/strategy_definition.json,047b9601e24d6eeb7d5a5fa27616592b4f0128926a192185f23104fee324161b
strategies/H005/unique_00063/daily_evidence.parquet,e63634ddb25a8c36b80e1134fd854df08e6c5cc88215877293d8bf7e711cda0d
strategies/H005/unique_00063/README.md,ce07052906f2471b626f32359457ac8123beaae42c93c2f01d6b01b22d9b6106
strategies/H005/unique_00063/strategy_definition.json,b2721ce12f01d100bc0b6d0bc9f4c8c3bd0f7696b82fe66ddc32da1e49ec1dac
strategies/H005/unique_00064/daily_evidence.parquet,b0cb9a8549cb0aa742a33c85a1b0cffa6efe3595ebbadde9d7023e7567539214
strategies/H005/unique_00064/README.md,677e323cb3741e155d36620029e5480fae1890112ba1eec37de0f78a97c5cca7
strategies/H005/unique_00064/strategy_definition.json,7c0537968cd8effc15c8115416b5b06d786cf3327bd2eec74da5d3d8168d5a84
strategies/H005/unique_00065/daily_evidence.parquet,7054441104a200a427557f29d37791e520651cc7a6cff2f277b1bf9bb7ac1f0e
strategies/H005/unique_00065/README.md,98df265d71ac7af9a826126d390fea1f394f99434543e09aa9abbad3da2c997b
strategies/H005/unique_00065/strategy_definition.json,b091512d750e8337f60463865da4912967a04040d616cf0c03aabfac333bb695
strategies/H005/unique_00066/daily_evidence.parquet,ae2b20284ef249ba9f946097368564eb752a41e8615443c44bb4a2ef90ba0511
strategies/H005/unique_00066/README.md,8820e202583ec820e199d827700ebb56006bf23f4130296966500dae7e37be4c
strategies/H005/unique_00066/strategy_definition.json,18ce48f991cddd8fb7007e587766ab76343bfe0f930ee94c92572fd9e286a629
strategies/H005/unique_00067/daily_evidence.parquet,4ba2e18d8c93e9377e64e132704eb4baafe7df2bc077d515ce7e7716d32bb2ce
strategies/H005/unique_00067/README.md,64e738a78d56f532c05e2f8ed175b52c3e7ec12201015e28ba61bba4e32d42f3
strategies/H005/unique_00067/strategy_definition.json,5750adf0777b0d1771aafa6459f662f15142e11f1d5f93dea56f0d4eff6c4fcf
strategies/H005/unique_00068/daily_evidence.parquet,630da8a2a371447db71aa2ee9628fb60fbf5ae3a1f28c8b6988a3a3461ca8485
strategies/H005/unique_00068/README.md,e48f2434c840d1425b12fac72a1e75389c831f2f92dccf87a943fa111d4b31e9
strategies/H005/unique_00068/strategy_definition.json,2e4b3624e37cbb3f48c670e7cfaeb90d9c62fa75b483f7e41af3a22f0137eb3f
strategies/H005/unique_00069/daily_evidence.parquet,f3745dbadab69dcdb2874cf5b618f503306e31fa6f47534009a3ffad287b5c07
strategies/H005/unique_00069/README.md,d42b7f62bd2496f81a7b30a5137a04e75a8eb7c53474f61db13852b9ecd01753
strategies/H005/unique_00069/strategy_definition.json,b6a460835cf8e96a028e7af17779b07619619946f67f24621837e4faedb53991
strategies/H005/unique_00070/daily_evidence.parquet,13c89638ef0f59e58103c5d07ee1edaa41d63619b2e3f504d2183ad12a59a017
strategies/H005/unique_00070/README.md,ada6f2577032728815696d135b8e6c5d708794418bf9fcb3fdf34731560de63a
strategies/H005/unique_00070/strategy_definition.json,7e790278146f7b67cd600cc605b991a40014e17bf562ebcc6812bfeeea266ec0
strategies/H005/unique_00071/daily_evidence.parquet,7cf41ffcc040af60719d89be6cee89a3601d557480744328863d6ad850dd467b
strategies/H005/unique_00071/README.md,38057eed8c1d70a84b1fd0ac9cce16f579465b5d286935da309d75ce91856b67
strategies/H005/unique_00071/strategy_definition.json,1c9be9eef544422ea71189b888023f6f6589b4d3c9da1f1bc6a1895465a29e60
strategies/H005/unique_00072/daily_evidence.parquet,4636a81c9e742be55ff81564a183a0ac214490c1d3bfe4d9f5c1f850eea0fc8e
strategies/H005/unique_00072/README.md,f912b39007909b421a1c866fd1e60cad7a95e742b370015b97823382b5015b9a
strategies/H005/unique_00072/strategy_definition.json,e577cad375e6c87c41a2872466f220ab542f9bdf2b65b658bef8cd2441df536d
strategies/H005/unique_00073/daily_evidence.parquet,12639cd6f7b3d2305497c5b9d84f5ec0736182ac9a8112107bccfa1007c0c7b3
strategies/H005/unique_00073/README.md,34c94cc1d2e7dcafa67e0fd3bb87c1b34a78cf8dabb608d10a40076c2a062537
strategies/H005/unique_00073/strategy_definition.json,a27c752502f63cb968d44eaa3828ef7f4e39d8caf6b2adad519e4509fc2a82a2
strategies/H005/unique_00074/daily_evidence.parquet,1351c95d0fd845d2a82a9e0c32cc2e6847383c65d583c252ed49687e61082d72
strategies/H005/unique_00074/README.md,0f9ee120208c5d308ad27b589d14bfbd443ca6fbf641edf6e47a32a62eca7911
strategies/H005/unique_00074/strategy_definition.json,e6c9a8b3f02f0efac2f0b9ba612a8488954ae60792696620fa32d07a2e208bd8
strategies/H005/unique_00075/daily_evidence.parquet,3fe038dfdff4067fb0f2574523cfc3df2f784e697dde373dcc667d4389d5f72d
strategies/H005/unique_00075/README.md,4b14c4f5b9a79b537f48a7892156e5e67134c899787b48fc3fcf47a9160d404e
strategies/H005/unique_00075/strategy_definition.json,944ab1812d1e952a832ef21f9092862aef36d973c7c83e93b6e12eea752417ed
strategies/H005/unique_00076/daily_evidence.parquet,8c5b84e95c4fc5f6a87a5fc57b0b1909c597cc063130fa9cef61d896d4f67a86
strategies/H005/unique_00076/README.md,76d54147d84673d0e827ee45d7678d1947fc8f0e4d58a1920f68c28cc29ff4a1
strategies/H005/unique_00076/strategy_definition.json,7890e66854b0f69b03bd0108424ab1132ff4a15e2db86ca5b3823b8f12bf729c
strategies/H005/unique_00077/daily_evidence.parquet,6fc93cd64e0e59208a3e43fdd662490a15e1bd7ff5b01bcf2380eaf41f3bf9f1
strategies/H005/unique_00077/README.md,ed2cb3dbf1d845c22f17673955956108a63ff7b338b4eb9b6cb3ae103b26c502
strategies/H005/unique_00077/strategy_definition.json,faf98ceb9c054000e713b57c43fd3ec65368bd0442ab6e571f352a3d60b2095a
strategies/H005/unique_00078/daily_evidence.parquet,9d13bf7cd4dd86a4e5223ebc3c83d64f3818052eec53b1cdca2ee047c3b03ca5
strategies/H005/unique_00078/README.md,a28d15bfab23e4a49a96a8141a0ec87388b5a28f5e53c40eed31c1d7ca6c8cca
strategies/H005/unique_00078/strategy_definition.json,ead5fc14fd4055cbd08b4d13d911b42d9cc0c3194b6f11358f3c085eadc8afaa
strategies/H005/unique_00079/daily_evidence.parquet,84e0b56649576bf22df75c2cd268702e675fa9e51b4feb9cccf1da372b2f7863
strategies/H005/unique_00079/README.md,0d018bf5026e37de733e34173747731927b42b7a542b2926a6e96cfa12ed06fe
strategies/H005/unique_00079/strategy_definition.json,ef9d75015b26b26f636bc3a15ac098835b938a1ef323805cf7df1a4de9db24e7
strategies/H005/unique_00080/daily_evidence.parquet,3aae2de33c51738ffdf502f06177fa9c10d1626f57d0129182579e7b0e493bee
strategies/H005/unique_00080/README.md,bdd40aa0a85ff1c515d1dc61d21d013cc9b8612578764111f3609ab68837852f
strategies/H005/unique_00080/strategy_definition.json,f20222eacb72f1f65b81be4861b732e193c4d31f4df5b5ffdd5be9f48f7352d1
strategies/H005/unique_00081/daily_evidence.parquet,1dcd56745ae0f6894b35678e90dcbe95d56f9fdf79eb1adf958343bff496266c
strategies/H005/unique_00081/README.md,1dcf7ef620c013269ca43e1e5f06d83746efde0b89272ae6b0c56fec8a5c4b89
strategies/H005/unique_00081/strategy_definition.json,622c27f2fb0c967d0c7fbf5e8f7108b32c2dacb30984ff07904764817c45502a
strategies/H005/unique_00082/daily_evidence.parquet,ef7d9c45a63593428d0ea8328b7cc8b610faad21ea08a2e4c56492cac9996e5c
strategies/H005/unique_00082/README.md,06d54c9ad80034040a15774651623dd47692f4de07bccf5fdbd5f9b8925abde0
strategies/H005/unique_00082/strategy_definition.json,25c1f45b200d2cd92ef50ccc25ddc1c43fcc34c5b4983c8d80e64f1413931aef
strategies/H005/unique_00083/daily_evidence.parquet,366327455dc129eb3b6a5defb0c73dfe7e027ae61f36c367630e143b64d20b8a
strategies/H005/unique_00083/README.md,d561e18bd177dfb2ac3c064e1fdf192aaa5dc943dcee2a2d73406a87bef04e0d
strategies/H005/unique_00083/strategy_definition.json,dcee817c187805d6ef69d9b1a896bb1d039c80a36745c739c6b0a8f3a3576d78
strategies/H005/unique_00084/daily_evidence.parquet,e4620a292b572ebba26c346712b8053968fa2c6acc39fd80435f81254532b40a
strategies/H005/unique_00084/README.md,319702a85e68368a63426c7c15fdac8c3a718ddc0e803a0a2cf4d37bada3a428
strategies/H005/unique_00084/strategy_definition.json,5c719916eb5b8cb90a8e5352939c2638b6d676dd7c2ce13da35a4de8572736df
strategies/H005/unique_00085/daily_evidence.parquet,5be56532916d2717bb1945d9f9acd9bc0d57a5284d78a47aa02440cbb50201a7
strategies/H005/unique_00085/README.md,398d46bcb4eb1a2539456fe5808152ae608b456c615c55c83eab8a4cbd24ca11
strategies/H005/unique_00085/strategy_definition.json,c92e7943a26d447630ebc89a2dcfaca594c29a452305c0e603d78b4988206ff2
strategies/H005/unique_00086/daily_evidence.parquet,7f966a0f955276099ca20979b8bf30c74004cbc32d9d88d9cd6e737744eedb78
strategies/H005/unique_00086/README.md,db5d08b7bd023db10779013718f0f6ae90cacedc1822ddfd57e19379e4657cec
strategies/H005/unique_00086/strategy_definition.json,cf99e3349e432825104be205d13e7a1de66dab3e35b0a6ab7bb08251a1884c8b
strategies/H005/unique_00087/daily_evidence.parquet,733d6265530f1fa131736e5a72495ed6b150297b9f33c7ec426b99c605700090
strategies/H005/unique_00087/README.md,40361cc0204c6f6d36a8b7408d313b3eb835b6e666070db3e4c05e236a24f553
strategies/H005/unique_00087/strategy_definition.json,4fc7998ba804ed1d6cc097ee02a8ba8e6549e3aac05a225064c49cc62c691fb1
strategies/H005/unique_00088/daily_evidence.parquet,13b2ba5d5a07499f20039708a24108a4d30890730222e54a64a490544e564602
strategies/H005/unique_00088/README.md,77bdb30ad9c517bf05ec20643af2da68717264880d1ecb160756303e9da98d23
strategies/H005/unique_00088/strategy_definition.json,ba90784f654a2376f74f9c63de9d64552071d288f9398dda48ad54963455b714
strategies/H005/unique_00089/daily_evidence.parquet,c7ce24ed56687691483ebcca3fc67838ec9e3cd3618a0dad1b99f093709e5235
strategies/H005/unique_00089/README.md,4c21ef436e6c196a6651a186878a6dddb67fe125ae136c46763bd51de18f1937
strategies/H005/unique_00089/strategy_definition.json,d3075b1c5d1d36de375a5fe89725da3bf5cd313b8fa98630d08d9d28953c12df
strategies/H005/unique_00090/daily_evidence.parquet,8a95e50a9d065337a712e09f1802a140914a3df93adc95286257176163e4ad51
strategies/H005/unique_00090/README.md,9af8daaf4fff69704044eb7dea41249645d153f633e926eea527587f690678a1
strategies/H005/unique_00090/strategy_definition.json,a5bc5d90b4a478d4ad73320e1ec220232c6c0fecc68890bb9de49b99ed579a7a
strategies/H005/unique_00091/daily_evidence.parquet,bd5cb6a5d700409bd665db2c45be71ad15d1d51a64dade4565c95901b98d88d9
strategies/H005/unique_00091/README.md,f9b4696d695a0c8ca2a48a1f4c0189f141a5f1c989edc2fe19cebab10c036eb5
strategies/H005/unique_00091/strategy_definition.json,3e7945e61aa50fd8b59abea6fe812732276aa8534f45b7c9689c7497042db4ff
strategies/H005/unique_00092/daily_evidence.parquet,df0e962cb5e1e03813c02beb8eaf1f2d68d2a68acadb36f97efc7f5bdbf1fada
strategies/H005/unique_00092/README.md,5f55fcb1a0e636ccac35a537da58f9e4682df127d27879eb310e3d77f8cc6ecc
strategies/H005/unique_00092/strategy_definition.json,96d960ca4ec7a79b8a30cea79b098bc9d3797cd21ce5040c812180797bcc362e
strategies/H005/unique_00093/daily_evidence.parquet,efc51b04b32f0e551533f53ccdea80d8d0e8f20032ddfe7a41d77e0e1eeade32
strategies/H005/unique_00093/README.md,ff7dbe5b47f85308c4765847f2c0ec674443087b075c179e928b557b3d6cf522
strategies/H005/unique_00093/strategy_definition.json,a687126ac69420c0cd562b2977f08ff3439ba82a0c93154102a9b199b0523989
strategies/H005/unique_00094/daily_evidence.parquet,1f8ef7553158611b58abf878dcc3b2d73d3ed4683003131ead2d1bfe3a4b9245
strategies/H005/unique_00094/README.md,cd5b73eceee2bdd0c1041527ff5206ed64eed2f0b5b7e0ffb9f4bbefdaaa6114
strategies/H005/unique_00094/strategy_definition.json,990c9487f2291178eb01f643b0ae66c786143605b718a5a3eed28d6e47d87376
strategies/H005/unique_00095/daily_evidence.parquet,2c814959e1cc3c11069d9ede0cfa7fc2fad368d6c039493f14699757c3c7ef55
strategies/H005/unique_00095/README.md,c1bd4ab7df89895d7ac1006190bc2b761f6e22c715e0ffafbfbbaeab216a9d62
strategies/H005/unique_00095/strategy_definition.json,6eebc46fbb43e87d769174865a8acdc7827636c1988270e427007a41110f37c0
strategies/H005/unique_00096/daily_evidence.parquet,ce27a8425e2d019aa5fdb05e01c323e157760d0fdcfda3935ffdaf7bae153e6b
strategies/H005/unique_00096/README.md,f0641e201d99dec24a766a67a79d2e835a4eeeeb070dfd4c30561ad7a8da9856
strategies/H005/unique_00096/strategy_definition.json,1ae8bda42436b01a9517959098dfec4513437751c17990d346434694691642e0
strategies/H005/unique_00097/daily_evidence.parquet,c9029e53bef83127e976c2213aaaedf578acd7934e30b441d407d07e6cdbad44
strategies/H005/unique_00097/README.md,cc9c4bf295f495fd59c81b37e8c656b71becb4406134bb78a331e50811a25395
strategies/H005/unique_00097/strategy_definition.json,94e6442d019731af58826be23208d9a5bbc3afbd673ad9f22d3e44ed5abb6b70
strategies/H005/unique_00098/daily_evidence.parquet,849272efc54e2813176f80063390c759e2bd441e671cb799e82e670417a005f9
strategies/H005/unique_00098/README.md,5718006790e85d38fb35e68c9a5a8e7d660dd3082584248872d1bab59b2e8746
strategies/H005/unique_00098/strategy_definition.json,01d7ae37b0a6fa4704763f50853f774c8c624d926f61e3ba542a43bd762d00cf
strategies/H005/unique_00099/daily_evidence.parquet,1a537371cbaa06fcff97f9370c2166050d639c4b6c0c30c6b80bcd1a302fc83b
strategies/H005/unique_00099/README.md,69d4b1622b5111087f04591ab219c8d6f5fb892cfe3f529fe8917760e6b74315
strategies/H005/unique_00099/strategy_definition.json,89621b46db3545008f17bce7e85e7a6600aedc177a8280486a77f4bff2b7c2e8
strategies/H005/unique_00100/daily_evidence.parquet,86b2545ccf4593a7105946780c27d560da3c222e710d74e5c788a12ec6c60e03
strategies/H005/unique_00100/README.md,3bd41740b0924a7ec9edc5d6ac0d7000394727e1241cf63719b6903e6f8bec03
strategies/H005/unique_00100/strategy_definition.json,582446c49ea1bdf99e3ea5b039efcc861e48f237ed935ca14d91288a28fb4a1d
strategies/H005/unique_00101/daily_evidence.parquet,eea7dbc292178f40ff22637f19ee16639df9c6bc4847ea9aa26e3baaafeffb08
strategies/H005/unique_00101/README.md,f7f7b47c621a38e31c2b12ab7f0a9bd84d6399de701507465eb68e71a416c960
strategies/H005/unique_00101/strategy_definition.json,143951fb56a5d1499eadbd8248b4602e736166b869cc378e326d33bd2e668958
strategies/H005/unique_00102/daily_evidence.parquet,c5171a7d39d54afcf6d03365e44f575df46b72a452a96c9f26b01763701b328c
strategies/H005/unique_00102/README.md,331a248e36e1953fe456f924c31daf3a6397eec1b7ceb6b64122966481055a55
strategies/H005/unique_00102/strategy_definition.json,16a29a92c23af996978aac14fbeaffb53407de2980a95496b09a8d803d083d2c
strategies/H005/unique_00103/daily_evidence.parquet,5a4e2e00a32675e0bc6f84aebe3c5d8bb3c652f43b507d48a48f53cea41b3e5a
strategies/H005/unique_00103/README.md,b2c955b3c47a82622f97cb034de191f5b3aa7bf865474e57eff9a2fe2dcd295c
strategies/H005/unique_00103/strategy_definition.json,a6be5297a839a964f4b9f247a9b73680a91068b78a24bbe5a00cf2e705f70e70
strategies/H005/unique_00104/daily_evidence.parquet,860db7a5b9d352bad17db29fa5836f9c3dab7131ac8611e21ae4b18269245fc6
strategies/H005/unique_00104/README.md,2c151ab1e1b9856f1a842f78f49b22871a874ddca3396d4a33a11542b8a8faa2
strategies/H005/unique_00104/strategy_definition.json,313d7300a3e5f580f7277ab90e34cf4de5e9ee98692f6a8c603ff92134f3b161
strategies/H005/unique_00105/daily_evidence.parquet,59a241527ff4df002224872593a07a21ad4692f1f123e2b1d61cc74982bcb584
strategies/H005/unique_00105/README.md,401e36a788011413517ff392088e5f298f3f5ba22a9619257bd69d25dd338734
strategies/H005/unique_00105/strategy_definition.json,7ce9c525ba108643b8605efc7dab049c6d2628c39f855389e6822327aa971f72
strategies/H005/unique_00106/daily_evidence.parquet,8faa1490654017257904c787ea16d45597067848a808931fa082d5342a5a2b61
strategies/H005/unique_00106/README.md,c1b9898bb09ac6a575133798d5d9f8eeba57ef65c9f54d952c594881a188ee1c
strategies/H005/unique_00106/strategy_definition.json,c34bc6cdccca877cc3e0a0dc17362f23b76947f0eb28308c5a51d7140131f779
strategies/H005/unique_00107/daily_evidence.parquet,5fd1f083109936442e8ce28cd5ec603c82940fdcf47ba69037b43f9d5de5b3d9
strategies/H005/unique_00107/README.md,176603f4a8e306e4920695a64e6c85e3bc17eba99d4547e217d9d6370ade6340
strategies/H005/unique_00107/strategy_definition.json,c05d8ed66b0e18a41da822826d538146f2bb8bee484c375e274ac4210a7f0661
strategies/H005/unique_00108/daily_evidence.parquet,f920c73527d69bfb97294cdcfce60e075a117e2d7186c7d6942e6f629af6e136
strategies/H005/unique_00108/README.md,da8c128589bf54043c59e91494821acb94d33f1db91c6f7768042ad8aaaf909a
strategies/H005/unique_00108/strategy_definition.json,3d9caf6ee63ce7a5a37018c39ed522991d5cfe4962eb7dc8ed883e01f16590f1
strategies/H005/unique_00109/daily_evidence.parquet,d930211dc1570cc652eb881557e9a1db8f925d3ba3d1f07cf14185155e2be407
strategies/H005/unique_00109/README.md,efcb2c026a7d4d31a5bfc31067f0ada80c28b846cbf5d4a81830b3a315a162d8
strategies/H005/unique_00109/strategy_definition.json,6465c9b18caeb8db8e0b702c61be91b9fabad02d4fa54464709eefdfa4573006
strategies/H005/unique_00110/daily_evidence.parquet,b4a719ef0de4abd3e9a7899826122cabc09db4d33034394e6f3e030e03805c36
strategies/H005/unique_00110/README.md,896ebb9ea02a1a674e1b880286bcd493aecfab0458f158121d75cff9da31b386
strategies/H005/unique_00110/strategy_definition.json,80cdfa30ede5e4fdb120af36488ffdacea27ad018f3879be701e6ffa1200809e
strategies/H005/unique_00111/daily_evidence.parquet,a75a7874cb0aaf17f552179b65ec002dd2a0ec037ffa29d503d8af93cbf868cd
strategies/H005/unique_00111/README.md,852926c4f7b38c61d5d3afb2423f8d9858b508918814b25394acf22cc26bf68f
strategies/H005/unique_00111/strategy_definition.json,b21a014c6d9eb38eaf2cfa22cf1af0ed1bb773781cdb6f5386eaf14af09cb787
strategies/H005/unique_00112/daily_evidence.parquet,4167a207b283b0eac8ccddddf7ba140f01e3551e2a18841469f2fb73ec26e6a7
strategies/H005/unique_00112/README.md,5de57361e34665ba7d5798db4a277d2867aaf07f9822e3b6520bc01752e6b463
strategies/H005/unique_00112/strategy_definition.json,f3d8f015ddc2d403015d9795004301a72e8e20a82e66d750afc5e2c6403ee331
strategies/H005/unique_00113/daily_evidence.parquet,5eecc8e4a02cd3937c5986ddbc55cb014a00d3a7b0198223693b9f8b02a9208f
strategies/H005/unique_00113/README.md,a53e05f64ad1558ae4bab9e500516b34bbab42007b35c0ac2ed05d87d9c11517
strategies/H005/unique_00113/strategy_definition.json,a60bcc6b6f02f39380614863e207537e74d48df4b1075e17b5ebb2ca5178ab8c
strategies/H005/unique_00114/daily_evidence.parquet,ae97281fbf3a708f9ab7fd9520877c7ec068cf84a1f50c4bf1c19b5f82195de4
strategies/H005/unique_00114/README.md,4c3d44c9225435ce9d68ff239dd25652131f238ba8d2617ff37bbe0821ff1b5b
strategies/H005/unique_00114/strategy_definition.json,4ad00c423af04b95a023bff5af2387a0f532009495988a4bdda27d2c8a54e1b5
strategies/H005/unique_00115/daily_evidence.parquet,38ee58a0cd394ed53306e023f270e661a3c8f4ba6ffb894484a907f658a2dccc
strategies/H005/unique_00115/README.md,2d92f474b068ca22f4921aaa3c3da1b543d3b98eb779533f319c02f9cca34cf3
strategies/H005/unique_00115/strategy_definition.json,973c7b95a4579270e585b6435ceba47054e6c1f50de28e23068327f719f34bd7
strategies/H005/unique_00116/daily_evidence.parquet,d4efbba7f9a9238bea338268ed190e2135013672df86210f1cac44f886544ecc
strategies/H005/unique_00116/README.md,074c331405cbd19e540c8425795d60041d4f069596c1600d03fbe825c69bf822
strategies/H005/unique_00116/strategy_definition.json,a25a1ac1d0ef5ddf9475c09b49bd7384affa30a6e44af9d1ae25b9d725126bf5
strategies/H005/unique_00117/daily_evidence.parquet,f14a9c98e880ec7ec01b9909fe6be8485caf9d9af75453248281b8384c6a8e71
strategies/H005/unique_00117/README.md,cc9e11fd8b41071850851d64811ab4f765e0a0f8a1f5c64fe1e7f58344e5dfa1
strategies/H005/unique_00117/strategy_definition.json,71c66f0493481a4d579859fed150ffb8bad92fdedb29f1bf265d89365fc13c87
strategies/H005/unique_00118/daily_evidence.parquet,abd58e401198fd572f6b43b04ec266d0ee6e2a57b08d372e2d39ba2113349206
strategies/H005/unique_00118/README.md,a082b4c6947ad278d8504b34170dfaa03720c528aa59e917be8f70faf552a28f
strategies/H005/unique_00118/strategy_definition.json,d95fbf1f7825728a20af9a08cda0110b92558412cef3a28515f010a3f293bfa4
strategies/H005/unique_00119/daily_evidence.parquet,1561fde98163eaba3494e510581c2b634807c82db10ca2975aa5fe51795f746f
strategies/H005/unique_00119/README.md,fd7d1adb5de58ce27b42702d6ef1b719e7e69a9eaa5ef9649643fb117bb9d3e4
strategies/H005/unique_00119/strategy_definition.json,7d9ca932956157bd202c1e459c0c13d2a8fd4b5468c57a18fd80740af1e5f2a6
strategies/H005/unique_00120/daily_evidence.parquet,0bf1258b0ca78dc6f3f7b36b8fdf5eafc332e6051faad48670a6fe1d6b9f880a
strategies/H005/unique_00120/README.md,fb0ef7a29593f1cca8935c1173df6bbfada729082a263c599e6210febcbd90a7
strategies/H005/unique_00120/strategy_definition.json,491b257498a9e31b98636669bb07a7d75e4ed445425acba694aacdc082c65db3
strategies/H005/unique_00721/daily_evidence.parquet,e9175bce763f912852a838a8dcd94b0bd0f1cc1ab8e6720e69dcfa75653e224e
strategies/H005/unique_00721/README.md,a3762cadc92bf6ee041f0cf81b5939f86b49169da9c15213b0ab218f7edd2a2f
strategies/H005/unique_00721/strategy_definition.json,25298eb5617b21ac01427d782944a310f59a0c9fa931b970e4d004610fc59335
strategies/H005/unique_00722/daily_evidence.parquet,7e49dc9b060c17536fbdbb6397b37e944649ab2a80a8637eab11440e96429d7d
strategies/H005/unique_00722/README.md,06d057ba7628ccff310d0e226f4a513bdcfff315997f23e6ad5f3a90c317fd51
strategies/H005/unique_00722/strategy_definition.json,9a3279769a251b63af89279b35b4ce912f68a22474a26c9b9b789cb8263967c8
strategies/H005/unique_00723/daily_evidence.parquet,e303cf3c1702df3bd9261c3ea3c8cebd39e111b8741a8eeddd0dc2c0452f1ecb
strategies/H005/unique_00723/README.md,ba50021259b04cc36d7d4686dd64c99c81992b4ee3d3375033beaf402f3b5f88
strategies/H005/unique_00723/strategy_definition.json,097654136f6c7e0efe30e2142967af1a20ad45f865b1726b350840c9cacf9cb4
strategies/H005/unique_00724/daily_evidence.parquet,d039f8f5f812b5a93007a590d89d5a64ee9626d18f52841633a4ca891990c729
strategies/H005/unique_00724/README.md,bb781c1a820ed8498a06fb57dbe23e6e93ab0b1192e106a18e4289b2023ef992
strategies/H005/unique_00724/strategy_definition.json,b44f5be07d8a641af2b2f8e430d85f4dba9d5865f8e5f004fc0088e7f787c96e
strategies/H005/unique_00725/daily_evidence.parquet,821565dac936ae188f8e56a6caf983821df179e308b5c5c51c5d0ac201fc4058
strategies/H005/unique_00725/README.md,8d714b188c9337af28d2c2add3d99bc917a96801b6ca00761fba05c4e3fcab94
strategies/H005/unique_00725/strategy_definition.json,10587180406ee102de248309aca96f60e5d62425a65e23d326c74ad148571d7d
strategies/H005/unique_00726/daily_evidence.parquet,5a065a7a925dc4ba478afa75f6ae21d04cd5f82a974842f702f5aff430e4cc01
strategies/H005/unique_00726/README.md,739ee30505ce08f3e0cac2fb74a2d52bd93ad03e14efbb4ea6122913df7b9fe5
strategies/H005/unique_00726/strategy_definition.json,9b93cfa257a9f375ac560b8919f5129f9ed06e87c76361fac129553af3ca72fb
strategies/H005/unique_00727/daily_evidence.parquet,055b752f538987f78ab1088db6cd50ebea8824c492b75b7fce2223191a2079f3
strategies/H005/unique_00727/README.md,1bf5f0ac234614174ed79f4d0aa35ae2edbdf990bfd52482e699a982ba4c94ad
strategies/H005/unique_00727/strategy_definition.json,5325f1570f28a97496cbb76a11c39723ebc35fae3052bd1c4dffe099fcd77c13
strategies/H005/unique_00728/daily_evidence.parquet,1e76cc2d2ebc4cf0005af7f3170203235bd99a2b5ad034a84449cf353355228c
strategies/H005/unique_00728/README.md,dc1f37d7e6c88ee73e0820fee6cda91127677a68ec5098015b13b446c2a95fd7
strategies/H005/unique_00728/strategy_definition.json,ebdc81fa152f176e569b604e0d1123da65a4632f804a539a7e5d0677d7a1a063
strategies/H005/unique_00729/daily_evidence.parquet,e91b56f3dbc6c0180a678cb5276f383086ec44307fef752e30085c5d8e7353a8
strategies/H005/unique_00729/README.md,3965238d310a70b6542ac06e221d6c9f627655dafeeee86c7a6b935f211460d7
strategies/H005/unique_00729/strategy_definition.json,7e0bcd7b3517d857d80aba1194c50990ef647b8d78c7d7a1c72df3dd1188c9d8
strategies/H005/unique_00730/daily_evidence.parquet,5d5f6d6124c4500a8578631420521bc82c8f6040d68da1dc1327ea09eeb1756b
strategies/H005/unique_00730/README.md,642d799a6253e202dc00beb0bc0a178da07eea881abeb29b84900d2948b117d8
strategies/H005/unique_00730/strategy_definition.json,5cabda1d16d3e175bd6de877d6de6eedb742a477c7c3dd30552922c9202b18b6
strategies/H005/unique_00731/daily_evidence.parquet,abd9e5572f58bdc31d21fed821c9c0fc5661ead04911454370032bdf2b162f1f
strategies/H005/unique_00731/README.md,4762463f3e8974b0ed6775b0177b2575d9b54b6efc13be1560f2a8e88295c1ea
strategies/H005/unique_00731/strategy_definition.json,9588ec1c518152572bc89d08a470dfd8eef86b4ad93447341d9abfe06d20d1ec
strategies/H005/unique_00732/daily_evidence.parquet,e5de3ba144b9c2da0c46f04bd674d6cb42ee8624590dff990723e35f9760357d
strategies/H005/unique_00732/README.md,8749385f06cceb93a48f92c666656a27bfcfe2fb93c13872373228214ed84204
strategies/H005/unique_00732/strategy_definition.json,a85c2fd273d5c75e04923fd5420b177cf01ba891d385cd504077444541f8cfb1
strategies/H005/unique_00733/daily_evidence.parquet,48329a241cdafd9089efb1cbab23aac13fb1708c6b6f0511283bb43afb479988
strategies/H005/unique_00733/README.md,8c101cb221ec51120215f0b8fe4254d53ede0808d7e3c5deefff71524a06f208
strategies/H005/unique_00733/strategy_definition.json,36df056ffed1ef6dce9c46e95d4ff0b5746d5e9e25fc27edfcd131e398c7283f
strategies/H005/unique_00734/daily_evidence.parquet,8f248aec1177047de88300b504e3c20fffa4f9f7876872d9066386402de34fb5
strategies/H005/unique_00734/README.md,e575c87195d6ada096ce33edd92f11d50e6bab762b69b9b870a52ba47f3d138e
strategies/H005/unique_00734/strategy_definition.json,83962404cc4118c73a20c5f03a90931c6a3cb90fb402ecfef73b8a9203997bbb
strategies/H005/unique_00735/daily_evidence.parquet,bee81ee3f6286992af5697097a77b2b8c51dbdb73641bb709094d9fe34e79771
strategies/H005/unique_00735/README.md,354e0aa1feeddc31bf9c120dd46b57959c91fad22d59ef396446ef20462ad9b4
strategies/H005/unique_00735/strategy_definition.json,a42e8fbaf41d8cfc7cc8c1754292858d5fbfbb4d019847a92aa07e74632ea609
strategies/H005/unique_00736/daily_evidence.parquet,6eb777abc4a2cb9262a017068898d191005a0ecdbe2fad14fee9c49c5dadcb70
strategies/H005/unique_00736/README.md,e8eb0350f42287c4e1e4c169c29e38f8f1b49773f38139bfbc9780f929eb7cab
strategies/H005/unique_00736/strategy_definition.json,808ba6f68302a5e3cdffb45381bd1a8954b9b6d8ee12ff6d48db09386bb357b7
strategies/H005/unique_00737/daily_evidence.parquet,189f2096e305e45382f2e179df3c551f86935925c0d6fcd3dbd0c4c67d1e7a9e
strategies/H005/unique_00737/README.md,e743bb38e100ee2f09cd70db2ffbbd352632497ee77376fc720b5993ab462c98
strategies/H005/unique_00737/strategy_definition.json,86fd1ee200ddf9cf1546f680e741a6317be15427f33c69686d38fbe1016d5c71
strategies/H005/unique_00738/daily_evidence.parquet,37fd2f91883c46cc644d08a86b2ac74dad14555773e56ce577531d38a24f75ed
strategies/H005/unique_00738/README.md,df8a73ce0f41bc08736c638edcff77965d297ff9e4ac6543c8b0482e0fec226e
strategies/H005/unique_00738/strategy_definition.json,6a350b4a8a5776047d8855f7c1bf4f1bc3747cc9e3993e62da3ea64ceba14739
strategies/H005/unique_00739/daily_evidence.parquet,e17bb6fdefc9a62ddc37159dc4d7bb10bd02ce26ee556c69c6c5821d01cc9cd8
strategies/H005/unique_00739/README.md,954946b6fb7619faefd9f9bcccca02a5f4f7d36e491d9b0cad3a9581040adf4e
strategies/H005/unique_00739/strategy_definition.json,93f151748a239a9bcdf13a84645a0c35755852cc3f6541ae5cefdf69bd2859af
strategies/H005/unique_00740/daily_evidence.parquet,4154eb45e4f3c35424fda4e0ee58a0295b03205313f220d080aedcd07e4e97a9
strategies/H005/unique_00740/README.md,a1047e1477a4528b900c8e1df7fdc648c9d6ec77229d959b444ea1bb1d2b165c
strategies/H005/unique_00740/strategy_definition.json,448aa30829b034b0ee31d8130a81dd6b0707be6eb0735da491da9f2e744c5b85
strategies/H005/unique_00741/daily_evidence.parquet,bcfd5f89308c9ffce79f666b26497d5e53e871bc6566f42511cdd8fa39180782
strategies/H005/unique_00741/README.md,ff5dfb5d80aa2f6f5ee33b99ce02f46f441aa735c2727620b7fbc7dccbb311bb
strategies/H005/unique_00741/strategy_definition.json,ad2d904b8584d3b22668c6656b86bd61feee5462962f8f84a410feb5dbbc17b1
strategies/H005/unique_00742/daily_evidence.parquet,da3ac6127932be52cb6eeead30f11962a7efeee20a73a92c9fcbd818771723c6
strategies/H005/unique_00742/README.md,6f04d935e0eecbe56625aec1ae75074798d9a2dee528edb6919801d850ebf1d2
strategies/H005/unique_00742/strategy_definition.json,2ad41fd01ff9301fdc892a7d76a43ddc807b9a737c1711edeb422df35978edd9
strategies/H005/unique_00743/daily_evidence.parquet,6da40ae11945ad6c0a31e92907a7fe1747b2cfa9135bafb779b246ca36219ea4
strategies/H005/unique_00743/README.md,f256b33e2ea997f08d71361d5078556e99a6f46e6aff1c1e251caf1af21e4164
strategies/H005/unique_00743/strategy_definition.json,7a29a32dcfe9e453dbff391bcada973d1054c01db65f1c65cc0236386f5f32f2
strategies/H005/unique_00744/daily_evidence.parquet,a8b46f677ad10f3e42d07eafff6b845318aa5e8e0c9bde502cf32db92b28153c
strategies/H005/unique_00744/README.md,85a530805c2e7c5a69f09c01dd8f000c3538e21fcd6637b8011b359826c68e4b
strategies/H005/unique_00744/strategy_definition.json,86884fef30e7af31cf7352584ecf9230e74cc150e75935d69b845ed22b3f0fb9
strategies/H005/unique_00745/daily_evidence.parquet,e4c1f47795918ac820f800a2835bd6f9e5dfc0cc7b9defd1d98e1cc5ec1a82c0
strategies/H005/unique_00745/README.md,a412b217ecaef008b53e078fdf9c44ee291fd8dc50ef28cb0963871a8e9868e5
strategies/H005/unique_00745/strategy_definition.json,7d7affaf7e4c6a95ebec9c2f1cbc3d6c04cc472fb3b8ab4300eb31bacf0a1626
strategies/H005/unique_00746/daily_evidence.parquet,4e9866b1213c69a400dba624bcaa77c310646457890a9e9b6e8c62555858e608
strategies/H005/unique_00746/README.md,26ef2301f42f7cb3d40dff6f85eae74ce993d3a9d73709945538db718ba21281
strategies/H005/unique_00746/strategy_definition.json,f71e6141d692dd734b24319e62a8cf8bdb7e8871a4398641e74d5ead1b5438b1
strategies/H005/unique_00747/daily_evidence.parquet,76340267ff0acbaa64bedd116d24074473c0a6cffae2a056b41563f7bf8981e5
strategies/H005/unique_00747/README.md,16dbd7b65c590343d11bd3db89d27599927400eeeed48b72eced0ac168d1a0e9
strategies/H005/unique_00747/strategy_definition.json,b8a164b5f8a6a02cd6afc5c65077e38ba67782ad5b133b32d7d5e52ca51a5063
strategies/H005/unique_00748/daily_evidence.parquet,461ce770d64ef98664c14b0f55e0d8b76ca5058a900b1155dc3a97a623daccb1
strategies/H005/unique_00748/README.md,0c9fe006ece14408bcaa4cbf85b7aef6a77f27c74f15d28ecc73b02a52227271
strategies/H005/unique_00748/strategy_definition.json,2b284e6df8a5b2c5ca4a5fb217bdd76e32cba0e8778ea604a948ca1b38a6106f
strategies/H005/unique_00749/daily_evidence.parquet,8b88d1a68e89d4ff52ef7128e98359b59fb636df4ca59162fd29e5dbbdf3a838
strategies/H005/unique_00749/README.md,a79ff44406ec51c0844d6c52335e401bdd03b60c670bd0fc2a938ec8c7fa06a0
strategies/H005/unique_00749/strategy_definition.json,ebe79ee5b3687ef1680118dc2cb0b7505100f8ce5b8e3fb28ab0f20386991588
strategies/H005/unique_00750/daily_evidence.parquet,cda70e1bd516e291cef446af3870926ef9617f9084a8302005209f5a40558b3a
strategies/H005/unique_00750/README.md,225c94be02c16f0bca3344bd21d8ae0f9ec7184c195b453ae0141acfebcf6573
strategies/H005/unique_00750/strategy_definition.json,124e46d999471432d62e1153c8bca58d4cbcc6354016581068a7dc29091a7604
strategies/H005/unique_00751/daily_evidence.parquet,567f506068c9831d63f440d4a0f31c5a7276c67f283ea19fc0264a22ce56b638
strategies/H005/unique_00751/README.md,49f1e45bc6dac9faa005ce3e7128ff6fd5682aeffce48a36a90fbfa54ec5d0a8
strategies/H005/unique_00751/strategy_definition.json,6dfd7c850824055bd5a18136a95e23576edcca24bd582285b7ed465513cb7dc9
strategies/H005/unique_00752/daily_evidence.parquet,18e65c600b6f8a6750f757b592bb13e8b1a7e4a131315738a8926c0ceffb45aa
strategies/H005/unique_00752/README.md,86ba278e8d2e5b211cb262d044c6353f7cc192f6fbf3140ab2e3e3dbbe7bbfc9
strategies/H005/unique_00752/strategy_definition.json,409d36262523046feb03c1f382c66202c86667f4b9f35efbbdc6111d5532ccfb
strategies/H005/unique_00753/daily_evidence.parquet,a5d82654ad4524d167b68b398963c3c6a65549e736e8588922fb663724f33dcb
strategies/H005/unique_00753/README.md,2b29897a0fa479728638bc1a9abd557205944167d4ae632c7099eaa9454d5fc3
strategies/H005/unique_00753/strategy_definition.json,daf1d44d9d6053ff4a1e0711a2c23302e7290683acec21ed18fae28d7ebc7bc9
strategies/H005/unique_00754/daily_evidence.parquet,9dcd39685ec2489181eeac9f004a1525a9d1c89ba144d1bac2a403e3ad53a7f0
strategies/H005/unique_00754/README.md,0ae538bc907e4698d422af85652d5633302bc7111fba8d46dfe7364408511b2d
strategies/H005/unique_00754/strategy_definition.json,f1d3b899e472489f9b592dc044a7fbfd33b2afddd88e2522cc95f59fca7afcce
strategies/H005/unique_00755/daily_evidence.parquet,84793bf28d29e1f74859ab75df68f583017601a0f6d290fe9ec4df4f8dcd27c9
strategies/H005/unique_00755/README.md,b41c50d17a0c4ea46e9da95ac5260bde1c8483684e1e427d3247b10a31391826
strategies/H005/unique_00755/strategy_definition.json,0fc4b105822293bb8febefb5f6ea04f9ba0d85b9761ab82744fa7cb1dead88f4
strategies/H005/unique_00756/daily_evidence.parquet,d042f37f1426e5f9d45680e3a319ec9e13a6de7159678817718aa71b828e26c9
strategies/H005/unique_00756/README.md,9ba76614b4ed2a8f8bf13b2cd44d14eef9e63752caa5ed0ce0d2ad7b7b5b3d43
strategies/H005/unique_00756/strategy_definition.json,f65167cf616e5827d3d0759a36cd51fbea73f35651fba527de80ece3b5293310
strategies/H005/unique_00757/daily_evidence.parquet,32199b0fcfada48c4aaa707883624e6dea11899c7fd25e9662f1ddd3959b6475
strategies/H005/unique_00757/README.md,b768d60bdb71d6dabebe759128f8adbe57c852902817db33773beb0cc0f5d8f5
strategies/H005/unique_00757/strategy_definition.json,b77d15a1ec5e107657804a0ded3a0e41df69be93e98bf339fd4fee672941f5a4
strategies/H005/unique_00758/daily_evidence.parquet,6f2436a727efcb73e84a7fda70ea50a7fd1a4d1de65ebb6e42033e012b024f4c
strategies/H005/unique_00758/README.md,f3b9d6769e2b38efd3d05943ff27f52f3290f48c05f43a9d411901f93f530b6c
strategies/H005/unique_00758/strategy_definition.json,7acfa072ff50558458b28cafef8214d45d0720640ff7ed0a1a9ad5ee87b17bb1
strategies/H005/unique_00759/daily_evidence.parquet,ab1a5e2cfc1739aca2213e9908d7b54bd27fe2264cb657ed86f47ad490c50015
strategies/H005/unique_00759/README.md,33d27a2cdc16ee22114a9d47aaa77582130ae2e491d8647947240dfbcfcc4132
strategies/H005/unique_00759/strategy_definition.json,55d59de5c906728143e92588aa233bd5082c205f87ae13d81ead97530327ae47
strategies/H005/unique_00760/daily_evidence.parquet,2aa92d734cb496563ec3d33066bda86c7737b8412c2d984aba872ab3b3343784
strategies/H005/unique_00760/README.md,ef8162ae4c7eb4224b159bb38edd137ce91851fc702db2256947c8ffe26f2939
strategies/H005/unique_00760/strategy_definition.json,52ffdc56541a20affce1222e7c51dd02f9a41fd409efb26ded9cae707f6b73a4
strategies/H005/unique_00761/daily_evidence.parquet,0e7e31c430655dfeba80a9e50e60e65b1aa73df0128042cec0e59d8b0a896db4
strategies/H005/unique_00761/README.md,92f8e038097e9863693aa09a8eca157d2d39df6007a69a4c999715e496c20ad2
strategies/H005/unique_00761/strategy_definition.json,e89bc189b42006d1971a879fcf9b335b7f32e46e08182ec0b1b87c9cdb19b580
strategies/H005/unique_00762/daily_evidence.parquet,57bde724c7ea216b96ad738e9055da5eb49052db6a08807403ea0cfe856b5eac
strategies/H005/unique_00762/README.md,d0fb4d279cb102fcf58373d6535648d09f43e756798773ce09ec01fc71d70f4d
strategies/H005/unique_00762/strategy_definition.json,bb188ff52cd88f2c7b9e71cc33d2682769f139e568d5f4279a613e1ed0012ebd
strategies/H005/unique_00763/daily_evidence.parquet,68f52f126ac05e48f4eff31d16bfd83ee09122b337d98d6700ede2ca8c5920c2
strategies/H005/unique_00763/README.md,0b1e0c433a57ad17797d8ccb29b086288716473738e1e9a42038422ec4bdc46b
strategies/H005/unique_00763/strategy_definition.json,8b32d44160a7bcb0f24766f075e94bb7889275c1d61d10ba9fd14d71a9945514
strategies/H005/unique_00764/daily_evidence.parquet,849ab3943cceb5a9b98efdbdf2c1e4cc9ec82618d87563fc0f4fbee32b0aa743
strategies/H005/unique_00764/README.md,ebb377b52d08bb2b1e992af75b58f124185e2e31fe232e0bcca4f7644014001d
strategies/H005/unique_00764/strategy_definition.json,3681d774a234e84432fe94353fb4b6eaf31956c062b7e71b226832ed4d095d1e
strategies/H005/unique_00765/daily_evidence.parquet,aeeea6ac938746f8317a191e83c290874820fc97d79415a00d9f2ea8eea08dbe
strategies/H005/unique_00765/README.md,884547000d76043f8770626f7b679d1fd9200699adb15fe4b4a7675a530f32b2
strategies/H005/unique_00765/strategy_definition.json,ad8b7b3f2e5779cfa63abb891804a11227f1a6cd90da3166b8e26aadc6a15620
strategies/H005/unique_00766/daily_evidence.parquet,55841a33b611e12495e4c06330268621a9ed660fe3ee89ecda19ec911a4b0cef
strategies/H005/unique_00766/README.md,31b3e95ca0c270b5bc226a8207735ff123892ec8604929bc9fcfad4f08e022d3
strategies/H005/unique_00766/strategy_definition.json,3c0af9674627500f546189d17c66302a8f4b6decb4e189c02ca52bbbb5056ab4
strategies/H005/unique_00767/daily_evidence.parquet,6d4d24d9c16db2431f696cb23622cdc96a7f607cba69107738504b41fcbf6f9c
strategies/H005/unique_00767/README.md,ba59360901f384550cccd110f6a394b6e3823c7ea98acab9bd61d16e0c4a82c4
strategies/H005/unique_00767/strategy_definition.json,d5e58747e5101694498295cdbc4fb567363c47749184e0ff83180ab1832a7ab3
strategies/H005/unique_00768/daily_evidence.parquet,c7d4f309135b8722a12333ccd18bc14d4fc0745b7dd4f13d4c398fb8504eae6f
strategies/H005/unique_00768/README.md,32b2f9872abc33809d9a58c6e05a369db09e4d2a7fbf4adb9aeb48c016e3f824
strategies/H005/unique_00768/strategy_definition.json,df885cd5422b88dc6349f034b338fbd20757b4e41bc0ee2b12945730242dcec4
strategies/H005/unique_00769/daily_evidence.parquet,2f135e3373ea3f01929e2a0d163337d69ee7790a0e9fb0201240b8a2639ac62a
strategies/H005/unique_00769/README.md,79d27900e7f99689ab927eb13921a885e24d81ab7fcab427bcb47a0d389755f0
strategies/H005/unique_00769/strategy_definition.json,62b7479cba490d9968c27cbba4b26ac2a7efa706eedb1642bac820a2fc97f713
strategies/H005/unique_00770/daily_evidence.parquet,7531a87b808f7e8a945991d9e0d0373f76f5f1d194828facafbd4df84aad0b36
strategies/H005/unique_00770/README.md,7a7403a74cee9889a6b2d94a99d3ad69ec57933ef5e0f199077be95e2308b82c
strategies/H005/unique_00770/strategy_definition.json,d8d45138ea065dadaad94a80794f06139b40526a26eaca7efd46c5ff45a0d343
strategies/H005/unique_00771/daily_evidence.parquet,e2ea61a75971432f5b507c048410679c2534256e6c36d2f70ef2a7ba4a02c69b
strategies/H005/unique_00771/README.md,c9c750fcdb2e4c54bb2b6919f10147146bf2a65a0a8ad3fc8ed08aa277cc8f40
strategies/H005/unique_00771/strategy_definition.json,0609bce4dc3a152ca9e1a153960ffe3db64beff3b58acda8c588931d8e8021dd
strategies/H005/unique_00772/daily_evidence.parquet,c184e7e477fc0613551896e3ecc1c0f7c9985fdedaacc96966508670adccea85
strategies/H005/unique_00772/README.md,293020d382924ac7c752a43e86e863f696e451392abdacb5a9ba755d90e9cc47
strategies/H005/unique_00772/strategy_definition.json,cb46531384add5eb509a45ba49a803fa6f2d7d4a5465116bfd91ce23af3dd808
strategies/H005/unique_00773/daily_evidence.parquet,1586e4669b5836537350d4799a3fdbc9a5a535bcad3efe42a4b8fa9cc6d52f14
strategies/H005/unique_00773/README.md,82f85e2574e69cfaa6781f5bdbbc4595b4cb0cc84590b8b50d89e6a30454cb33
strategies/H005/unique_00773/strategy_definition.json,a5c08dac19ed7d44bcb23b394271bcefbedc7fcf46da83591a626dfdd0b2ac99
strategies/H005/unique_00774/daily_evidence.parquet,4a5f63a8bae16bbcfdc2e160be1308483a04c6f3743e8b5d7a76416adf9d7c38
strategies/H005/unique_00774/README.md,a3b3cc894ce3c6846a89952f00b99332fc0b4ce5a9dd6a9bdfc3932f14691e94
strategies/H005/unique_00774/strategy_definition.json,762b4bb4b0a0ba6e443bc68692e286b3fa6c9e249afc4dd83c429fab42561076
strategies/H005/unique_00775/daily_evidence.parquet,d38f6b6efd2b63cde248c068608a82bb3cd691152d21627dcb98df8ef20ab693
strategies/H005/unique_00775/README.md,265a92f708b0b78707f6dae28b43046872b62816742db4eb7e49d31c5c957a2e
strategies/H005/unique_00775/strategy_definition.json,ab6d7eb8920f8c4c0741dfd516c441b00754a9d410a3cd36e8468d5ce0360f70
strategies/H005/unique_00776/daily_evidence.parquet,e9a192825d6c7ccef5a5c1877f084a107f3902fedc1d45bdc3d2e2c674dc8b11
strategies/H005/unique_00776/README.md,4b2938a7e56dd5a25a3a02f2bf755124513a0c9ae5684870326bb38880756f7b
strategies/H005/unique_00776/strategy_definition.json,0e988c86311e8e60143314c34c349fce0b2d0acc062d4d0c21c49e1bfda87db2
strategies/H005/unique_00777/daily_evidence.parquet,1191c2994834736303038a95796c5e1781d4d5976cb46ce84fbe4b77d7201867
strategies/H005/unique_00777/README.md,558274c73d5c34df5b0e2edb6430b9c93eff5af31bb470192b3b6754ad10aa87
strategies/H005/unique_00777/strategy_definition.json,64a4ff402282bbd6c5aa268f400f8655ada25ff4de30e7541c243df1d9e9d180
strategies/H005/unique_00778/daily_evidence.parquet,0453ac5afb8276f7d5693f82ece78ac057e78c2389ee2670268e0cbb525985bd
strategies/H005/unique_00778/README.md,d334788585614ea55029b81bf39e22c98aa935fad635cf953bdd13682a87e73a
strategies/H005/unique_00778/strategy_definition.json,25385aec8304af162aefa1eb07438870e8b09acbfd5fdbbeb00502089a8ee70e
strategies/H005/unique_00779/daily_evidence.parquet,fa0ff4a681bbc051e7805f163bedc3cceaf61bb946fdf346e97d29e3bd033417
strategies/H005/unique_00779/README.md,fdabd83219413bc479b1a248ed29a92b7dc4e02310c8d0539474350a57c1a4e2
strategies/H005/unique_00779/strategy_definition.json,7f3bbe97c1417fe521ecba117983cbaeb2ae1d19dd630fa558cbf15a2b55afe4
strategies/H005/unique_00780/daily_evidence.parquet,9d0f55234b0b9dc4fa7a62546a5c0c61679c9df1841ed636183c51eb3644f744
strategies/H005/unique_00780/README.md,3efe70cfae43ef31dc8c4ac2e37da39b8fc8e4259f2323f9cceee186f07a8ec6
strategies/H005/unique_00780/strategy_definition.json,98b8b01851b2d15b035d50d19c729846e9110dc47330ed60af0beb8db7f68f55
strategies/H005/unique_00781/daily_evidence.parquet,da81afb6a01e6c96746446e9a1ea2d1e2100df2f5937a4cf8e764cc38ab910a7
strategies/H005/unique_00781/README.md,70dcce51e031ccb4ec16cdf866b23b9da0cf5b8144e1d1d431769dfa8164fd11
strategies/H005/unique_00781/strategy_definition.json,c64d2ee1dc799b7b3261e99b8dbeec850bfee151425d818449ff4602ef0c51aa
strategies/H005/unique_00782/daily_evidence.parquet,5eba2e5cd3cddb5ec258a04cc9c4bb2205bc6318769d8d0c62551b8e7fd19d72
strategies/H005/unique_00782/README.md,511fde98a3954a39022de739e82dddfd1e02a98a0f195cdb22bc62015560141c
strategies/H005/unique_00782/strategy_definition.json,013765ae74722c1e299f7e8fe351f84f4638aebace2ddaa311ae157d8c3fcf00
strategies/H005/unique_00783/daily_evidence.parquet,c5ad4d35dd0f1ca63c4ba49ac9d32ca474575aa2a036112d6e8cbc19208422b8
strategies/H005/unique_00783/README.md,75492b8c0f4a8f75c549333d94c29a9b88da11b58fd93a58c29d93158d0fcf6c
strategies/H005/unique_00783/strategy_definition.json,0b04fe549992271959b01cba92440dbd4a37cf290d51a21de38832ced92c3d23
strategies/H005/unique_00784/daily_evidence.parquet,eff3fee70aeaecce37f07189212ab09e2948e75df83d6811cb6762b6c832b38b
strategies/H005/unique_00784/README.md,a82c12111dfd54714e10b3f0598b5c8e7884ec5164fae6cb6f5b1d204b208388
strategies/H005/unique_00784/strategy_definition.json,fc847fbf26b6a410120f63c908eae9883a0f979cf325b9fe401aa4032d60709a
strategies/H005/unique_00785/daily_evidence.parquet,4fd99f5d1937f428dac142ad1698159e2a46a5969896611be667b01d4da95084
strategies/H005/unique_00785/README.md,bbadf4e808b5a9503ce68a8ada08f5d1fd0a8c8e17c471674c07d9f86e8e83e0
strategies/H005/unique_00785/strategy_definition.json,c16f0fea66a8e4bda73842070e6eb672142696c49ac4cf00c5624a12ffe0bd20
strategies/H005/unique_00786/daily_evidence.parquet,df75632cd17a36201a0f02061a18975fedb80672ff07dacb14313d5486ff44d3
strategies/H005/unique_00786/README.md,1e902227928a8601c84f36d6c9fe233ca6cdd95a44c68c43b15c37130533be43
strategies/H005/unique_00786/strategy_definition.json,5193fdf136852763e4e22aab9cb46f8d9ffa729b19665859a863abef1fb70222
strategies/H005/unique_00787/daily_evidence.parquet,643bec1eeaaf42953ebdade245c04830bebaa8d91d8ac30b17ada54d5c7ed448
strategies/H005/unique_00787/README.md,52816d6ca29081bbeec36c22167c5fe135136b1a6895d90e30a3c049f4db431c
strategies/H005/unique_00787/strategy_definition.json,35ca76767425a3f04223bb6203c539285ce54a932bb8a7e976a6e74270d3d210
strategies/H005/unique_00788/daily_evidence.parquet,aa3940bdfd64dcfe57b3a392df477a41db436a259f6ddb71ad9ffbb6a720db06
strategies/H005/unique_00788/README.md,286b3df94fb70b8aed55e4d20627abd5c7c45ad18a5822fcc0fbf1952fd7053b
strategies/H005/unique_00788/strategy_definition.json,32fee81740746e2e1aa1561c546b8af0694763041e646af2932aa306a7d4aa74
strategies/H005/unique_00789/daily_evidence.parquet,df9020f587b1b38022dde3795c1268f9a50dea1c9d7a11b4b4dd091098d2e64b
strategies/H005/unique_00789/README.md,40e8729d276e44760c530c5432c5a842c16fbed5c8444dec936e6617c74c992a
strategies/H005/unique_00789/strategy_definition.json,60e23d16bbe061f3ed08e4ed1e39a6c36a94f19d613b498e30baa30fb7fb9905
strategies/H005/unique_00790/daily_evidence.parquet,fb7418a3f5df1d743b14e9a6a3ad5d207662c2c9b9d9d61706b682351ca088de
strategies/H005/unique_00790/README.md,88ebb060bd5ed20d8f2d19416a2934b2de5db7863231ab8662f5745a22cb7a0a
strategies/H005/unique_00790/strategy_definition.json,f21bbf9173facb553a55d42d518d31a02ac7494bc9db507e7f4e434ba23f4d2a
strategies/H005/unique_00791/daily_evidence.parquet,589b81ff329bdc36fda426acac71eb503417bb3cfb5382cad25ed417100d1f45
strategies/H005/unique_00791/README.md,b8710df5a2194c407f09aeda52f9d99e7da7a291c68e5bec6e9afda011793549
strategies/H005/unique_00791/strategy_definition.json,e6ec5e49c0d17ddd8ed178aa12724c07b2616584603bdded9b510fd62c5f93d1
strategies/H005/unique_00792/daily_evidence.parquet,8343645dfe272f37d85df08eebfe14da1cabf3af31f0df79021d3378ed8c45fb
strategies/H005/unique_00792/README.md,1f83496f9f968e0a64a28d2daa0d7662026a5b34ed8e727ae5dbc03f839b0658
strategies/H005/unique_00792/strategy_definition.json,b65ca29f0b7aecfebf8ed3b0cb14c9804128be7d24508717497c31741b9e8e0d
strategies/H005/unique_00793/daily_evidence.parquet,b2b7200ad10be8145eb5641aa3c2ee1b34e0a5690374578d06d529aadbf77af5
strategies/H005/unique_00793/README.md,4d43ace0f95e9d9fea9f6786973cb2fa4e88e11bb779c54d48ce23c7f843edd7
strategies/H005/unique_00793/strategy_definition.json,2728b0c6f30f1254740574712d273e81c3c5b11395a8464304058ba78f61d435
strategies/H005/unique_00794/daily_evidence.parquet,a6d73141e9e345ed88b58a2ea526fa2b2b0a7088cf403d6a6eaafd6751b71e16
strategies/H005/unique_00794/README.md,2a3b76e6579b7094df03128fd055baa3b65f0df109862bce3dcf0e3442daa21d
strategies/H005/unique_00794/strategy_definition.json,bf9fc1ccdb912d789ac1061b8d4accca5925993e0cd1c2ae07dced1109466048
strategies/H005/unique_00795/daily_evidence.parquet,737e8271095173a2997bd6c7e6f197f8f56a128e10f6b7cb5346846195e9df08
strategies/H005/unique_00795/README.md,4c9b7269b4cb574c4f119d9148bcd2f70d0ebe55791adac0a6ecf4504465b3f3
strategies/H005/unique_00795/strategy_definition.json,5ad2b141dc678f907ed2c0d4eec0eedfb16048fed192761a3dbb2778de635313
strategies/H005/unique_00796/daily_evidence.parquet,7157568443af1447a11523c8c8b9a93d516efa2320eabe4d01091af0d20580b1
strategies/H005/unique_00796/README.md,18d7468e45153d7c27c1cdfdb04b44e6120daaa6521c571f726644fba117e1a4
strategies/H005/unique_00796/strategy_definition.json,a59eedb0027eb214e19df649ad6b91a96afb170ae8cf932a17f691869d74d840
strategies/H005/unique_00797/daily_evidence.parquet,0eb6e2a64287280795d607f3824b3f11a0a6e6c9eb0b505fbe0d0cb2d5136443
strategies/H005/unique_00797/README.md,8b672a13a0e1ffb00e60a3077c19d99c6644abcb866e7f019b49edff9a8825a9
strategies/H005/unique_00797/strategy_definition.json,e310a143810a7925c169bb8bcab4502d0eb7197b25d8f64ffc92f784f49e32ac
strategies/H005/unique_00798/daily_evidence.parquet,214a1e6a603a6d5bf163a00799eca2e0ee8b6e677fecffbb8f871cff6d5707d2
strategies/H005/unique_00798/README.md,5b3ac1e7d78a22ff8f8011c7c181db212ea27347380ec2056eff2bdf2f19bbdf
strategies/H005/unique_00798/strategy_definition.json,b808bfd9a72745cf3793b84335fe742b06394bb62c85ea0efe4e661f20001171
strategies/H005/unique_00799/daily_evidence.parquet,e35f7d64039a310070920cbb1b0b4e1fa0a60b832dbae3cdc8a74a9675550050
strategies/H005/unique_00799/README.md,999d67403ba42bf119a32fcfc6312cab6887d52b0b0f8e0f43ab882ab948e69d
strategies/H005/unique_00799/strategy_definition.json,4a403959056fabe857da6e361418d53e840798a2274af21f7968c5e32fe1e92c
strategies/H005/unique_00800/daily_evidence.parquet,e2c0af031e16dbd9b4e822ab08bc2f0f6f73ef342cf2b5683b20d59918315441
strategies/H005/unique_00800/README.md,ecc34e24ba76a9450adc5ed6bdf02ef77c8856ed5c9d8162bd51889ae2e21795
strategies/H005/unique_00800/strategy_definition.json,215824627b2ef765e626d0969281a04b6110f602272263934a6f4c2538071c91
strategies/H005/unique_00801/daily_evidence.parquet,50d30b383e0fccc44491f4d5edf4db5c66e440088595deae9905cd0d684c1bf2
strategies/H005/unique_00801/README.md,997a26eb6cabc9ec9e9cb34dc42a202500df9112536042d644354aaf8f5f3591
strategies/H005/unique_00801/strategy_definition.json,1f608b47d46b8c79dbe629a0777b085b731ba5a33fbbe80085a295a572799942
strategies/H005/unique_00802/daily_evidence.parquet,2a70538a6c02d1fd81cd11650e173c337767406117f487816189dc0bdfaadcde
strategies/H005/unique_00802/README.md,b6e91506f0d4855927ceb82d4950b39515b4c8ae2bfd8e0cf7c68c47cd886cde
strategies/H005/unique_00802/strategy_definition.json,26f32fbe28e9a90060180800652b13ac0dab2e932dc00e456e6fb2af3443ff44
strategies/H005/unique_00803/daily_evidence.parquet,1d9a555420027111ecb47a88edd4a5d82b31ad5427b95f182cf4d2ab22efa40d
strategies/H005/unique_00803/README.md,7c98eba8364c5484363f58478a77860609d827fff55a10105e537799870d128d
strategies/H005/unique_00803/strategy_definition.json,77100f68ec893483a3e2414eaadb0ee4a799a525d8ee18d562ee137e59b2d5ca
strategies/H005/unique_00804/daily_evidence.parquet,5fecf43280e8ffcd246d96f999acb2c5117c0f50dc9174760b6f13216c6df644
strategies/H005/unique_00804/README.md,1a4582d0f1a54545cde3a8cc236b826ef781108adfe107f6658e3f5d2cbc40f1
strategies/H005/unique_00804/strategy_definition.json,75174c886399d34e15fc7aefa72f0ae86a47f4179c8ea9bb1710a721785c9864
strategies/H005/unique_00805/daily_evidence.parquet,3ad5b4c8481a1f4897ad8faa3d0a4ecff12642b30601b81339a908d1a97e3be0
strategies/H005/unique_00805/README.md,0bc54b585fc171264bfc605bdbe107a63220b0eba03bb2a24eee6d51eba601a5
strategies/H005/unique_00805/strategy_definition.json,50c7918cf272c0b973515ed03d7cca416a34eca0ae36d9cbba3717f87f8aad07
strategies/H005/unique_00806/daily_evidence.parquet,b9113c35f3bcacc35623b12f64aec90b9e8e190803caeb52d98931f62f098ffc
strategies/H005/unique_00806/README.md,c251d1c22720d3cce873192c978b6e1c08939f2e469fec1bdf76f3611e48e3be
strategies/H005/unique_00806/strategy_definition.json,a9c78ff0b92890ec7c22f19b67113f001e94e32984b35300b3d404c0577efdde
strategies/H005/unique_00807/daily_evidence.parquet,6f33bcd6e8537322ac96425ed27a9df2997aee11f224b4bc4ef90693327f7cf2
strategies/H005/unique_00807/README.md,5c4ee79c00b18cb2825a73de18555880035701c209e8026dd2a583449affcda7
strategies/H005/unique_00807/strategy_definition.json,d44b2dfa7cf14ac630d136d5f5b3f5d0410d6b6d487c20a1bfd4fdafb20ea760
strategies/H005/unique_00808/daily_evidence.parquet,e5083a7ea1e25fe07e170730f1afa7c62d86b846bed8d9bbd9838948686ee9a6
strategies/H005/unique_00808/README.md,1f4ad0825827e0dfdb2bafee98be88b0cf98dec3929d7a949d20738f72228c00
strategies/H005/unique_00808/strategy_definition.json,0bfe8cc5bd92b573b26c7f562751cecdb5c090b912286576e4e41fb204428d37
strategies/H005/unique_00809/daily_evidence.parquet,3abb48e7f8a4d50fb63345b6dcbd84c657f2f04af4e80e237f5a1d807006e0fe
strategies/H005/unique_00809/README.md,2dcd570dc18af73df314b82928943e9a1cecc7f3313505a57fe25d157b4a626b
strategies/H005/unique_00809/strategy_definition.json,d3b9d069d6cc0cd48d55e5ab11ecd1527cd0a0f24a560506bea034e5cc57ceea
strategies/H005/unique_00810/daily_evidence.parquet,c39beacb51def9465bf70732a4db77046d2c61e07f0075245bc157094a0722a6
strategies/H005/unique_00810/README.md,6f376f2fc5b58fe593260186776938df2c038df004287d541d986432408b9f55
strategies/H005/unique_00810/strategy_definition.json,89d7672e4c085dd0ed31a776d2347f80e2bd50c7f515410a466670832a80a68c
strategies/H005/unique_00811/daily_evidence.parquet,570fbea1adff48f039aa2c2eb7f3d12509684405b137898e402f80fc1ea21879
strategies/H005/unique_00811/README.md,cc7d59dd8e33f6c874b6088bfe45286e328f106aa07143a0b480f1816467148c
strategies/H005/unique_00811/strategy_definition.json,97ebdd43b4b106d5274df3278140102aca4a75d5e5cb65d3619c772c04b56d03
strategies/H005/unique_00812/daily_evidence.parquet,72f45b906342ef17c900900bff4c7d024ba9bb6b9a86593df6831bb4c88906c1
strategies/H005/unique_00812/README.md,411a1d0bac04db17a21f61018b6c5537eb9c111d3da3195ae53e1f0e9ceea810
strategies/H005/unique_00812/strategy_definition.json,0cdb5485f0baec3d2917494ddd731c15ab11c3d2162e73b7e7f23bbb1893a181
strategies/H005/unique_00813/daily_evidence.parquet,98505ebd066c8862f1464e91f05a8aae42ba3f6280ffd462c3b38b406ef09bf8
strategies/H005/unique_00813/README.md,a5d1fcbe7a7007561246183292e4c46ca734230ec40f18b4fcc5c83088b4d3ce
strategies/H005/unique_00813/strategy_definition.json,6c154b0e05b06dc5619b430c84a394c21b9ac5cf016bc69cd7f567e15db196ac
strategies/H005/unique_00814/daily_evidence.parquet,eacbaa12dca91d03104f4ec6f4307b5b1140c35d4d8f9b07a199e74324d0be61
strategies/H005/unique_00814/README.md,e3aab05f820321121662ed612bd9e378e2e5892e32687ff48bb980a62a8c9a1d
strategies/H005/unique_00814/strategy_definition.json,6fbbd5f25101f32ccc5e4c5226b8c957b00cf348b82419a91909429f96cc9d21
strategies/H005/unique_00815/daily_evidence.parquet,eff3a92f70d125f1f123f3692359465ad39bdae2320616f01486a23c32eddee5
strategies/H005/unique_00815/README.md,918d44399d106c4ef925eff42031e69f9432106e67c61c8d9a0302153498f168
strategies/H005/unique_00815/strategy_definition.json,87598bed22151a749f6eea0ed67aeda80de91eeb2d29e08d3bfd7969cb14673a
strategies/H005/unique_00816/daily_evidence.parquet,3b7ca907205178475ec8e949986631f8957e4abd536bf3bce6af9d44b6b7c46f
strategies/H005/unique_00816/README.md,0cc736f49704ec5388300daabfdf08408cfe71e3605a06a0e9d8a39902f61fbd
strategies/H005/unique_00816/strategy_definition.json,4357621b7d4504197e728696832ff75ef1ad33e07efc837ff3616368e53b1d0b
strategies/H005/unique_00817/daily_evidence.parquet,c1bb63311cf8ce0c5e20ab4a5edf0fcc6edee7e7d47935c8af34ee1170ebcd7a
strategies/H005/unique_00817/README.md,6628e087aced5b6b7d44ebf1de5cd306b46c97aeace371eafc7294b275888e64
strategies/H005/unique_00817/strategy_definition.json,2843657dad04a4fec2a1ca871189e1ddeccaeb24f811e1370a07f9992641077b
strategies/H005/unique_00818/daily_evidence.parquet,80b24b1ecbbb7aeebe4da6a1e1be091915c19d8a6cab03e47cf26c7bdba6b22b
strategies/H005/unique_00818/README.md,967f0c8af4a7c8129e16944399eceb444bc530a645a4cbf1216ca22d9991727a
strategies/H005/unique_00818/strategy_definition.json,9b70b559330d25fe9643f2ad1021841cebc4302bae3294c8d677daca5aa98249
strategies/H005/unique_00819/daily_evidence.parquet,8caf43222c98325fd532890282d54f11fad03bccf9c5b36f617f48c7ff184e08
strategies/H005/unique_00819/README.md,1ffbcc5d32c036453e63fc553aee4d0abde364744206f7d5747275e6cf396ca5
strategies/H005/unique_00819/strategy_definition.json,03495d41499e83ac82c2b60186d022db4062e2ed98e2a76ea31faab43aee74bc
strategies/H005/unique_00820/daily_evidence.parquet,2bb486ca59c7e608af3f7448a1abd5b07768c9b6d5b12c1467da774962dbadc7
strategies/H005/unique_00820/README.md,b114c71925f7c73260e149a79cbc09b3b3c0e70c0de4a0235c5ac5160b5d6064
strategies/H005/unique_00820/strategy_definition.json,e4ae099be5baade89c74d757cf1d7d1a25f3d048835c80ef1dfa2f474410bc92
strategies/H005/unique_00821/daily_evidence.parquet,b3dfc357cd28aa1333d6b0f46c115fc30cc3407e481c26dc10288e2be94f7e34
strategies/H005/unique_00821/README.md,780cc7e6806692fdae143dd0e7770f024ad28dd4787969d659ca2d43d9283cfb
strategies/H005/unique_00821/strategy_definition.json,7aabc9241545a6da51a3f6e55ffea2187a5ee3ed76262b584adb629472df04ee
strategies/H005/unique_00822/daily_evidence.parquet,6ff4c592b9460a39a4f7b8ad984099c6c4126f0df21c26c6f8df61dfa63822b3
strategies/H005/unique_00822/README.md,d78a0686977194651bfcda492a8e0ae50454b154314aba26f14310b792230c06
strategies/H005/unique_00822/strategy_definition.json,39f690211383e0332ae88dd3e4b3673079c78cf3433626872764c020c5030f3a
strategies/H005/unique_00823/daily_evidence.parquet,6aef0a66f4b54d3b6c3149e5c5fd7d7417658d5e6bf55e4af3b212a420b2cccf
strategies/H005/unique_00823/README.md,6d62a8793aea558e7797a84ac6ba391e4165077cb59bea07dbfc06f4ca857d39
strategies/H005/unique_00823/strategy_definition.json,da7bed0c8ef3435f5c7c9f49de71e2d81ff438ebb103a2591290646d4d61551d
strategies/H005/unique_00824/daily_evidence.parquet,17e3d602ebeec92a4fd73785797f2211043572f5125677aa4621689deb26456f
strategies/H005/unique_00824/README.md,6c06e95e442c8923a978c71ae8d178580c09b979cd6e12e02e71b7b4e49b4d05
strategies/H005/unique_00824/strategy_definition.json,e0f41d8814c766e024a509831127172161eac154035f7b7633b34496263db7f7
strategies/H005/unique_00825/daily_evidence.parquet,05e9e02cc1b314a0aff9f9b255c5e855529d6ed6fec440bafd681f0088fc6863
strategies/H005/unique_00825/README.md,c41e9c65cc88d018dcee4f9f604f5a948e065818b2a01db1923d61d94cb076cb
strategies/H005/unique_00825/strategy_definition.json,a69c914565ef2ada131076552b9cecbc1007ea5b1f276a99fe452734a141a126
strategies/H005/unique_00826/daily_evidence.parquet,17dcf28b539d7bca20392cde62c9650823f080e7708603b158ebf5d351c28920
strategies/H005/unique_00826/README.md,57fffb14a33e9de24b6b099ee39794bf797f18c7c0840c1cfae4ec1ad7ef83f4
strategies/H005/unique_00826/strategy_definition.json,86f6d088e8ce900f0a79ad7f121589951ed1a6d0bc88ae4b9caca03dd64f81c7
strategies/H005/unique_00827/daily_evidence.parquet,66ffaf4483a79aedbc80db17f13514934f6698c565877dfe7c0166a11fc5cc8d
strategies/H005/unique_00827/README.md,20c072c90063c9eee19e67598cf6700eb0f646b9bb6d5c1b46621fe1e46d344b
strategies/H005/unique_00827/strategy_definition.json,17cf51d736b5dd44814571dc5c29da92ca8d5b1796633be784234eb5dc3cf51b
strategies/H005/unique_00828/daily_evidence.parquet,3d9c1b1f69df998dc5a4b0fbee3b9980a73f68317694e11cb92b807d69009a8b
strategies/H005/unique_00828/README.md,985a8a8f9847883fcbee4379992ae8cba12da13981dfc9ce4c0f8db403c281dc
strategies/H005/unique_00828/strategy_definition.json,745aca8e8373cb815b44aca2831e3cef2622c6f4a8a37bd11ca663b9c594be9a
strategies/H005/unique_00829/daily_evidence.parquet,0c7f396ccbd8c7d04697ea67bb25093aeeb090ba8af7d73e6ebf087d38be31c4
strategies/H005/unique_00829/README.md,4841b1fd37a4eb21eee536822f3537382e5d582c263247349ce413d4cafb6279
strategies/H005/unique_00829/strategy_definition.json,e3defdf47693d1e6780e119813f4a8e36bc46fc659d0ae885b7b8d84334cce53
strategies/H005/unique_00830/daily_evidence.parquet,40f5f795eaedf3b5187777c2afaaa2edb2f6101b73a548d645b3b7aae5baf3f1
strategies/H005/unique_00830/README.md,818b48d9b58e1728f7ee6e1a9af50a4b1dd293004334fd1b187a37b8cb2b8df5
strategies/H005/unique_00830/strategy_definition.json,6ced190c5fd449daf407f7f3d52622db9c1ed55c713d3225a266a32d4f070152
strategies/H005/unique_00831/daily_evidence.parquet,e0124a6edfeaba5ee4542fc8602b55e8edd49465e3794985465045d220187480
strategies/H005/unique_00831/README.md,5b4a1cbc63ef4cb7911e24ea561b335ed5f893d1cd99012ee023395d2a1a806f
strategies/H005/unique_00831/strategy_definition.json,6c89393a9c5e6ae29b3914e5c03dff7d9a4d00586643e5f6eba5fbe80adab05a
strategies/H005/unique_00832/daily_evidence.parquet,ce0185fad7876488d1d9772d79d59c7a6e43c7c6b75e3ee14b422226d48211ef
strategies/H005/unique_00832/README.md,bcee8103db67bf62150e034399fe965990419764e516c1ba65721966e6c4f367
strategies/H005/unique_00832/strategy_definition.json,37e0da5b72a22c56f4130322521f0c3e027d407f7228b1ca847b59ae4ee542bc
strategies/H005/unique_00833/daily_evidence.parquet,7c36db673461bd700974fc21cc162aa36860961129136c4772b219fe2766db2b
strategies/H005/unique_00833/README.md,0f46b4e6f119341b06721513c19693678968bfd7bf246c03ccf7328812162d54
strategies/H005/unique_00833/strategy_definition.json,c896c4ca4e3c2012d55aab2e4fc18bf1e0aa22ff9b5fe36fb369f44d90143fb9
strategies/H005/unique_00834/daily_evidence.parquet,5a2e03a659fa10ada16be8a76a1f575eb5825b37c7e2d62385ede7816f8c16c2
strategies/H005/unique_00834/README.md,d8800392ebe92f046725b7fbe255e19c4072eca0e83b83cd050de5f24cccb5ca
strategies/H005/unique_00834/strategy_definition.json,82ffbbf8736f45a576174cf120be4e554315771bc259ccbcec6485cf7fb2b07a
strategies/H005/unique_00835/daily_evidence.parquet,22b090b727ca7f171a8435c39af3431503276aa5b65976d9d6c4bbcb29e439c0
strategies/H005/unique_00835/README.md,759651d65d03e659232a8a85eb1ad2b2036b16112c7ce5b4b9e79166c4d3241a
strategies/H005/unique_00835/strategy_definition.json,1d0a74e8f0264c348a73ab3b498131ebcd27b51cb8e730769778b8fecfa08148
strategies/H005/unique_00836/daily_evidence.parquet,62fe68de6bbdbdafd4ea356ca07aabda2b0635a3b2e4443fef6cc5a0351b01a0
strategies/H005/unique_00836/README.md,e79d97d435e755888df77c0e75cdd11a8b2aae8f08e459817c6a571a82d7e823
strategies/H005/unique_00836/strategy_definition.json,7065d6e3f615ed034129a0ad7f6c7bb516c680d7c5e5f99e638a5c373f1f082c
strategies/H005/unique_00837/daily_evidence.parquet,9aa862c25f0c98347e6f7b1f5a0d570dbd0d16354308d843cfd74056f732e0ee
strategies/H005/unique_00837/README.md,faf8d3eb1f33e142305a160498bc6c9c86f9fd0c42019bd7a3e241a12f38964d
strategies/H005/unique_00837/strategy_definition.json,a646e4784af67fabc70de4254e98f2a07284bcb5962016a9919cd4c7c1a4280c
strategies/H005/unique_00838/daily_evidence.parquet,1b350fcd59e4d2e8fdca009672a8ccd5f3c43e8e131af82d371bbeb1c1326e36
strategies/H005/unique_00838/README.md,d843c71d272295c3238826fdc089fd07aac28d3a04015804a563612c160f97c9
strategies/H005/unique_00838/strategy_definition.json,8b9ee0679e1941ef6f7b3330a3fc3ca842db2da7e3a0b8186367121b7da4c7d5
strategies/H005/unique_00839/daily_evidence.parquet,f71676915a534e201ca117372199a17ca3d96988da183b4a0a8097bba0284c05
strategies/H005/unique_00839/README.md,7e5a68af953a5beee67d278519e7813f6dfaa5f6f11c5faa3718448cf5241110
strategies/H005/unique_00839/strategy_definition.json,2d308d85f3f4209fffd7a5e3b4e380c2c5b7e576130cf6caad17752dfa906d22
strategies/H005/unique_00840/daily_evidence.parquet,d7c56877f903e7e966191f531be9e55190491d21f9e1bbf4f0729e7acbdda14b
strategies/H005/unique_00840/README.md,b3d9789eec6bba17f07ae8451b8bf19ee8e6ab786329814de49ccc12cbe5a8b4
strategies/H005/unique_00840/strategy_definition.json,b07231c23092f0c39aecb435d653f3941cb52efd48b784486d937ea8a506bb6b
strategies/H005/unique_01441/daily_evidence.parquet,816dad5ebb4d9bcc9401613307239e76e75184ddb10fd292b7b4e0d217164c62
strategies/H005/unique_01441/README.md,723e9a277d384952c1f4b35048aaf09bf58c2acb423faa4e3c9925fce4ceec9d
strategies/H005/unique_01441/strategy_definition.json,e1833a286d7e2d5ab43c4d0938abc308faab13de5d6fd2c7f2018b018e8e67fc
strategies/H005/unique_01442/daily_evidence.parquet,da67423c5db9bb9ea29a0a12939934efe739c2bcc690cb2c367a4adc0af1e85f
strategies/H005/unique_01442/README.md,f44c400bb1ada013be547def4e42fbaa5eb1a453443759572523fea61afa68fe
strategies/H005/unique_01442/strategy_definition.json,745804a8a275759136e562ecd63a121a73bf73d1286bdee08745ecd1bf0ebd47
strategies/H005/unique_01443/daily_evidence.parquet,4d5b34e17830b8b180871646dd6754b73e5cb2fafea3ce88f1abdf0fb81145d5
strategies/H005/unique_01443/README.md,2f2a553d1115a81f4847b726f82952bc4a654810e067974716ea704cbbcfe966
strategies/H005/unique_01443/strategy_definition.json,075e4371028dcced97a1698dce6b555692bcf1dd56244265076ebc45c1c428c3
strategies/H005/unique_01444/daily_evidence.parquet,b24905c9fe6bdcb75c5ff07c90d33a8337e285c3f9021d6174a01a268bd37ece
strategies/H005/unique_01444/README.md,e82396d4c38d73129db0192ba42b1ed194176489207ade34eb231c2238d32521
strategies/H005/unique_01444/strategy_definition.json,0360b7ab6e59cb3fe737b8a8ad79e5bba6e2beecb920a53fa6f799d54fa486a2
strategies/H005/unique_01445/daily_evidence.parquet,a53cbabccdab9085592b41b220f4d357780ad26a8104cc32f00efc33a6762a37
strategies/H005/unique_01445/README.md,52fe3a0465a25d3e71c70938780c1cf3f3039ea053431a2bb029eb1467f8a2c1
strategies/H005/unique_01445/strategy_definition.json,ceb9315fd37b2309ff0ea8fd02aac572a8caaac87accab4586d4de2a11ce2544
strategies/H005/unique_01446/daily_evidence.parquet,c547fe271efd9a6faa7d39c23aee00be236806a6c7836bddcf686d907ed54575
strategies/H005/unique_01446/README.md,49d9b14240f49e0b0288f2fff759f585c0d5291268e7df611ac72d256c02a3fb
strategies/H005/unique_01446/strategy_definition.json,8d3db875b6a395ced9c419a4a3ab724db8471f2e255a842e655eb9c3f888acdc
strategies/H005/unique_01447/daily_evidence.parquet,476fc68dcef8355afd663ce13085f13c4f8cd47e7fee272b4ce04c5cb8843bb7
strategies/H005/unique_01447/README.md,d0925c45da91cc39d8931e1213b9a89a91b407f3f3f02622ecfc85ee5c516b00
strategies/H005/unique_01447/strategy_definition.json,0ca79a728389af40e9c6b4794f3bd8bf5bbc699e8ebd321698ed4e830ff3b5f7
strategies/H005/unique_01448/daily_evidence.parquet,74e578a1b3bf3bc1251bc5f2dd26ee1204708cf789ffa0585aac60a548b20aae
strategies/H005/unique_01448/README.md,92587ac87edb040565fcc532dc4b49bf81b06c651aec30aaa38a0df039115a02
strategies/H005/unique_01448/strategy_definition.json,eba8691413b0348371cb4c9471a7ae3e7779b633e1da098ec34b65365119cdab
strategies/H005/unique_01449/daily_evidence.parquet,7c045d87823a93843df7a4ae796b2f2ea151ece7ecae6bb1a153b2b9b9440929
strategies/H005/unique_01449/README.md,a6310866650105e1be54b3ff55c9d9280d541d04a3166a6c849276b31fbe0f09
strategies/H005/unique_01449/strategy_definition.json,564d292763ad7f1d993cb62bb3a93f4e689df022ee59959275519e401f6590db
strategies/H005/unique_01450/daily_evidence.parquet,f05d3b72927434bdf8a481c59e41bdb14582fbb2a35a3216eb9af0359304c227
strategies/H005/unique_01450/README.md,cdaa325ce7e07e84cca3af14c1af5e67d4dbbf002fd7160a2905b61f521c9824
strategies/H005/unique_01450/strategy_definition.json,d62311df8aa14e27554524d1ed6b15e12f26645456073a92f76a4be866928a04
strategies/H005/unique_01451/daily_evidence.parquet,ee62f9487b7c0d16ee2162052504d49de566be6d4767e2a630895717ed0e67b6
strategies/H005/unique_01451/README.md,f7a160bc1b3badfaadad4db8f2b8b46bb34d608a48110d3e07044517401312b2
strategies/H005/unique_01451/strategy_definition.json,87d9503ce5a603af519fed9b8b77d4638df0bea4d258845d7ebe095b272083cf
strategies/H005/unique_01452/daily_evidence.parquet,01ca15cc44a93506a52cf858e64bef9002463697bddff52ef377b8a5b8d1376b
strategies/H005/unique_01452/README.md,aff3512b57e8bf3879121bb028f13d870fd438094d682249315d48e5da4d0fbf
strategies/H005/unique_01452/strategy_definition.json,be34ca686dc3d684f6e2c2a0476eee40f73e2cf0c4a8b8c8d490b1134be62e27
strategies/H005/unique_01453/daily_evidence.parquet,58645b85ff4c312d27c60f6c5a9e12ee40af0b817477122ca1ab36f23468ba55
strategies/H005/unique_01453/README.md,fc1ebf0a7a6fca1d8718d5a209587996386aa6d3e14ae3295711416d593fea55
strategies/H005/unique_01453/strategy_definition.json,4c878ab5e53c174dbb96a79eb77df4a238031f0019c4ec86ede4870b77aa5a0a
strategies/H005/unique_01454/daily_evidence.parquet,d8a9f2d1cd1146150380fac6047407e5a03edd9a0f8459ea07f1ce4cf81503e7
strategies/H005/unique_01454/README.md,b9a37d5d28829ccb40941c123e8b5645e21cd470f16e138478e8c97f0fe8f338
strategies/H005/unique_01454/strategy_definition.json,8a6ac7bf066a57182e20e3ce8ee396b2786057d36cf6c9d331b4a7186a7f0b58
strategies/H005/unique_01455/daily_evidence.parquet,f25906bbd5e977fb0f297815a72d165c03c6c709afac6fc7a82fbcf3e2027c72
strategies/H005/unique_01455/README.md,8c03d2c78809a810db7b846d45d995f1a54d0e92c490a1e3efcdd8da437a6cc2
strategies/H005/unique_01455/strategy_definition.json,dfb3f87b71c073e525deec3ae5e474026a769480e4780afbb85bdb889042b2bc
strategies/H005/unique_01456/daily_evidence.parquet,cf18358d245c944f1bdfbfd69b59cd78dabdb5da8b22cc77516b36f92de5fe63
strategies/H005/unique_01456/README.md,9e1820c95c01bfc4325e8bbb008bf6a1226f247d943b14f422c3cb8e16bcd681
strategies/H005/unique_01456/strategy_definition.json,7aba04872708aee0a575f3a6386208a9c558c6290891aad2b7d1841c29a35995
strategies/H005/unique_01457/daily_evidence.parquet,c3b65cb84ef8de086d7fc31b1a6c336f073be75c68628db834dbb852d5448bb0
strategies/H005/unique_01457/README.md,c6bbe9fd14686dc6b705beb02082156e775881ccb3267c37affa0706a9f5ff89
strategies/H005/unique_01457/strategy_definition.json,88d28bd0194fb92abe1182b2c9c310efa64b222dd7b1b438f1037cdc9c7f3e52
strategies/H005/unique_01458/daily_evidence.parquet,2d83b2b10c1e76a5920c1cf5e9fc4e857a2b022bb068a5cc32111261b57b25fd
strategies/H005/unique_01458/README.md,fb7a2b5f5093c720b780615b47a9d45f8e64e6fd80f6d660615c9b2d4b839d62
strategies/H005/unique_01458/strategy_definition.json,a2e667a5ea91e56e6b9f7d8444879bff03e44771d1b7f2849e50acea26db773d
strategies/H005/unique_01459/daily_evidence.parquet,b10cd06945a6297c26bd18f16b7abbe1e0285620c4ba5fb6f2527a3acfa80661
strategies/H005/unique_01459/README.md,7b6bb164d003cc3154952510a19e4d573a0b9aea56e8dda828d6826add64afb6
strategies/H005/unique_01459/strategy_definition.json,ce975ee4930aadb783c71b9cd853d1b8137b6e1617216ee34b37b3f9d1ddc541
strategies/H005/unique_01460/daily_evidence.parquet,0a93950b611c24b429851161eacfcf43f40c1aeabc14445749a1bcf64739a519
strategies/H005/unique_01460/README.md,e61016363c681d681a82ba1e55ed29dce7a7fb933215cb331be9d7e78607fdc1
strategies/H005/unique_01460/strategy_definition.json,9797f7f0f243ccb21b4a907d543131cf851c665456f60242ae89f3cdcce4057f
strategies/H005/unique_01461/daily_evidence.parquet,24b659b64a4d2febe782724576c89c78bc38c93a47a620fe4f9b7caacdb69ab5
strategies/H005/unique_01461/README.md,786e8dacdfb45b0388f5213bbd11a48d89952c2e55cd2b75e258fa8b5f03eab7
strategies/H005/unique_01461/strategy_definition.json,d3aa61911050a0cac0e43ca1ab3ff1b82b02c93993c746bfc0e01ae61e07324a
strategies/H005/unique_01462/daily_evidence.parquet,b59a7626c923af86e5a29772ee5d57e90b57e5fa64a1b58a21b7bed1c61c8a0a
strategies/H005/unique_01462/README.md,298450bb0b2943c10ead08cdd9527fc5ed106d2836a7bfff14897d27c0742e84
strategies/H005/unique_01462/strategy_definition.json,1cc349cfae231ef4472102e5292837d05b5c8b2a93b09f050fad7a08611bcbfa
strategies/H005/unique_01463/daily_evidence.parquet,7b70fdeeb13a45e77fdde982d3d7c5ce4c9e90761d9409f2f667b94a221277bb
strategies/H005/unique_01463/README.md,aa42f09ec95cb344bb1b2e015afb5952ad50aa14e4662c3117855cb646e5620b
strategies/H005/unique_01463/strategy_definition.json,6b6690c56f3b0342ed349d0c0001b9eff07942e666137ad5a6d7485dc20d7578
strategies/H005/unique_01464/daily_evidence.parquet,a08ab543c4c2bbbf53d74cc08a024d13063aef890f9c2412246000173e730c9e
strategies/H005/unique_01464/README.md,702604461b7c2fefe1e325ef00687908e4be09cff6b4308c638bfd24f8a0a8e2
strategies/H005/unique_01464/strategy_definition.json,63bd2eabc53ec369498dd661412d9bd4c89b2c46971a6a916930e8b8af6223ac
strategies/H005/unique_01465/daily_evidence.parquet,ef41a6d8fbe7d93562e7cadbc59a41708a48e8bf297c6f803e17f41f0c54ea0d
strategies/H005/unique_01465/README.md,2e98170535916e3b213e5d272e721f40aa592670d53ae197ff6df20f01a5f93d
strategies/H005/unique_01465/strategy_definition.json,ab007103509111acd048ec414fb148fe5bbdc23d30b1cd46d87184322e1735df
strategies/H005/unique_01466/daily_evidence.parquet,01f70e29d549915bdd1d209064834f6215afa1f549404caecf8c13f596cfbba0
strategies/H005/unique_01466/README.md,b4c970a51acd0e6acd0288f8f42ca179009068442d9386ba8070c8119f293ebd
strategies/H005/unique_01466/strategy_definition.json,d92de0fdc1d9763a65ef78adb847b90164a90490128b7f533429164d441f0ba4
strategies/H005/unique_01467/daily_evidence.parquet,0ab2e62eb77bcf6f7bf01b851e2ea3421e87d117ca57eb844b9689413ec31065
strategies/H005/unique_01467/README.md,51ce5e2f365808ddafdaef80f47a3cc14836ccb01f4f4d12ee9ff9aef29e7caf
strategies/H005/unique_01467/strategy_definition.json,dc3aad26b09d12d84fc3923440a13fb14f72442def3fe4b4dd45ab8148ad81d2
strategies/H005/unique_01468/daily_evidence.parquet,a34789f685fcf9cd9cb661f8e4f6aea6dea467fa179d2c6f79bbacbefd3d114a
strategies/H005/unique_01468/README.md,6dc6521a6e41b2cfbb72632458a33c3418deb93990e2bff0fc25278218a3b50d
strategies/H005/unique_01468/strategy_definition.json,b887164f3e1bc7d94fe6c6d3ee80a649448fd8cc12196b2f7633275ac8136fdd
strategies/H005/unique_01469/daily_evidence.parquet,55b4924340f5f262c63050deb117482efe825717a6e5ed975d5d0226c806c35e
strategies/H005/unique_01469/README.md,7ed2b1a7eee6ad457374a6bb5a8c792b68a0cc0b04f4facd04c92e5e4f9870ab
strategies/H005/unique_01469/strategy_definition.json,f7274fbf96e22f1e5f26674d9d5a1316d991f626c083a672481c9c8b59cf89f1
strategies/H005/unique_01470/daily_evidence.parquet,83523e9d8217431ad8ce4b987b4be769e3bf10ef817b1c6a63036f223df7c5ff
strategies/H005/unique_01470/README.md,508d56e99be579b1be6cb1022e4a17435409443120acf73fb611a31542726c48
strategies/H005/unique_01470/strategy_definition.json,0a50d6a2484c529232d8257335dda5b28a1758433e682d08c2cbd814146c33ee
strategies/H005/unique_01471/daily_evidence.parquet,34e0003ea06ae3ebc4191ffd5ef67fa60b0eb3f965eba835e4a88833a6eb50a6
strategies/H005/unique_01471/README.md,dc786e4f4d58caa7f3cc3b3854a15cef23ca5adddd79bf3ebd92b080eae46f1d
strategies/H005/unique_01471/strategy_definition.json,be6f23862fa2e5a4a986094caaaf2ca574ec4e313919ea567259e2da56e36c70
strategies/H005/unique_01472/daily_evidence.parquet,62fee504df3e2a6fb4f4f2242bb0103f5fd1098203e36360d1698aa3c42b68d9
strategies/H005/unique_01472/README.md,481cac56243718b7b689afd82f4ed96c701b1f0a77cf141da4493623214a5532
strategies/H005/unique_01472/strategy_definition.json,2e2283221f6b1f2883d30d179bcb2ddcb13079184f77860c4ee02506187eb62b
strategies/H005/unique_01473/daily_evidence.parquet,42c754559dc7801e14ad240ee0bfd91b1c805c6b90d6dbe7c897d680da8ea241
strategies/H005/unique_01473/README.md,751d3111250ba6e1b09168d6e22531ab67bd7cf7a6ca7cf01e065b5d93cf5f54
strategies/H005/unique_01473/strategy_definition.json,18065d3a9ee9ea1d15faf73e3d550cd0e9918cfccde3e0c5345c012c65aa418b
strategies/H005/unique_01474/daily_evidence.parquet,43a54f5cc64b68ac96abf0a58e761761fd0b0206abc75577f2d9b13361afa873
strategies/H005/unique_01474/README.md,bbf6f023a2fe9c54651da662020175fbaabb2b79c7e989416d64d5f5b99b25b1
strategies/H005/unique_01474/strategy_definition.json,60ef4c60d4e77785002f04f942eb637836ae8a653096d1eade6b22032fa6513b
strategies/H005/unique_01475/daily_evidence.parquet,930415b81a89fd8acabefc8becd479bc4ad916249a451062472d9ff58fbd15d3
strategies/H005/unique_01475/README.md,6c113c2309e0561f61186ee4f0c44cb514d00ee7a5a903f65195e3a00b00c87a
strategies/H005/unique_01475/strategy_definition.json,0aba6bb766a8c906fb9052cdf9a28576324653a715dc8f8736c72f9f4b13a191
strategies/H005/unique_01476/daily_evidence.parquet,fecde9ca253b08370af2ddac01754471121f226b666ee5066ad9afe2787a057b
strategies/H005/unique_01476/README.md,9cde52280ce8bed2e41fbc5b44feba9a501b5c6e6a280fb665084374359f32d2
strategies/H005/unique_01476/strategy_definition.json,83404b97798e202aadea8ad984c1f700febb7bb3c104be8a31241ad0a7501622
strategies/H005/unique_01477/daily_evidence.parquet,36b6f2ac24e82864b7fff7313ba0fbea583706ce8fbada83d88c1abd812382db
strategies/H005/unique_01477/README.md,fce2930f21bdc9b3d1bec20d7ea78e413ecd51e1bb3524af7055346f081b6732
strategies/H005/unique_01477/strategy_definition.json,bb69fa7a51c964f9719b25ccd8579154ca425f96522f04690e992980ebf4e6ea
strategies/H005/unique_01478/daily_evidence.parquet,e51948f6767c1afba074557002ffb3b7bb28214d717709bebf0ecbf76c2b4273
strategies/H005/unique_01478/README.md,4fd5e284f38b6a304695e00814f6f3996b296b15ad6a6fb2c334913ee7a0dca3
strategies/H005/unique_01478/strategy_definition.json,8852fb4877335259e16715e9397bbabbb8ff50c174a097276ddacfb00a59b2e0
strategies/H005/unique_01479/daily_evidence.parquet,c34a88dded7bbca95f56316cd169e2a0fc29290eed6ce96dfefad1780b48d3f9
strategies/H005/unique_01479/README.md,0db6bd883c6cc9fdfe52d92cc2a7ff590dd104fbdfbf4f1ff734ba66483cdbfa
strategies/H005/unique_01479/strategy_definition.json,1ff2526d90d65ae1a43744e50d53f4aec5bda278f9c4770f3f477c5253111d0e
strategies/H005/unique_01480/daily_evidence.parquet,4d676b8e06dac0c244342c01b9e37d75c30e4f0cfc7a46f3395af348e4a4c334
strategies/H005/unique_01480/README.md,9166dd2399ad23a5eee9ededce8ce7d33a069999735f5392b3db38e589ae92cb
strategies/H005/unique_01480/strategy_definition.json,72790af7ab030c712c9907eb13577f8d2dfa143399bbb7ef26b69c793e2acabf
strategies/H005/unique_01481/daily_evidence.parquet,b04a12b9bf5cd94808022bdc70c5d43a3c48f35abfc9ab2564978a81a462a6ce
strategies/H005/unique_01481/README.md,ba9d1ef9cebccec5c445ad05cff770a879e14fec0a5dc52ff811eab675fd9761
strategies/H005/unique_01481/strategy_definition.json,dab9580fb30e36f3e6c18af58d7cefac578069297efac6ce77f908218033dc28
strategies/H005/unique_01482/daily_evidence.parquet,ff69780867b5c72bd5e4599c349f77f5372a299e8c87d852c9c25029e8fc951d
strategies/H005/unique_01482/README.md,ce2c23a1038e19da464ad5e0ec1335168e9a62a2f41f303cf0bf76eb57db5aed
strategies/H005/unique_01482/strategy_definition.json,0973965829b71a701449c8917a7a821ebcd142b30e790d71c988344389bd39b2
strategies/H005/unique_01483/daily_evidence.parquet,063eee5e0e3566e5a93306a01679f3758007cc87916bc2b776e07a19ad3a64e7
strategies/H005/unique_01483/README.md,cc1742e3a5f3b022e6e8892376f35303df8fa6e6b65ea150366d2ce4d9c44071
strategies/H005/unique_01483/strategy_definition.json,21ed0b8a7ab449653fb48ade8bbb3bc0c3c7250c2619b221685da2b10bb61ef4
strategies/H005/unique_01484/daily_evidence.parquet,75453bccc875ae373f312be20f746696ef508207963a1af8cd5d2d1da00b22fc
strategies/H005/unique_01484/README.md,9a71f9e7e71f77ce42183fe0880a9fd46230482de143e16af6387d277ed88544
strategies/H005/unique_01484/strategy_definition.json,40bf0788d158e39e2c13ff66c13ea87c5cb12440a9bb3c6133a81c4c8ae22269
strategies/H005/unique_01485/daily_evidence.parquet,67b4430bcf66d1c9447c00ee4df26a3fcdefc70118c8451d516d0e5044280f05
strategies/H005/unique_01485/README.md,d12479e212213e780129aed30fb2cbf053216649dfc0ca5908576c2418890060
strategies/H005/unique_01485/strategy_definition.json,a3474db96f314dcebb8888795b6800fc4d608155c1665cf907d3fd8904ae0d8e
strategies/H005/unique_01486/daily_evidence.parquet,2dbf35fbccc4a06662e82072cb9b4300cf3c897512b2585d9fb85cdb04652d84
strategies/H005/unique_01486/README.md,3feff6442e798943afe0e441f29d826669919df181f4a71067c8e0f70a644d60
strategies/H005/unique_01486/strategy_definition.json,e15068f3ff87b84754f5e74fd07df9611d856c8a039ff0c88947445a97c1fea2
strategies/H005/unique_01487/daily_evidence.parquet,5fe2ed9456749f7914836b347ddbd5f832973c3fec0608eff9081e8625c7135f
strategies/H005/unique_01487/README.md,34816f722528d38203efa3a0e3fca0850f001f99cfd498057b79d8d14aac845d
strategies/H005/unique_01487/strategy_definition.json,05f6fa05e23965572b06ee7983a56d8a895cd269ece7d594c62349b869127e4b
strategies/H005/unique_01488/daily_evidence.parquet,d24485cf92802371f304f43bcac1ddccfb5f37ada2250b3c14c91cd7862f0320
strategies/H005/unique_01488/README.md,57e1acb89cad59641dfa5b7aa1ac333679e0a5b85ca20647aeda0745c67a408b
strategies/H005/unique_01488/strategy_definition.json,bc04801900281c257943796b00deaeef9b9fafcb4e318edb7a66a6adf902279c
strategies/H005/unique_01489/daily_evidence.parquet,3312df41650ed08309cb622745ff209ba9985538a618cbdb9d1ff0606f784c3a
strategies/H005/unique_01489/README.md,484c7ba28993a9bac2f8dd65488f07c9aa9d09c7083834d7a93a86c7460d794d
strategies/H005/unique_01489/strategy_definition.json,ba6c9215588b1aa4b054ee82220a2722139efb50d9252d3fb9c509778e14eb08
strategies/H005/unique_01490/daily_evidence.parquet,f1f20a2eb70c6adb54e68ef1ddbc584b66517a0f4ad73ef01a8535bede3a9667
strategies/H005/unique_01490/README.md,d75a5e0a20a31af38593747fea5522351b358a62b47d2d2c4710921304fb4888
strategies/H005/unique_01490/strategy_definition.json,930a09576f6eadf8581f25810c11ea7b75544f7980ab4861f22c0e57035962ac
strategies/H005/unique_01491/daily_evidence.parquet,962d41dc953394c06e0a85879d605f4ca1ea2914f28953bcfdcb6751b8fa183b
strategies/H005/unique_01491/README.md,7bf4f2758091100fd26d7cf200499dc3582c043c2064d5f58e5b44527eca5ca7
strategies/H005/unique_01491/strategy_definition.json,e4c1a8d5e6418747c5d66b4dca2dc7c0ba56bfa2680a0e97c6fb5a981fe2b4f3
strategies/H005/unique_01492/daily_evidence.parquet,7bf10d2aa3bbdbad9f1d932eb3ba6a63d02528b4adeb684263b4f5807ade4cb4
strategies/H005/unique_01492/README.md,d21cc4bba5d44250c09f5ae129d5d609ddb862d117e5796bc231d69920019664
strategies/H005/unique_01492/strategy_definition.json,445d18b36c9cf9515f827ec50ccc8e6e6fe2092105c55a624fa9f1ced8e77c51
strategies/H005/unique_01493/daily_evidence.parquet,500695db9c05379e23b5dfe2c8d9469ff025dfba007ee2b88981313d68e1172d
strategies/H005/unique_01493/README.md,6a84181317330488dfc51e5547079b486d1d62835150057ddb83fa48cef059a5
strategies/H005/unique_01493/strategy_definition.json,833d2044f93b888ee852988084fe7632b7beba13f79c423858d4d3806bc19838
strategies/H005/unique_01494/daily_evidence.parquet,d147a18e8a7f3249066ae15d9dd5342c973abcd5c0c994003d4debba40a3f94b
strategies/H005/unique_01494/README.md,bf1cad92f776e88c3d10620e31cd8781d5337eef59a1b8d93c7f284b96fa1f51
strategies/H005/unique_01494/strategy_definition.json,31c566ce1df29218e017d79da8ce67e6832388e355a7d709259dd28c2e1cc747
strategies/H005/unique_01495/daily_evidence.parquet,471930ed0c9ea7adc12c5f25ab6a178997fd3f0eefe370ca1d26b6bd216191f7
strategies/H005/unique_01495/README.md,ad7ac9705edf419fb904ed0280c6cc7a52e8ba871415f406e4909812d8c72e6e
strategies/H005/unique_01495/strategy_definition.json,a4b4ce20ae06fefa6bff19d438fe98ce28f1ffff72cb705f6a641c5603a3ea4f
strategies/H005/unique_01496/daily_evidence.parquet,3b2a5bf823d96c493c2e3f900aa4c90894d9894f09b0444c65010ba3fc972d52
strategies/H005/unique_01496/README.md,d7fd737199e6063ff857907453ec36576c7ea5c81d789b84d6aab3af2ad2d699
strategies/H005/unique_01496/strategy_definition.json,404d1b3c73bd08e16f0aa4e2bd62790e8eb7fd2fa7bf29d34482dcfc7a7caad2
strategies/H005/unique_01497/daily_evidence.parquet,a7d685284b8b315aa0c33f200f7089b047601555e1ebce812886ee27d2c3c4b3
strategies/H005/unique_01497/README.md,e5024e4413cd07d31acac32af6b64929e2d81f187f91b095d66d734910aad05f
strategies/H005/unique_01497/strategy_definition.json,41dd1203408f55d0870d9ac635b11a6fe82e801e1a75b8d5b7defcf86ae63747
strategies/H005/unique_01498/daily_evidence.parquet,3651eb534dcaba3f355d92fbcfcb7bef2582405d4952852ad73d08b19377cce0
strategies/H005/unique_01498/README.md,06ee96b39cbe93b9f2714e7181db4617dfc008c72d5b9d7fc0cabde990bdcf9b
strategies/H005/unique_01498/strategy_definition.json,18a54e270fde2d9dc45bfb8c09ad6172f18c692f44faaa779efaf2358bbd553a
strategies/H005/unique_01499/daily_evidence.parquet,f92a4249cdf8debf3474eac4e22c103aeac6edce4f641064dd7b6528ce13ce32
strategies/H005/unique_01499/README.md,7043d9695a19481d0f7c2939f89ebc88a04e14575c861be32f4e49150f000291
strategies/H005/unique_01499/strategy_definition.json,195836624d66ea924231168717e5897c9b95f018dfe62de7f411560ef05cddbc
strategies/H005/unique_01500/daily_evidence.parquet,dc63233053c92db1356b784bb05ee29b2e59d81e5aeedaeef588b7958aa0b388
strategies/H005/unique_01500/README.md,b55623270098cf2e2bc9ebb2679da66efcc37de9bcbc0069265b8feed64fdb35
strategies/H005/unique_01500/strategy_definition.json,dfb2d3a644987dfdb7f4380a906d23bc6ffe90e0a81fcbf4d1c2a6262afcab4d
strategies/H005/unique_01501/daily_evidence.parquet,8ff6095d82a1760a25b472e5abc75483b731d10028a26857e98c4fee7960d48e
strategies/H005/unique_01501/README.md,7e2f9de9e9ba9e399a593b3baa11d324efc2bed32e5c4f8b939639426e71153f
strategies/H005/unique_01501/strategy_definition.json,a8698a6d8afccc9af00c64375d315dd5b311960924b6c42779e6aef74ae7e1cc
strategies/H005/unique_01502/daily_evidence.parquet,a68be10ee0de19404ca529143632075e464b1e64a78a02c17a6b7b7fb0b7bc43
strategies/H005/unique_01502/README.md,f75982129d54b0dc37eb1b94125ed5195c960aa3fddefc99965fd7a9113cd8aa
strategies/H005/unique_01502/strategy_definition.json,9d3c98be62aa0401ccc952fe340716255728b0a300420d58aa55cef9d8b1910a
strategies/H005/unique_01503/daily_evidence.parquet,d5430844061d1dd7113b34eac810e30bc4456779032e1e782ceac48eb5e0eaf4
strategies/H005/unique_01503/README.md,a6be8df7f177a38224981ad00be994dd50e5599d0e522149f2fdd54c43dfacd6
strategies/H005/unique_01503/strategy_definition.json,acc54eeb4d392fa24302dacda632601d514569c1b22ff85510fe2d0c1a64047c
strategies/H005/unique_01504/daily_evidence.parquet,09fa16c2f742f956504117bf833a91b594c7733abb465ee583bd3ed0a311c59d
strategies/H005/unique_01504/README.md,eb6d6c24983fff8996e28ae779911777749dc59a1cf2eed1c353f74a8da2a3bd
strategies/H005/unique_01504/strategy_definition.json,19aed9741d6fced812b4ab1505d681ade8a7e97e5d896ca73e77b43b5327e0c6
strategies/H005/unique_01505/daily_evidence.parquet,1363cb6944531e1ee650bbc02efa424d4cadeb2fd072269318b0a40ab50e18e4
strategies/H005/unique_01505/README.md,4b50ad32d64181c2687a3efb793fe34f9ab61e1eeed38ab9aca6ba42daeb056e
strategies/H005/unique_01505/strategy_definition.json,4add2945d5598f70361e473f84beccbcf85ed31c881749ca12088e5121a3d455
strategies/H005/unique_01506/daily_evidence.parquet,90af6a83fc02008b141d6094cf78e387a3ef5592c3d0b4b500ba0f7ffe7b8c83
strategies/H005/unique_01506/README.md,2f6b0a791c888d36aac57418b545a643f74df79706fa235708c6c36309434a85
strategies/H005/unique_01506/strategy_definition.json,d3cd766bc3ab908a7e32cab833636007c136443b87bf9fdbdbc060bd0385079e
strategies/H005/unique_01507/daily_evidence.parquet,f09890c5636d28e1f8e9019a6d36afc29379b1def81da3924eae329ace4e4b4a
strategies/H005/unique_01507/README.md,921e9ccc6d1afd69068313b8e8cacb344ca2fd28a1e2529c5b8d10aa4151120e
strategies/H005/unique_01507/strategy_definition.json,d762ee3eafe9409e72bcea6d08d5b05876331303ca92fc3881bcd786199e3e4d
strategies/H005/unique_01508/daily_evidence.parquet,5fce1c627972ce465a0b4164269906825c218316fbd0dba770cc328e417020ec
strategies/H005/unique_01508/README.md,4f911f433b284bc83512190ac5c2317e9d39628b473766e4cc082be09fb8364c
strategies/H005/unique_01508/strategy_definition.json,2f9cda791a9fae9ac4e03e556c9f55854f65f644cfb46a4ee306b7f86b7cf8a3
strategies/H005/unique_01509/daily_evidence.parquet,901289ae727f462740d9c8aa6b89216a5d7b2f7dc2ec111a536ade6668511403
strategies/H005/unique_01509/README.md,48be1e338b96bd3a276b163c667614f0457f584d69eeef63e3eece09d354e6a2
strategies/H005/unique_01509/strategy_definition.json,65eeebe679a2f5ac790ac98e96029dbef43fa7a018fa576aefbaca694f2b38bf
strategies/H005/unique_01510/daily_evidence.parquet,b5b93e211bb5cbbc9c81c7cb753001bc51470b7a9b5329a555ebdedeb9d8fa89
strategies/H005/unique_01510/README.md,64902cbeaeed42e0338788689a341b1c9bc09ed9ad1128951ecfb6346e0c1d0f
strategies/H005/unique_01510/strategy_definition.json,4bd85c0d2167fc5f4fcbec602d54c3f3d3a0c90c4d4ead389474aa327041e840
strategies/H005/unique_01511/daily_evidence.parquet,011ae2ee13317d8e6fd5d6f522f3ce574b9427c6e28eab4dfb9bdb7041b5a7e9
strategies/H005/unique_01511/README.md,45facb62cc2977f17326049ef85139077421bc10f31e3689e25a4967d1400ccf
strategies/H005/unique_01511/strategy_definition.json,64c68e2e6f901b53d656aba1a8dad9b0de24acc9066239c65b70901b2d690bb6
strategies/H005/unique_01512/daily_evidence.parquet,65fae771e5f4a5732a84de8a5168e77b3f52e746a70e609769c0e940b5ecd5e1
strategies/H005/unique_01512/README.md,51ae7ef52c9ece974e50d91285d85badb5d7b414ab8acf873907bef409d13733
strategies/H005/unique_01512/strategy_definition.json,a2ba3271e50c0d57e675ad57ae1c2b197f92f1c54ecbec73ffe1f46fafaf4221
strategies/H005/unique_01513/daily_evidence.parquet,7e0e3f6905bd9b395f8637b9e2c4acbdffcd0aa531880d83ea1b44f73f9bfe7a
strategies/H005/unique_01513/README.md,67dbb7e024cd59e3bd04e205cf476ec5bf341df8f7f2a24da17b82e301c7550c
strategies/H005/unique_01513/strategy_definition.json,69292d3bf6d7b1aef327822324a3797f87e280b3d559d76db7807f0c826e17c4
strategies/H005/unique_01514/daily_evidence.parquet,1575032f6ca58a7ae6a7177ecc1b514d017f2e5dc364f81d8bb48dd30d81efc7
strategies/H005/unique_01514/README.md,8becde2fa7cfcb3885d0d5313302ee3a5f062260af48fe19cfafb24c4d13ceed
strategies/H005/unique_01514/strategy_definition.json,220f3bb8323d1fe1ad5bf1802ba79ff41f14518d48ffd933d0635caa67993040
strategies/H005/unique_01515/daily_evidence.parquet,e0b47fa9a89c38793b42614a97b221596bdf97492a0881fd5648b3eee3d21cef
strategies/H005/unique_01515/README.md,282adad4706b8c3a0bd3e506349851fc3ff13779ac3d7d56784a516d806baf95
strategies/H005/unique_01515/strategy_definition.json,74b34950cf791f5b10a9301108387c542de1f607d5ba0bc5ff4f4dd1a9093232
strategies/H005/unique_01516/daily_evidence.parquet,870d36a043245e7a2e934b1237f2eb1e41bee436c16d81f3896cdf555b9f96ae
strategies/H005/unique_01516/README.md,195bc1904cfa705b780932c4e1d8f0f5283f1d35aea532b361d339473618b966
strategies/H005/unique_01516/strategy_definition.json,2f923463aae1b77f0328ded95735afb60b8342af94c3df021ca956c6c867c4d9
strategies/H005/unique_01517/daily_evidence.parquet,06b55ca50b098f3560dbef91821f9cbb8c0c07f26afcb6739b76298e9f98564c
strategies/H005/unique_01517/README.md,ef1c088ed1d9a6dcfb6cbc4c9f53bc6b7e4a34f3502e003b9912a1045ccdc81d
strategies/H005/unique_01517/strategy_definition.json,659605cbc40c0fe548ac92a70d2967d4ed3de43af6bca406fbae45ac1f61488b
strategies/H005/unique_01518/daily_evidence.parquet,f403f42d27d3b088aec1c7aa2ac0e2de68192f1f6021cbe680a66b4a0f8ecfcd
strategies/H005/unique_01518/README.md,59b274078a5db7265157df3be687a1446fe4aabd7ac11d3c6d59400218951a91
strategies/H005/unique_01518/strategy_definition.json,79369bc585a90d3dfa30a099b3540ec015e66928ae2b64d158188753780533ac
strategies/H005/unique_01519/daily_evidence.parquet,f709cfd8889d451d6430922742359f0f79391661d81ad182ca53fc47ddc20f7a
strategies/H005/unique_01519/README.md,2f4feff847547bf0515404aab8544430cf7da005adbb005a74a45aa9460e6b33
strategies/H005/unique_01519/strategy_definition.json,efeb92b0450f15aad0cd6d30abe098256f13bd2836e7f92785e8ba018dc9872c
strategies/H005/unique_01520/daily_evidence.parquet,ce839f8ee93db471f2d44e534843612458230ce3cc26fdf8977d6b39d8ec5394
strategies/H005/unique_01520/README.md,f505e7bf2175fe6097382d7a55524bc35b282ee8f78c10cdf3fa584f28003c8b
strategies/H005/unique_01520/strategy_definition.json,2fb957717085e7c8ce3d057b958b4216b09d355522456348c3428f8eec5bf62a
strategies/H005/unique_01521/daily_evidence.parquet,0eb8a274d3ca6978107aca65a04c59aa2f31e7efab1cfe659c9fa279fa2eabc3
strategies/H005/unique_01521/README.md,5ea81ba2feb47f640ee61aa2f9f11799eebf1607caa1d6d696f747e2e0ed8734
strategies/H005/unique_01521/strategy_definition.json,16b29b1ca4210fee21118ffd557ef50f0c18796635eda216262900317a7c6fe3
strategies/H005/unique_01522/daily_evidence.parquet,79ecff0cef065ed8462fbfab3632a323b236ec2f9202f4f9b5a60630dd170166
strategies/H005/unique_01522/README.md,e9c697620cb1913721489ad7ca3ebcf4d6c3e888af3b1d9f4741af6bf8f2f037
strategies/H005/unique_01522/strategy_definition.json,9561111cbbc509af18212e512b9179ed8c1305ca217af5d9261547e219287e65
strategies/H005/unique_01523/daily_evidence.parquet,52a734be96f9d881c98a7ae2ac3de05d4dcfb952f74d9cf408f52622aa20a07d
strategies/H005/unique_01523/README.md,47e80270ed1c110b7dc771176b1ecaf6d7703264087b6ad9ee4d926798b6071a
strategies/H005/unique_01523/strategy_definition.json,ec5eaa3c26287a2c2a56419ee32ab4227fb246067014a24e76abf722f9577427
strategies/H005/unique_01524/daily_evidence.parquet,982c9e7ddb99bf37a4f621d827b42996c27ba27fcf3e76cb359fb6c9fc1ffcbe
strategies/H005/unique_01524/README.md,24fb239bcd95e624315114a469dd32e6e342048e714aaca08a2891174891183f
strategies/H005/unique_01524/strategy_definition.json,d98658bdbbb5137abec5fa55fe2e1f39ac1ce0d4405dbc136fa509ff29567298
strategies/H005/unique_01525/daily_evidence.parquet,5e32da9130a54cd508e9214553d76c1acb030e7f252dd57a3ca3f39929b3386e
strategies/H005/unique_01525/README.md,aa83d4468c18482d69b565037fdf97cea9f03528bd10e1e61512cf240d08ff92
strategies/H005/unique_01525/strategy_definition.json,54a510f2a60185a467b6996d2d09f6f3b5c38ee783904c347cc83556d8715f08
strategies/H005/unique_01526/daily_evidence.parquet,0aeb7f1afbe4c0747abcd6385ac058772a98d426225645ba5f664c794d829b65
strategies/H005/unique_01526/README.md,9d0d2dd68028fa304d5ee6574b5e08c3c0aed2449ce0333a1a39a8669cfdf898
strategies/H005/unique_01526/strategy_definition.json,3b116cb69118dfe6960053c73b48a0107dda0c0596182eb00932434f63710798
strategies/H005/unique_01527/daily_evidence.parquet,679faf21f77ebf5e070c75e9a9ca7dab53a89bdc162fb6687a10191b4557f40f
strategies/H005/unique_01527/README.md,a3e9ae8464262f194192c5d463b874e1e7fabfe2a8229d134baf2ff3853fcc76
strategies/H005/unique_01527/strategy_definition.json,b75875cf47503f4831455ea2b38e4aaf6dba223436e6d803e46616f9a8fff30b
strategies/H005/unique_01528/daily_evidence.parquet,6798a0b299bfd99b37c8e70400cfe180d584651f7c352a2e65a9e7d2a8cc23ac
strategies/H005/unique_01528/README.md,244c57bd376ab895a8dd1d6fe9678f1042d463bc0f6b0ddd7d18a6a65f6b1f1f
strategies/H005/unique_01528/strategy_definition.json,0bdbce6c141372283226059326e5ee057bdfe821c86c443a8e77ef44ad4fe2dd
strategies/H005/unique_01529/daily_evidence.parquet,cb302edb713bdf436d72a99445cbd029c4441c49c2deb59068b6adde50d2ca5d
strategies/H005/unique_01529/README.md,f01fb610ae824c5923ab8b751e87248dc3a8224b24c99b4c5452ee117472ac81
strategies/H005/unique_01529/strategy_definition.json,4806750d417159a25d815d108c71d8ba401a8cd3592ddaecb846693dcb938260
strategies/H005/unique_01530/daily_evidence.parquet,5187a76c5759b566a15d56c9fcfde1d1b0a1a7e9c1320821cb900e7b4a855789
strategies/H005/unique_01530/README.md,84f3daba351e676b1bd990618fd4a0b84858235bdae31e9b7e1ec961ab7295c4
strategies/H005/unique_01530/strategy_definition.json,21200a6bb7d4a9204d5e617317b738e227da85bda4df0b0ec7b40871c91ef9c1
strategies/H005/unique_01531/daily_evidence.parquet,f0fa01c84f7529b990310985fc30c252cc651de59772e790d1e2fc5dabd1fb5a
strategies/H005/unique_01531/README.md,edebc4f3f5e81b196f211e83cc9183bf887cc94974d7160208edce79401e4c3a
strategies/H005/unique_01531/strategy_definition.json,56af5a83ceb96d8a122a6f48af898fc22da5c37486f5a83c52186eb3e6f915ee
strategies/H005/unique_01532/daily_evidence.parquet,8c833f1f5a438668cf2cc73d6dca2fbf61e20ec0324b5e00dd0140eb1001aaf6
strategies/H005/unique_01532/README.md,88617176a1b09f34fe330507cf7e8dd296176e0b00ff55bbb5575277b43a0d32
strategies/H005/unique_01532/strategy_definition.json,85a3117b0ef27a9604219c8a05e13e673c47f6866496c55f42c52e4e60fbc33f
strategies/H005/unique_01533/daily_evidence.parquet,19b2a51adfc731c94a2256bd322ecf6eec7d95e4e4116eda29ae7e09c6907215
strategies/H005/unique_01533/README.md,10a51bbe66188cef2bed4d31d882596aa69141f0b525f73e8744d441ef593bb0
strategies/H005/unique_01533/strategy_definition.json,6181c3fa1e6af5029b081b0ae05a55fb24dc89b9a5b7c6b4f0546ec771a6fff8
strategies/H005/unique_01534/daily_evidence.parquet,e6d683cdb04c1b8d022c34165491be6adfd70bcc042ffc213b6309e14d1b5ca8
strategies/H005/unique_01534/README.md,ab734ca654b4f91383cb575d3ea4b7f83eb781e99678673fc99cedd961d60f20
strategies/H005/unique_01534/strategy_definition.json,c9f6f6d06581d500185e689c5abe69c019f507b003e7110d6458eca8412f82c7
strategies/H005/unique_01535/daily_evidence.parquet,9b70130d851aab8fac80fb69519a3aa1046e97253f8b92ae238fcc3255d5154b
strategies/H005/unique_01535/README.md,0b9ca39bae4cfb2c3a1b8519ea7a846ec96cef062773786404256c3f8006c4a9
strategies/H005/unique_01535/strategy_definition.json,e129599eb68d75475ddde2495e448f16392f73060a6cf41ebdf17a9160901225
strategies/H005/unique_01536/daily_evidence.parquet,880352d8630ae6f15e96549a59aa9c7481491de270959ff5a1caa788b65ccc83
strategies/H005/unique_01536/README.md,9029612a47893e45f73f94618d94149025ed3c1eaf335ba45790f1719f13b726
strategies/H005/unique_01536/strategy_definition.json,f76859d118692ed2b79d1482e3b143071111827f0c751ec385f7ba1ce3e8142d
strategies/H005/unique_01537/daily_evidence.parquet,c10e32f8349aa63bcd9fbf304108dd5f7d4c6bdacf4404e8cb26ab23c03d82c3
strategies/H005/unique_01537/README.md,14d3eb7b6be6496f872422158238c052d907845402d34b5e8fc74f82b1a14dfe
strategies/H005/unique_01537/strategy_definition.json,37573b602b4448f7632396d084c2fa74dba3ce7b0576785e51a7a4c791754d76
strategies/H005/unique_01538/daily_evidence.parquet,0205597d5805af00d22698489ea8a95acccf275cb513ac4196b968056c194283
strategies/H005/unique_01538/README.md,fce0c489258c056e287a36b651459403515b7b61c405d160b54b9faf8f741333
strategies/H005/unique_01538/strategy_definition.json,ce7ce9183ebdd1c5c996d911a03042e6ac86cf2a985406b3c5e889da0b7d9d3d
strategies/H005/unique_01539/daily_evidence.parquet,41c97fabff85d3a8547bf0b8226a249734c40d2885c7f66cf6b68a08d572cda6
strategies/H005/unique_01539/README.md,85b7e3827e2cbf608db827cc84e103b0a38ff47a79777df4d230153b63730bc4
strategies/H005/unique_01539/strategy_definition.json,ba6476530b7409ac3e17cc0facd2eaeb5e3a304d3e8e603515d3cbf65648a4c7
strategies/H005/unique_01540/daily_evidence.parquet,25bf44ec44bd6f6df62ce2056fc65cc5e0b7d93a5adc85148a9cc394af53c0ce
strategies/H005/unique_01540/README.md,405145b7c500af3fc1a91d82325420adace07c37ba14892eebc00ecc1be00252
strategies/H005/unique_01540/strategy_definition.json,1178e3a4d989442de41ecc3462cae629ab517771c31f746903b021fbcce21beb
strategies/H005/unique_01541/daily_evidence.parquet,0ab5b9ca8834bab9a3a80e1c46e03e0e24f9d5b8c7daac5313b5c9e4aafc1d03
strategies/H005/unique_01541/README.md,bce82829e5e85ba96d7ba656477e6a0e8d076385411b7244017da689de550e20
strategies/H005/unique_01541/strategy_definition.json,ab8f235fef38bb1186d81d800ca48b5dda1ee97a780a259e5f43d7a12bfa957c
strategies/H005/unique_01542/daily_evidence.parquet,07099abe74753492823d6bfca30c720a26b0d07439e57dd6e878e6e95dab1185
strategies/H005/unique_01542/README.md,7dc526206edc0e425d974aabe2abaedd76a560b5fd6811bec4eeca2fe71f390a
strategies/H005/unique_01542/strategy_definition.json,b90a9378a2371cb09029d02cb5e4e5e0c3728c9fe40ad21f35f75edca77daba2
strategies/H005/unique_01543/daily_evidence.parquet,76144d9f6ba6edf9c11e2a77faa1c4db4688bcdc1ba8889681907960c5e1fac8
strategies/H005/unique_01543/README.md,accf9e9d74aa9fffabd7b286fc2ee2eeb1a4a9dcc09a5ea34fdf5dcf6b24e54d
strategies/H005/unique_01543/strategy_definition.json,086d01864d971b621f7e2157da05ac492350a4f4fab0942d9e571c7eca37021c
strategies/H005/unique_01544/daily_evidence.parquet,86c4cc2d47fa8507b267f734384ca1b432d146083404f1cc23d3ac5b20e4da22
strategies/H005/unique_01544/README.md,b718bcd061cd096de93eba4e768040fc9aad2988c76d4d29dd74575efb2e7727
strategies/H005/unique_01544/strategy_definition.json,a83fbd1ac6e06a2e09074df795b2bbc6ec7a0c81a504258aa4a5afbe5b57b4e5
strategies/H005/unique_01545/daily_evidence.parquet,6a942c969b409506b8b0bf3a83db19032c520595821009bfb49adac7077651c9
strategies/H005/unique_01545/README.md,bb1debc0bbcb6b3212298231d3223e00b6fb56497af45b028b153aa000080008
strategies/H005/unique_01545/strategy_definition.json,ff039f1ada88b8552e9038819c7a084e27bcb2a6d42c1a7a269c2dd24e2d14c8
strategies/H005/unique_01546/daily_evidence.parquet,361823fb851de422db82432c06566a8ea84e672a44416a33f5c836b487176098
strategies/H005/unique_01546/README.md,d45bd4f4087d7bdd2e6ee35c0442badcccdacfe564a585c9a0c3f9cf42616265
strategies/H005/unique_01546/strategy_definition.json,2324e94088551a213758c7c90780dc648008e23755e168199b079219163bbba2
strategies/H005/unique_01547/daily_evidence.parquet,247957b508ab071fb6453ed403bd39b4427ae911fc96fb86e7146a4e235ee59a
strategies/H005/unique_01547/README.md,5eef5cdd587153dfd9b238b8a61fdd859cbd3725241c1e2be6d51f0d414e76fd
strategies/H005/unique_01547/strategy_definition.json,fe7d9ba317b52a5deee91f64953cbeb4d7234b0a86af599cc9aa23318777c78e
strategies/H005/unique_01548/daily_evidence.parquet,544c955aa4e797143825586ccf1da08d68f468ee85dc6787c462da8a43a5c55b
strategies/H005/unique_01548/README.md,997414c15ac8f1f2db97031453c331aa4b654c101ba2a98bbde7f197ce4415b2
strategies/H005/unique_01548/strategy_definition.json,f0e9b53fb17a5eefc84cdc509f8ce0f6153053c306030f09b5e4aca09f0f07a3
strategies/H005/unique_01549/daily_evidence.parquet,f7b9ab3178c2585596eff40679450857f26001760a8c1d83cb88184cf6bdba11
strategies/H005/unique_01549/README.md,6a3c8aae1ee69ad342873171dc0382f78a9b5c537c8d79990386c4f6bc872638
strategies/H005/unique_01549/strategy_definition.json,5da7cdcd264d50d6fb292cdcaeb24c2326a90374dcaa05c3ca93954778a8ae22
strategies/H005/unique_01550/daily_evidence.parquet,1bc46a790466edd0378d40b00011731348f3a8867548296f8366c10333a28184
strategies/H005/unique_01550/README.md,0a62d434b2c899bd901b3d92f5bdf793cc710ab3aef6d94ec567e01297d13d3a
strategies/H005/unique_01550/strategy_definition.json,f769e6f8ed8c3216e02dea2b4915b9d73ef97b68cbe22a8970d5148c384c992d
strategies/H005/unique_01551/daily_evidence.parquet,84c5bbb8e4dbc6df81d26810606a6f6f2c0366cecbf7eb5df4e27037261f752a
strategies/H005/unique_01551/README.md,d94f145531232325283d0f436b47261ed4ce50d0efd83c175321dc7c15e6c2ac
strategies/H005/unique_01551/strategy_definition.json,122797d910a75677f0d53aefb038c9ca948a774664e09b0b1f81054afc4fa123
strategies/H005/unique_01552/daily_evidence.parquet,9d12af4f5b2596bb950ba5f9251c0a3bec648801fe834720afb4fb6a5daf6023
strategies/H005/unique_01552/README.md,e9af700aa11559b9c40934139f109e2fa8d62ff013b6cfc80727c84262a725c2
strategies/H005/unique_01552/strategy_definition.json,938943118e2caffca36439b13ec108b781b1ca79620c474cc678559765e50c52
strategies/H005/unique_01553/daily_evidence.parquet,9754c218ca581776b732cf50f798576ce07c11b9ab54ef2e3fd2c019013d7761
strategies/H005/unique_01553/README.md,949eb2d64bed959026eca257cce0ab38fcfdfe8f36ef094af183edad080ac907
strategies/H005/unique_01553/strategy_definition.json,fc589759afd72ab318fffd90f98ee7c0c3124a67156e2951dd6237ea5a017061
strategies/H005/unique_01554/daily_evidence.parquet,68720adf0ce87ff144e3567a3ec6989af1994561266b6f254c45da2a860b83e4
strategies/H005/unique_01554/README.md,06211a6af8764706e4b6fdaaca08a86fe665bc0a724d68a2fb295be3ac45c701
strategies/H005/unique_01554/strategy_definition.json,f997d2fcbef89f4ff49ba221f6c3aa1fd2a827dfc86c7e540b2d4ddf10760bee
strategies/H005/unique_01555/daily_evidence.parquet,9b747c5f34f725a6661584f6b7821c08afcca1bccbd15cdb837574c865158654
strategies/H005/unique_01555/README.md,8c30305f1e31c9beeaaa5fd2efebea80983cb1b02c4322a2d2d8250e76b5d298
strategies/H005/unique_01555/strategy_definition.json,8b71f9a5f27a53545e36e95416e6bd4f00b01bc7de5d0ff0e7ffb602f818519a
strategies/H005/unique_01556/daily_evidence.parquet,3a31f040100ce57361587aaadc49376cb5185c87e9e5d97fad870f23675dbf9f
strategies/H005/unique_01556/README.md,46a2ab7966268db32ce77d4ab85f037c68c22b8c96cc76a6e536e3b956c13dc8
strategies/H005/unique_01556/strategy_definition.json,f94711d9ea49951338677da49f1fb7a6635665416f7600ab119d4d9f0e6bf07c
strategies/H005/unique_01557/daily_evidence.parquet,03bc5c2dd1d40c1df18e114f491f6f77d473803f8032f86ad1927dbe918ed21f
strategies/H005/unique_01557/README.md,568854514f50c1ca1ba728f092bdac64f1f4b7cde593f46d9daa6c4110086a2e
strategies/H005/unique_01557/strategy_definition.json,1c1f0b1b0f212d6386b6a6fdee9410fae2dbd3ce77b4059e0e34273641d530e1
strategies/H005/unique_01558/daily_evidence.parquet,b26e9607c14ca83aaad3e661cbd5b0b32268a901413ef1e23c19f8726c6ddf39
strategies/H005/unique_01558/README.md,1ff827616bd93b3f03934933615ec5cb784520fe207df4565b6afc0e4f5b797f
strategies/H005/unique_01558/strategy_definition.json,b0e1c1addf7d5c413c1eb5991e35896041fc531b7ca1c656ad18b4c52a1f43f4
strategies/H005/unique_01559/daily_evidence.parquet,983cf97bb0c2dd9403368233cf9e2ec8ec71a3437729178d7cfc5f99bd96b2e7
strategies/H005/unique_01559/README.md,07487aed6e5017f2b488d8e1fa46438eb42165e461fc12c6bc58071c2bfeecfd
strategies/H005/unique_01559/strategy_definition.json,f90b1cbbf4aebf47ff09ebe248959070b0254bb7a455e59613a202bb4de9cbd9
strategies/H005/unique_01560/daily_evidence.parquet,7ae2cfe3588673cf6d8bd68719d38183a23f616fcbba3cfb05d9e85669c39d6b
strategies/H005/unique_01560/README.md,c7baeec0a88647ce73ec8bd7c88df8911aa0d746d5e73b268d706b3f5d5c0862
strategies/H005/unique_01560/strategy_definition.json,a3fcb8758c67036ce8b97d235fa607732fffa4f515a663afce6b2b4a55ecf6e8
strategies/H005/unique_02161/daily_evidence.parquet,912d471902b49094b486d242aebd35ec2ce3c56cb9aad001fc6ba59b992d5270
strategies/H005/unique_02161/README.md,a2579ad2a4c0d8acc6a1a4ca4b51c20fd3d7e85500dd56ce21103930a738ab77
strategies/H005/unique_02161/strategy_definition.json,cb2b8ceacdacd07f577b540657d4a41d0c672cc890881c4285fc85e04a7c91c3
strategies/H005/unique_02162/daily_evidence.parquet,db1dc9ec9ffee99f2b2e78e4136c3028ce7feaf4c4ef25a6e7deebedf08d5cc4
strategies/H005/unique_02162/README.md,4b0a3ee52175e229ef39d22ac407ea7b5c8dbd76b2cb7ce844592de5fd137405
strategies/H005/unique_02162/strategy_definition.json,56a5b2024f96b44ea50b09c7e85a158c9c6ea01b1dde62ffb30e50f107e4d6b5
strategies/H005/unique_02163/daily_evidence.parquet,df49b0c9614afa247ce3ba5807e4983c38a5f76ebd60e1d17dd7eb9a3b31f648
strategies/H005/unique_02163/README.md,0c0fb2f6fa42c67d65a37c5b89d38884660c6a44f9a8dfe41f27e06352c2e8a2
strategies/H005/unique_02163/strategy_definition.json,27e4d56bed67887c7371972766aa8e504b758bd21d1a8a69ce012d13283bb95d
strategies/H005/unique_02164/daily_evidence.parquet,ddac2a1ca5aa25ee3079f9f5d50753720bd1388eb085ce6b1501aac2997defc0
strategies/H005/unique_02164/README.md,d0c08b1b359dc6ee882d56fb11304cbbeb184e2297c701795def0884b9a01407
strategies/H005/unique_02164/strategy_definition.json,e3c545ca746863129327cda5bea135e852eff0db4f2f5f0b512428300a54e80b
strategies/H005/unique_02165/daily_evidence.parquet,2433982347ebe72278f8c0c380f1f416e368efb9cb025ffc11952f433f2a9609
strategies/H005/unique_02165/README.md,6504d9f9404f6eaeba06111f8e3a0611665b4357261d06172763dc6f4ffcc116
strategies/H005/unique_02165/strategy_definition.json,e35887339505fbe4afee30ee2b2683659392bd4d9e4ec718885c49172f16f86f
strategies/H005/unique_02166/daily_evidence.parquet,e5496be67fbebfd9e22a8d62068dd6b2aa4224ae45bcaad4244037f408b0a82a
strategies/H005/unique_02166/README.md,43717ece606a56f48ab48e9c00a1de09ff0ad72aef67689420dfb42183b95482
strategies/H005/unique_02166/strategy_definition.json,f1303780ca8a719144bc7fbce766410534222e516c3ee24a07c68246be0f6b54
strategies/H005/unique_02167/daily_evidence.parquet,c2e46565d8ca61501f41af1c206c5091d401aaa0e60dce474493975c05d7651d
strategies/H005/unique_02167/README.md,ab6b88307287ecf8507f67c9f96e8622e175aa8c2d213bec432c59df3c21072e
strategies/H005/unique_02167/strategy_definition.json,1612835f1d2ae3727028d47d50646189cee8d0816dd2e4bf13c76399e9df6b32
strategies/H005/unique_02168/daily_evidence.parquet,1585547f018f76544bb1b078d210bb5f68cc75afe67992d11c2ff553f50e372e
strategies/H005/unique_02168/README.md,5f290b846af1fdb71c95a53370bf6c3b3b543d22de402c81631c0b66803e4291
strategies/H005/unique_02168/strategy_definition.json,966c8ab7c488f650b1faebcbb8de7c1f620504439ec28dd7bf6f39f8391495c7
strategies/H005/unique_02169/daily_evidence.parquet,638647dcfd69182ff5d4a191f933a8bd9c5f20c6d21641b6ec4a1395f149ca85
strategies/H005/unique_02169/README.md,b3504265e1a77384368399ef56037510932500a4c739bca26b3c56847dadd154
strategies/H005/unique_02169/strategy_definition.json,3316c552347b2261063520e247b6a6518c5b488a6ac4ede39c317e1a0adc9d41
strategies/H005/unique_02170/daily_evidence.parquet,4f2e12e0e8eaffd00fe6124b17899198b3c777f95048cb94d6aafed24720edee
strategies/H005/unique_02170/README.md,3e480d3c03bcd26cbfdec21022c8a289bd6c2107d18931e89e208fd64bda921d
strategies/H005/unique_02170/strategy_definition.json,5bf3a175aafd6e0cb5e6eabc4e9686622c821cb41494988d2337a07b5f19d434
strategies/H005/unique_02171/daily_evidence.parquet,1e331c69aa63a778879d701d1211905b506fbf088f71b59cdf797b1476b6ec2a
strategies/H005/unique_02171/README.md,42671e1aae01e7dd779ce601eb9648807567abc0f1e3230fcc45a6010fa08a64
strategies/H005/unique_02171/strategy_definition.json,1a6c53e1823fada7e1e59a9167f5f237c2129177c0b07e6ae4dbbd9f4e8c33bd
strategies/H005/unique_02172/daily_evidence.parquet,676b2cf82c6d0979629d407133355ddac134d4433d57b6199f2be627f3000e0b
strategies/H005/unique_02172/README.md,4bf7357f7366b4d015258167cd99e0542d28197411e8a736a02ce00ab9b9755a
strategies/H005/unique_02172/strategy_definition.json,74a7b9a81b5cf0ffeada225585da791426d72416097781762898825931318e4d
strategies/H005/unique_02173/daily_evidence.parquet,bd5c0de711ef3b3b47799baf9bbe239ab1e8a6240d0c37d68168443bcab5efb2
strategies/H005/unique_02173/README.md,8efe3f28768526cb209b99949bb63889faf112566a769ee9ed6d84384c60d851
strategies/H005/unique_02173/strategy_definition.json,05a1b3f5c1deaf3ba848080ff58ae26777687730c9bef8be44d73ab44ba6932b
strategies/H005/unique_02174/daily_evidence.parquet,17f1c4fca34b6bcc25ccfd1df4c39caf328db329319505d2105719d97af882a1
strategies/H005/unique_02174/README.md,9d29b2a8f9abcbee1dbdd322c9c7c381aed31d0109189781376bea86aad1e1bf
strategies/H005/unique_02174/strategy_definition.json,96c1bc4270500a03d0fe713821714e971b444f4f1e434e76e7b56fb7f44e0302
strategies/H005/unique_02175/daily_evidence.parquet,c3ac0b98ffc28fd682c9c750c447093b4b9140148a65f7965522307a04ae35c9
strategies/H005/unique_02175/README.md,95a7b2f263deba53a2f8544e1543fc83bf83785bf277a505b8323ec2935127fb
strategies/H005/unique_02175/strategy_definition.json,8454ddd670fb32e526d523a8c1899cb5a63aa395ec14e90a0c2a7e63622b2374
strategies/H005/unique_02176/daily_evidence.parquet,dd0624d6537a38386ac95a552f8b7f56141b8e4d82143d8a4a25571f526c1903
strategies/H005/unique_02176/README.md,48716dec839c42e3ac9614df3d0fd6af88c3c7b7fc474b1d882321acbe12d2cf
strategies/H005/unique_02176/strategy_definition.json,7d0fa1f063b62e87e2663ec1fe0e4f349691d6e01716e4f244bf7d3bed0286c4
strategies/H005/unique_02177/daily_evidence.parquet,716590ac71d9b6f45348007553f9fc2fd69aa7196c98b8e0bf5eabacfa7ceaba
strategies/H005/unique_02177/README.md,c291f8064fe631b73719a8ea2d0fbf2d5b863fd9907eb28e2d2999fbcdf36e25
strategies/H005/unique_02177/strategy_definition.json,58659ffae7054165866a6fea6173bcd99d650f3443fc0dc4bd62a95940ccce82
strategies/H005/unique_02178/daily_evidence.parquet,e281c3cda726302ea4d3ebdb089c062b9292f62ab0fb34b62400dc8239569afc
strategies/H005/unique_02178/README.md,39867323c8ba89a26b3eeb5896726ad313869ee088654187aa4814be55309662
strategies/H005/unique_02178/strategy_definition.json,280bf69640ab9e9f6020f63f4d191a003da242e3c368f1a233f0f13810530d08
strategies/H005/unique_02179/daily_evidence.parquet,df0ec9d294f14bb5b23ae8d74fa197f134810a765b230713cd0fc0d6100e3550
strategies/H005/unique_02179/README.md,4a1ab60e987c4d445c476999b2e6f318363d1f0a486a40396a2f3501b3d618b5
strategies/H005/unique_02179/strategy_definition.json,0c7f332347057a93720e07338bb72f61d1b97dc7d4e43252f1b2a091f40a8616
strategies/H005/unique_02180/daily_evidence.parquet,ad3ece32941597cd63724c913ee445f1ed9df0ea4fe981fc6ab95fd13d8c45bd
strategies/H005/unique_02180/README.md,6a3735c7176b109c1a258a08c7c4b7631b292584ef7fd78fa59bdca165a8a53e
strategies/H005/unique_02180/strategy_definition.json,81630410726d392d8ebf9a8b41a64c030e04b07fcbfcb02183c3b32b30c3b2ca
strategies/H005/unique_02181/daily_evidence.parquet,71bf8ba01c652b14489cc94652d3347e7c4049b193a5a60f77c89de2d7ddf399
strategies/H005/unique_02181/README.md,8f8aec544962061154de2f8f64b8e541c3430582f76cf1272d90d6598dd46cd5
strategies/H005/unique_02181/strategy_definition.json,1f461df73fe4f9cd56f11edcbf191ff4c1893c474d512153eabf0815a3fa5f42
strategies/H005/unique_02182/daily_evidence.parquet,b9c2d4e9f945b518a60b079aea9dc56439d780f6da6caec93aa6cd1362686b01
strategies/H005/unique_02182/README.md,7b57003f51bacfd21ea98b36534779fa14439f77e2c455d58ab454cefd5d7fd3
strategies/H005/unique_02182/strategy_definition.json,e48d1d6c85588f389ca478fba15040d9194a9e35f58af5207b543e7cb1290f4a
strategies/H005/unique_02183/daily_evidence.parquet,88d6b767dc69f956cc2a286a4cdab0f9b9c20cc54fcbf9571e8af30d948f5f79
strategies/H005/unique_02183/README.md,e07653f3e6ce3f4fa64cba7bfa85fb978037f4c6ab5b52a4c3184e2c0845c3e4
strategies/H005/unique_02183/strategy_definition.json,3d7f97ab8b2b5cc0185474e0fba546af9a0aa46a28d4208db1ccee2c93aa2fe3
strategies/H005/unique_02184/daily_evidence.parquet,42b2b03f4f47729d770fdc602b21a1eb8694a2bc57677c4f815cdeb73c04b7d3
strategies/H005/unique_02184/README.md,8fa693698701b576b6d0877e7c8e6644a34a079f800a1c154f5693f56fc46cfe
strategies/H005/unique_02184/strategy_definition.json,1af9e83aa19aef0d8fce854f5ff9505b60baeebe3ae5e3c7bbd760f8878cd30d
strategies/H005/unique_02185/daily_evidence.parquet,c340767a9a286992b96b57a20586d3bc639d409c7a3e3173303d5548e751d6ce
strategies/H005/unique_02185/README.md,f9e494304fcec04eda59b64538c1510283a8c2c9c802014262b103c5b086959e
strategies/H005/unique_02185/strategy_definition.json,c3fff6af2a1ca363a3e04a0b00908bc74920bbccb5c3612cb65014791a364bfc
strategies/H005/unique_02186/daily_evidence.parquet,cde761e1b32d047df2e6f76052b7cf7ba3cd78e074c4b0f93cb608236bbf5176
strategies/H005/unique_02186/README.md,54285f8ac664701234043b7945362a20e896cc7dc607622b6d72f96882cf4320
strategies/H005/unique_02186/strategy_definition.json,2760fdc37726b7b20a76b5fc5043e461fbc1ddba3ca12700d47652be03b8b56c
strategies/H005/unique_02187/daily_evidence.parquet,fc4d09712109618969e5e408ea0d5abf0f45208acfa09a1db682366c99dee7f1
strategies/H005/unique_02187/README.md,8b939ab9d869c821366770a0332384f5ebe248db397a196afb651aacb3d3135b
strategies/H005/unique_02187/strategy_definition.json,39256a68a872efa158a68adf0bce0698ad65fa9723c1f6571bf9402f4e97080d
strategies/H005/unique_02188/daily_evidence.parquet,165dadd350711b1bb729d3ebb81c7ce22a72e42bc93037fb76402a79cb2f51f9
strategies/H005/unique_02188/README.md,c8421214755e0e4b09867c4680ebaf37a87dd826beac0997200afdb1fd7488d1
strategies/H005/unique_02188/strategy_definition.json,e6eedccc72e44761f0a3086efdf46d006a93fdbf137febc068554bb3fb95d6b4
strategies/H005/unique_02189/daily_evidence.parquet,6532d291dd39baf6de317f42a42d3f842486cbe2acd0e7ec117dee766b622ed5
strategies/H005/unique_02189/README.md,3657aea3a17cf0cb99912a74854c0f919bade0fb27c8cabd025fac691ca56d0a
strategies/H005/unique_02189/strategy_definition.json,1098809a6c0690802b06037e51f4cd10fb6dc6882b4b33202d8e463420015f7c
strategies/H005/unique_02190/daily_evidence.parquet,82d8deb5ca5a55c6afafea05c16311a86550a83f124df985cf284ce346d03c97
strategies/H005/unique_02190/README.md,9ad37b67586db926c0346685bb3b7c338e2786a2af55eafc4c26a59e5616db8b
strategies/H005/unique_02190/strategy_definition.json,516e97d94dbf848cdfbd68a4073db43d643e2f2195f64cdffc134a8e5aa77969
strategies/H005/unique_02191/daily_evidence.parquet,c7883e673cf5df05e48bc033ad05234a70ba48e5a86ca887a34209a11de47ea1
strategies/H005/unique_02191/README.md,0218952ae0efa977ab7f9b11ef4fd5aabaa51814225174ebf7f861bb45e7df2f
strategies/H005/unique_02191/strategy_definition.json,55eb7aeca7a9752f5983ee1128641deb1cbd223d920eb923a32ef68a61c7bee9
strategies/H005/unique_02192/daily_evidence.parquet,d901415056ee397f95682361768a99a206be1d7e14c2662a7c94d188349d2946
strategies/H005/unique_02192/README.md,ca5825cf2308a84b13c720311b90ed59370bcbebed04d871ee874fdf3e733c8b
strategies/H005/unique_02192/strategy_definition.json,aab576529fd5fe1acf56b0d529ee41e033cc81b0046d31648cc7a4a774549f01
strategies/H005/unique_02193/daily_evidence.parquet,d03fafe22821e810de81265b21af56e81ade714b5eab818ca8b79f93c3213f03
strategies/H005/unique_02193/README.md,b9e0d2d8c16eb6f8a6145fb09616880d8540798df769859dcbdd91c2641d01ad
strategies/H005/unique_02193/strategy_definition.json,391ea5824af072d62e9e92788bc686b125dd9efeb256140e43b2158ee084c4bd
strategies/H005/unique_02194/daily_evidence.parquet,ebf0feadab2ed872a702102ccfed0eebc6a76edc9e975e940e5566197e1c769c
strategies/H005/unique_02194/README.md,695a46af3c5e7c8b9b56349b94ec892eaf4306f44bc9c826ff3b4708a92c7f65
strategies/H005/unique_02194/strategy_definition.json,26758ba6913d75c0f2f3a44d7336ad451ef88fb880755486ac578452fb81f30b
strategies/H005/unique_02195/daily_evidence.parquet,67c7522056bef6ec797646bbeeadee7c59d4042b03533d6469aebf5630f830b0
strategies/H005/unique_02195/README.md,20aa933c9b1d3c4f11307c54a8b0340e5fd16225a6ca660dbff17ff9e9ee24bf
strategies/H005/unique_02195/strategy_definition.json,2e2b87da4b9a9015f2953f090158094ab8ebe875da2a07436049dcd53e84ce01
strategies/H005/unique_02196/daily_evidence.parquet,46c51d3a4f5b8a22f4cfce404ff0a18ba6bcdfba2fe722ef438a1b9994d89c0b
strategies/H005/unique_02196/README.md,a28a500bc745df3274ad1c7060718205d1e5171c3c54e38dde6430ef346de653
strategies/H005/unique_02196/strategy_definition.json,a0f84360f3606851984362b01b7abad655419300294718368c782e97b4e079a2
strategies/H005/unique_02197/daily_evidence.parquet,86a6c4c5c9dc63b767a542cb1411fd80d943d9ae54e2e31bdffed1b63fac4419
strategies/H005/unique_02197/README.md,a31896decfdde81d205f280f949baf8deb578ddfb304c21796b691751ab0e4b5
strategies/H005/unique_02197/strategy_definition.json,6bb134461d68acd463e38b8e00b9668e28ba6f47e97b895f8ec097b946bcce90
strategies/H005/unique_02198/daily_evidence.parquet,6faf3487f0ee0059df97bd3890dd11452d639764d721aaf7f16a92adc942b502
strategies/H005/unique_02198/README.md,5826587421c4189e17d6bf593dbb28c8a038842d735d552fabdb8246988bebfd
strategies/H005/unique_02198/strategy_definition.json,182326d2117dfdc76c7327fcbb423c3925e78d9503b421d4f23cdd8da6a5ab9a
strategies/H005/unique_02199/daily_evidence.parquet,1bb60dc4eeada66cf8bc6a0dbac6c73187835e5f00f7fdf0e45efc8d955ed9b8
strategies/H005/unique_02199/README.md,c59d52dad9e371bf661f56007ad3859e6c6cea83e4908324a72e0dd8ce6a96ec
strategies/H005/unique_02199/strategy_definition.json,6462a7268fac4ec5852a7e601e9fac4767387752fddc4ca5c8a35a1391e69649
strategies/H005/unique_02200/daily_evidence.parquet,6758bb557ed37cb2ac92314082715c0652070b8f4b0a81a55c417d058ceac977
strategies/H005/unique_02200/README.md,4a8605f42384716d3e0574347f8f7f74091c127739484fd0c1d0be89950a316e
strategies/H005/unique_02200/strategy_definition.json,f3689bb2c37d18246640631b3317d984af6742a39371c7ae1908d4ead45b2d78
strategies/H005/unique_02201/daily_evidence.parquet,6bfabac443ceb6f980e29fb0ff0c342cafe67414196dbc852a126d73ef851d01
strategies/H005/unique_02201/README.md,0a37399362826fa06b513862b4ee9bf6639288e2eba304dc2da6065eb1d0b1f0
strategies/H005/unique_02201/strategy_definition.json,f6e60f13a94448ad5c45de42a30202c296fd09e3c501a1aebc924c7610faf0a7
strategies/H005/unique_02202/daily_evidence.parquet,9c4e3881f883ad9b79612ac21fba53e4dba9c703d8829075667c8b7f95cb651c
strategies/H005/unique_02202/README.md,f318a88db020b1abea4477ce0aee3bb3c8a9975a8df063a1ede48e4d17807e1c
strategies/H005/unique_02202/strategy_definition.json,a9bc3a5326b45ea2bdba03d88332525d7baf0dc54402ec10a2cca567f90f0843
strategies/H005/unique_02203/daily_evidence.parquet,014f4acf82585d2e3211a54b1d3e808bd60592d200511e34743075763d52eb52
strategies/H005/unique_02203/README.md,bc40ca4f44c5b81c5ebf656270855b7f40ee7601b73bfa70aa5feef101dc7e35
strategies/H005/unique_02203/strategy_definition.json,4837411fa7661e1b8f07bd574305f929a524b213891ae634366fd65ee7bc9c65
strategies/H005/unique_02204/daily_evidence.parquet,1bee1ac3786e2bfa7626a62b869e12ef078cb29da5b8c13f20915711aa7c63da
strategies/H005/unique_02204/README.md,ade3e59663c75d4a5648fcd365403e1315a49a129ba0d76688057acbe86d4066
strategies/H005/unique_02204/strategy_definition.json,a9e7f8df9f3c813614bf6963f02c9a91d40b5064393bbf7381fcb751939266d0
strategies/H005/unique_02205/daily_evidence.parquet,a24c50494f30ac841dfedf062160d78945aebc1e4e664a83dd7cc881d7a89ea1
strategies/H005/unique_02205/README.md,c71f7d5070d353dfede2c2291b29d969d542eec7f7d8bdca3f41838da5ceb742
strategies/H005/unique_02205/strategy_definition.json,2d04b9035b784e14f287a0b3564fae4ae6271e599f8e728a8de3d7cb173d7883
strategies/H005/unique_02206/daily_evidence.parquet,38fa51d0209ab5b54be40ac751429321b82a4ac88702784a655d077afacb43e9
strategies/H005/unique_02206/README.md,8fbd127054c3012f296e9a16ab0930ebc455b116470c8f4cf528f64621af00ae
strategies/H005/unique_02206/strategy_definition.json,76d922723f848ee0ef2aaaaaf16bba5923193fcb4483008ca9db4387788f6663
strategies/H005/unique_02207/daily_evidence.parquet,282afa032eb0ed1b724d50c370bd1502dba7cb2e0ece6f5d7b3da10fd9c1a424
strategies/H005/unique_02207/README.md,e36b529a033ffdb065757c7df84cade7e1985b7cee95ef98b26dd286a083876b
strategies/H005/unique_02207/strategy_definition.json,8b66ed38a66b5731652cfd90fe9a6fa8154a7766d4e8dfb969e649814cf48579
strategies/H005/unique_02208/daily_evidence.parquet,fde3cbd61081a9f099f31b362759c0cc8ed7065afcbfb7c0a57b2e7b0a1ded51
strategies/H005/unique_02208/README.md,6115deed373aede0832e3861d0a73292b5c4801e2705dc6c0eaf29ad87292836
strategies/H005/unique_02208/strategy_definition.json,3f929fa4fb0cf97b547dbee338f1bb94a8ad9bee771896ec12659546c650920f
strategies/H005/unique_02209/daily_evidence.parquet,419d0b0e6711af76f65440e1459c1ca08e32632dff7f39ec71e5f75d3029a7e9
strategies/H005/unique_02209/README.md,28b49dc20319527c924d80a93cd9ace8985d5048e250c247be6bd8d071970423
strategies/H005/unique_02209/strategy_definition.json,565c8ce1e89eda0cab341a30c4250580dd071d87bb4368ec34ab8b78ed7a8481
strategies/H005/unique_02210/daily_evidence.parquet,d2bd307031d49bcefc95f515f30d61476c8efd801c94d6e8fa73f3bd1db162d3
strategies/H005/unique_02210/README.md,cdc03682a821a2fb7609792eeba33220846ca1b9891c936e8945de2da5118696
strategies/H005/unique_02210/strategy_definition.json,67e00bbbdba1126a41ee143a64fa7837ff1915784dc0f8c6798662d2db227cea
strategies/H005/unique_02211/daily_evidence.parquet,a9be7ae99ea7e6499d437b38c515d8dfe06befc9dcdc22af448c81a3aea85496
strategies/H005/unique_02211/README.md,146b01089489ffb705d73420c3a232b8ec26116aa9e44d98bad06f0369264dea
strategies/H005/unique_02211/strategy_definition.json,469d6107440952af192fc9d28b8791c63d68bc561acdf9d3640400d2d8d0c99f
strategies/H005/unique_02212/daily_evidence.parquet,8f68192ca49269f2312eee70e3a81b100d0236b451ee484955e95a0792574337
strategies/H005/unique_02212/README.md,78850b23f198d3aeddc5d4bd3f7191ac6ee3cf6c46c35fc462d05c7e64367185
strategies/H005/unique_02212/strategy_definition.json,70e961717754783a89861c68a074024c967c8ce1b7147c6f7ac08ce40a7760b0
strategies/H005/unique_02213/daily_evidence.parquet,3746bafc821e0f60fa5f33e38bb4cbacc48f4d492c21b52e02f5d962a7b80baa
strategies/H005/unique_02213/README.md,4b0e870010f477759dda87763381f45cf23bf4ace79527cdebadc88f2456dcf9
strategies/H005/unique_02213/strategy_definition.json,d826685fedf38d2fbdced3ba6cc261179abeda1eadb976ee609a84b5277430d1
strategies/H005/unique_02214/daily_evidence.parquet,613f50f80ab05d6c5364e9263438d32b659f827c93e27af4399319da47e323b5
strategies/H005/unique_02214/README.md,cb0f2feca64e12dc1fe1d77c5969d87a2525f5e030edc95f4f8a43fba0371e0a
strategies/H005/unique_02214/strategy_definition.json,c27d3d67170f29308bd7884c8a9b53f7bb6a150be7ed8b3415fbec40b7dd1a60
strategies/H005/unique_02215/daily_evidence.parquet,c5bacacb9c2e2fba840657a2258d28328e1f933fb8bc675323ac988b314dfc07
strategies/H005/unique_02215/README.md,bbe8ea295da98b794a2329e3242afbff5830bc653d743459ce00c647e34bf29e
strategies/H005/unique_02215/strategy_definition.json,ac6e078182d02dfdcf1828fbea9e91166fd267990b795fdf93169e0f735d94ad
strategies/H005/unique_02216/daily_evidence.parquet,5b79cbb4c0b22f29f61abf6e7eab6a0c7eec0396bd3b4e10ddf3f2e1948c1578
strategies/H005/unique_02216/README.md,9a19006a87d425c91cb66b86b4b967c84c078d57435404a7f4cbb9f60f5eccc0
strategies/H005/unique_02216/strategy_definition.json,0ee14d5b3b6d1d2a231e403de1ab6740fe2955f75269033018d5259bdf741804
strategies/H005/unique_02217/daily_evidence.parquet,d1d8b5e20d7b5c1455e870bd2e23ecb3dda406144466e69c185371a03c162423
strategies/H005/unique_02217/README.md,42fbe48969045262d2486a4ad2c6d55b461dcfa1ede716a38c86ece9745b4c3e
strategies/H005/unique_02217/strategy_definition.json,2940498069805b76644987fd5084122e94c6b3c9dd2d12cee299c090789a580e
strategies/H005/unique_02218/daily_evidence.parquet,9fd01ed0a1b9727cce6d0d605de4eb496c30d81827fff00e22df0c330ec1a97a
strategies/H005/unique_02218/README.md,555ce058432447f05c021e97106418c91f071a5324680aa4951029277680652b
strategies/H005/unique_02218/strategy_definition.json,61c8dcd141d0d3e532c8345f2b910573c1ec71ec03200718b77dc52e52642485
strategies/H005/unique_02219/daily_evidence.parquet,a8f9f998b6565d65c0d2df9cb5c491a189cb0089b2799661a064415207c0dd19
strategies/H005/unique_02219/README.md,c9747eacd978ea2fc9566c2a7526f3f2a7ebc6bd4b1d2f684eb02067e9260c89
strategies/H005/unique_02219/strategy_definition.json,4a78f7a69ca7e392ae40566eebf182a662a0f3700468c9dd8cba9e98802444d1
strategies/H005/unique_02220/daily_evidence.parquet,3f6894af0c51cbe2f8a00a0b876112e0888f111c4be5c25bcd152a4fd8e7905c
strategies/H005/unique_02220/README.md,35e05c6ea75114ace81be8bdbb456c5d238da39f41e119b18505795c858bccbc
strategies/H005/unique_02220/strategy_definition.json,11e5387b668fd95afbb000cb70bc14891d6849c6b600cf459425eb0b910c1ae0
strategies/H005/unique_02221/daily_evidence.parquet,732164ab48d26514c4333b2f0d801fd6c37afce2040833e17a7220e547c395e0
strategies/H005/unique_02221/README.md,c3b8a9c15c7fa3889141b51a216ae62d794ceba31607dfcf75825b887c0ceabb
strategies/H005/unique_02221/strategy_definition.json,90a3405dc28b60382edef79891e2e907e7db9a0a00d31859e2f659c96350e4d9
strategies/H005/unique_02222/daily_evidence.parquet,3edf5fd8d82300665573791e34063336ec6378e59c1b6bbae9a0f24e6ae168b8
strategies/H005/unique_02222/README.md,af869e61c9a003ecf7be588323fc204c475768512c048488e18526e6d09b0383
strategies/H005/unique_02222/strategy_definition.json,79bc82b53ae55ed0fec221f1624c712d2f0d85d29ffea1d4b4a18da2f876e3d8
strategies/H005/unique_02223/daily_evidence.parquet,f78208892ca159de3559e5c700015bdee2dcd02162b6a06fca288473261e4876
strategies/H005/unique_02223/README.md,da7d75522a5f338d9c112e1dc25d4222b53c1e5894e28290eb8324e889de094e
strategies/H005/unique_02223/strategy_definition.json,5867a11d5559d5ee952bafeb68527c56ea477e1beffbff0ff85d79581c12abf7
strategies/H005/unique_02224/daily_evidence.parquet,e7823bf51688ab9f8f5eaeab403c1dbd646bb85161551335be0aa5633190d645
strategies/H005/unique_02224/README.md,823678d3bbdbd06b411c8762cfbce346d706e608fdb34cba29c345f87480c676
strategies/H005/unique_02224/strategy_definition.json,96a3253ea6ad23b5943020f78f40b1dc123bbfdc737778f01fb886d3f6dd3ae2
strategies/H005/unique_02225/daily_evidence.parquet,67b0b26e5eb0a1a822fee0ef9aa8975a6097c0b660d022f50aa3e7f943b23dfc
strategies/H005/unique_02225/README.md,e854b01e952a6105dee77e68ec2b798e84bc2ce4e893c7245278e6db33158e38
strategies/H005/unique_02225/strategy_definition.json,5e08fe61239c92f5d2db23c0a0320d1016fd66a0de4203ec133d0087d3bbe10a
strategies/H005/unique_02226/daily_evidence.parquet,b6e326c43fba8166f1be2ded40801620349f89a79552c28b98f24bb4f81b5969
strategies/H005/unique_02226/README.md,988f8d5bc40bb7978db7b231972ade99d18c0ec7436f5bda84413cc1e2f646d5
strategies/H005/unique_02226/strategy_definition.json,215a26e4ce835468d1d2176afe791590671e8289b856c20841ba501df3936680
strategies/H005/unique_02227/daily_evidence.parquet,94e37329fce1c344a349f559eef011e4a247c9ebf2d4ebd4da31ec8e760f786c
strategies/H005/unique_02227/README.md,98e95e2b749740e400d3dfeb17d88a979b27fff7f376d570736ce65b6777e58f
strategies/H005/unique_02227/strategy_definition.json,0310815e70f72e394ab24580a633923303811b428d788eded2e941683a0cba86
strategies/H005/unique_02228/daily_evidence.parquet,810507327604b3ebf1940710c77bc2c7596727164b42c063a3cf8e524fe860be
strategies/H005/unique_02228/README.md,0fac95c6fe685c514af583dbec8c3ea5f3b478c5f71ff6e29557e649cedb4d44
strategies/H005/unique_02228/strategy_definition.json,d89ed780a8fdba5b462cea5029b388972233a54bcd04db281a61364545c35116
strategies/H005/unique_02229/daily_evidence.parquet,6c63a496b757206046fb006764a7eccf39f94447c4f8f8c27d92edda9e349b03
strategies/H005/unique_02229/README.md,a06524ba0f434b0ed5f7becac7666a992a077d19ab7526793adf0ad0f8087fab
strategies/H005/unique_02229/strategy_definition.json,f8ec2d965800f2c56cbadca7fc09fb52e4bb02852287bfc0503f9ff10478ea43
strategies/H005/unique_02230/daily_evidence.parquet,81a989c05bf89c7d8119e80ae339ef5149eaa24b278eac12b44ac33de732f398
strategies/H005/unique_02230/README.md,764d9666f48f3c5798e68652ea28d78a1637a5dfdd3a428971ad4a00e09a21bd
strategies/H005/unique_02230/strategy_definition.json,4b9c5f3f88b9f2c6f6d23fe42285364e2d51dadb0fb87a3375e9d7e57018de70
strategies/H005/unique_02231/daily_evidence.parquet,f558c3ec219d347e2870a362093fcdff0991458082f815f889a37889ba8de830
strategies/H005/unique_02231/README.md,9f428a4d32d034dd1963e7718f7974ef802cfa5e0be39bdbc064925465dae79c
strategies/H005/unique_02231/strategy_definition.json,af61665bf1ad86544dcde963b8aab430e683d2d095852c20ebf596cc0dcf8650
strategies/H005/unique_02232/daily_evidence.parquet,f36e569ec21a549735291c0b0223984519594a35f910803111944cba6b37ad48
strategies/H005/unique_02232/README.md,03fd7dc63363fc5603908f61647594590603708a487e47d528458e2c7cc04ff7
strategies/H005/unique_02232/strategy_definition.json,6aa05869748cd7688fd6f99ad9ae7cc172ddc4ca10f24c01c09d05d92ebc349d
strategies/H005/unique_02233/daily_evidence.parquet,99b4c6ba72de05b8384b068a8d7275b6ad0b73742976512f8a3d2fb277a22f35
strategies/H005/unique_02233/README.md,953a862406bd5bd055f27e73b41bd8a6748f918414ad0176bc9f0fddb99f6472
strategies/H005/unique_02233/strategy_definition.json,b018e9f94221ccde8d5e378a61c32174b04183e1aa336114c5842bfa4cb984b6
strategies/H005/unique_02234/daily_evidence.parquet,6b3d453243c6143da7ffb2786ae1387004549d37542441fbc44b6ac43b60d80b
strategies/H005/unique_02234/README.md,8c02c64fc9707c197071eaacaf196cfe09e149aa7b30fc649e8054b96cc39147
strategies/H005/unique_02234/strategy_definition.json,072647eff0794b9b5db5ae36d21014c5a8c4f4cefdc6e90b4a00f19bd7fbef6a
strategies/H005/unique_02235/daily_evidence.parquet,13f59386dc55f161a5ad9d5bea235bb6a9d9ca0ad20c880b7b449545f052d999
strategies/H005/unique_02235/README.md,6c92378440a02cc883f5e6ed0bdd31bfcf7a33feb35a5b8fa2e0f4e08bd26c9d
strategies/H005/unique_02235/strategy_definition.json,34b1345a60a16cca03a8f410fff6a8702e235058cda5c21886859f98c5f330e3
strategies/H005/unique_02236/daily_evidence.parquet,dfe830d44be07437456e3803ea6dc1d48f8e3648c9cbe392a6dbf27d8a93417a
strategies/H005/unique_02236/README.md,b84fa8284db4e44cd18f63fbabe2cd1e233603ab0667e6723019c5ea96c706a0
strategies/H005/unique_02236/strategy_definition.json,c5121dc603a16b0f84bd93f88400716a105b9665a425b26a1288c3eab833d953
strategies/H005/unique_02237/daily_evidence.parquet,7c4788b7d6860cb7f7c353db611bc63fb0cee9fc91133cf41c0d0551a4e741ea
strategies/H005/unique_02237/README.md,ec3bac7fdd0ae8410cc36b194653cb03cd4733d0677351f96010c7eca5ba3544
strategies/H005/unique_02237/strategy_definition.json,4f91cb7cc2be682a9d728d57d93c72246c7d299ebd4c76197f3f6a12b461d9ca
strategies/H005/unique_02238/daily_evidence.parquet,2658fe0828305f83c2915efde96c179943caf55548e27e4440fd8d2cee0cd505
strategies/H005/unique_02238/README.md,e07f38dbb3a09eef23f0a21fd89642150db3a769c33e48e3d16383bc689620ce
strategies/H005/unique_02238/strategy_definition.json,b3e6cc67bd926a2688e3322888dd5218bcdd7c6f88bc410aa74fa91d43b99059
strategies/H005/unique_02239/daily_evidence.parquet,a06845ae3eb92b7e7ac1675631b78f2ad0d090a327813100a6a0e37fb677e9d2
strategies/H005/unique_02239/README.md,fe733e54c267a4ba75123347c4093ec69fd935eee45219b9326bfb86c9952920
strategies/H005/unique_02239/strategy_definition.json,54c9d193ccd596ffbcc3cd2fef1561a5d93c8a0bdc1f2946b510c140f4076907
strategies/H005/unique_02240/daily_evidence.parquet,04b516679a048f0e67063dc9f6f1e75457d4311651f7f5ac940e46143b72ca3f
strategies/H005/unique_02240/README.md,16628d7754402a65ba561ae6cb4af23d93c7ff058fe283a46a0049476ab8bbf5
strategies/H005/unique_02240/strategy_definition.json,5381801bd94febd01e4ec9657fb73a65fcd045db10f808e4ce0bf7d54424c064
strategies/H005/unique_02241/daily_evidence.parquet,7265b7703d5320025a8fbc7a590a4460c1236a21018b8c5eab48bad9979aee7b
strategies/H005/unique_02241/README.md,39733350edbe3c0fc2ecba99ed885dd9e21be800a22a92d6f1a1ed8e37d005c5
strategies/H005/unique_02241/strategy_definition.json,7cac3b944432566ae22a595a1884fdc33dd74f813aeaf4695b7c948a7cc6fb73
strategies/H005/unique_02242/daily_evidence.parquet,d101a3b78af471e0bc50b611132f568f6488166417a4ca18257f71986d8b930e
strategies/H005/unique_02242/README.md,6d409eeb03c8d623b45aeb8bee187816573fac478ed562515ce71a7838733e3a
strategies/H005/unique_02242/strategy_definition.json,9b391c59f73ff47f21cc34a100ac061a750b081b4fc3afccec1032f0a3a37b18
strategies/H005/unique_02243/daily_evidence.parquet,e45d89f1afd9a1fe0fa58c3a7b2ee75b2d10efce8422b4d3bff27c0a386b2974
strategies/H005/unique_02243/README.md,37a6a7d19f62ef8fa7d3c76d70b69b22a83c9c3a79a5343e35869ff0f90f6799
strategies/H005/unique_02243/strategy_definition.json,2b5ad16a4818410352fb49bfabe051361b74a946f53c5b864b07e75c566d575e
strategies/H005/unique_02244/daily_evidence.parquet,bd219c27fdeb2060993105a646aab2bf1e38e96b0d149e21f1402a9c9b59dff8
strategies/H005/unique_02244/README.md,f1959994a13cd69ba2a1a0fe4c274115edcf4142b307b79f06ca55e8afe63f42
strategies/H005/unique_02244/strategy_definition.json,d113bbea2849fc6112fb34489b26121eb5539a8c86fd559fe0cd81995441f302
strategies/H005/unique_02245/daily_evidence.parquet,06172ca78dc213bddd4500676aedc8e5e6138087ebfb16df2efd7fb87277a770
strategies/H005/unique_02245/README.md,4fbdf6f39f49235772ad26a94dde195457ab57205d6d6d5c07ed9c331aa829f6
strategies/H005/unique_02245/strategy_definition.json,e575f75b03d067911924289dc6a15e127f8a06c2f0da00e3530018b3aed3d0cb
strategies/H005/unique_02246/daily_evidence.parquet,7bc10f32c09507d3608487bbc2a327ea26def7253229550afabd277dd567eba0
strategies/H005/unique_02246/README.md,5afccc34c5f8ee5cf0fcbbc594ed14fe9108126fb07ea71189b44879fa7403ba
strategies/H005/unique_02246/strategy_definition.json,d9f0d8646244fcce09563a6d6fffd74fa4f4331d442f6215d16fbe61c1b1f54a
strategies/H005/unique_02247/daily_evidence.parquet,0bad7de46cbc90597ecbf7a1b9b0d7ae5eb46624c062022e4cdd2a4a87b9738b
strategies/H005/unique_02247/README.md,a8cdb80026a52fd023cd95d7e52297854a113fee6b716a24512cd63eb54e866d
strategies/H005/unique_02247/strategy_definition.json,7f7ca9ed37b5c023d674607a8992b503fc556a5971fa3ac47a442d9e6b7dc4bd
strategies/H005/unique_02248/daily_evidence.parquet,2c09213009257babad6cbd4eafc5d7e7e2c49b6517da48c2f24d4bf62c632309
strategies/H005/unique_02248/README.md,87897f7086c1b3f89c98edb4ff568e85384a4e0febc8daa12a840ca42c0658a5
strategies/H005/unique_02248/strategy_definition.json,9c8225ab623054a4e5c716d0408b8d3c817ec760d7246d0e00ba961d1027088d
strategies/H005/unique_02249/daily_evidence.parquet,93d03c0395e9f359d6686bb797b83a6220170370bfbc64c822f6b45d72529c41
strategies/H005/unique_02249/README.md,755aa629bea99c0fde6ecc6e042d990a82a905458c59ec8a74476044769f818d
strategies/H005/unique_02249/strategy_definition.json,2af7a8cc6dcd2a0ef778f6c6844f080c3bbea9775e57f3c6f4b1d648417f4d48
strategies/H005/unique_02250/daily_evidence.parquet,eb054b1492f9951927e82e22b8bbca35219c57a7470961b8bc2a9c4c560cf776
strategies/H005/unique_02250/README.md,d15717ca6e9cfef8842547d6f96cfb6ed445cfa786885d36397fd8b264d88a09
strategies/H005/unique_02250/strategy_definition.json,5f4f510b3227baf50b0b3e64feba65ec0d4932b2d89772797eaf2bc9f59de08f
strategies/H005/unique_02251/daily_evidence.parquet,5f6a174fcf4fd9ccc5c5f01f765fbba4d78f0fad3e44e03ab2eec9b8b6154379
strategies/H005/unique_02251/README.md,fac8d1a6e617832315bcf94683dade3d8f27cd12d468ec66db69b47a188a3f34
strategies/H005/unique_02251/strategy_definition.json,57d74f2b224c4fb040384890e219ff36247121ed2a53b14828653367347d35fb
strategies/H005/unique_02252/daily_evidence.parquet,2a1868476f66b751330cef842de8364e86757446351f0926a350d8c230f54a3e
strategies/H005/unique_02252/README.md,2ba65442cc04b1e3f99eec1653f97e86899e3d6964fc8a713adba2ad8bbf0880
strategies/H005/unique_02252/strategy_definition.json,e2b407c650972ad4d57ccf4887891cef96b47f206507b96c8d4be9ef88947a66
strategies/H005/unique_02253/daily_evidence.parquet,90c3e5ad13ad660f38fc3f2d53ce64bf1b06714167238dd14d99705ec40b3545
strategies/H005/unique_02253/README.md,77d67f564a416f013e1e422404c08c19a91a522196b97880a303702d3989df49
strategies/H005/unique_02253/strategy_definition.json,be90f1df59b02f0e754ca05048986adf9d0d3fdfb040237488a18e1c2962109c
strategies/H005/unique_02254/daily_evidence.parquet,0e9c93be984d75b01abf6a73d5a1c3e619eabd732d78c13f40a702177bee52da
strategies/H005/unique_02254/README.md,a0ce2f787b72cc4a0e0e70b59482e594d9c0250fd6d47a9bb5c8a7f22ed3b9c2
strategies/H005/unique_02254/strategy_definition.json,2e060ff072605d5e1ebe8d4fe13f9acaa206994477eb0c98e065b18d88b5edfa
strategies/H005/unique_02255/daily_evidence.parquet,bb7e00afa01522751a25d82572507539b16ab3d63323fc3c9bb3264ec301fdbb
strategies/H005/unique_02255/README.md,285de1c770b837def93d22f41080ddef1f44cb8996ea5b4e98440d5d86409e47
strategies/H005/unique_02255/strategy_definition.json,a26a2e5e6074009b235e70de861916de3a5b942877baaf7eee4cec15062b68a5
strategies/H005/unique_02256/daily_evidence.parquet,fad566581650f47d41d03e102531841d86b99a35d09029b74169d158cfa58843
strategies/H005/unique_02256/README.md,d2ca33975b8bd8206ab1b0ba95a4a1e124b594799f80e934c8b3cbfc4c408eaf
strategies/H005/unique_02256/strategy_definition.json,3986aa6265a534cb939bbc28c6f9e389560fb9d4b6c0c263dc4dab57d54d669f
strategies/H005/unique_02257/daily_evidence.parquet,ccb882e937bfebcf57b2b2b528cc990ec2d5dd459347df19c999ed493581868a
strategies/H005/unique_02257/README.md,b340b4df0556a749eff1a38815e3492f85ea59e918288e5b4481869a38441b1a
strategies/H005/unique_02257/strategy_definition.json,50d5e38ef7c8538a8123c2427dc8eb266d10a6c11882eefd8504c37dfac13ea3
strategies/H005/unique_02258/daily_evidence.parquet,7dcf2f28c2fffd72d58d3941f20e25734c39ce0d2778f91a69d9d5522b2ffcd0
strategies/H005/unique_02258/README.md,051c307a66748e0c3eeb7af3df4cf039aac62bab227245e91fabfb7a12e5df1f
strategies/H005/unique_02258/strategy_definition.json,c73b34d953c4ee2a10f8e5827493540efa064f92391216cb90a059c413b1aa59
strategies/H005/unique_02259/daily_evidence.parquet,6c82fc2b61f88609fe17a4d65cf0e890d221dfc247fcc8f15b34e92505fb7e1f
strategies/H005/unique_02259/README.md,7c7710f0d6cef2f2f214a0dec250ad54d0c37adf39879f37d3683cde36616fa3
strategies/H005/unique_02259/strategy_definition.json,4d918e82df6c7cf7961263955f81961b5411c80d11af23115bd3b04dd6dfad61
strategies/H005/unique_02260/daily_evidence.parquet,93f3e179ccdbf72e3c489431cdd5f2d697f35afcde520ae1660fb1b9c311e69b
strategies/H005/unique_02260/README.md,fcc84964633890a4c24c49e91dd4ecda24c768e920fdbfdf3400e57094cd1c32
strategies/H005/unique_02260/strategy_definition.json,dff3690d75b63576e9b8d6e01df5504f28db93907fe2388787821d9db397acd9
strategies/H005/unique_02261/daily_evidence.parquet,22a6e90e945e5f9d746d1757b4a6ecacf91a3f7832662c69a3a3f36c44cf54f5
strategies/H005/unique_02261/README.md,7b60b2c722c7a28e55bb37a939358456c25d8994bfda5354d2bf860b8dcc83b4
strategies/H005/unique_02261/strategy_definition.json,dbeb5090cad0159b2c9ba1636f6fcfa2b019b0490d1c9a3ffb8da6cffa0b429c
strategies/H005/unique_02262/daily_evidence.parquet,ca838d25c2a173847ec15b507f1c9d13733351b56222cc0b5a9fb98fea56b0b8
strategies/H005/unique_02262/README.md,7d654ed966550794d6435f1f0de5c28cc37ce2d97b0f7d239922eae4f2271d3c
strategies/H005/unique_02262/strategy_definition.json,e511c54e3485c1744494ca4f7e7f1d17f6ac5918387afd5bd19a3e24e783a014
strategies/H005/unique_02263/daily_evidence.parquet,3428522523d8b576212bd41ff92f27f859ec306eaa3378566417aaf9ee317296
strategies/H005/unique_02263/README.md,65c1c47577d0e62957f3b1be64fa058202c18be66ff6e11a1476a140822e31e9
strategies/H005/unique_02263/strategy_definition.json,c542b1f9884db22f7310a0cc659692348aee4aa4796dd8897fa74bdadb4f4e91
strategies/H005/unique_02264/daily_evidence.parquet,f04ace7b6ef8aaed0330fae796662137dc19328ee71dd81f43d37ed39db77884
strategies/H005/unique_02264/README.md,feaf09fdbecf4f7d9e86ddc2c85330b3e04b4422a727c49c839b25d369307d10
strategies/H005/unique_02264/strategy_definition.json,9dcbab5b15ed5fe165e1b36d3219e90f6553a3a20b3783c33057d00a23aa7c89
strategies/H005/unique_02265/daily_evidence.parquet,ce8c95100263049cf19b55cb7ac21b4d6b59475d2ef1cf4c9f699fd9860c17b9
strategies/H005/unique_02265/README.md,dafe7951cd84bc6fc51f9624720b1ed42dde69219669c71bb78081e0e341da44
strategies/H005/unique_02265/strategy_definition.json,220b84386836470e535b060adb37aa40bacde29d6fd10ade231dc1feb5294af3
strategies/H005/unique_02266/daily_evidence.parquet,c66c63953503073b9af887da9ec0236cb88db88226cecdc8938b5530801df406
strategies/H005/unique_02266/README.md,07ae3a217b8de02b09e30bd537d94acc89e46bc10f73c79cf8ab2904c4ed672c
strategies/H005/unique_02266/strategy_definition.json,9bff6950fef7fae5c901ee500fa0e07d3ac3fa80b78cadb25119a19e9d64e755
strategies/H005/unique_02267/daily_evidence.parquet,cac73733499a4271ea03d14976ab071c78f660269458d5c98209aa46ceeba65a
strategies/H005/unique_02267/README.md,3e09d50bf776d1e9c37cffbce384cf1cabe333e28210a8d66b31fe76ceef00a4
strategies/H005/unique_02267/strategy_definition.json,0e7fea30a7dc47edabbf94ee597fa7193d0d8c895a86bb6afa30afe13173213b
strategies/H005/unique_02268/daily_evidence.parquet,33612c21e59a05802f482a855b501fe442cf0bdf0ba8ca9774c5a8fc109b9cca
strategies/H005/unique_02268/README.md,9f491c38790869200bd621fb78099bedff44bf4ce6e30eb12c2145f1122d8208
strategies/H005/unique_02268/strategy_definition.json,81538eb81742649f54ca800ba182aeddc9bc7d2e105aabd2375ec0ab3e174906
strategies/H005/unique_02269/daily_evidence.parquet,7f4053e2e85fffc54e47374bd513e37bed699a14f976f944cf981e5cde8286c4
strategies/H005/unique_02269/README.md,c5e4ab7d53d305661b33c5e8b1eb8de5f32cbe21e7749b588a65473b4d7ffbc2
strategies/H005/unique_02269/strategy_definition.json,dc516d2d08343afe47d27ff9c60336afea72c633493b40e8ddef1898e06134ea
strategies/H005/unique_02270/daily_evidence.parquet,ee9563133be2d6e05923009bf9063bff06dad45b26c329a3cfc834f4618cbd4c
strategies/H005/unique_02270/README.md,9c91098b4b3d3098b0603989aaea46d12d76d5c58c09e34ce50d46fec2ce0098
strategies/H005/unique_02270/strategy_definition.json,31719b3f2d21c56f60d31c4ecaf21df09f8c9e7584d18e157b9302d6b0cce3ea
strategies/H005/unique_02271/daily_evidence.parquet,dcf8a3876fd34ebae369f0cf1e61db071e2b02940391883decc5a7170d50bf80
strategies/H005/unique_02271/README.md,8c10b70b731fe762cf05f448ad2ede15defe6f7c290508d81ca5ff75c89e5767
strategies/H005/unique_02271/strategy_definition.json,5ae5b85d78c847a10143478a685ab76688abb436c903d84d1ba0af3acbf25134
strategies/H005/unique_02272/daily_evidence.parquet,2bbcbd9bc05eeed2ccd083790a49f5746b0fe877d6af01ee4a6c04f199c57804
strategies/H005/unique_02272/README.md,81e75060d70de1210fc39cfac3d1bc7d01e7c75c4286e19c0676e6529614124e
strategies/H005/unique_02272/strategy_definition.json,c17cf46d78e8ea3f9f3d3c80ae6d4ae4f1a716ed8c766845f5103fdfdc3b49be
strategies/H005/unique_02273/daily_evidence.parquet,0c26c3ad3e476c1b3df00b53c0931d0014d2c79add2349ff2ebd13b6379d8587
strategies/H005/unique_02273/README.md,ece4ed7c28c94c1f1635f5bbdf861db9ad0ff1742b6e0ab4d2b03221e5a2f25e
strategies/H005/unique_02273/strategy_definition.json,ed9475903e2cc324a201c44bbf588881c2e571a3d40bdbd8f8d30d7f733fb266
strategies/H005/unique_02274/daily_evidence.parquet,0be5403253d720488e25571ec90702bfc7939c3ef6a82505745bfdf144d5af2d
strategies/H005/unique_02274/README.md,14d10305c4b6566fc7b08643fb22294077ad0232dd2230330fc19e5435d3ec33
strategies/H005/unique_02274/strategy_definition.json,804183bac25a92efc2f96141c47908bd44e293bd0adb44dba5f290148f37e901
strategies/H005/unique_02275/daily_evidence.parquet,7d0c3a24e360f196c2a7665a92e1fd0f0391e495db9efa5d724bda9cd6855fd0
strategies/H005/unique_02275/README.md,16bda84a59ab8776ac06f0970f884d80ff4d45e1dd6ef3961bf71ea5c2eac417
strategies/H005/unique_02275/strategy_definition.json,0e790fc8b5e4da8854beb609f171ada0b58d0aef7a58bef5eb29b36bc86538ee
strategies/H005/unique_02276/daily_evidence.parquet,57d895419dcda1e07bdd3caa5792fa2c8ac18f329d41a19ac4aba2c02fb12b19
strategies/H005/unique_02276/README.md,2294d58dbfdc3e038246ea8cd2c26f4733ebf3ec40101c7117f8460b151b4359
strategies/H005/unique_02276/strategy_definition.json,91ba02c4bdd37222ef07ed8d6e658a180d0dcd9e571b904a4bec6585c509d8f4
strategies/H005/unique_02277/daily_evidence.parquet,b08b4a243c6bab2a8d83dbe13d2e870b3ee6ff19dedd96ca187f34222adc89f0
strategies/H005/unique_02277/README.md,aea90214c5f7f35231b8c06d07cb58b883fdb4c41681e3fef333d904552f7a6c
strategies/H005/unique_02277/strategy_definition.json,ced8adf33845b8b40397817bd02689c59eeac0082b244b865651d463dc78c1e5
strategies/H005/unique_02278/daily_evidence.parquet,08b5e8a45e2d4fa4131195d7a00b45172546aebd99add301cf2616b074f31c5e
strategies/H005/unique_02278/README.md,3bc881e0b164a06456ab4800025247d83982df9481ac5251cc3c3b635337c9e8
strategies/H005/unique_02278/strategy_definition.json,465e5f2fe908dfae6995909750481cf14a8f14aa29f4c71e14ad226c52ced247
strategies/H005/unique_02279/daily_evidence.parquet,cf178f991269d831093aa9d010d1a01d19545f8736f9bafa872d4345f84df207
strategies/H005/unique_02279/README.md,8b38aec23ddda7e39762e31b086e03f96e36c771c10528dfac64c18785a3096c
strategies/H005/unique_02279/strategy_definition.json,b087fe5c59af053416b6acd4fad9fe995b624c968524df0169caa3d392acde6e
strategies/H005/unique_02280/daily_evidence.parquet,59eeda0ccf85ca864c55bd7c32ec4fcccefffd32c490ff6e865cf850b6f10b2b
strategies/H005/unique_02280/README.md,b33412c693dd2e4727beb661d30fc283e155aff965528a386ca67d8dd6c040a5
strategies/H005/unique_02280/strategy_definition.json,d8ae32f4cc63b41208c5a22eaf5406369220778ad6a079312f7176f451be4b7b
strategies/H006/unique_00121/daily_evidence.parquet,39a1ce1fc57d052fc2f9163b660f771b5506180c8220ed2132a2bc3ba0597b34
strategies/H006/unique_00121/README.md,07db4939809e080931a0dd1834816d2148c17a37a3561340914ccb056a88460b
strategies/H006/unique_00121/strategy_definition.json,2b4157f6b86a12fd2435be499d860a6d4e54a5fd422dac9fd266d63b1618d1d1
strategies/H006/unique_00122/daily_evidence.parquet,4a60430f08e5ec86ebd7afd38a61a9d6c5393248c8f79708d4b0d1a13b2fcad0
strategies/H006/unique_00122/README.md,cea9f73fc1bad0e503cf1a43a5d32cb54d6575d9a556724efd953340a92be3e4
strategies/H006/unique_00122/strategy_definition.json,4e5b9a68ab17511f67e4ba602a737f0697fadce1acb5764e3931037aedee69d9
strategies/H006/unique_00123/daily_evidence.parquet,2f883057b58e80feda9a3244fac149d74715d8badfd03fd63d39b1e4f58e111a
strategies/H006/unique_00123/README.md,108b9186b0af930f0c6e6e0f9d0d995b72d19bb3f19f38edb390b1f79b408354
strategies/H006/unique_00123/strategy_definition.json,4b19127d6a342b5a949232a0059b64a6977e2e6b5598dc772e1b4403b215ba3c
strategies/H006/unique_00124/daily_evidence.parquet,0633075d5742d0bc51cc017c58e668df5d2a9f681698ae25e40d74c80f40c2f8
strategies/H006/unique_00124/README.md,23f1fa5d464625aebfcf34dffffb4c63991f0c1eead9da793d694702c02df3e7
strategies/H006/unique_00124/strategy_definition.json,4b2441bd33adb053d5654de647a82194bd7f2cc0c1da3d254184111b001c6342
strategies/H006/unique_00125/daily_evidence.parquet,4822fd1956d89b8b6d93ebe86d409ec73823f7875f5b32a60ab1f58c6a040dd9
strategies/H006/unique_00125/README.md,d357ffd91d6fe1e19294e3efa70f5e456e2370dc2b125eefa60f3fa594bcb44e
strategies/H006/unique_00125/strategy_definition.json,25d7370330a6922ef6d5c5c64d57a3eb70afa993c9c4802321356620b984c01c
strategies/H006/unique_00126/daily_evidence.parquet,e1cc76ca1d039d47d5841763487dfc84cec5355a91105dc71410b599efafd28b
strategies/H006/unique_00126/README.md,63526a80b9384c3d8a34235b795facff77dca453198a07e4ea91c516aee069b2
strategies/H006/unique_00126/strategy_definition.json,86e8eff8cf1c3fa178222c20e5027f2661844c6fbb16cad5c7f8d72873a0f086
strategies/H006/unique_00127/daily_evidence.parquet,e2d47a36d704f6433502db3369e82e3f3f1a8a81daf9889449c224c9b8d46eb8
strategies/H006/unique_00127/README.md,384e829f34eb6e174eac308d5a2ce8791ad420f38c02bd05c3d59181b29fc395
strategies/H006/unique_00127/strategy_definition.json,5362ec5a99f6f34cbd2b684f6123a5ab714ee359b656a0446632a7d0a945d7cc
strategies/H006/unique_00128/daily_evidence.parquet,50977daa908e98de1a8f5547db001ca647481cefe1bab3604ad0c5b31e915992
strategies/H006/unique_00128/README.md,e51b5f45b368b9a33a2ce2d923bb5402bc3db1bcb626b64a8a464d0828b25b8b
strategies/H006/unique_00128/strategy_definition.json,c4ab5771859943d441b29e8d25bb2bad44f7fbf979261bd16e9e9ac6dea291be
strategies/H006/unique_00129/daily_evidence.parquet,5de9b4e43514f07d15a1e99b1a4afc587389697df20c8100b0ab91d035c9b06d
strategies/H006/unique_00129/README.md,c1e8f5e29a3b377a2d08d4749c721a6400cde6e7efdb7c319b0c7333ec6125e3
strategies/H006/unique_00129/strategy_definition.json,e5bc5795c830f9a53836151408457352169cf04c274eeced12ca3293464e3c37
strategies/H006/unique_00130/daily_evidence.parquet,d2ef4964ff1f75e10344e6dc58bdb8eb0069159e007a7240c351e3d61a8620b4
strategies/H006/unique_00130/README.md,1630f9e9cf4283dd47bec2b3d703b831e1a0e89d364a8b1e4f443165b37e4e59
strategies/H006/unique_00130/strategy_definition.json,2040b9f5a1c5fdf9438bff986038176664a2792caf5e6a53a8389540008045f6
strategies/H006/unique_00131/daily_evidence.parquet,98b921e4f4a77710b4668800da138846f5b7dcbec04d2d3102208518f1b64c78
strategies/H006/unique_00131/README.md,174dce279491ed3123e3824e6efd1ed33be9d27f1c4f6104f0e32bd330fd02d8
strategies/H006/unique_00131/strategy_definition.json,ebcff0d98d1e3e3363aa8725de7a8be6b33677b4f2fe9e6ced8ce26f8a07286c
strategies/H006/unique_00132/daily_evidence.parquet,769e9a17bd4b19571d527089a417f2bc4bdbd06bc844b887a0c2cb918a4c0500
strategies/H006/unique_00132/README.md,8b1354fefa0f94f57255078a022bbe7b4a98a52c08394ea7505ffd4e3d56ff52
strategies/H006/unique_00132/strategy_definition.json,3e4ff6c9c0d39b3fba3622e62cc18fbab632ed86c0764ccfbc4cd250b8d3f287
strategies/H006/unique_00133/daily_evidence.parquet,e1003f31e6e372cbfbf0215b8e117352efc8a38510989e0f69a16cf9bd37f1e3
strategies/H006/unique_00133/README.md,04e8dee9add97e77d0cdd034b12736a1999ab9dcb0ca4b8dfbb836dc16b16638
strategies/H006/unique_00133/strategy_definition.json,e37cfc65f9f47292642c167b7f1b4a3b8b2a7ffadaeef88d957ba9f929b1c25c
strategies/H006/unique_00134/daily_evidence.parquet,ec250ff8f85a549d0bad59b55e03a669f40204b4c238ce9c0d7b99441e509410
strategies/H006/unique_00134/README.md,aa5c2ba139d68cb56eaf9d3746396e9e2aee7538947984163f52b510a219e116
strategies/H006/unique_00134/strategy_definition.json,60359ac33431e46e10528d43efef59bbe7316884c868a09b53c81d562268a6c7
strategies/H006/unique_00135/daily_evidence.parquet,0c97597d7886e4a0668b454415832b2b2fd12d69037b7ae4a5aa62aa7653aeb9
strategies/H006/unique_00135/README.md,2a4b2dac7ac3c62db91119cd804de8a827a5256d564cbfaefaf84b031c531150
strategies/H006/unique_00135/strategy_definition.json,6309e1d10a5b1d18002242da385fba34955493c797dd95975c5cef58207b02e1
strategies/H006/unique_00136/daily_evidence.parquet,cc9ade91f330d1a7c44c6a0def54e4503876edb6ce4dc84dbed6cc281e068eef
strategies/H006/unique_00136/README.md,afca1da9414efdd620e3c858051bf3017a305069ed39da6e211802b271416847
strategies/H006/unique_00136/strategy_definition.json,6d08cfe2ac6ddce79ba734913efdc87f5060d2afc61bd60f1d6d5a3e7be6a9a7
strategies/H006/unique_00137/daily_evidence.parquet,660c3eb64feccb82b515d87a8b5c8fa62f32ba46f9c813fa23ba34b6de645433
strategies/H006/unique_00137/README.md,3f558e9d104d4ce3dcdf3ea55428c703496d6f2530bcd4996d14c0b10ef767c2
strategies/H006/unique_00137/strategy_definition.json,645514255f29c7a296620f9a2e91fe27afbd4168681bf3a5c1cdc24de038dea9
strategies/H006/unique_00138/daily_evidence.parquet,a7f1a19097c6dc17c2db878a19beda901aa41d9759f3afb75a3720550e34496d
strategies/H006/unique_00138/README.md,2833ec07510e86e60c2a3fecd5df05d8f735ca17747244f3b3762762e51cec00
strategies/H006/unique_00138/strategy_definition.json,879693e4f43175c44cc10097efb3241b9f2953733f21fde9783606ca43a810b3
strategies/H006/unique_00139/daily_evidence.parquet,e96dafa27c6d146f3074ef3f4a78588e4c5542843a21d0ef8824c9d4a60cf28f
strategies/H006/unique_00139/README.md,12ed2c4f4bb8d5c838fc19a1ea23f6c2ed9917d1fe69c0702c3f5a96a7ade956
strategies/H006/unique_00139/strategy_definition.json,45b86b1f480bc0f562252a95084ad7faddf68b1bfcd14495c13b36296cf35945
strategies/H006/unique_00140/daily_evidence.parquet,3e9c65ae53c96a3ba60d9cba280945a7a2f777fcc9a67e628c1b87e31435dcb3
strategies/H006/unique_00140/README.md,5f8e79c2f21474f74516b3f0b290f6d4072d05e3d6f7e9e6ea44c2a2394dffca
strategies/H006/unique_00140/strategy_definition.json,79ba6c864b8e57b5eff66ef26a5f9f68da17b3ab112a1bc4b7f855e7cc77956a
strategies/H006/unique_00141/daily_evidence.parquet,3dec00974c552841109185e6082395863d654e4b499ea6909196747d560d1334
strategies/H006/unique_00141/README.md,7fca1d919af72f793b7a7d66835430c8ba4ec402b454c2635fa969b68ff9a38f
strategies/H006/unique_00141/strategy_definition.json,498f656cda2d21300af91f26e86a5c64d2f4f5042c61c845f7103af51ceee40e
strategies/H006/unique_00142/daily_evidence.parquet,cf0ca769c25c8eb23e0a2a7a873bf66efa5b0f4ec60b1688a2919e18753e1760
strategies/H006/unique_00142/README.md,49ac2f5ecb11f78485d10f285bf329882a5ccb0bab296ecc8df62418eb1140cc
strategies/H006/unique_00142/strategy_definition.json,61747c53387a867fd4550ab64023d1a03ecfab0d34b2b55c9c389e4a3c47f1c7
strategies/H006/unique_00143/daily_evidence.parquet,6b940b90f69f6ce8850089880e55d7362d97a86ed330d872afd49ad020f60080
strategies/H006/unique_00143/README.md,802378136e02c330c628138776f4f516b7a267977dea6d0ac39e921812e56eab
strategies/H006/unique_00143/strategy_definition.json,11832f0da3ffd0fc17362e6e337f648ac5157e848f52e2452b40e418653aa26a
strategies/H006/unique_00144/daily_evidence.parquet,4213ecb60a018239087e60c2408bcd73f8a1ec85165c5611cb63c3bb1a7fae72
strategies/H006/unique_00144/README.md,2af5f4352cd92e8755d6fd19cf95434c90d679a8c74148e3d89bb246a5d3d6b4
strategies/H006/unique_00144/strategy_definition.json,75ca3bdf687b50ed455f19d20e456cdffde5f142490759fab5f24c3f62da9567
strategies/H006/unique_00145/daily_evidence.parquet,38deeaf5cb2a22fbb92bf1232121be6f740f92f05408fdbb0a82d658d5d89b4f
strategies/H006/unique_00145/README.md,5f637e0cfb716c116052503c06e0bdfc27143ee0c8f5ca85ff2244343678428a
strategies/H006/unique_00145/strategy_definition.json,97ca891f3d2338017f8062c19ad43c1f498ce4d21f9095e5472b553143f156b0
strategies/H006/unique_00146/daily_evidence.parquet,b2fc417e0104f4fa351ba008855ede389cce7f9e11c015a6eb26d88e18b02f00
strategies/H006/unique_00146/README.md,fb7fd0f3e5cfc77ef05ff88c4a70afa4d6bb46908decae17728a1f5da1b3bf0d
strategies/H006/unique_00146/strategy_definition.json,90fa38701de3fefa8c0873d5c8def549aca2ec8ae23e3a3fed76627e95449306
strategies/H006/unique_00147/daily_evidence.parquet,b64a6763ef244e7c11740f147e5b280c027032a4b487de08f98a3dfb210a9c4a
strategies/H006/unique_00147/README.md,2a29fbd95641f026b8341a6394a382c6002dc7edf35df4cdcaa936be049aaf4b
strategies/H006/unique_00147/strategy_definition.json,9851c83031b885cada77dcef0d66b0ed90a9072832cc6452cb29656c295d04cf
strategies/H006/unique_00148/daily_evidence.parquet,e73a21dde6192de9655c5c6e8eb6ef72a218dbe51524ceabc952ec2234a01fac
strategies/H006/unique_00148/README.md,8f1446c4d9e21bcc7635c1c1fe92bfd852f15a403cd54683b0cd19b33ce56bdf
strategies/H006/unique_00148/strategy_definition.json,b726f0f8d4130459e3a0eb24ef372c0fd677a79debb93f60b4cf5eaf78ffe39a
strategies/H006/unique_00149/daily_evidence.parquet,98bcb570b325faacc6932e2684b3a44ff6a8c441da0ff3a898c240033cd14291
strategies/H006/unique_00149/README.md,02fe6c0b368c0631c7f52c961fe92ccafae85279c574146ec5e8f96e9e8bce02
strategies/H006/unique_00149/strategy_definition.json,e58dc6dd97d2e5dbe97bdb09142da997e699b93fa867fb0fa650b4d419db23a5
strategies/H006/unique_00150/daily_evidence.parquet,23a95a8964c2f5b0d5f8a7ab41be4749823d2aa6df475967014fab61db956e31
strategies/H006/unique_00150/README.md,d2f3da3bd12cec6896051991cd0d0c982a0c65ea59c213a1be428cc96cdd6b46
strategies/H006/unique_00150/strategy_definition.json,595a49ed14829b950464fede143589fcc7f5d14c5794143988e90f23173d3a7d
strategies/H006/unique_00151/daily_evidence.parquet,6a20004ee8a3d24c328967f71c197885634b4472b23bf6ecd6f730a05a81ce06
strategies/H006/unique_00151/README.md,91704d026f3f3b00a498b00422654f37730dcba6538166d78e3a90c1fe25a752
strategies/H006/unique_00151/strategy_definition.json,e070d7e42e66fbbb041f7c6c842585dfab55df78511ede6fa036beb25bba5582
strategies/H006/unique_00152/daily_evidence.parquet,f4780051535cb67df0618306e3a8f612c8ec6ec1512f0cd643a8dc5d3e9d7121
strategies/H006/unique_00152/README.md,c7add5a3b0f981dee02fda62211e898d678323bbfb20e9245028d0210597ee8c
strategies/H006/unique_00152/strategy_definition.json,2054ca2eaf5b6bc1606e3951b20147d1f0e10be5a3bca27c28b69ec1fb345518
strategies/H006/unique_00153/daily_evidence.parquet,9e1ece7141dfd42c446f59b64e31a1f19a7858ba45bfa1b085f81b5cef341285
strategies/H006/unique_00153/README.md,232b71fae36833b95f93327daa568ca23c94a67acaab65f6384932fc6ce229e8
strategies/H006/unique_00153/strategy_definition.json,785d4c230d6880c390dd046f977ce7d049838226c749f1483ae4cefea17f152d
strategies/H006/unique_00154/daily_evidence.parquet,aeedd3ff1e39c38f94f44a1e2da19cc63b8bd1d67fc06507eaaa4f61c1a413d5
strategies/H006/unique_00154/README.md,019471449c28cda88d2456ae083254cee64ec4a16e232f91e3d176ae138184d7
strategies/H006/unique_00154/strategy_definition.json,679a39db6d559671800ca14abf2925a3ac99294f15580f689e977a12ae108c38
strategies/H006/unique_00155/daily_evidence.parquet,4ca7ef22244fa5dbd2d7dba13f390292b005eeb03bc3d9acca07b769f3cbff07
strategies/H006/unique_00155/README.md,5fc3245368d59587026f5b91488316fc11db231b81244bc9d051a03c858d4656
strategies/H006/unique_00155/strategy_definition.json,de9ed11635f229ecb7600ad7a5a1b99ffc318bedef7dd3aa1a3b1087ef46a4e0
strategies/H006/unique_00156/daily_evidence.parquet,4cd4985ed24e56ec6c7710dbf34c03b31d72377330fa542449f178be2476f492
strategies/H006/unique_00156/README.md,43a429065b3399ab85e228a307a0e7e1d2e4cf97e5e5409be05150e7f3b3bf13
strategies/H006/unique_00156/strategy_definition.json,0f1b3c747f52b29f74916677bf02698f93c817501c630d55002f3a2d6663c8c9
strategies/H006/unique_00157/daily_evidence.parquet,db2a8f16c67a42b29debec778dea5f1168ae949b8fece6cdb26a9780b94d5f2b
strategies/H006/unique_00157/README.md,84f0579fb44a444932f6c2f17b69ddb05239209e0490c920a785417f31bf199d
strategies/H006/unique_00157/strategy_definition.json,011932894d99106100041e8a09e6f8ea7daac69237a4ab8583ca770a42318379
strategies/H006/unique_00158/daily_evidence.parquet,9d92effe4aa26b784813d35f45875e40e25007b7eac6e5f8860baf8bcdb3d3d5
strategies/H006/unique_00158/README.md,2bd32760eb9463578959bf6f2a29b37af9c4bd0fcdb3aab51ffae975d911b7dd
strategies/H006/unique_00158/strategy_definition.json,dc34811ea61ce72fc406efceb40225813849d31dfdf3fa90cfe431fca00177c7
strategies/H006/unique_00159/daily_evidence.parquet,60adfccff02c4126dbc92ef62c69d25f0a0168b783e65a90e6a7b2db0b7ed259
strategies/H006/unique_00159/README.md,7f6813fdb54b6a81fb7d2c06bbf1918e6d6916e838e9ec74014d7d706f887874
strategies/H006/unique_00159/strategy_definition.json,8f6f12473c3017e257a8e702ccbe3c7c763d5e4bb91c8231008576123c3d2781
strategies/H006/unique_00160/daily_evidence.parquet,d2d681a03e42c359e3f4dfdf03d586f63ca2acffca51697f6c2db891ca1fcb3f
strategies/H006/unique_00160/README.md,c65e808e5abc00e32ce396ac479d4b3aca8527491b85c2266862910acb833d16
strategies/H006/unique_00160/strategy_definition.json,2711d450f197e32f5ba61ecba0508136421e4a1cbfa345325faee2109855ff50
strategies/H006/unique_00161/daily_evidence.parquet,78f4937ccd4176875fa63a9d9a87a376ba030012f8ceff82f09644547d5680ea
strategies/H006/unique_00161/README.md,7a7f51d745c3675e6e9e8d3cbe1aa2e6de1eb932fd35f407e3e89c7adc4318e2
strategies/H006/unique_00161/strategy_definition.json,a28727fb27575b824fc16c08411692aaeb259f5afb9015b99d80f7d917a095aa
strategies/H006/unique_00162/daily_evidence.parquet,eec9f0d050e3658961c46ec7156f824e515e9e50d95c05de843594abc832e9da
strategies/H006/unique_00162/README.md,ba397de65c190dc7cb234d47626df04e932b54f0f674c6813a7d1dd2a170ea4d
strategies/H006/unique_00162/strategy_definition.json,22b78e16f4f7704894984c334ff6e2240ce073b591361330479791b2289e61ae
strategies/H006/unique_00163/daily_evidence.parquet,0729aa93b14cfd31cd70f021495f52b9216f26c9e7b7e99f36c95493648944a9
strategies/H006/unique_00163/README.md,1022b5aa7b12610041dbc7be3bb96dc6f24bf1ff6571fdea33519953b38909e3
strategies/H006/unique_00163/strategy_definition.json,9c52a9362a2f2035f966eec4f109aebbacaaea5c1c0354a49084038c513b55dd
strategies/H006/unique_00164/daily_evidence.parquet,df03aae54641bd155d2da3d352f0ff949ff44665af309f840ca42cab39f67b77
strategies/H006/unique_00164/README.md,565aac03eea50502a396fb6fe3d362e2026db202ddcc2ad380eb2e953cca0a99
strategies/H006/unique_00164/strategy_definition.json,fa61eaa7d36aab9d068511c324759656f6aedc6f2c5c7030b0022cf561f7c42e
strategies/H006/unique_00165/daily_evidence.parquet,f97b43d58d42d2454335958e878f8117fe257f585e92045f0ce6612f2050962e
strategies/H006/unique_00165/README.md,a9bbcad494672d390235dc9dbd23899e2323c867033f6393bf49761e418e4471
strategies/H006/unique_00165/strategy_definition.json,124e5d4f7be0e3307d7dc6af808511c47d96118743901e3363506c18f078deae
strategies/H006/unique_00166/daily_evidence.parquet,69287e7a51f6f623acf27a29adf83130315ecb87eee011987019bd2e07a06883
strategies/H006/unique_00166/README.md,119dd26639cbfa93a406d8113b5f9a5326ffaeb5e32eb675d9773cf45d593b6a
strategies/H006/unique_00166/strategy_definition.json,9e9b40662c2dba973aae5dd4a5c71db28f053f31b1fd0a8e783f9ad111186721
strategies/H006/unique_00167/daily_evidence.parquet,2bf6ccba8fad5e2e394814ee0010b9d9a6037a154e4f0d0c036160c6a6836271
strategies/H006/unique_00167/README.md,7573f47cd5196b99ca1b60258c86a571b520efe2bd41d962333b2070cfd99806
strategies/H006/unique_00167/strategy_definition.json,c8cec0c8889962495b2a2aa52734bee860b5d714b9b4aeef84564ca2cf7f9744
strategies/H006/unique_00168/daily_evidence.parquet,6c0f61351584ab0aabdcc60102e0d0ccff628626295f80db4c4b19d5b5deead7
strategies/H006/unique_00168/README.md,dca682160fc776804e6c61a9c091dbbfc20bdfa0db5e4976cbcf10dc823c9cc7
strategies/H006/unique_00168/strategy_definition.json,3d86f84208a0004de04d850957a62057f76f6375ffec814ac4308c88ed200bcc
strategies/H006/unique_00169/daily_evidence.parquet,37fb342c4fe0e929b86b7fb73b0d2599a7d855eae34ba164b7c868ede248e321
strategies/H006/unique_00169/README.md,5936bb7320a2e45ae6dc9325bb2ae79c8ac5726f2bc53ea9d603ab6ec343162e
strategies/H006/unique_00169/strategy_definition.json,6dc57a71da2853cfb43673e89b12276e4ccd98a6775b74851f8268ce6df0dc67
strategies/H006/unique_00170/daily_evidence.parquet,405b93eb34f3a772da8be95759d810dfb345762e5824d5a97d3b43dbf8811b55
strategies/H006/unique_00170/README.md,ba8528bce1152370b92f9421e3818bd7cba2650c16b25ccd74edd9ad5c611eb7
strategies/H006/unique_00170/strategy_definition.json,d0b1f4b6a10a91d9a69e323350f2e00f6e9b5449646469971ead5a95938adbed
strategies/H006/unique_00171/daily_evidence.parquet,b00482e9aea72b667830e2f1d0b1d2c393a713b08ba7f1a96a6f9c34204a3b22
strategies/H006/unique_00171/README.md,7db5ed7e4c2cec0c5363e6e992eeb70fa46c67cf464b999c08a390e133c02293
strategies/H006/unique_00171/strategy_definition.json,6b3d4f56bcf96e521536f5e2d85465665739766f002f341df300712d72380dae
strategies/H006/unique_00172/daily_evidence.parquet,8a50d0121240b2a62c8a5eab58cddff0e0effe4e845bb7cec24649cff0ff8b00
strategies/H006/unique_00172/README.md,2aad9ae7e948855e74b7ed126994b9a2fe2feeeded9b3179b77987f63cf57442
strategies/H006/unique_00172/strategy_definition.json,f5d3314971953ae99172b9178fef3189a096c63bf2db30ceb2244a0d78f04243
strategies/H006/unique_00173/daily_evidence.parquet,e99fa7583c5d635bc1dbf82702f88f6d2129182f4d6bca8e4fc7a8ba8f0c9f33
strategies/H006/unique_00173/README.md,88610666dbff554e213395c3db06842b1cb4a446955462edd83e6970e87de05f
strategies/H006/unique_00173/strategy_definition.json,c6d6ef43fb495ff7c494c5777ce7a2a4554bb23a52eb99c6b5aec3d532c9a9ec
strategies/H006/unique_00174/daily_evidence.parquet,0998b9087246df8aed1162ce1e378a774c6fb596077949f93f55031b04bd940e
strategies/H006/unique_00174/README.md,ae33484cac642db12e895f342d348b74fe46d34800b31adc8fd8d98943be371b
strategies/H006/unique_00174/strategy_definition.json,85a743397a6f84a7cfcdb80081c0ccf3cbde1193eee4afa5354bb7fe96b82558
strategies/H006/unique_00175/daily_evidence.parquet,8450596055d777ac029ffcf5990f3659eac12e339a6d3cde23b6851e820b700d
strategies/H006/unique_00175/README.md,47c087a78c432a19b627c0be49026c156b22855696e221a2075a100b891efa36
strategies/H006/unique_00175/strategy_definition.json,9219ee217d99f53ffe1c7e0d80adf9a0c88f4dfc9ff30983f7e5210e85520a8c
strategies/H006/unique_00176/daily_evidence.parquet,dc2cce490bb7bd05bf18e4cec0ab2bba9695768a3203e5f3ae13f5cc5dcb4b95
strategies/H006/unique_00176/README.md,c5eeb8e05f7e7429d9d7b6d810221e636ccb27074bef08757b1bba8a0dd3e107
strategies/H006/unique_00176/strategy_definition.json,d25c1afbd9185def0cede6829e05ee470bb5a9ff27b03fd9bdd2efc64d5cdc9f
strategies/H006/unique_00177/daily_evidence.parquet,e803f699ddad73c26e3ed3b75daf2ce5907afd59fbe9a591da85798c22a056c5
strategies/H006/unique_00177/README.md,7583d4de5cf00f29ba8c2afc018d6c22330bfff4b693890565db06e68cb8e444
strategies/H006/unique_00177/strategy_definition.json,e615a421fdcd259281ff1dee92e6c2944e11e94eccfe89176c3e3f0b79361081
strategies/H006/unique_00178/daily_evidence.parquet,c8bd3e68ed0cd472173dd17d001e91a90b4045bbb2cd6e4e977740bd699dab94
strategies/H006/unique_00178/README.md,fb89682b80e95a1ccd5dc85a18402b1af0be98b4cb059af34637eb76590ec37c
strategies/H006/unique_00178/strategy_definition.json,87ff205c93d267270fbd105cc19c4245b16b0257cc182ee85c12e8541e778d3c
strategies/H006/unique_00179/daily_evidence.parquet,9be666952906c83f4c42257171d022c3bbcb8cae554c086e81b942e6b8c07dab
strategies/H006/unique_00179/README.md,5dc99289a30add3365fe027cfc660707affa9e30261651cce259fb48c492b5db
strategies/H006/unique_00179/strategy_definition.json,2240cb7ff0e19a9355d91fd7b1201d62a552585fdc62864a85d6d245b2bca27d
strategies/H006/unique_00180/daily_evidence.parquet,efafde467dd5fa17b6c228fb58c77aa41092d4088fc40a910cf63a86808165e6
strategies/H006/unique_00180/README.md,a8c6e7d67c2b854db3f6198f91667e791676cb59d263965a608ba4b2fb2a46a8
strategies/H006/unique_00180/strategy_definition.json,6a1b292071308b575c8be7e45991b7a0386028129ef0cf7c1284167df0374d93
strategies/H006/unique_00181/daily_evidence.parquet,f53cd0c905a047f782b090f38c4a9cb0e10bf7ba7a7c3ad2203d3b1402c652dd
strategies/H006/unique_00181/README.md,7b436457dc109fdc6fc6f023a4c7d3a35f241d97c6a7afc4c4dc14425438f575
strategies/H006/unique_00181/strategy_definition.json,70fa9f02df11dde43c33c2972cc0b9c4fad6fc18e1bbf8ff89591dc02f6f49f9
strategies/H006/unique_00182/daily_evidence.parquet,7ca7d64dada854914de635896f6bcdc2c90ab791ccd19dfac5c97fd3f6341b0a
strategies/H006/unique_00182/README.md,088050db3941776df08d56b3c636ee2899f228eb2920fcd820dc32502a7966f4
strategies/H006/unique_00182/strategy_definition.json,471ef1bb0f02ef4ccccd1b3b35b561d847a62b6dc227de5cae163322b5f167ec
strategies/H006/unique_00183/daily_evidence.parquet,ea598a6e6b2d885894d0f99688744bbee21386f96e0bd8cd1d7235596f1c6858
strategies/H006/unique_00183/README.md,3386b6f6bbeaf3769ffe7b4fb20979b89d3f79435c2fbe9b7ab7b00d0166c00e
strategies/H006/unique_00183/strategy_definition.json,1f08cc632c2b4d511f2b771885fdf4ade10f2b761928601a3dbe9cb55271d3aa
strategies/H006/unique_00184/daily_evidence.parquet,1746f5e58609067d4e0b36176c1603242ace29c639ba0a6d07c05235d65adce6
strategies/H006/unique_00184/README.md,d6f304310b89e66401b9d3511114f82b82135ad35693c5e37632bf6cb0897686
strategies/H006/unique_00184/strategy_definition.json,3565483e3ee3d1adae352cfad8ad86783adc9595ba537a8ff7d62c819d857000
strategies/H006/unique_00185/daily_evidence.parquet,b2651f9c0eae92ad933d86f6a4cea1403b426cb6a4680705be85a203c4553090
strategies/H006/unique_00185/README.md,d7c0cd284f145f4fc1dcbe4b6e3fe4c6b417a1f8dbd2b8774ffb305f6eac3490
strategies/H006/unique_00185/strategy_definition.json,9850c79b43cf5ae2dd9b800d65dc9ee0c368d74eabd67a61cc8a4305225b027f
strategies/H006/unique_00186/daily_evidence.parquet,67be92d3dc1cfcb0278e4635ef302b800f6178a266786651cc5be132781cbd70
strategies/H006/unique_00186/README.md,9b815960bc896c3b6ad735b2f4d50b118612a8e654cbf169f480cd3a18ad1817
strategies/H006/unique_00186/strategy_definition.json,6b558c63e5b5a0170c87240a6762ccfbec508512f4b0e9b744596f4d511a8bea
strategies/H006/unique_00187/daily_evidence.parquet,76a4109cecb4b2cb791aeae4d8eb7d15683bdb9197363cfbf8a642ecb1683db1
strategies/H006/unique_00187/README.md,b3132be3ece3799e7fc477b0860e0100b286f589c1545977579522ed26b8f035
strategies/H006/unique_00187/strategy_definition.json,d93aca7495bdf1822811cccb714ac6558072897fcd6a44dd40d8a37562d2f142
strategies/H006/unique_00188/daily_evidence.parquet,7786091a4b2eda58712bf0941f7253e636bd0056a5fb8d16be5921662ae5aacc
strategies/H006/unique_00188/README.md,2ab39444731d912cd9e297df20cd6f6e0e61a5607ca18003860b0de5aa37925f
strategies/H006/unique_00188/strategy_definition.json,6a50ab629ee1c41680a05ae4bb4e610e231008087eaf9bf3c79708fdb513b790
strategies/H006/unique_00189/daily_evidence.parquet,370627e888c6422f513509db1b6d9e2d5c7b461ceb699dd5e0515a75c5098ef5
strategies/H006/unique_00189/README.md,75162c3281502217f001f0df1ab4e9c8000e30f048957f46e1254b5d381caff0
strategies/H006/unique_00189/strategy_definition.json,f3aa309b5ec297851b730d2f749e95dd7243752e5ef289065b5b51d593408794
strategies/H006/unique_00190/daily_evidence.parquet,d67ecc220ce8ed639da1a73b62cd3f123f02c2b34cc8abdb466b4a6d7b676208
strategies/H006/unique_00190/README.md,513202858ca022581e7b49f7b1f6a9b9d4cfe92012bd59e8e9ffae6ae9afe16b
strategies/H006/unique_00190/strategy_definition.json,7ce8bd07852dc38f3f3cd8c3235cbc163c6ec2f36c86b7d157f5a6fa56f2f3ee
strategies/H006/unique_00191/daily_evidence.parquet,891890d24f211e8e0a9bd6675739861e4f7abdeb5c3c9aa22e5f616b4d017056
strategies/H006/unique_00191/README.md,2e7471d69aeba5cf92c5e53e61ed916b367638c4d123ef01f698078e0f2a3635
strategies/H006/unique_00191/strategy_definition.json,cb5d8657074fdccffa723d613f47405693e320831e065feb7b78be8c6c7144b7
strategies/H006/unique_00192/daily_evidence.parquet,305a77dfbd6e5088961640fd6ed519e99aea00a58a1211a0afe4c9d9e9830132
strategies/H006/unique_00192/README.md,15a8137b4687c0f910941253f22fd7af4133210b43d6625323475bf59ae29643
strategies/H006/unique_00192/strategy_definition.json,5e24e9bcc261cf050f38baeacc5c9791cbd322f80a84a735f7ea036ea04b0eb0
strategies/H006/unique_00193/daily_evidence.parquet,27f42f6b1563d52642eb88338c45e44c9942db8dc6fbabdcdaf9cdebca96d2ab
strategies/H006/unique_00193/README.md,d7bdefa660d454bfc9ce818d0990624699d5c2deee815d5290b6bbb095acfb98
strategies/H006/unique_00193/strategy_definition.json,cb208bc783b34941add20cc3f4da6b25fe2f8dc4d82a115b186cd249ec9fdfb7
strategies/H006/unique_00194/daily_evidence.parquet,940bb64443da980e89dc7a9af1247f7986613b5bb9bb15c623ebe4be730152ae
strategies/H006/unique_00194/README.md,5ace95488a91d16f3b95ab7eeb0623f8c58a78b7a047f3681ba4ef0ca5d08423
strategies/H006/unique_00194/strategy_definition.json,584c662a687071b7773d820c1dd48e8ed49a56bf8e4e679fd613bde093ca4e4c
strategies/H006/unique_00195/daily_evidence.parquet,7d7f3457e7ba1b0eb9110c3b6a2381b0c369b1136d06ff9e2909d42e0c8495fb
strategies/H006/unique_00195/README.md,dee651715880ed379f07792e1a1a9ed151abe8cb601d8d32fc337322e6f030de
strategies/H006/unique_00195/strategy_definition.json,a9f018ee9c802c43a483e867d1d0662552396c8e6b3412a8639f081f6d239705
strategies/H006/unique_00196/daily_evidence.parquet,c5955de4ba07b71ece6e614e371918b98ca2c2c666866b6904f70ab0aedc5500
strategies/H006/unique_00196/README.md,581687251798adf99e514862c3d419ee4b2d138b3c589851cdbe4fbcd4ea3928
strategies/H006/unique_00196/strategy_definition.json,4964f726c5377a366acb88365f31ace3974eec054adbf8a8f402fdf6bd3e945e
strategies/H006/unique_00197/daily_evidence.parquet,06095e4fa1d5093176728638db92b015d04f910248d6545b93b5efc7e1ab1aa7
strategies/H006/unique_00197/README.md,fb8970c5339546c4aee5b7cfc8ade2dd986dcea5b288399b9ddb8ad23c33d6d1
strategies/H006/unique_00197/strategy_definition.json,b27dfc319899d3499339a21cf85fd239efce46ba9a927e2b8f9a023a5994338c
strategies/H006/unique_00198/daily_evidence.parquet,a4f9006a896a8bef1707981528a50aba387f00e255932bbd73705513542c44ba
strategies/H006/unique_00198/README.md,fc91703fa7a191f0ba15b25a160fb96e4057ed3315e4973f5df51cb98e2b48a1
strategies/H006/unique_00198/strategy_definition.json,5a574aa6187f86acbe935d666a55eab2d4d6daedaf13e7ecb281a136e15c9cda
strategies/H006/unique_00199/daily_evidence.parquet,69749ecf0015237a01860551a9bd2cef6ff3778912fb581ab7c3ed0e3e9165b9
strategies/H006/unique_00199/README.md,930d9f8d8aa7b3747f924b44210286096ca12b9d5feea4469a7d5717149eed18
strategies/H006/unique_00199/strategy_definition.json,468adbaf503be68534d14b5cf94c4723f7521fef13e4f305266e7cea42bea76c
strategies/H006/unique_00200/daily_evidence.parquet,1beb25f881078f4b41694dd57a149d6780a41d95786bf8f36825e7349e1254f6
strategies/H006/unique_00200/README.md,a9c5908d8e8640c174bec3c7c5a33bb4b2bcf84be3e366c1582523f10df9b08b
strategies/H006/unique_00200/strategy_definition.json,3c2591c076f961f1930e0d5af2eab905819dde3c2fd878185be5ca63251220f9
strategies/H006/unique_00201/daily_evidence.parquet,4e7db5271cf0a87d15901648edd6a64f07d52a1ff91ef755a8e97e2039aec9a8
strategies/H006/unique_00201/README.md,9bf19d988389a1712faa5b624a07bba67f807e9f12c0319f82db534cbb427a75
strategies/H006/unique_00201/strategy_definition.json,1387111d703bb2f670aaff65e64f8e9170f08f8918f39ab4b165fbc1460e0973
strategies/H006/unique_00202/daily_evidence.parquet,160747d790b28cc44fc972a777b58a5fc1b8bf194726f005f86afc4cc43eb62a
strategies/H006/unique_00202/README.md,ba976e495e7b947513209bf27d3729db6f997c57cd782af6dc1ba4ec0fb20a8d
strategies/H006/unique_00202/strategy_definition.json,c123be07e3b34fc46339a641642c0215eaf86e67d59e057e20a175098b0f7ece
strategies/H006/unique_00203/daily_evidence.parquet,c4bc26ba4fe4e169a9cd790435de604ed3e1da9029475e140422927770fe08ea
strategies/H006/unique_00203/README.md,ea75f064478f007b728ab40ac42addfb11a01c222a85206e69e7c66aa68d9b61
strategies/H006/unique_00203/strategy_definition.json,4787c6406c98eb7be491e8ad821fd003d29a4bd1aab3409ee753dab07a5c0dbb
strategies/H006/unique_00204/daily_evidence.parquet,9ba855254710f37b59d5861316520f7d8fe540afcf6f8a292747a88774fc7a2a
strategies/H006/unique_00204/README.md,f9116ff9bf23740c7c619a0095b1fe69d0a973ce8ff0aa0794086aa57a8fb6b1
strategies/H006/unique_00204/strategy_definition.json,e254b50114fee21647f2e1be9edb9eb268a3ee3497a1fd9d5b5569e738b1adc4
strategies/H006/unique_00205/daily_evidence.parquet,0e9cecc7e27067408b552bd1db83e4a2ee21169de4d84dc69d561e30f793822b
strategies/H006/unique_00205/README.md,f6ba49a58d633cf4e913f97c388ca0e54ed8fa6fe82b11bfac8d53fbc0615852
strategies/H006/unique_00205/strategy_definition.json,0a7781a5a5e5f57907ead59bb4fba22537e976e71e59917c9e43051dd0d5657b
strategies/H006/unique_00206/daily_evidence.parquet,a2da7384b28b079d3c9b2dae86e888af9141d4eb9eee51e3e6806e820377f534
strategies/H006/unique_00206/README.md,501ad213747c675323f2af8dcfd9dcee674cf8a8652be3a976e2dc3e8d3a7f8e
strategies/H006/unique_00206/strategy_definition.json,46b16d38294f8c22b0a0a241f7465f184f5c171852e5a70cf4e3a33e7bfa9239
strategies/H006/unique_00207/daily_evidence.parquet,d0725d8b32c6a6525d639b57d0f2e9e3423c10ab0852ec8b7a73e8d2ee7b82c1
strategies/H006/unique_00207/README.md,1e5a4ab734022f979fe90cdf0d224c988624ffd639f6d55a215f87733847749d
strategies/H006/unique_00207/strategy_definition.json,556691089d499efbc90de8fac4c39a12f2ca78fadcdfe7e0ea4f979331f3c1cb
strategies/H006/unique_00208/daily_evidence.parquet,cc9a29960b4206217b91725eadbd6e37fa51cdcd498dfdc6b15f12634d6cbdf0
strategies/H006/unique_00208/README.md,9e4001b4735899af78a8d59873a7e768440bbd680f6bf867a6567ede386f8eef
strategies/H006/unique_00208/strategy_definition.json,e4ca825bb370f701d7bcdebce4bb86c26c3da8c29ec4ac6aed09cabe9c033d55
strategies/H006/unique_00209/daily_evidence.parquet,76baa54eb86f0a6d6fab0fd9426bcf8cb428a4d9282df8ff0be353db5c7d0718
strategies/H006/unique_00209/README.md,12a7bf126311de0c55328f58d93c8023510bc6e59726a40500add4715569beea
strategies/H006/unique_00209/strategy_definition.json,4668dc7d7e177a97f80df3050df4108fc7e6ce514052cd6cd6b80f67e1266a1e
strategies/H006/unique_00210/daily_evidence.parquet,5fa8de3432dd17cf4140723ee833a9024102607be8e8a3198d5be5d19e11f81c
strategies/H006/unique_00210/README.md,204631589f956ab4101a851c3670e417abc6a4dc8a4b47c8d8afe6744b176c62
strategies/H006/unique_00210/strategy_definition.json,2f682db2f10bf8737b2972af63379daa60029ad8e9de1fe2b432b92c26943b47
strategies/H006/unique_00211/daily_evidence.parquet,a435fb4765208eb50d08919bf339f44400a9074be765a436074fec9cd154ba8f
strategies/H006/unique_00211/README.md,27807067d1e5c5375451316f97fa26df2eb31026b90029fc65ed22ccc4f678d5
strategies/H006/unique_00211/strategy_definition.json,b9266a3adc82ae13dc4ca9b93bc458ab4a98bfd63aeed548ab0b8aba0f55855f
strategies/H006/unique_00212/daily_evidence.parquet,fae3eda68e64be6d183996a8f27ed820df498985b799ef15a989b0b59450b9bc
strategies/H006/unique_00212/README.md,2dd33af94577ef648c795d6f04e2fe3272a65e26ca8e4c38ce921ab40cade01e
strategies/H006/unique_00212/strategy_definition.json,3d224a41113056f8b75d5688d945c183ad313a6d19dafd91fafab1b17c9cfda3
strategies/H006/unique_00213/daily_evidence.parquet,6d1aede89a865b97c111f54b45152cdf8c6c3fe5058fea72ecaf938cf47a9657
strategies/H006/unique_00213/README.md,8e3e4adc69198e7d55a6079eba18609dddae305dda8af542748ff409db4fc924
strategies/H006/unique_00213/strategy_definition.json,df75712d32ea087c0719ca285de90a380a4ec1a59356fa438989ee0f5b0a709f
strategies/H006/unique_00214/daily_evidence.parquet,2543c0787d2791dfb2b3540aa7d6ebcd30690890f8dd35a7279638a987b7fd63
strategies/H006/unique_00214/README.md,22516b5215f79fa8eba7824765531fe296f8c27a436a0f0dce9bdf1e8d3e9335
strategies/H006/unique_00214/strategy_definition.json,5613bcfebe7f614e69dcb1cf0206f33a4463d905effd73312665f4d0c9271db3
strategies/H006/unique_00215/daily_evidence.parquet,14318fef71c852139d8c20dad19707f400d74e4ad6aa839d89be04de0f870a05
strategies/H006/unique_00215/README.md,323a1dd18a4ce7f4af0a835e0a8b07a799452713245e175ed2ab12cc3ed30077
strategies/H006/unique_00215/strategy_definition.json,218c4561088ae9b7f51db226d4e771dbe25a0229d30906b8c77c8ae992c209de
strategies/H006/unique_00216/daily_evidence.parquet,4eebff40ba5be35027146272f225fa0f4340de3b9d6b8e32a00b913935ddf683
strategies/H006/unique_00216/README.md,7edb4cd3e00e7691e05b384d0eb2ed9cc1c6e739eef8924d2dbc82bdbd4956ae
strategies/H006/unique_00216/strategy_definition.json,64bbbee4bd1b929c5013683aabf63559f96f98b375b3c85ea77141d69ce9d25c
strategies/H006/unique_00217/daily_evidence.parquet,dc5adb3d38035e14bc0c4c21868fa6860987e91461ef5cb3b31c9d7ab92957bb
strategies/H006/unique_00217/README.md,3c041833f664aaf7fdef4b23ce3b1230182a71a2822f7510652525548e9ce227
strategies/H006/unique_00217/strategy_definition.json,451a79f018cec9796684116043591153afb56f01739148b70d0c780c7bcd10ef
strategies/H006/unique_00218/daily_evidence.parquet,f6161951f5187bdb72fda13dd01f707b6267b1a6d3e0aa0a8f15e852f287c28d
strategies/H006/unique_00218/README.md,103665e2fee231d18e7c2f7d1043348ae2ac1f2505eab09ad4e17de1259ce2a3
strategies/H006/unique_00218/strategy_definition.json,757f1a2a4be45b15d9b10da6dbc0fce90f7da0f68717a93e14e07011b6a00586
strategies/H006/unique_00219/daily_evidence.parquet,6e518826ff9706a90ade19402e9dc41e443f2b7c8ca600e6a58e059cc1ff21e1
strategies/H006/unique_00219/README.md,933dc1919204d023e60dde8cadb9b91f480b6ab58dab66914246ffb9def0c21e
strategies/H006/unique_00219/strategy_definition.json,bdda127980866b4671281e5d51f8aa61cfc88cb99f406b425f0b7444653d2dfb
strategies/H006/unique_00220/daily_evidence.parquet,022d9d48e1d8472c7ba11ece3d31bb2037e8ee7082fcff60803ba59961e3f4e9
strategies/H006/unique_00220/README.md,5ea7d492bf7099be16013831d26812894285194158cfedd6fdd7bcb7491ea900
strategies/H006/unique_00220/strategy_definition.json,4f93a192090cef7a8b45c1d8f93fd12942830f3eb940b81a124c529a954a6c16
strategies/H006/unique_00221/daily_evidence.parquet,fd3c72f09d33be7ffaae56dbfd28e22fc71b36b7eea0755bf9dd2d56b706cbcb
strategies/H006/unique_00221/README.md,c9f6c0c777fc4c60bf37a051e19475c10794409378e3f01bfa3cc1ec20a2ae4f
strategies/H006/unique_00221/strategy_definition.json,907631c1d31dec9b4d319c9f59be8f0541017c8c1876910fa45118b5b1910930
strategies/H006/unique_00222/daily_evidence.parquet,11a50d1b0892d6b7bb0c7a3b1f5825fed3bc9e50f765070565a6ea3b3b55a2ca
strategies/H006/unique_00222/README.md,741c40afcc1e127543b4687b0c29d80fde4c2a63649e5c30b4d457a534a4a395
strategies/H006/unique_00222/strategy_definition.json,dd0a3a4ef61677e67b2b40cebb8a7671fb9db2e913b437aef4b68b51f5ee2348
strategies/H006/unique_00223/daily_evidence.parquet,30b0ec5a491628cf7780f5de9a0712ccfe67b9652c66844000a639c6fd0b4824
strategies/H006/unique_00223/README.md,0519a7e4af5397dabeb66e57c857e603e5b79fffa708194846a5015ae97da1a8
strategies/H006/unique_00223/strategy_definition.json,14e8b4be3ee29d37ac1ab2db182a14c875db5dcec07fb873c9f505a68709198e
strategies/H006/unique_00224/daily_evidence.parquet,3cbd35613b02cd54e76da551bb36f6d64f055c72d361d2accd90731e1cd77a00
strategies/H006/unique_00224/README.md,bb4c381f3eaa587183bf94ad33cbcc09dc6f603d6a305d4a6776539c56014f0e
strategies/H006/unique_00224/strategy_definition.json,04e6701af9196a1f17cf76b747aaeb752d981ee2333eb59918028fc76af41b11
strategies/H006/unique_00225/daily_evidence.parquet,282ad7ddaeac9a580491260923a3e808971da344bef7ce09df2703c589323093
strategies/H006/unique_00225/README.md,6b66812b8ec457baca91196426d490993d1d88038cf3a8f9398f82b83fda3085
strategies/H006/unique_00225/strategy_definition.json,db0c581befe45af9687c5b15e085b4fbda47fa2996cd5a5d5460134428262623
strategies/H006/unique_00226/daily_evidence.parquet,ece7b32a1a8fe0d35fb7d39becec19994fa82e5271ea756f5687738869213a7d
strategies/H006/unique_00226/README.md,bb1bc7c1b974361774628937e56bf12115dcf9765d53941f154790ce44d76532
strategies/H006/unique_00226/strategy_definition.json,fe2c7b5981d9d95dccbe5adc0ee2068404585b53bf1c17d5eb49f3007a5cf0e5
strategies/H006/unique_00227/daily_evidence.parquet,b2a3cbec5de39c24724c599bdac43da70c4e844b6bfaa644bcdfd03a0c3ec941
strategies/H006/unique_00227/README.md,1368a5beab25bdf45049d21f0eb4560fd5eeabd7c416916de7f6d7c9f60fd2cf
strategies/H006/unique_00227/strategy_definition.json,8249cc14776089cf95f005d1f7f0b9347881b5d14fbfc5ca5db41ab5c1455f2e
strategies/H006/unique_00228/daily_evidence.parquet,73b91e9f59e1def386218e0b548f7eeef18424044bb1d3f12c67482e1f07b8ed
strategies/H006/unique_00228/README.md,794f0ba54251ad43bf4ba75897eb7086f278d65c8462ce617e9d7e46e14d1341
strategies/H006/unique_00228/strategy_definition.json,4a0e2a62bfb5ca8cc687f92a9ad45af64d5e77a334868c6435c5c7faa3ed1506
strategies/H006/unique_00229/daily_evidence.parquet,fc42ca42d3ef42af8fbe6b35d7255ec297b7f1d046fff722b3157af2633e9647
strategies/H006/unique_00229/README.md,18d051df127bfafa1602f1d25769b9ae3911c372c9854ebf63874cf89cd380c0
strategies/H006/unique_00229/strategy_definition.json,02af668f823bc2b5d764c6aa8166dbc5fc31cbac1b295e49d837cc10a94f8f6b
strategies/H006/unique_00230/daily_evidence.parquet,043e51995f022f4deb5c061f6ac451844372e7677f9c2fddf069bad0d8fc6e0a
strategies/H006/unique_00230/README.md,64ad670162629431a33f53c50a05e30e386e851d17c40d585f70b880b5f58fa7
strategies/H006/unique_00230/strategy_definition.json,f1c27ee6ca45bff4a5baff13391c46c63005d00b4d8dc8e6207cd3232ae9080d
strategies/H006/unique_00231/daily_evidence.parquet,de4c319a6f11601185f25030daefd7a8bd55b81ab29601dc4b12ff1213da1836
strategies/H006/unique_00231/README.md,0a7fd35bf1dc7083003ee51956af606e82a4e40a31e98233ca73239cfbafc02b
strategies/H006/unique_00231/strategy_definition.json,f7253835d0ad47dd4c673bec7413813fc6b5b43b55e8374780b471121589eba1
strategies/H006/unique_00232/daily_evidence.parquet,b3f60f379b29d639040c813122dd95020759609bcb42ea7cb8ecc2c190c1700c
strategies/H006/unique_00232/README.md,468df770dbb0e3a03f99f7314b7b70c30849c4e618af4588dc4147d12ab56529
strategies/H006/unique_00232/strategy_definition.json,476b252b15366e55dadecd78e608e5d36eed7d9a67a99d3f2d9b1d023a1f8a9d
strategies/H006/unique_00233/daily_evidence.parquet,d0f4600de4c7049f00588c402f1beef7646c4309643ea0a74a1632bfed69bdc1
strategies/H006/unique_00233/README.md,1f7d97ca01cfc97311e357257655eadf91f00476fcfd691f44ee42631b09d9ff
strategies/H006/unique_00233/strategy_definition.json,aed11da536bdf28ca8cf78c478882b57d76615abf7067f42c849ec0b902f49ba
strategies/H006/unique_00234/daily_evidence.parquet,78e013773e4e37429cffcd42dd1df48bc9c98b3511c58a25b60eacc7d6018459
strategies/H006/unique_00234/README.md,528fedc0681bfb6600a1e4488dfc372490cfd488580d13e0a51f1373c94f13cf
strategies/H006/unique_00234/strategy_definition.json,dc8e2f82f9e25337328586e4d1dff558e4045a385cf9d6c54899ca7dc858f629
strategies/H006/unique_00235/daily_evidence.parquet,995a38b4624347155755429f1eac350f12a9193ae77f37f71118764d38e262a9
strategies/H006/unique_00235/README.md,dd0cf0a8af2b7ecb57914785294d92d7ef3628acf29736f9e32292b049ec786a
strategies/H006/unique_00235/strategy_definition.json,26982ed6516eb2fad4be98f1633bae6f67579d7f9b40c6898aa934e05635a335
strategies/H006/unique_00236/daily_evidence.parquet,410c984bb5c9a1deff5dbedc49e9533edf7834a8f57b908de0b2c3de3a6ce3fa
strategies/H006/unique_00236/README.md,b069e052bc601aa9b22c4ce598b81aae55ef5061dd89dea765d9301ac6f6d124
strategies/H006/unique_00236/strategy_definition.json,9a3da68d5455a09d193a03e323257b2a0203c3666dc9962b1f77fe159f00ed1a
strategies/H006/unique_00237/daily_evidence.parquet,cf7937f8a2fe82a899e9f81e8dcdd87da8bfe8c70c0cd0fa4593d2da934dbcc1
strategies/H006/unique_00237/README.md,50b2aab61eebfc5aec0152b1d39379442776a01be1df6dc2fb6c3eae18015b6a
strategies/H006/unique_00237/strategy_definition.json,57e57c07de23348f1b23b66d40581bc5112b1f8cbb83215aea1cad325638e216
strategies/H006/unique_00238/daily_evidence.parquet,786f1493c87263271b5103d3f771599ed90a183d8bd81221e579f52fa6fd1481
strategies/H006/unique_00238/README.md,01cda83b522fe2f21c926181f313c566d82c0cbff452d3ae38c9c938924b7935
strategies/H006/unique_00238/strategy_definition.json,0860dad9774bef42bb3ec6d4e75c155ed1e40c46c172543df4a1a126d1f8a4b6
strategies/H006/unique_00239/daily_evidence.parquet,efea4f79a32bee9828256c5d9c959b2fc75bc2f0d7232dbe3bff78848d658831
strategies/H006/unique_00239/README.md,46c79f051a63fea656434e22cb70675269f6eb88545196e958443651f522ca54
strategies/H006/unique_00239/strategy_definition.json,99066363d6c5a0036d7fd133f9a11dd3637e2c2cb7093132e9227379e62e624b
strategies/H006/unique_00240/daily_evidence.parquet,3c5219ccab81afe09bf1d6d7d6404d20a0b312022d4d2ec7edd4e2b37589141f
strategies/H006/unique_00240/README.md,2f158fa47e3fb440bf8a7842d00032d39372efe9d022915e418fa4ff183c7ced
strategies/H006/unique_00240/strategy_definition.json,d3b2bcfeb3d0935ca30ba9864c5c627660fa840dfc7939b2f50de06aeb303b37
strategies/H006/unique_00841/daily_evidence.parquet,66758c29c375c3f4dd1cc252006ae71ee70e341a4526ec75367cde0d8dc78e36
strategies/H006/unique_00841/README.md,44d237d94c9a300f143c5f649d9e2947f0bbc9f6e288653207ffd97b26cb3f4d
strategies/H006/unique_00841/strategy_definition.json,efa031803672b406a005cf91a43b0f69a7c5c8d8ddce29501c3e998fdd98d52a
strategies/H006/unique_00842/daily_evidence.parquet,e392eb54e1b5ab4e169750b5048253b6ef0175f4c6df5e1a31e10284c60d467b
strategies/H006/unique_00842/README.md,969b1f64c2a0368272fefe8266ae4de09e106094277c6d72b6bfd1f763a2ac97
strategies/H006/unique_00842/strategy_definition.json,7f3f5baaeefce27c253e3a453042b8516f90927719c9d72ff04e6b623ebf929a
strategies/H006/unique_00843/daily_evidence.parquet,2e96783883276d73eeeac81e21d74b36b74fb4d1807c8168d8186f0df10f45d7
strategies/H006/unique_00843/README.md,1701fdc725f9c997eaef8ea169840324071a8b913ce7aec3587b6b6dffd4f023
strategies/H006/unique_00843/strategy_definition.json,8dc02db5c9ac3864f08a2b32206451b7e19e54c52f10426d3a78100717eeb6b4
strategies/H006/unique_00844/daily_evidence.parquet,0acaca09f5b2e2afcce9aab6a14dee2d4cdaa67d4d32a31d4d337cfacd9b6527
strategies/H006/unique_00844/README.md,4736437d03c1dc100966cfb9cc47c5539e3fe24e339f5b71de203e2211d40870
strategies/H006/unique_00844/strategy_definition.json,45374b5cdc3bc6ae58d736d38ef641a9d80bb5bb8139c37629c0c7d8a44594dc
strategies/H006/unique_00845/daily_evidence.parquet,4f661a870ce6a013a7c542f9c1a7a3be3f6092ab3ec564e4ae2d6bfa59634b15
strategies/H006/unique_00845/README.md,c9f393ff815d64cf738934244fb6a00dc20d382c5cd36dae3994e389cb2c303a
strategies/H006/unique_00845/strategy_definition.json,d04a74d6fcba9e7f771a724302d8afc90412005b165f4778e7fe074c79ac23a8
strategies/H006/unique_00846/daily_evidence.parquet,bc47ca41085271ee0ad68d58885ca8cc2163501f027cdb0d50ae8677811786c6
strategies/H006/unique_00846/README.md,d840fc3815db9e3d5a12d2fd9128e896f2ff3718a4310182e7079544f45e09cb
strategies/H006/unique_00846/strategy_definition.json,5623771da93d63f43963a7508cea4cb6abdc442494aba8f6a55180ffa9893156
strategies/H006/unique_00847/daily_evidence.parquet,ae06cc8cddab55cc8f4e551698b032b85fbeaea67d24f7d961a9e45ac91b621b
strategies/H006/unique_00847/README.md,ddc547a67e79607e0d360007f4e6278f5f849577d878493cb6de8708d2ec0c7a
strategies/H006/unique_00847/strategy_definition.json,6bdc6cdf75a3098003ac2d92fc3b3faaaae02c7c24980d2163ad9dfe838d5489
strategies/H006/unique_00848/daily_evidence.parquet,bcd932947c1510219eec00a3300b62e95e020823c47c08478c66080a24786831
strategies/H006/unique_00848/README.md,507a66710660d2cd2029821d3e9b5937040cd510dfffa2702116554c872aedf1
strategies/H006/unique_00848/strategy_definition.json,5f20c3581b598e63e52fdc08e8d5b92277c4d697ceb0eb6f269a20c2d72caf11
strategies/H006/unique_00849/daily_evidence.parquet,6315acee8144fcb2c9f4fcbcef0fa668bdac923ffcbc52455f77a6c6ac81db27
strategies/H006/unique_00849/README.md,1dcdbb63b4608ddb935b97ead3c002ca5ec6693457420ce0bd1236f99844a8c3
strategies/H006/unique_00849/strategy_definition.json,19129d60cd491b7b51af7f2b6782d9fdc07093009eef0d0190c25b90c75288da
strategies/H006/unique_00850/daily_evidence.parquet,a0c8eccd7c990f59e3d857a3040b02f47fd4bc27e0e6896982366fd50c325592
strategies/H006/unique_00850/README.md,b1dc2ccf9931b88a8774fe18e3c050e2b31262404b7dabb0f33410b2829bb675
strategies/H006/unique_00850/strategy_definition.json,eded9cb03b6a054627daf601db92153225698692841ed9aaf5e29c3844296479
strategies/H006/unique_00851/daily_evidence.parquet,fa0d34c8200b1c472f332c62e1b50dff037c2ff68ff5f311fe2641d00697d535
strategies/H006/unique_00851/README.md,180f5489f75e2f6aed60a910954964312d039d14822a610fd4b81512e5ab2855
strategies/H006/unique_00851/strategy_definition.json,5f4fed83e04586b37785965eeba7ad141383492099486ff8d55d38c45a852e73
strategies/H006/unique_00852/daily_evidence.parquet,da95a19311858227b62673f051400b7ecd5687dc85d6d886a0de0e268d5f3c92
strategies/H006/unique_00852/README.md,3ada9d91f3afc1685573719dea9800b9ce6e7426e6a6368ecf31987a8ac8057f
strategies/H006/unique_00852/strategy_definition.json,33697d16a111456f0eb6711c0d83f71e99353b330b1d34f6e12d3dea18ed8377
strategies/H006/unique_00853/daily_evidence.parquet,e1baae87047ab17820da06a8df99c0c128f087a8140a2a057e0e3595dd5ce07b
strategies/H006/unique_00853/README.md,9b6da779f595024ee720e745c35c0c9b9f528eb0484eb0246d0ba0ee56d34e24
strategies/H006/unique_00853/strategy_definition.json,8b58aa6d397d8d3c5f1f83f1942f71070e0ba42c586d4fc015153b662d49e16f
strategies/H006/unique_00854/daily_evidence.parquet,3623f11177e542b1f847fbcef74709f8852c63bd00e31adf3da59c2e46221132
strategies/H006/unique_00854/README.md,afdcc0ec5c010e881ecc72e093652582aa895808490fd96f5eb7012d5282b371
strategies/H006/unique_00854/strategy_definition.json,714b7fdd5a58fa8bfdaf5dcb0d2e048467e0476a79802990a78822519e2cf4f0
strategies/H006/unique_00855/daily_evidence.parquet,c3d8dc65e55b02f2d10a4133145bd4952b2c62fbed337679a066e7e4ebbdbebd
strategies/H006/unique_00855/README.md,63041347df98670fe752e59e31ad1a7c6007d5ea0e06d12338bc0673bbef1415
strategies/H006/unique_00855/strategy_definition.json,080f31321f54f5f78ca3ec03db79044482e6ea82307e3e1736266f8225a52d69
strategies/H006/unique_00856/daily_evidence.parquet,26ebae5e849bc0298a62939a6f200023ebe33d732ae805abf16412a743559051
strategies/H006/unique_00856/README.md,f6c5a6260ea5bc49f2884d99b47057b12eab9e6cbbee590aa2d9a7aaa6a5912d
strategies/H006/unique_00856/strategy_definition.json,26aa61ede9725631a75758a77e02e49e718667c4afa8066cbf75e7341e9f1166
strategies/H006/unique_00857/daily_evidence.parquet,ce3add7383447959c611bc5d959b6da3611d95f9c9fecfbcdb3f2d0f749925b6
strategies/H006/unique_00857/README.md,81776bf3ca2a9961b29aeb6e9f882088eb225b9827c370da4cc28412abc7011c
strategies/H006/unique_00857/strategy_definition.json,2ff5f73933694f19b02a31a2b9a43a4b0fe13cf12abad7f1c44c588269151faf
strategies/H006/unique_00858/daily_evidence.parquet,9a6c69d183bff3372287160805f7d76d8731a64425c030358751fa36a4c0cdce
strategies/H006/unique_00858/README.md,b3eb10d914e917e792ee18efc2d3a95c07d81c452b4bfb6a8015e17238d66e90
strategies/H006/unique_00858/strategy_definition.json,259ffc9b1bdd6d34553cbe1689b9443b93428e2d822b3fee60f125d5812965e0
strategies/H006/unique_00859/daily_evidence.parquet,1d525255fd5255fcea156f4305a3d94d259611c3340f26d19bbee8cd55bd4ba1
strategies/H006/unique_00859/README.md,d0d1ce6154a4ecae5d0453267c623be607dfdaa6338914bbf57916eb19089fb1
strategies/H006/unique_00859/strategy_definition.json,b8bfceb680c03c6cbaa2544c741a7060a704a7106326134b78f74a60267aea5d
strategies/H006/unique_00860/daily_evidence.parquet,3c16fa4d18fd94c8a54b8a379790dfae2675e4ce34242aca0ab2c10e86632296
strategies/H006/unique_00860/README.md,ae0adf5946ba408cd98b6f63492ad0491d570ad476cd1d534fc07a046a97e23b
strategies/H006/unique_00860/strategy_definition.json,26eb8e83ff2b1d833622af15e23bc5377995b34344129224462da237d480c4dc
strategies/H006/unique_00861/daily_evidence.parquet,ae8d0487f358b4793595b13a76467f5016f52746d06f38c115cf590b87e0b1a9
strategies/H006/unique_00861/README.md,b1cc7ee26c09bde91190f39601ab91f2850ce7cb3dd4b425187e36021e4b1749
strategies/H006/unique_00861/strategy_definition.json,614af01497bcf93b13f1e4ec7dd0b25ec991122f17a3859ff540d620409fd864
strategies/H006/unique_00862/daily_evidence.parquet,eea973b979933be1e382af82da14a326cd4505e8291507a3191ef4a515acedae
strategies/H006/unique_00862/README.md,5d1f383c6143aa57d0484c3dc8e442cd3ab739956550c119497ccbb2232173d8
strategies/H006/unique_00862/strategy_definition.json,7aedbd264a52e977e0980dc0f14d45082cbb3b847d28c8f878ef68e4a345dd1f
strategies/H006/unique_00863/daily_evidence.parquet,0aa9779cc442d178481766394683010946f88ea00b80f09236090653723f1bd4
strategies/H006/unique_00863/README.md,798a52cf1af52d17c14584a2a5377d7baeb9471c0a4a54dfec94187e63712f90
strategies/H006/unique_00863/strategy_definition.json,71724dd461976806deb74edcb2498247ac39c618b81b5540388416ccbea6300d
strategies/H006/unique_00864/daily_evidence.parquet,9e5a78615964c8b4caa300072ec78b8eb2220c40c68b7633694256cff2f8bc8b
strategies/H006/unique_00864/README.md,15c8e8a9c0ed0a17bcb61fb3ce4b73a92d531c95c24fdc03d7275599567ac720
strategies/H006/unique_00864/strategy_definition.json,52996dff7dedeb35504c94bdbe941d0e6600ad8889fdc23a25b9e36f141c7a91
strategies/H006/unique_00865/daily_evidence.parquet,14a3146e47a20312150c54fd33b4050c42d1624e1d011e7b6f5a9b9608775f42
strategies/H006/unique_00865/README.md,918adc8a7c9b28ddcd730d6ce75a961049c45ef5a5c8f2cdf6f94f13763e3e5e
strategies/H006/unique_00865/strategy_definition.json,02df8a95e68e068fa7fc88da59dbf435269370660e102b556fc913a26df6ef20
strategies/H006/unique_00866/daily_evidence.parquet,01d7337a98837e71f1590be2f7355e3f4c0db3cfbb7e628e5cd1836273d75508
strategies/H006/unique_00866/README.md,fd0aba9b5885159e067be108d31c020613618eaed722d66d45cdfaf93b7d9aaf
strategies/H006/unique_00866/strategy_definition.json,f1816633334031f4189c123b2bc568e5c12aa176a6e0aa84a6e1cee7d7eb4b39
strategies/H006/unique_00867/daily_evidence.parquet,867c9bdf8405fd739e190dfa9dd110732e38c88bb3f65da4272fe9ca5e12e81c
strategies/H006/unique_00867/README.md,e2011aa9c1d3553145f1bb73bebd1f0d387ef55eae9ea507d34c5d30c13c00c0
strategies/H006/unique_00867/strategy_definition.json,a68391bde6c1c6ba58d58bb56c1775310f98e0c1a802aac2b70e291f68c42f2b
strategies/H006/unique_00868/daily_evidence.parquet,8d0ed73eb002130018a300034354b7abcf196e09c4d31449dbfa5a09642b1ac7
strategies/H006/unique_00868/README.md,8892e2e4198d0d72f68e06fa81d4200abd3dc9cdb31498b065ec87ea3be0def9
strategies/H006/unique_00868/strategy_definition.json,9b80f513b31cec97a6e7a53f5862f23f9fef92dfaf8eac2b90971858a53c3664
strategies/H006/unique_00869/daily_evidence.parquet,f28c6e8e21ea18b0c00bd2bbcd8bef9fa3960851a7aa000deab4c11f98346430
strategies/H006/unique_00869/README.md,e6ff6d05a5bc302e93e565c8bfd32bdd45212201bd510bd4a11e1f6d27d2f5a7
strategies/H006/unique_00869/strategy_definition.json,614bf9d8399a4c187e43d82b4b818da6b1a411ed779a71447b5e98f042cf4f47
strategies/H006/unique_00870/daily_evidence.parquet,f157ee684b2d543fe1902ec8db18cbc46d4dee4ceb443459c98f1a68c42fff95
strategies/H006/unique_00870/README.md,cd5ca543b87b1d0480a5d3917157f62d51513dd4e05d1c22712ebfa5ef567e18
strategies/H006/unique_00870/strategy_definition.json,7e06b1a3550b07d674dc2b50aa058495a5eb7a5483e0044da2e3cb053cca4d38
strategies/H006/unique_00871/daily_evidence.parquet,3e81d6646085086677b289a20dd45db6178dedea66c8d4967668d4317a4c7dc8
strategies/H006/unique_00871/README.md,2a657675726cdfad85f39a0b296b109d0eb742479844a82891bfcb3ac160eb2e
strategies/H006/unique_00871/strategy_definition.json,81e2369acdda30017ce74389649f55296c589875eeab83ccb954d903bc7be829
strategies/H006/unique_00872/daily_evidence.parquet,00bae8da5daa5e489eb83fc45bee7bb0752c4fa8d2bc083c90f9d671102ebcdc
strategies/H006/unique_00872/README.md,934a31a09b385c2974a08d615bd72888fc8330bc7392e3eceb263aecaf4124e3
strategies/H006/unique_00872/strategy_definition.json,2dfbd6dedbc8683ab67bb8ce9fde85bce462dc5b82edf9e947399d373540f242
strategies/H006/unique_00873/daily_evidence.parquet,36ccfe1474335308a91ae03a115022da1e7e409426675a852c34d9343642a711
strategies/H006/unique_00873/README.md,f159298af04d185cab5b44992c7fff0464bba37f7cbf4d9957f1cc7c8ae24f0d
strategies/H006/unique_00873/strategy_definition.json,586f49505d0223d8db9c6b19557e4c2401e2b252d8104714968dfb7208923e27
strategies/H006/unique_00874/daily_evidence.parquet,5f19920fd22b7d544628da04af030f61334aac0725006485872a7729bca2c17f
strategies/H006/unique_00874/README.md,4fcc5188e3532576d69f5850edabfa08393ae8c10a68241deaf4ec49009ae058
strategies/H006/unique_00874/strategy_definition.json,fed3b15a9514107a554a77f810938f5b3050c1bc49419867a468c2067c2253d9
strategies/H006/unique_00875/daily_evidence.parquet,2245dc08ff98b9ef9f14556ada7880ba28009245190342fc68bfb1b0f51bf4e1
strategies/H006/unique_00875/README.md,71b0842be2dcef2df10ab130e9b13b36617b1090b54cca7fbd73ad82e6681ea3
strategies/H006/unique_00875/strategy_definition.json,a1f2433c0690027856ac8bb0fd1544c9baadeed9ccc8ac8d128e62a60a42b1d8
strategies/H006/unique_00876/daily_evidence.parquet,05b26fb3043e007236003ebb7d70492c687d67a348eb31ef64c76573d87639a2
strategies/H006/unique_00876/README.md,13c843e19d69ce6471f2c286084d78c3a34f710f385224fa27d7c8634b45c48d
strategies/H006/unique_00876/strategy_definition.json,5923527d78b9939d357f8d29006685cecad1d1ec2a97e8e3917a151b4101da80
strategies/H006/unique_00877/daily_evidence.parquet,4124a9911374b62de769b38d0beca01124011a58a0b8575bb24221b891d9df98
strategies/H006/unique_00877/README.md,37fee82e9a9dc6199fc7d5d77463e5f17264dda164b696d814cc1cd4b3bdf70e
strategies/H006/unique_00877/strategy_definition.json,e7c05d143b3fc32bae2bb725f30c19e914507868dafd9633c85bd0ae6d903fe6
strategies/H006/unique_00878/daily_evidence.parquet,11c2d43ae7cd5644e087f9d6af1397407a8254840dd9ad799fa62db24e4ef6be
strategies/H006/unique_00878/README.md,56aa09206fe628389a9981e23b8998df43c7e807710fc673a8591a40c557ae31
strategies/H006/unique_00878/strategy_definition.json,7920868f215b4033b5a7b3d008a64752804c6906acad8a537e32ef5d6ebf4bfa
strategies/H006/unique_00879/daily_evidence.parquet,3d7bc8e87e825737fe3a575b80bea5f52fe75fe6c12d1d3240cf06a89306d0ee
strategies/H006/unique_00879/README.md,7fc8ded3c7d1e547de4b0ed54f31e9bd92b7096959b6a774802f96417018ae03
strategies/H006/unique_00879/strategy_definition.json,105951021b9d724f93d936fa206b47feb4fab27749a84a957f4e9ae5c540f39d
strategies/H006/unique_00880/daily_evidence.parquet,df68868d22975fb0aa9ce0c6ce665ab7a96cd95cf1e5e6fd54048d96bfe8b52c
strategies/H006/unique_00880/README.md,0313b9785d6082bef7fb3d082a0144bf5c709007a3ea5a3edc81aaae9bb14531
strategies/H006/unique_00880/strategy_definition.json,dcf2de1ddafdc00d03734cb19fdce92731dbfc46b66573b4debbc9287805db2f
strategies/H006/unique_00881/daily_evidence.parquet,282e45e658ef684a7319421d2e42e19dce13e1123ac69a7bf1c95b1fe7ede895
strategies/H006/unique_00881/README.md,a4bac115ce306490e721e1e2b23f1f327b33b527cad89c96efeba5a84a952b21
strategies/H006/unique_00881/strategy_definition.json,139176517f714dc563b68740db85d2b4d3e24ecfd5e8440cde855b3f96a7bbae
strategies/H006/unique_00882/daily_evidence.parquet,9d04b6f8fa4d473f6db9a55dd88535b5c6f50d1ff9f18c030395c5e86e0ce26e
strategies/H006/unique_00882/README.md,5e3e008a0011909e99b3b72ad0192d550a560061d590a092838271b2a12b2b35
strategies/H006/unique_00882/strategy_definition.json,a2ced8eda55de24a084ef5f61764071c269a2b6eee09724603e04391da331f9d
strategies/H006/unique_00883/daily_evidence.parquet,c7127eaa67ac71f1b4b1bebf8d0a9f25abea5bc93586d38d825750756745f7d7
strategies/H006/unique_00883/README.md,73162e9d797591f9b5e88d38c0b71e83b26d141223426a46050c6c76060638d3
strategies/H006/unique_00883/strategy_definition.json,9aae2d6c6d12d4f5c947f90f2e0939443b29ef8599e18e5d9c1bc7843162e784
strategies/H006/unique_00884/daily_evidence.parquet,01211b28eda5d9c219f4da3a2dd654438e969680ea5a8ea95ee4184534527b83
strategies/H006/unique_00884/README.md,8d5954efe8f5e872349ad66183fd9bef1e90eefe628874f5282de96f44949757
strategies/H006/unique_00884/strategy_definition.json,ad35d0a5bf94e9a15e4bd31dbae157362a7f81167749822fb05b661720f9706c
strategies/H006/unique_00885/daily_evidence.parquet,af75a29b27bf6176fa72049df2ed5589ae73bfed09325b27f1d05c63c63a9ee1
strategies/H006/unique_00885/README.md,341ab43d3bd323338bc31fbd1e0bc53290636e5a3991b593a251c235e9f6ddcf
strategies/H006/unique_00885/strategy_definition.json,9ba2f9055627f84d14d6eb1776c7e66837a84ce2b57c1fcc8b749b281c28ada7
strategies/H006/unique_00886/daily_evidence.parquet,6f7071c4b3c2eff8fc75b79f4d91c3a1bf3e23a9239e52e1beb34b613a2aa059
strategies/H006/unique_00886/README.md,67f0c8ec94944ea391e0751dfbe5c160a6181009b1405a339776d7ad8590adce
strategies/H006/unique_00886/strategy_definition.json,348c71d42dcd1fe9e0aa3cb02a46eca9a155eb2567f472864dad8be699662767
strategies/H006/unique_00887/daily_evidence.parquet,b3c14a22c8a73a339ee08918b6f08533de667e82eebb1cde4d6e965940c65163
strategies/H006/unique_00887/README.md,afcbde7ed65d3e52bddb52f9594af287e7a6ae828154eca066d61abac152be7c
strategies/H006/unique_00887/strategy_definition.json,e496a0bdf016084166232ecf04ac2a4df6692da0c63fde8190c33350a83e04e8
strategies/H006/unique_00888/daily_evidence.parquet,a4c248874073509e354989a52d13204b980f492449f4eef90f939821dc8c56b5
strategies/H006/unique_00888/README.md,65ac6cf7dc501149f47cd288ab96ce49f8de2fc12a3f4275371fad54aa6692cf
strategies/H006/unique_00888/strategy_definition.json,63bb24d0afb65a42791da5d545ed5a3b9c21808e41f9ac37dd838720d0a8332e
strategies/H006/unique_00889/daily_evidence.parquet,a18ad95c3eb2631317ac14d78bd896d873a06eaba9bfd8b13f4d41191902e7b2
strategies/H006/unique_00889/README.md,67f550ad1baaf18799c5e7f0f6809155c8b037ca05cb46d689f4fa3ad5f1dc9e
strategies/H006/unique_00889/strategy_definition.json,d6d3c1e0f55cc019843aad9c6a06243a01853080c3dd97818d2d7673eb3e057d
strategies/H006/unique_00890/daily_evidence.parquet,1a4194b3a42a265fce81d5cdbded3c95973e8de0b8222cdda52ab80fe30d01e9
strategies/H006/unique_00890/README.md,00c3dfff93fb01990dcf5e8abc90f96c954cb6fea07e5823e8e8de629f80a287
strategies/H006/unique_00890/strategy_definition.json,1a405648b28b468e2f7fb7dc7c642a5599b2bba8154952b5b5fe183561e014b5
strategies/H006/unique_00891/daily_evidence.parquet,8cab2ab667f7e8d04a58af98a357ac1c404a96ceb806cad6e1a24873741588e0
strategies/H006/unique_00891/README.md,125ec59d41410b2b273c5d5cd02e886bd01ccb3821791858784692d455f52be5
strategies/H006/unique_00891/strategy_definition.json,c41828e1d3d01f59130d75b36ff33f9686d1f9cf34e46e0070e1ba18a1f63b97
strategies/H006/unique_00892/daily_evidence.parquet,d3e0f5db04df17b095fd718e7d2883757e53e9b5dd84affc86ca76fb0e4169b6
strategies/H006/unique_00892/README.md,7f9ba4ac4d14b828a1b2b38167ad7ec35072a25c7d0381bc5570a05f95a4623e
strategies/H006/unique_00892/strategy_definition.json,296d8f018e2c1d76356dfbdbc791fca7e459d105ab9ff8be1af9bbfc6906fc96
strategies/H006/unique_00893/daily_evidence.parquet,41c6c7318682797b9255befcf172081261e67553eece6a868b9f49543f550f74
strategies/H006/unique_00893/README.md,18c4d7e67cc4a8d119904acb2c460440a20edd81442bffe5a3ffcbaf07f8ea8a
strategies/H006/unique_00893/strategy_definition.json,cc6aefd8649fcedf971eb88e450910d40ad2cc845ec393c653d3e5713be3b1a3
strategies/H006/unique_00894/daily_evidence.parquet,f215de9957a0749b991bf99dbf0802eda52f2786027df160e2ea0e3a98aa5e0e
strategies/H006/unique_00894/README.md,fbbde59b88b89255b33b91c989abf919c55a59ee18bdba6a395f6b73ebc9f15a
strategies/H006/unique_00894/strategy_definition.json,b0f913092b27417667c9d761647be6f4839f357491cb7192d8c256e22caf2026
strategies/H006/unique_00895/daily_evidence.parquet,d5f8004994705d3fe84e8e370517d408bb97d820f601d36f2d4523348073b465
strategies/H006/unique_00895/README.md,8885f5d1529092e2e6bf309dd9096a659df144afc3a328f35f682b7c3bcfcf24
strategies/H006/unique_00895/strategy_definition.json,923deb9f58ead97c2c2f3d14cf0705651950570341a977922a861780016048d8
strategies/H006/unique_00896/daily_evidence.parquet,6fcb95f1939a7c7a8a176fdda120056ae19928b95b8999f6705447755a1fcd69
strategies/H006/unique_00896/README.md,ee9674cab5e35d2b410a1e4ef9e6e380f106bda2d21af9c5b5381ffe27804460
strategies/H006/unique_00896/strategy_definition.json,522b3e317d9d87ad084bb2f78681130f014dd655c44de61bc48e209cb8e0126f
strategies/H006/unique_00897/daily_evidence.parquet,f2054136188bbb59fce647ebaa6dd6387cbf9a769ed2ea08ba88cece5ec4a75d
strategies/H006/unique_00897/README.md,90c506992eaa58b0aa222d4330cbb3bddd952f6c72189c47b1f5e26a8d38798f
strategies/H006/unique_00897/strategy_definition.json,b5dbf35c2e095713e5219f9c3fb253a5cd2a544366cd2aa2cd1c762ffec2c05f
strategies/H006/unique_00898/daily_evidence.parquet,1de33cf1185108bb438e6137f57f0efcdc1404dcd6bb07f3dabb6a67d4108f1a
strategies/H006/unique_00898/README.md,c322af8d226dcc2aa11f878dc39b747d44aaef4e167d21cbae6cfeb56b659c77
strategies/H006/unique_00898/strategy_definition.json,cebbd48fbc38564012d8b8cd0eedf0afe209af316fcebb0ffcecab4b194c7fa5
strategies/H006/unique_00899/daily_evidence.parquet,b8ccbd956c5cb7f498f1abad55540bd94bea34f02fdfc0893557e29abeb3ad10
strategies/H006/unique_00899/README.md,fee790d98b5a1ca4262169bf3e12473e1be9ceb8dbf54cb837275078c456c15f
strategies/H006/unique_00899/strategy_definition.json,9c86e8e09a6b6e906dedc51757d2da4b0856073c73b4696ff0ed1f1d0455d20a
strategies/H006/unique_00900/daily_evidence.parquet,53916cf07be8fbbb553e81663c40d59225fdc091d61593207e8513b893416964
strategies/H006/unique_00900/README.md,846fa88fee4ac6346a90a0c75254db5ec90ba88d2dfa0ccd865322256ef4a159
strategies/H006/unique_00900/strategy_definition.json,f07d61456ca7925c4f9e5c6b7c2b2cb5f6d8348bff08d3c0a5b346ef6c287cbf
strategies/H006/unique_00901/daily_evidence.parquet,3ea9a9aa54efb6139b23b2b7322eb510194e60d5596fc69272c46d11663d87a7
strategies/H006/unique_00901/README.md,abcc50e2855f8a5db3a3e8ea53b47d82ef99f1805ffa8d5fa027b11799956082
strategies/H006/unique_00901/strategy_definition.json,f4639c119d13f5948af1b21a6f2ec1ac0b1278b61920aeca2065b9d68173cefb
strategies/H006/unique_00902/daily_evidence.parquet,5d49d75e21ce87d542802b8f03d4597c4aaae58406cbb8cda8772fa270f183a6
strategies/H006/unique_00902/README.md,bf8062928ae0fdb9cd8ec491dcafc87e328ca80d6576f31e955d6f604511e1ed
strategies/H006/unique_00902/strategy_definition.json,5cbed6dd9c93ed9b934e3c6e22a3a5b212750acddcd36c50fe162c578f1340c5
strategies/H006/unique_00903/daily_evidence.parquet,20202503dcc7669eed6eec63c026d5f95429a21dff1c0b620d1206c365a864ec
strategies/H006/unique_00903/README.md,32f96ce20d5cd09db6a0062c9e495854a8e5d32cb8660e333216468c86d0c4ba
strategies/H006/unique_00903/strategy_definition.json,30c1a8b638cf129b328865ece3be71df456f37958a74abf9ed456263ba10aeee
strategies/H006/unique_00904/daily_evidence.parquet,93c9bbabcc2eab52a49081e07069d4f6e3a6df604837838f5360b9b111adcf18
strategies/H006/unique_00904/README.md,9ed46c7cf0865a706d245497e54e3a93bea1f7c4fcb284b3e43fa3a70ec4d556
strategies/H006/unique_00904/strategy_definition.json,cd4f0fd34ab2719b1083e3843ae89375962247e78b3c3953abdc538b61da4a71
strategies/H006/unique_00905/daily_evidence.parquet,182f97bccade511d73217547a905d2f79f138ba12a9d39e6f0db82cef30b381c
strategies/H006/unique_00905/README.md,b6e033d7d3b0eac4c93e1e0c5e0f139c4f6d39102d7568e8ef2898438534a7f6
strategies/H006/unique_00905/strategy_definition.json,c558b3b5aca9cb5f5c94a85319894ccd645ec99fde31fb2f83127122b592a0bb
strategies/H006/unique_00906/daily_evidence.parquet,fad7d2b3c3fb6d7b5b31e23cf411378f446bbf60cf97c5ba4fe5b58631233a1f
strategies/H006/unique_00906/README.md,b8fdecdb076bed2d209db1c642af218b5d1a942193abf3503e6efb1bad20d2d4
strategies/H006/unique_00906/strategy_definition.json,0278e617808efce85d9c902fcd54ffa54dad146d2b16f444f9ceb6ef1390bbcf
strategies/H006/unique_00907/daily_evidence.parquet,3b28a2009c3d0ca163c215f42a0b526bdee73974f4f15769a2eeabe28c9a146b
strategies/H006/unique_00907/README.md,dbf010a9caf208aaa684f426884b8350789a11dd5262c569bb312f865323bf46
strategies/H006/unique_00907/strategy_definition.json,77df63ea616e12ee1ace27269d577c9ec498ca21f66b8d4509195a5bd198e15c
strategies/H006/unique_00908/daily_evidence.parquet,069e44e86cc1296903622b9cf94ce51c060d80785d1bf24d43fedaac59893140
strategies/H006/unique_00908/README.md,f77742e60fcc22eed34f342fdfd02e2f34ec5b4686a0dd1626cd29ddd771b7c9
strategies/H006/unique_00908/strategy_definition.json,ade4ede55d0b0d9cce78af9ba7bb4599b7537eb1b76ff994a4a1030fd88b2f0e
strategies/H006/unique_00909/daily_evidence.parquet,d5a4e7a03db633edd43538d2b4405215162a7ece8b637962172e15d45efd8cea
strategies/H006/unique_00909/README.md,fb280e1de11ba1e2e9d9664ab7c14e606ae2403083f07d5b5183fe386581a766
strategies/H006/unique_00909/strategy_definition.json,79a53dbcf13de7d43a3638262e240df9926b772b3407b25a201bc48e179045c7
strategies/H006/unique_00910/daily_evidence.parquet,12b80d18eacff1497d27e20f42c38625cd37812452979799a4a7f5e8f69a7c26
strategies/H006/unique_00910/README.md,e810207047144285db898b4d693c51d7000a01c4460fa4ccc7ce0b9728c8a8aa
strategies/H006/unique_00910/strategy_definition.json,c1ff6d0c8000307ca1d33b7f460b35ca7e60ede04140f434df34dc6dc98f7871
strategies/H006/unique_00911/daily_evidence.parquet,b6f8e02a112160a3d78f8660a9cc15cb0059300bf6dc52092b836adbd10acc6c
strategies/H006/unique_00911/README.md,fe0f26f034f1d974e52fd907d19411f5b807d5600b9a80ab959b7215bcae66d9
strategies/H006/unique_00911/strategy_definition.json,d4126d1de07de82df673e53a99e1206bdfd074bd631eb25464010b3cb1b5c58c
strategies/H006/unique_00912/daily_evidence.parquet,925a1b7d3cfc2478636a71db0d40350b738c5af318191e27889eda9278a4fac9
strategies/H006/unique_00912/README.md,bfa5377fbaff606391d088310fa2e5666f63f765658dd3cddda019c12c3921eb
strategies/H006/unique_00912/strategy_definition.json,06ed7241c80bfb2a562a8e2947b9a7a9b2abbcfa6b861fc4279861855730f568
strategies/H006/unique_00913/daily_evidence.parquet,01c396c726f7fe16917a3956e6fc0c4293fca0df0368962c2513a70174403a9c
strategies/H006/unique_00913/README.md,946b15435f6b668e4b8fc65f3802a1aec1ec0028f7e537b6b9ed36a4aee3c40d
strategies/H006/unique_00913/strategy_definition.json,1c7911289b2bfae483f841c2ecdc46a6b97a5883cdf88d83144107cf5cedbb72
strategies/H006/unique_00914/daily_evidence.parquet,5fa53b1551a9a66a320c1e931a9ed0eca40bc4f3327aedf666daaca14df63892
strategies/H006/unique_00914/README.md,763912730a5d1ffe2022d167c25e7f9faae5b3e35be42209aee1831890485ee1
strategies/H006/unique_00914/strategy_definition.json,b211d69816c1d64f8bbb4e24fe187e8b7a5b11b11f57a2737b6c750a253300ba
strategies/H006/unique_00915/daily_evidence.parquet,5e4c841d39fd876a0ed2308986e60ddc4c7fafd8dc5355eca009fc00e2b59e43
strategies/H006/unique_00915/README.md,51be96ce15f32eca678fb6f749f618d050fa2191b0db63312a1f5f3ee4113064
strategies/H006/unique_00915/strategy_definition.json,0c9377cc2177a1a99280c264d371c17f0935714f1bc46a8695d2486db50763b1
strategies/H006/unique_00916/daily_evidence.parquet,18e63db8d9d6c138417a9103ea49a1403e5796b14f915ec0b1254c119e98573c
strategies/H006/unique_00916/README.md,27681100d9c9df14c6a7a939a5a1c9c43b39c962c35f242e04e594b3159e6229
strategies/H006/unique_00916/strategy_definition.json,890706a7f95d2ba98a237d6eca2966461e83a1b7433884edf449dcc414fb797d
strategies/H006/unique_00917/daily_evidence.parquet,32ef0c6365acc963d2b06cb027cb37854028f6a771905a062c9159c1a4e531df
strategies/H006/unique_00917/README.md,66e469b32c4e2ade1d59bc72eb35e4bf462752b913bdf869a3ed04ce892811f8
strategies/H006/unique_00917/strategy_definition.json,4ce7be0aa199ace4c50719dc0354a7eabefbc0e07745e31a0831854ab495c51e
strategies/H006/unique_00918/daily_evidence.parquet,9ec323cf26cef6b4bbe2dbdba533b3bdbd63cba33ad12bafa25ca1df7de54f44
strategies/H006/unique_00918/README.md,6f118a294cefefa1c7e0749a77786c8e15d9ca120808f9f839f833de00625104
strategies/H006/unique_00918/strategy_definition.json,73997c8c58e7a0d635d454937ebcb2dcd936bc3503ca6f9928c762bb6d3258fe
strategies/H006/unique_00919/daily_evidence.parquet,277fef8af7fc4684b961be10dee88e7b7790a558575157998191f9e787f149d8
strategies/H006/unique_00919/README.md,c7b5ea682146586313bb3f72d8b0c905c0cf5b6e477e2a8aeac8463e59518eb5
strategies/H006/unique_00919/strategy_definition.json,84ab7681dfe182d32b2f100067502481133ec8d00a96303f2e35ef5937e3d5ae
strategies/H006/unique_00920/daily_evidence.parquet,46cb12fbf928d2e0bcf88467fc2f7f1919b772f0468836a928f15904423c5594
strategies/H006/unique_00920/README.md,98ff87b46dd600a0a811ed55b1367dec07fd0f602f3b0cf93b8641d5a32c3eda
strategies/H006/unique_00920/strategy_definition.json,16564edf85fa5fd7d3c45bf7633174e62c188af38ce753c9346b59617e883f4a
strategies/H006/unique_00921/daily_evidence.parquet,3fd0d9a809c7946dbbff199fc1c081f1496dedf283672321b724c7b2828e3269
strategies/H006/unique_00921/README.md,181cd59e534ae7b80b143334255d561c43533e3ff34323c357067804c1be9f6d
strategies/H006/unique_00921/strategy_definition.json,5a3b778ec528203d6c84f2c6bb0bc3320556431e5635af2b95a6cf433adedadd
strategies/H006/unique_00922/daily_evidence.parquet,ea5342aa0de05c8cc5fb94497ccb5b219853fc376053eb2b22bd00a24f8820e4
strategies/H006/unique_00922/README.md,37a4a7ee0b3a995469239f0e43ffc18fc89d39bb5d0059ad45eaed57d76f1f44
strategies/H006/unique_00922/strategy_definition.json,df4655a7ae1f7880d872bd1e29afc55aa73db42c79688cf44908814a4dce0743
strategies/H006/unique_00923/daily_evidence.parquet,d91c76efa8590251363a9768670481b926c4435bb27218710bbc530af0386ee1
strategies/H006/unique_00923/README.md,98f5bd1f062f5d484b126fc9c8eb4ab98d548395136457bebc21325d203c8df8
strategies/H006/unique_00923/strategy_definition.json,0dda4f88f93e74e9fa81812775a621d558b968b4bbde304a5786e68150e12979
strategies/H006/unique_00924/daily_evidence.parquet,864f25aa620bc70ae80f942a47a438eeebcf02a1d62cdf2f8cfa41b85ca9446f
strategies/H006/unique_00924/README.md,61db532c80430f8af53f57016bf035e00779af3258ca33edb6f35864715d4e21
strategies/H006/unique_00924/strategy_definition.json,1e3acec5beb56bf0b81291b1c2ce2aa7414c716e3032191527f2516a208b508d
strategies/H006/unique_00925/daily_evidence.parquet,5082c4a47b70daf36ab900cd145f56db797eba13746a96e95eb650eeeac28e2f
strategies/H006/unique_00925/README.md,d7b2f97ca84c3651942a691e3b8b121185e1e31e7b5c9d483b1dcd8b8c5f5501
strategies/H006/unique_00925/strategy_definition.json,72fde3573b197caec4babd6a277c887cc31f806235eb28608b688e4cf3f9db8d
strategies/H006/unique_00926/daily_evidence.parquet,54c6f9705a914af52a6a8ed34981e7eeca7a635f0c2ff77c4b9a44ea3206f6fd
strategies/H006/unique_00926/README.md,877baceb8215edf4f8d336f9e61a466ccba81687ca81d5e9fde6b5a672a7caa3
strategies/H006/unique_00926/strategy_definition.json,3e3568cb627a64b02498e1b615827dca31e0f370780b1369501bd787c8574902
strategies/H006/unique_00927/daily_evidence.parquet,337ff9d7669a7dff3511215bf15a2a666cdc9f52d80bfce6c837b6ef2183e2ab
strategies/H006/unique_00927/README.md,d09083febafb23abf85918d048739c71fce54c6f7a9bea0b6058bf7523d37e8d
strategies/H006/unique_00927/strategy_definition.json,6e7c4798a9a6224616991ad50a1e4a36c5e9492ab8f94a5e7a425e438238c4cd
strategies/H006/unique_00928/daily_evidence.parquet,9d72b22f13f45de4026cae89feac7dfe2b623b43122d39cef86552b927fdd90b
strategies/H006/unique_00928/README.md,52a2c91180806a5a2f3dc146c0659210f14e6619faef0b4a15e2ad0a82c4e958
strategies/H006/unique_00928/strategy_definition.json,d0865eb2776f974dd80c8b7d7da601b624d8b8df8d9099bb021fddba24787695
strategies/H006/unique_00929/daily_evidence.parquet,be4771f2bb1e51c9d91cd8385b6d4404945cc0dbb1fe9eb6b42d7522d4d6ec7f
strategies/H006/unique_00929/README.md,1b12d0fa96f7c0f9e20182d091ad03c76f9bd2c94c62db26949cca67089198f0
strategies/H006/unique_00929/strategy_definition.json,795634fae2412568005e695d75c8f69abd519f5f773d831a5883d7e290d4fd71
strategies/H006/unique_00930/daily_evidence.parquet,2bff7f3d6ee364ac31daff721789b81b3a26c4bb966117f686a63316847271ba
strategies/H006/unique_00930/README.md,28334ccb0e730bc217bb72334d705912b19d577c671f7d2f7c2e86f3e4d543cf
strategies/H006/unique_00930/strategy_definition.json,466c1bec635a3d2049247060e16651f2bddac1d8153a140e893b3a4fbbe49767
strategies/H006/unique_00931/daily_evidence.parquet,6a09c45093a023fe88c1848744b591f73c6308f2484e147038e7ecbc2c5ed826
strategies/H006/unique_00931/README.md,06e26b6932f6be984147d4da0100528dd622688fb01e0b4efdebe433df8c5879
strategies/H006/unique_00931/strategy_definition.json,9df08236aa7a9d4ab1d572f3e002673db8b2641f2192ced9c5ecc15967575c9f
strategies/H006/unique_00932/daily_evidence.parquet,09a4fcd4bf62b36450a46fd1e378e6f71f2373a31795a0a29a2512b6fbb63ad4
strategies/H006/unique_00932/README.md,43ca17ac9ac7b9453b61d9c422d433ea528bf7a89cad8ba8c1de4721fc6ecb8d
strategies/H006/unique_00932/strategy_definition.json,0dd28d7214232a19e317d7b0021940175dfa85696906217b0e80e7da871e1935
strategies/H006/unique_00933/daily_evidence.parquet,c75d3af7fc86ed4aee0a68f9b6d3889d4fdb2ef792055f1822196c6a38339fbf
strategies/H006/unique_00933/README.md,98b5e6269bbe05e414ee471946ffcf70d76e6b98d12a0dbd71c21a7a3380b479
strategies/H006/unique_00933/strategy_definition.json,c9e2049424f6603f8602f3eed06973361edc37b0db2b8a49c4606a96d60581fa
strategies/H006/unique_00934/daily_evidence.parquet,3880d819b2e894a03d5e183c56476a0d3936dae39e6662a182eab8eb1c502e68
strategies/H006/unique_00934/README.md,b89f1d14e4431a8ca77cb857e80c8d441f09e0e1ea972e9df88ab3e7c06d9fa8
strategies/H006/unique_00934/strategy_definition.json,d619da9ba8f0bae1785011b26252f97aafa83c7c09ce51712067bb7c99e639de
strategies/H006/unique_00935/daily_evidence.parquet,6c8ab7dd5ab9b483328421660025aab9d5b4ffa02e69decee7058a6cbefeda59
strategies/H006/unique_00935/README.md,9ec30fb49ace195d993f506f8ba51064446711a838a267d8530fdc742f7ee6d3
strategies/H006/unique_00935/strategy_definition.json,2fd543834d7cfc27516e46c26f2ef58bf89c76c8084e17b3ce6f319e94823e7c
strategies/H006/unique_00936/daily_evidence.parquet,5a432017904424cf6a30c8c3a4973f6a8808db7dcf4ce94722204ff8ac2740ee
strategies/H006/unique_00936/README.md,5518153b9e6cc7a0e92b8c169ec444c2e14881387eeb9cf94b934a4d7724b744
strategies/H006/unique_00936/strategy_definition.json,5c2d37a8bec4edcb9b04bb36b653903540b4416327d423d725f4a588a39e2c47
strategies/H006/unique_00937/daily_evidence.parquet,aabf0f2078c7a1b58881019ca3df556f3bcec660dada25dc4d3b76e851dddb91
strategies/H006/unique_00937/README.md,dbca67a50b3eabd3569e7176cdca0edec2691575dbe9bcd3aeb142bf345e99c7
strategies/H006/unique_00937/strategy_definition.json,056f2dcf310f16d0681609adb4e5788bf067ae92491cab22bc0a8cf1bc8634d1
strategies/H006/unique_00938/daily_evidence.parquet,92013be752dbc8246ba912c0df2cbc6cd3745c5d835ffc4e0792bcef1fd2af0a
strategies/H006/unique_00938/README.md,59ea9bdaf2aa9cfe4fc96932816eb2f400fc46fdbe8fa17016e9424d08a53ea2
strategies/H006/unique_00938/strategy_definition.json,246c4355ab7ec8b422bad220d38e46e29d868ca51854dd16a59d54265a76a0f7
strategies/H006/unique_00939/daily_evidence.parquet,04de7a5e32a337de9e7f492c60faf720f5a0bd3965626e27f1e5f2518b982238
strategies/H006/unique_00939/README.md,9b5f8cf15df84fb5484770ed33ffdf3eb1133353dfda6abcc1ca4e9ef9004066
strategies/H006/unique_00939/strategy_definition.json,808e649b411743e22d10fa89eb564ef8311086de1095f1b11892edcf3b764ed1
strategies/H006/unique_00940/daily_evidence.parquet,37f27e3077e3d4f188c0d6f328d1370d89fe90f1241a2b5efda8c861272c9564
strategies/H006/unique_00940/README.md,6964dc783db934ca09b2b452db526343680b8eb12f6eaf67e2b633cb19b3f06e
strategies/H006/unique_00940/strategy_definition.json,bb089093f3616c56b35f9d6399a2ea522a5d7968bbced372268c931b80a1af5e
strategies/H006/unique_00941/daily_evidence.parquet,d88ebb7946815968aa1f1e2808c4b6cdddca8e9ee8386bca1b664b76abc7622e
strategies/H006/unique_00941/README.md,f36083f25173cf490519eb9c2858b90e44bb7664c0e4e3c3d594b07b04f74ae5
strategies/H006/unique_00941/strategy_definition.json,553c1950d37f73fbeb3a7dc8c91a5b69a5b05a844ce245e9060c1f88caa6be68
strategies/H006/unique_00942/daily_evidence.parquet,cae0e205bf1bc2353804973886d5fd9da1a0e6f46e234136c5215fd0247163f4
strategies/H006/unique_00942/README.md,937eb58dbaf92ac9d4e1c8eed1d6e98ecf4b1a9e8a63b78ae7ab262dbaf7ca5b
strategies/H006/unique_00942/strategy_definition.json,d7637165088712cd845c2bf13d53ba295d7143d3677c24796e883a05fcda0fb5
strategies/H006/unique_00943/daily_evidence.parquet,9f4782bc4174b18bb7880cd7c74e30bdd34fbf39f2a6b7fcdd8c790eaae1fd49
strategies/H006/unique_00943/README.md,7d19d9cf7be6aafdc153d2e07bd38a6148ed53cc6fbbbbd89147da53802cb0d6
strategies/H006/unique_00943/strategy_definition.json,d4b82a4d5f6bfdce1666663788ae883aac2965c2be0bb8a8a4b4644338121771
strategies/H006/unique_00944/daily_evidence.parquet,d7060d5f41f57e99f5c14999136ba9d7cc0d9e07fb350716ea98b4e8576e5a2e
strategies/H006/unique_00944/README.md,8d64777be31e93fe241d06bc3ff9c605645472ad4bfe84e881757cca9e57a3c6
strategies/H006/unique_00944/strategy_definition.json,991a210a6a84dc1c11bb62363eadd45a885bfb44da561644879b7b5b81ec73d9
strategies/H006/unique_00945/daily_evidence.parquet,342792689de91276c32a494d41ec71b5981446de64d1e6dae333ff0571bcb6df
strategies/H006/unique_00945/README.md,91e68c1f88674c00cdf8367554055f3ca608217e9952dcbcba6ffa066ee905bd
strategies/H006/unique_00945/strategy_definition.json,c921894e02cea1258a7840992554390d37b4f9f39102d6c771286255dd033636
strategies/H006/unique_00946/daily_evidence.parquet,d3dac1517334e281a9a00c75274f342708a144f7213ae91bd4d6b3fb58353110
strategies/H006/unique_00946/README.md,4185b71a2b912866a58ac85e083f4d7d7f6db210e6d839c441fb1683f1aeb39a
strategies/H006/unique_00946/strategy_definition.json,6bda7e43fe3ff8cd07a8f34b46e66bf742012efef69133fb7379ab87c7498eae
strategies/H006/unique_00947/daily_evidence.parquet,cc4ed4c8b5677c9c28961666234fc5c55661958015bcfb68d57227de260715c4
strategies/H006/unique_00947/README.md,f0dcf21233f0997cc50afd6361c3f4995583675f60a8b9f7ef5fdf521f487f34
strategies/H006/unique_00947/strategy_definition.json,54e18df85507831375caf0313668b57b35c2c4d0368e6c60b850859512c74323
strategies/H006/unique_00948/daily_evidence.parquet,04520dbd8b3edc205cd4ed44d1d36ba70eacb8c1b98fc8ca78d4cb39d9e2e7ea
strategies/H006/unique_00948/README.md,1580cbf5a0c4a8a00ce23ee766e2ab0b70dcd737b53a52c1ab8fcccfb09d2f26
strategies/H006/unique_00948/strategy_definition.json,a8819ba462088ef2ba72bfc2242684a1311459a771fcfd43fe9d3aee0c447fb0
strategies/H006/unique_00949/daily_evidence.parquet,233749174a0cf1da52d378ddc00d37683ce5a0f9de7efa9fd62d5b13269709eb
strategies/H006/unique_00949/README.md,fe67f315545280c83de3e7259203801be3b137701ea16f88c9121f7bc24b0b1d
strategies/H006/unique_00949/strategy_definition.json,f54907893a89a639fe26cd79453775ed4c6fd818779838b4919d6a40316336da
strategies/H006/unique_00950/daily_evidence.parquet,55adecd36feae92f0995fbb4afa61094e26376df2478964a68fc36c377c207db
strategies/H006/unique_00950/README.md,426cc4fa642496ae2ae679f8563427529ea7e4493c0c4db2f6ad35087c83e976
strategies/H006/unique_00950/strategy_definition.json,e0c49de680e1f3274c506e038baf00a3b8cd569918a147bc4261eed7d66c403f
strategies/H006/unique_00951/daily_evidence.parquet,5955cef4a0fdf6874942ebf8c113abc519e72bc310b13d4ef87c9ce92f1583d6
strategies/H006/unique_00951/README.md,18e5c69f62acd91e0bde49d7e0a99d7a429729f9b26ffc23649f09e2f36a03ac
strategies/H006/unique_00951/strategy_definition.json,a90259d10929e9ac32f2b169037d32e9b68c87a503cdc24bb8542ad17749ef04
strategies/H006/unique_00952/daily_evidence.parquet,08e56d148f339269944c2488d3aca60a6432b8c2201e76763471deddbf5787e6
strategies/H006/unique_00952/README.md,860013e17dfa3f5b3947e3f8ad3cede2622b4dcf9f3b82d7802c43660636372b
strategies/H006/unique_00952/strategy_definition.json,afa72521319a1342f0eddcca0839bfcb67ce8c22197bf838f32786a9ae68e66c
strategies/H006/unique_00953/daily_evidence.parquet,5bf9537d3ced311787c62dba7535c6ecc8851ff06e69ce47e98183f6d6a9ac8b
strategies/H006/unique_00953/README.md,8874d7df42194549b257ec2133c264116cc66c4420be34c4532bd2684808fed6
strategies/H006/unique_00953/strategy_definition.json,dba30fb2d212cbaf30bbdf2c6f35b7524f8a580b457e6694680463833e297b3c
strategies/H006/unique_00954/daily_evidence.parquet,da772d417749b2c414d9b4ff2f9ae98908fb77052eb386e845bfaccc43e63fb6
strategies/H006/unique_00954/README.md,b70f61970bdaf3a6d74257aeaee200819e963d4b6878de8af799a9b458430dca
strategies/H006/unique_00954/strategy_definition.json,9b7a7d5c26a24c0402299fe98ee870366a77110ceff2b11158ab194028ab93c9
strategies/H006/unique_00955/daily_evidence.parquet,6bf0b07b95e1872b2b36d1c84b5f81d08929a84505019f91a65e23668a349fd0
strategies/H006/unique_00955/README.md,9bf02a8bc342c4cc7163e4829a1af373dc00ecd1a83e983bfb76b814c35dc56d
strategies/H006/unique_00955/strategy_definition.json,828de9f6808cfa210ae40159fd7fe210a35f80ea6503f0bedc32ebb6863e7cc8
strategies/H006/unique_00956/daily_evidence.parquet,2731444cfa6cad1d439f102561922ef074eee5c2540a1a97ea2620cf91cf0f2a
strategies/H006/unique_00956/README.md,546b4b6ba9799239e0aa2bc282ae6924b5e8cd70337a69ca709cfdd5f0782646
strategies/H006/unique_00956/strategy_definition.json,09f2790ddd3d08b36162f70aab4b5e7ebf633614a5d9953d54c9fcba06b00290
strategies/H006/unique_00957/daily_evidence.parquet,214d98a32b9855c75f89127503fabeaa8e2f858aa130986a83979cf21d2e9b8d
strategies/H006/unique_00957/README.md,738e7fb6177d132882ed5033c5e95b805d3c86b233482b26a843ea991b749d5a
strategies/H006/unique_00957/strategy_definition.json,246459536238e310ca81326a560a12e5527247069c74ccd30ef9e145f1c6ce6f
strategies/H006/unique_00958/daily_evidence.parquet,37538b399cb8c99bffcfb11800920d41002e729be517fcbb2379e3200dfc9ab9
strategies/H006/unique_00958/README.md,66e774169910e4a56adde8d717a77f7cbfdf7ef5ee83a9d3cbee33167d397ee3
strategies/H006/unique_00958/strategy_definition.json,239719c0413a38d60c4a55fa5de7be47828c098f0d5157a515e47dd3594263a1
strategies/H006/unique_00959/daily_evidence.parquet,0d1f9a00d9d35d4aaec0e6d88eb5fd0cce61719e471e83bc939d813d742fcda0
strategies/H006/unique_00959/README.md,9e7b8cd507e6916ab6d44b5aa48dbdea76f0646b1371bfa5c1e8070333068985
strategies/H006/unique_00959/strategy_definition.json,d483ec007d3a01e12899ccc6f6e36c2d1bc528ea87379648d072755cea101427
strategies/H006/unique_00960/daily_evidence.parquet,0233c29dfa2efb3cd79b3828a6e4e25cdb92d1d8403cc1d643ef29d08bede150
strategies/H006/unique_00960/README.md,4ab588639c76966be48fb0f523efb2a4a414fb41bda166c2f4e442b12ff39c20
strategies/H006/unique_00960/strategy_definition.json,e17f55feffd6508ce4a5a1778b2140447361a6eb94ca8e105bb128e518c74931
strategies/H006/unique_01561/daily_evidence.parquet,78d4b3054b13b6600e6d9c9944d2f8960ccd7e3de9e39f96c2a32c77f0dd1a0d
strategies/H006/unique_01561/README.md,2870b1afb3cabed9bf20ad0c506466a4b2373051b944cd2736e82fd29c4a3a9a
strategies/H006/unique_01561/strategy_definition.json,c629769dec79966437817faa71c75a411c793d78fb68943cf36c0efad5fdbb1c
strategies/H006/unique_01562/daily_evidence.parquet,806b9bbbdefa6567d447cfc7ac60ecc1f32eaa7ee41b4b01b40b24b012bbe48e
strategies/H006/unique_01562/README.md,d982b283436dd4fb84fc50dc4a21149c74569c2c8686735f535fa6e213d5bd0f
strategies/H006/unique_01562/strategy_definition.json,1dcc1336030eb8ed0400c17234c7e97aafb2148fcea2a85aef16371c3a1803ec
strategies/H006/unique_01563/daily_evidence.parquet,a62998ed87cda6a1c4368c99e64f28bdad9bbbee3c9ed5d99c63725f77d05721
strategies/H006/unique_01563/README.md,e392c34ba330986201abd259a2557a9288ed7944b09775e0576aed09349e964a
strategies/H006/unique_01563/strategy_definition.json,1bf93f8c23acbf9a526e39f22307d78783e1e19cde8da1ed9f676f09fa4d7654
strategies/H006/unique_01564/daily_evidence.parquet,1926b952723a85709beafa7f3a4f734d3496ec3b003c46a3130e460e6a9186d3
strategies/H006/unique_01564/README.md,08f9139b0986c4fe5e8a7602e151c5666c0704bd7a44c8d7edf26abb086cc69e
strategies/H006/unique_01564/strategy_definition.json,998ae1ec9a93cfb43663ec4fbcee4f0d8425b8d94e917ec23b5b7913c87fcb8d
strategies/H006/unique_01565/daily_evidence.parquet,b9316b586998e3a79ba28f61e7c997d84c69b7a51ecdd004cc840c5ff901ba85
strategies/H006/unique_01565/README.md,aed2d711c9699eb7147a98f2bef619cf1b307e7e3379962566a3fa3071bc7e24
strategies/H006/unique_01565/strategy_definition.json,50de23e865fcc7471e0471acd40e4a453d37cb27e3a6320c066074dd8c2e5223
strategies/H006/unique_01566/daily_evidence.parquet,0ad6bd3d793742e376e063a9dd61ff410c29676bc437214d3a9e7de7ca4a7bc2
strategies/H006/unique_01566/README.md,84733e3d1ca92a283d640332d04470f84f56216961075f184edbff00b214a10d
strategies/H006/unique_01566/strategy_definition.json,b731ef5911b2cca09a1f0799e95ab676769378cf51a44958fe1c5a3684f3056c
strategies/H006/unique_01567/daily_evidence.parquet,093077134c12e4ff510b77333083bcb2ba7f4aa346ef0159778459f0592779da
strategies/H006/unique_01567/README.md,50805ef962e5b7acda0cb86da90fed4d4b8fffc6e2e91584828f8421e4f9a364
strategies/H006/unique_01567/strategy_definition.json,ec9e86dce39e5faa73aa7c24848da6c36f421d9e82fddf8df6393f30096a9d3b
strategies/H006/unique_01568/daily_evidence.parquet,0bbd26d20ab8b5d03eb935cb1cb1bd4cfe6637c010755ea61ef5f64b244ccc63
strategies/H006/unique_01568/README.md,4351bec7d07cab9f0066148a7166ff065ea6d51a3a8aef9640b2b47974bd368a
strategies/H006/unique_01568/strategy_definition.json,b35aec89ba2799b18e15d1cd545a020aec6e0434fbb6c7abc2a82949c387225c
strategies/H006/unique_01569/daily_evidence.parquet,1507c37c48efd2f4002d61adc92c07e27470bb3b76b446f02074bd5c6667eba5
strategies/H006/unique_01569/README.md,393867aec7c01a9efa6e88bb0d6debd8491a84a81bf08dee7d11d4a8b795f20a
strategies/H006/unique_01569/strategy_definition.json,85162c0312023bb688a605d0e58d9c7d5965eadffac7c1c7b6a0772a920f5064
strategies/H006/unique_01570/daily_evidence.parquet,d181d20e01a998175ce62dde8d1ae2b087b6d30444b90a120ec07b9ca65ea9ef
strategies/H006/unique_01570/README.md,bc6c4edbc6aa813b872291442869c1edaae918ad80d28de89a0362fc6e417404
strategies/H006/unique_01570/strategy_definition.json,6f8ce907eb70a5089d65a2a483222640c341924f2b8550f77304dd764de77b34
strategies/H006/unique_01571/daily_evidence.parquet,a749cbe147ea75f88c636eea4d9f413bdab01e11f15f0f61135c3b627a63c228
strategies/H006/unique_01571/README.md,352568d0990b0cec620901ac536e2e838c244785d4fd30d48f4dcfe777da432a
strategies/H006/unique_01571/strategy_definition.json,a5c7baaf6d591de57b678cf422c9b3973ec3d6a32aa73b3641bcf55ed7aa2636
strategies/H006/unique_01572/daily_evidence.parquet,9d3a8ccc2b8a8b83379ccaf622009e12ea57786e36b9a6872ef3ff054b8869a1
strategies/H006/unique_01572/README.md,fd8202179a5edeb62a5adab68171bc0ac453ac364f394befa1ff194cdba60e8a
strategies/H006/unique_01572/strategy_definition.json,153cf047cf6c6c5fcb2e110c5eeb31e8898e139f5961f56258d55972ce5eb426
strategies/H006/unique_01573/daily_evidence.parquet,4380e69a4f7965c98d8d9b4c41c40fa392e1a3479839d9f01873f13c07c2b558
strategies/H006/unique_01573/README.md,a7821a95f939536aebd580e40fc7d7581e4417483b06c635eba96534ce7ce860
strategies/H006/unique_01573/strategy_definition.json,d358f3dafa3067891f211888c39d26b6f486d2dde0f8189455862d345bea5153
strategies/H006/unique_01574/daily_evidence.parquet,66f536f565bfcf87af1db1c816c0351d958dac37d6447f9c55ef1b17bc51b01b
strategies/H006/unique_01574/README.md,dabc075442ae18db69b9c79d50a39686c8a397063f917ed838a6dfca013214a8
strategies/H006/unique_01574/strategy_definition.json,b0c34be49b92bd78201d25c01425a3b294d6487684c5d56029ebd3b8ba3e3531
strategies/H006/unique_01575/daily_evidence.parquet,75d7212579ce1808185e8cd04bb0e0b9c3eb766a04393e93f1b65e1c22a6ed0e
strategies/H006/unique_01575/README.md,2a77d3e5e4190eb01f62a3237cb107c1bbdf1667be56aeaaa4193e7667951e89
strategies/H006/unique_01575/strategy_definition.json,0931cc79d8c0d60dc31179123c522507b057135fc391ff296ac63e3f39168b85
strategies/H006/unique_01576/daily_evidence.parquet,0fee7afec952d4a50b07b421a0d7a4cbc671fa86ea690183db3127269f114e85
strategies/H006/unique_01576/README.md,e5bd65999149752165e2c1d0a575b1c604ab96e11e3e698d976b1565f0452a1e
strategies/H006/unique_01576/strategy_definition.json,b751bb69108a20000a12cc7d2fd6a990794642de06404e303526f0dd6841efc2
strategies/H006/unique_01577/daily_evidence.parquet,5af09c5224067c4ad6ce8edb7dfe38ce0055d91cc8c9a27b217db774386f3b62
strategies/H006/unique_01577/README.md,f2e72d041ed2889638c38cffca1a27b71e383062dac3be3dac5d36531fba4f58
strategies/H006/unique_01577/strategy_definition.json,3f1d678567b5406b5bc60acdd736c1ebaf8fa1d889ab654aa9bb0e894e7a6fb7
strategies/H006/unique_01578/daily_evidence.parquet,2b647c3aa7bb05b6a1a8ae3aa26312a061138a07a87d0756df9d1908b0159c19
strategies/H006/unique_01578/README.md,3097b65bfb7fc153860ca145b613b11d05c93dfc3b0df952f36e5448ac210747
strategies/H006/unique_01578/strategy_definition.json,e7fc4f96cb09feff030f60efab5a8b378cd7d529ab0087fb7a1b4d4e1a73ebac
strategies/H006/unique_01579/daily_evidence.parquet,80ee9cdd277edcadacd41674b973572d98a84e8a0cf400940193c2df19058749
strategies/H006/unique_01579/README.md,2d3f232bce20eda427409bb529f24a0b68d937d2735f0bf667acb98b955e7a9e
strategies/H006/unique_01579/strategy_definition.json,e571b81c1eec3aa76fec0c55844187d98e2842edb5f435f986f313b7bbfdff58
strategies/H006/unique_01580/daily_evidence.parquet,3787fee5ccf6c6a55d7a6e4e61f218625ed801a598717c5c381ce4bb865afd1d
strategies/H006/unique_01580/README.md,a8154caa3514cda64fc6d4e86f570f9cbad5046c8920320e22d4aeac98bf163e
strategies/H006/unique_01580/strategy_definition.json,6840fbf06b48703c6f89ea77865547e94bf1abbffe14c1c264dac8d7482e2b2b
strategies/H006/unique_01581/daily_evidence.parquet,5c6fac72ecc7317dc0b1d09ac109efc02e327259cca877cd30a2fc19eb593633
strategies/H006/unique_01581/README.md,5d39b55a0e3aa0326c6c77b7fed9be029449ea63d589decd7114de262d167cf4
strategies/H006/unique_01581/strategy_definition.json,0270cea66a86e9d9ac8d813baa200f2b182565fbd63c53337393e270f2dbabfe
strategies/H006/unique_01582/daily_evidence.parquet,14be310e6227f9f2ecd6efe1c44d8b592b7e0b0a8dfda14a35f53d860be992c2
strategies/H006/unique_01582/README.md,3ebbdee5a1c0da7a409ba43e0cb909a18081b3f413fa270a69b119876d068e90
strategies/H006/unique_01582/strategy_definition.json,818f2c529730b86efbbaf49bec48e775c5bd5a1d0667135ddb6059a25ce99e2f
strategies/H006/unique_01583/daily_evidence.parquet,470266bbc2cd08305d7a3f7123580b677387b8bd6e92bcd0c8dc61e5338d3bb3
strategies/H006/unique_01583/README.md,676e05c1963862e9360d1bb5635b91a393d789a7bb9060685e7522c4bc2b6535
strategies/H006/unique_01583/strategy_definition.json,8d2943e608b256d5b595b4bfe66264dd325e8f34820b211273f7da0991cd1f4f
strategies/H006/unique_01584/daily_evidence.parquet,d537b959b57fda805f5db050317355d99fc3f6a948b42d12632bc176d2cfb436
strategies/H006/unique_01584/README.md,20ce9ea49cbde0caa8be76eff365424d2d676d8b10a0434324b1c210778b7fbb
strategies/H006/unique_01584/strategy_definition.json,80111296bcc3a0d7f5bb79b3eae6f93c415ab3bf26aea45b7cf5598c7f4cb6f5
strategies/H006/unique_01585/daily_evidence.parquet,39632d6de9354dc82eff20cdc54ce57d6f5c278f4ecaee880de39a8fbbfc29bb
strategies/H006/unique_01585/README.md,a501e57f598e27fc152557bcf09560973afb3a63bd32a8dd8503eac79dd2019a
strategies/H006/unique_01585/strategy_definition.json,300c488a24ddaf996fc389fc12b91d05de48e3feec68e7eb2917fd7f85278719
strategies/H006/unique_01586/daily_evidence.parquet,f448b87b984623e477ceaf3f36acf596e788653e9592590c92dfb525763b3a1c
strategies/H006/unique_01586/README.md,66636f87775311c13d97187cb4f1749ba8c6e96e0b3b43b51d0ff59064229fd8
strategies/H006/unique_01586/strategy_definition.json,7779847faa27afc3a23cc46300219d5594aab3b6d6c423642ac0c1635aa8a10a
strategies/H006/unique_01587/daily_evidence.parquet,5bebb44413a64e1edb48ff655ae84b4ce7e96a2a208649dddf840a320b90de2a
strategies/H006/unique_01587/README.md,04bd91336925a9e9d56b55a452b3f5c6b2a2f7c733eb55127a2b98f5db2f1ddd
strategies/H006/unique_01587/strategy_definition.json,01ad7b8d478d3c5a1f7fec3016af5cf354db8998d00db0380a862d3fc4fb1416
strategies/H006/unique_01588/daily_evidence.parquet,9e4eb17e497611a8e5326f55cd14307fb92b9c29cd3081c83a04a1433d733849
strategies/H006/unique_01588/README.md,af736a16653bc94e3cbe55b3c266e8fd618615fdee82f37eab20e722d977c621
strategies/H006/unique_01588/strategy_definition.json,aa7ab767e374fab6aa7d167a47aef98212c1b85af7a4f2aff3f56f26ff3731f2
strategies/H006/unique_01589/daily_evidence.parquet,c79cd08fa3a74164101babfe28c9f23bf9942b4d5ca99e7e348d66b7a9effc61
strategies/H006/unique_01589/README.md,0c1744c600b1962f811e9c6bbea397a59f6bd155e46a3c431471a76df0f038c1
strategies/H006/unique_01589/strategy_definition.json,0649680a61931fd111e03baf3f5ed4489d280ecd8ba0c348949a087c5a440ed6
strategies/H006/unique_01590/daily_evidence.parquet,74471fda43b3b781349f3a8ebfdbab961d634531affe90d90313d8419eb89feb
strategies/H006/unique_01590/README.md,a0450e1a8a650855d5a3ad1e09b3dd4588ee41293e434b1a469c627dcb0e2ea3
strategies/H006/unique_01590/strategy_definition.json,43530add26c3599eb8eec74917f4a1a6d54bdef0fb19852995d27b988a0fb866
strategies/H006/unique_01591/daily_evidence.parquet,c2e6694dc8844c89468ab91b7046b8ed8e14f2f21c34821e58977e4d4638f48a
strategies/H006/unique_01591/README.md,2a93aca14b563ffd1dda05f183cec7a19eb1387b3925854876de0e912b62069a
strategies/H006/unique_01591/strategy_definition.json,7ffad60b547ddedede8c5968304df3b03f40a194c3f6ecb19ab57924139010b2
strategies/H006/unique_01592/daily_evidence.parquet,4774e47e570ea122b5abb776405cda1a5324b9c708e9be0be2d2beef057085da
strategies/H006/unique_01592/README.md,65aeb16c03700731c0638e02e79c736a0afc3dbe2c0d605c1183eb6ae94f0ddc
strategies/H006/unique_01592/strategy_definition.json,4760b6cab301f2e9c70ed60c25b2059ab6769356e4c6761760f573fa07fcdead
strategies/H006/unique_01593/daily_evidence.parquet,72ebd9bf2d31707fd196de086bf6a07db24016fc403514f14b53247904c9de5e
strategies/H006/unique_01593/README.md,eacca11ab525c49f2704fa05bad996e888baf784ec6266d98348501a34780840
strategies/H006/unique_01593/strategy_definition.json,2befc7e5bf8a4126d7e484cfac92b97544ac316f7feecc733c4193c23d3a7282
strategies/H006/unique_01594/daily_evidence.parquet,0da562e1ec465689c52e101769c7cbba9e0001a1fb009d2441439d6616b8c290
strategies/H006/unique_01594/README.md,dc0bf6fc876707c56364729d39be53aed869bf95e986dc39e467d0b536f1ab1f
strategies/H006/unique_01594/strategy_definition.json,4dbd0b357a3c75dd79bd28850a954b284dde0161bd48bc58e6b8f014d1a8fafb
strategies/H006/unique_01595/daily_evidence.parquet,d1d273476d3f75acafcd73980e56edffd3577b7bb9dd1d76b41b1f2028013f5c
strategies/H006/unique_01595/README.md,488d3a929b01d11cb6802d841d515d5c32531eaa6d80182b93d718c9327d3efa
strategies/H006/unique_01595/strategy_definition.json,c7f023a0a5dc8283b1ccf2b5097862e410d7779ea2d74d6cd0cea617b099eac1
strategies/H006/unique_01596/daily_evidence.parquet,be6d2ad9031e066e93b8dcd139fad6ef406d83a25ff3ad15a0061c63fcb2a87b
strategies/H006/unique_01596/README.md,e92408bbd19e0e28e705414718b022a270e5fc9673e756180787331381eb7a2b
strategies/H006/unique_01596/strategy_definition.json,0570b77406dafb6f0ab72be3daae6243a11e87b0e18a05e7e696aea64bf977dc
strategies/H006/unique_01597/daily_evidence.parquet,9ae3ae0670b601d8840a4b9301c804800732f3da3ada1e07d86d82b83a44dc28
strategies/H006/unique_01597/README.md,63e141d628e1de0610465958cb35a40073cd3dc4e8082d4c429076ca3c87ee30
strategies/H006/unique_01597/strategy_definition.json,4f443001867572ce3925a13c2fe76b2af70daebcdbda9aab22c842f076bc60a2
strategies/H006/unique_01598/daily_evidence.parquet,76ee77ab87bf305b2a212fcc50a0ae3e0c1b744759502a2c54598ae7e327c953
strategies/H006/unique_01598/README.md,cc4c0dfa5daf90fcc99ead89313695afba9aa2512fd9bff8760751a39bd20a53
strategies/H006/unique_01598/strategy_definition.json,f87c88629d994070c7aea2d284042566cd96dc572225bacac0b84979e8015066
strategies/H006/unique_01599/daily_evidence.parquet,bbc0a934c16aa817759b11ce474a0c9cf58bc43b51e1c251257e24961ec0d153
strategies/H006/unique_01599/README.md,ee57adc74f2f228e629ebfaafb3341e9e2569efe019696330c4ba2c4d3aea63a
strategies/H006/unique_01599/strategy_definition.json,20966527b54b5e3928634eefc15eece1542a5a296a3ccb98b6dcc49c83580db3
strategies/H006/unique_01600/daily_evidence.parquet,8b75ae20ad0c27978adf9ee962d10e3bc923ec95796ef43f1f147fffeefba252
strategies/H006/unique_01600/README.md,b8227d895b1177e37eea5e3e80939501d98733f11a231d68c6ae139844af61f3
strategies/H006/unique_01600/strategy_definition.json,77eb25e3d712e55fb7f9ea7c92a2e2f2e7021a6a7d9d67ba01899f7f928e9cf9
strategies/H006/unique_01601/daily_evidence.parquet,5ae4521d7ca20eccd5c99004dd97d38a20be949c83231a9e564f2bb633b18f59
strategies/H006/unique_01601/README.md,37cc53c8ef5777cca2d6b18c1a0863de6253da5378c3c6ded889532089849b62
strategies/H006/unique_01601/strategy_definition.json,6f090f25d452b2c93b3a33ab60ecc36635f475a9b25f29b2da8f17c7179d0233
strategies/H006/unique_01602/daily_evidence.parquet,e04b434ee9be7d6fe3aa8dd8e755eee6daf35d5eec0720f9d7cce2144c133f47
strategies/H006/unique_01602/README.md,ea9b2ceb54ee5c372e5bd1ff0320e16e234cd42839ef0ae99efdb1b7407fa175
strategies/H006/unique_01602/strategy_definition.json,cad2f8af74f374e0e692613d46bc7b4f1c81fb567f1e046b625e06290dc8bc6d
strategies/H006/unique_01603/daily_evidence.parquet,36001e77c826e5c9c454351dca0110c5f0ac6aee392444bcf677de5e93bf394b
strategies/H006/unique_01603/README.md,84ef60fc3a48d6b7763a7db091cd04fbdb0ab4c2f5395787890e51c0ec6dc0b1
strategies/H006/unique_01603/strategy_definition.json,b297f7f48d2a4c56605082c2b69f4a6c8824ed90a1bae2ab1b5e05555ea20f00
strategies/H006/unique_01604/daily_evidence.parquet,856ce4ff7e8c6c12487f5e22e01a489e125caf5bf2e34a1367cc45eda1032cd2
strategies/H006/unique_01604/README.md,ebb61dc987ce3c19fd313e4d96838483517086c21dd5b2fc5ff26872ae86b69e
strategies/H006/unique_01604/strategy_definition.json,eca4aaa97d782ee3b33c33de576fcf2a3400d728b5e83e974ab3cc0cf8b3449b
strategies/H006/unique_01605/daily_evidence.parquet,aad554aeb630b0880f64c2d683ee1be137b5a0c0d316f105db67cbb3b519b74b
strategies/H006/unique_01605/README.md,389edac3305d7d39a5a10d36b7795f93bcbed749bd38103286e200ef4a5d3468
strategies/H006/unique_01605/strategy_definition.json,70383b2756582469875ba5a2c8e8a645544da25839ea34f4b3a8b412d3dfdd83
strategies/H006/unique_01606/daily_evidence.parquet,e0720caae9f9af7d8696eeff5ed04449c9462914318891d366eb3890120cc9c1
strategies/H006/unique_01606/README.md,e9ebbd5122c65cb8f92857b5e8f188bcf34d6c558e94838e72c10c85c3732f75
strategies/H006/unique_01606/strategy_definition.json,3fffa339a0ea64df8c8bbcb801983e3093acbb11675c594442cbc821465eca5f
strategies/H006/unique_01607/daily_evidence.parquet,8c22600d85d5bb65c554100fce1b1ae6efe328024908797811a1e8490202162c
strategies/H006/unique_01607/README.md,b077f1deaee3f3898af49d4bd557e501ac5a9c82f4f85622f27510180466e690
strategies/H006/unique_01607/strategy_definition.json,a4f3929aaf70dd661f2360995047646af6b23d7c8ea77a3a96e66f26c668cbc3
strategies/H006/unique_01608/daily_evidence.parquet,7f2675b1a1c8350f13adcc6bc32ea81ed7bd7dab8dafa6ce6b8131c2b734a3e2
strategies/H006/unique_01608/README.md,6b2f9453c070fb30eacf17f8756b811d9044e5d67efc03d0e612c775cd5c0a0a
strategies/H006/unique_01608/strategy_definition.json,b46ed11a1654f4e1f4729d9c8209159093b33697675e16d4e0a19b94a4439fa3
strategies/H006/unique_01609/daily_evidence.parquet,f476004f993de9ac6c48ba8b11656b65cad8b2751e389fcd39025eeb43e32798
strategies/H006/unique_01609/README.md,369bc4f574bfcf6624e85e92d3d4027cc23ecddeb87b364b463e798c520bd1fc
strategies/H006/unique_01609/strategy_definition.json,9b24bf32eb6ddee879dade1c3fa37ebad3239b2c0b1df49de683d2f46748cdbe
strategies/H006/unique_01610/daily_evidence.parquet,24a54796829ef32e2d4e26eddf158a4919ae4b48a2e165f3cc72cc2381d58e24
strategies/H006/unique_01610/README.md,1611b468407d3057a2b413522c798f39ac41c1cb1eac6ee8dd1f9225705a3d48
strategies/H006/unique_01610/strategy_definition.json,371272d53eba3daf177874e9f2ce20d64b8f2f7519c6f0dd08547d8e9db1c506
strategies/H006/unique_01611/daily_evidence.parquet,565da9989ce2aa93e2fb0d5ca3cba9b9fcccae06cb1a8eefba073f8ba6203bac
strategies/H006/unique_01611/README.md,fc4b0855b6de5c7bb99ab7f3174f6f6684f30a518b95024e8e160b78a838114b
strategies/H006/unique_01611/strategy_definition.json,49e864dac0ed911ce95a850534e83748fe50d4bee0a7057496d41783d4ac66f1
strategies/H006/unique_01612/daily_evidence.parquet,304fd7fe293fc1146ed5526a6c18a08de88b8a0050028e511941424391df7774
strategies/H006/unique_01612/README.md,79201caacc9eda89bf3f207b62352282dd3913e674092686631139a79da19ba7
strategies/H006/unique_01612/strategy_definition.json,ea2efade2e21b5d940ef09899a8f852f9afcf48648fd453e9817daef693da7b5
strategies/H006/unique_01613/daily_evidence.parquet,541d298032865751e3107720335aab7bc003cbe6d94ba75b3102c84ee200bb29
strategies/H006/unique_01613/README.md,f25c98c8c6a7d3e7cfeaecef522440f9fd3183d017a43036aa0b704394ab108d
strategies/H006/unique_01613/strategy_definition.json,8ad983c6b8ae3df2072d72258efb1f0f3dc54d16a3e4e25ecafead612911751f
strategies/H006/unique_01614/daily_evidence.parquet,8226339d699132af3050342ef318f5019ecc203cb32a0692bfe7e7dd0e4770bb
strategies/H006/unique_01614/README.md,4dcb33e1eef19b4599c5dd4de53f8166fcc0f1744c9925cbf92e895e9854193b
strategies/H006/unique_01614/strategy_definition.json,f9398119686d5fe0370004a0bbd804706a76c384dd96ddb65dba4190e3d18a0a
strategies/H006/unique_01615/daily_evidence.parquet,47dbdf2ec2f2c78ba8b38d07e79d4565451b40604f137a497eae603c80f23d04
strategies/H006/unique_01615/README.md,8678071bb5c848b14118562dc8d6a056f3d1b3bbaa8d5e865b87cbabf0d691c1
strategies/H006/unique_01615/strategy_definition.json,f68fb291da774e93fe1d8bac0c3e50eec8f1684a718058947c9a8d7bd47d4ba4
strategies/H006/unique_01616/daily_evidence.parquet,ff62e64b6f432932764f252ba7f82bcdd995b0d496c8b58e5c7c5f28bffd46bb
strategies/H006/unique_01616/README.md,9fed6e82fb5829030e53a2eb42a88dffc20fc819964e8572469181be2d329505
strategies/H006/unique_01616/strategy_definition.json,c9da095b7c7da580a8927b5acfbba51a61946bb84a3d2ac497123c8b9759c2d1
strategies/H006/unique_01617/daily_evidence.parquet,ca52d0ff1a76675ccd0ea4cbbc73c9885b7f0d978395e1eaf0d2d9efaa9e1c5c
strategies/H006/unique_01617/README.md,488ba37bd4fa67cb2172f617526ec60567527436fb71e33950f68e5c89f53c31
strategies/H006/unique_01617/strategy_definition.json,3d6ad97cc16a164d5f0e955c7d2e7fe466dc7f601a680b3d9c9e08efe78d0f18
strategies/H006/unique_01618/daily_evidence.parquet,02e61942425cf84715271562c6c349af5d1a207c485d3d61dc1abf9a99050d12
strategies/H006/unique_01618/README.md,47b47f1ecb2202c7be9c70035583f38cd8741c218be7413d1543fa01a38180f4
strategies/H006/unique_01618/strategy_definition.json,c215a693eda586a3709e0366e40d908c1a8c0026a512d77136dc62a40ac81b1f
strategies/H006/unique_01619/daily_evidence.parquet,5ddb821ac224fffc101836b743f48ed4719bc53ed891aca374992b331172bcc0
strategies/H006/unique_01619/README.md,c24cd0605a8978cfc5e64d090a1b0baf66a1fa268c1bf7a861ddaee179db0211
strategies/H006/unique_01619/strategy_definition.json,103e52dd57e203998c879ddbedc751c9800e191ea605468dcbcf38b6e2cad56f
strategies/H006/unique_01620/daily_evidence.parquet,d1d97425a860c3b3a75bf54c186f453645b83d491017559254bc6f1d524c0577
strategies/H006/unique_01620/README.md,e8b6b166f96e63af8a7c9f987946522da19a29805274a834804ad94e59fb1f12
strategies/H006/unique_01620/strategy_definition.json,d47e0cb928789a06f055ee6167f4da05ca359ddb424972fe9253bf4204db8aa1
strategies/H006/unique_01621/daily_evidence.parquet,67529990dae8d7b8f460eb318cbb4e8adc559fb0e00fdb597062ff2367c23208
strategies/H006/unique_01621/README.md,62944710a40e809ab97661456849cd7e9bec74437a27d98b02710c341e61a6d1
strategies/H006/unique_01621/strategy_definition.json,16b50e5e5aef064b2a141a9e3f04516b3d56d3c888d2e66bc33aa7fce94efa04
strategies/H006/unique_01622/daily_evidence.parquet,460120fc8be7afc269e3425c66dc467fe79c8e1789faf31df4a739c8dba7c005
strategies/H006/unique_01622/README.md,4c6ba21bf4ddc6dc4310ec96bf4145539e7fe6ce4e3cbe1c895a1c0f2a7dd1fd
strategies/H006/unique_01622/strategy_definition.json,5fc991392a1b48efecc95eafa2c52f13f7b935699b5ccb1287a74541a70f2efa
strategies/H006/unique_01623/daily_evidence.parquet,d4e44d365103bf8ce04ca424766432e439239a29eaf952e8b7d81727a49b2147
strategies/H006/unique_01623/README.md,ba2eff2f65629e830c06d56456c265eb8b911eab938253d72627a9015472b18f
strategies/H006/unique_01623/strategy_definition.json,2b19b19e809c56dcda477a81c49e3d4a8ae61c5520664452fc35383b8cfc2d15
strategies/H006/unique_01624/daily_evidence.parquet,9f9fc567013889231137e15da6fe482d28dff98b820775a6810e41885121064c
strategies/H006/unique_01624/README.md,d2e9e9e305dd4d878653aba52e7036c0bd057c49d232fe9bbd22a520669fd561
strategies/H006/unique_01624/strategy_definition.json,14be31f5441d0ce41c05b0238590e18b87a2eb21114aabff2012b159a0066b98
strategies/H006/unique_01625/daily_evidence.parquet,4514862bbb31c2929e48294a60158b2300494c93a61b57c51738a74e6c39b216
strategies/H006/unique_01625/README.md,8ccd7d79ed6b064313fbc32068aabdd1e58d614e7e9151153b69f255a5707cf4
strategies/H006/unique_01625/strategy_definition.json,e20af1279db666a70258594295c7b53ff96c9f4c537be31776cc5a25e97fcfb6
strategies/H006/unique_01626/daily_evidence.parquet,c301c63e489f2f95877a56ef22942208818a5410e0b6823b5f052a333942d108
strategies/H006/unique_01626/README.md,2dd8731b5d7a0fb3e079b37849beaca510a6e7fe89a59cc768a69eca2a5f34a0
strategies/H006/unique_01626/strategy_definition.json,8f2ff556c7aed229f271802372229bad8b76370e64cd7294d2d294c88855816d
strategies/H006/unique_01627/daily_evidence.parquet,ccaccf9718cf00a3f4eb417cc537a2f301ba1f6fb317d5bfca549188afea36e5
strategies/H006/unique_01627/README.md,8667e56d1818b8bafe6c0d0cb1754edaacd876ffc7274da16ef34947c82a8278
strategies/H006/unique_01627/strategy_definition.json,36031f0e6303509e0a6b190c56dea7721142d51defc69765ee7f52da1eeecedf
strategies/H006/unique_01628/daily_evidence.parquet,b09f172ff02f9d24cd605efc86f14878c6d7b503aae6c8fc64c7c44d84bf9a4d
strategies/H006/unique_01628/README.md,d6d2bdc708a23515f2c0d0d135ab5714bc0df54f70f815b3c19cc5ffc2a9b1f0
strategies/H006/unique_01628/strategy_definition.json,a6581a12997eec1ba9297feda64965218cab6b729bdcc31aebc12a8b38b6049a
strategies/H006/unique_01629/daily_evidence.parquet,c7d3ba3aa1621b0c02d83487f329982740e753c852a1dbc54733565b18e73844
strategies/H006/unique_01629/README.md,09bde984e20e5d90572b37691de895b4915cb986f3a8f9ed7cb9f7aee69acf84
strategies/H006/unique_01629/strategy_definition.json,87c6d96a16a5b4425d792ee5f2334204d9e6ef26ed9a2272c3d697a3b22ba811
strategies/H006/unique_01630/daily_evidence.parquet,3f76bd110154386cc3ffc2e8940feb3107c41fdd5c90ccd07526b34b681803fc
strategies/H006/unique_01630/README.md,873239fbbe55b44c7fe28bf07ffcb650d92d690750f806e5b19ff18ec9e46bae
strategies/H006/unique_01630/strategy_definition.json,dce709f51d391494f27d5913aee766340a4aaaedf18b9f94585afc38e91201f2
strategies/H006/unique_01631/daily_evidence.parquet,72eb0d2562d546ec4feb3bf0c475dbdb3cbe2748770403d50a586ba490a582a6
strategies/H006/unique_01631/README.md,2fbf92be8b0ed103557b36ef0a514b366b8376cdd413d6c4b73c66dfea9c9529
strategies/H006/unique_01631/strategy_definition.json,1080ba0b201d7512134b70502515a2e9107d6377048ded37121e24a83e505104
strategies/H006/unique_01632/daily_evidence.parquet,a0de8dbb639381a6bfa07049c923d50af1a8419a3ce8d1f4cd1830cf487fb853
strategies/H006/unique_01632/README.md,c0224f8e09822c2570ad911394f5a7525fa3fece3cfb3d525bae2ed4c32a56c8
strategies/H006/unique_01632/strategy_definition.json,3a04b47075a8f5a1d3184fed058d2378238abac8e1de1d12bb025ab71ea936b7
strategies/H006/unique_01633/daily_evidence.parquet,1ff264e335432d3fa4690d444cbeded967e91250fc4e983a0d5d3f2690c298eb
strategies/H006/unique_01633/README.md,6ac3ac40e6d087b28a3e29080a9f4dc5fe4cdb01dda6b5c04c53d49681421055
strategies/H006/unique_01633/strategy_definition.json,7965069c1bebe3df809c80aee3fceae7874a11111a2962227bfec874a31cb666
strategies/H006/unique_01634/daily_evidence.parquet,c10f7047f5a83abe19641715ebbcda253dd91792804b8b011e4f2fd5463d9e92
strategies/H006/unique_01634/README.md,6664c59d84c774181bfd460a68c4fc6c805a1d6436c970f7b40547f5bcaff436
strategies/H006/unique_01634/strategy_definition.json,fcdf607d114df740b1b31304decdfbe52d6d668dcad91de947779b5335369f73
strategies/H006/unique_01635/daily_evidence.parquet,73e94f3989490a675d7354d9ea3a6539c8a8df7f6533081ef4ac378bc387afe0
strategies/H006/unique_01635/README.md,fb7dc4ba0e0092d9f5d076bb494f2d57642430df67fb58deb92fb54e1762d330
strategies/H006/unique_01635/strategy_definition.json,e2a8a1b0a12354838518603d0b7b97887976f5d1453b1e2fd9fc70c8f4724086
strategies/H006/unique_01636/daily_evidence.parquet,ae0128c72057df88a35922a42848953b31a8f7653da0099d35335db6bb651219
strategies/H006/unique_01636/README.md,b33d3b3f047cb2719e9aabf7680b033235bc0f55bd78cad983a67035ffe414fd
strategies/H006/unique_01636/strategy_definition.json,d7cc81b8a064e6f09d787a2f4492f1dffe3513d595e4e827fe8441d8f056ebc9
strategies/H006/unique_01637/daily_evidence.parquet,945d6ee944123ce921d976778e0c7f91705a01607d6b51e19d1d087594dd12b7
strategies/H006/unique_01637/README.md,a42762b0c7c77cebc18387d86ea6663d13646fddeaba5db7701405823ae491fb
strategies/H006/unique_01637/strategy_definition.json,aa6341d032b7d4e27ec6d518565d8f97923a408c4565fb2bda116ce43ed773d6
strategies/H006/unique_01638/daily_evidence.parquet,aeea4c17c141af12e63fb26f71631b12e6ecb6dbd80b21e738cd6c6ed3a8a1af
strategies/H006/unique_01638/README.md,79e7a8b4d7b4a81824c49b7e6995717bf53401acf941f4fb589e1cf191d39ca5
strategies/H006/unique_01638/strategy_definition.json,d4303a8b58a8a6d6841b20a6976875dba88fa55232f1b807e519a736af5624a2
strategies/H006/unique_01639/daily_evidence.parquet,67aa5e56ce6755d6ef3e0ade0b89df7819d877ab1178c0c09b1570cbb4ebc59f
strategies/H006/unique_01639/README.md,f628aefd325099a54ca048ea35e3ac3c6a2d483b76d8d3e1a642a8e3304f6430
strategies/H006/unique_01639/strategy_definition.json,6e0fd39e16d9a225945ceb1368c24a7d730334b82c2e304f2832c10a56e976fc
strategies/H006/unique_01640/daily_evidence.parquet,69ca820e44fbc929d8088e86437c5e778dbe8109e2385bc75969820c59444547
strategies/H006/unique_01640/README.md,b660c548e57abf0397409c418560074f3b32c3a4beab7b3c043b32337281516d
strategies/H006/unique_01640/strategy_definition.json,603e2c6503b627beb89c7011cc581f5602b788adfc4dd6b252b7d2241b27a5a8
strategies/H006/unique_01641/daily_evidence.parquet,256e2cd8ba9a95eb07e93418ebc763e4c58638746b174e5101f11d1533bdde94
strategies/H006/unique_01641/README.md,f1f5f152156d8c9956cb6b09ee2d92605c66fc97d9f468ac449c544d99068b52
strategies/H006/unique_01641/strategy_definition.json,9ccff5d1fee12c3fa4a0bfea3cf990d9257fe2be87bd87d0fc38dc035b7411d9
strategies/H006/unique_01642/daily_evidence.parquet,382d60072d00cc091dd42e2e16229744a5f8729dd3519af24cd46fab562a41cf
strategies/H006/unique_01642/README.md,4c441e8d2b4547bd2dfa91c5116b65ea430221935864243e53ab818637bfeb82
strategies/H006/unique_01642/strategy_definition.json,dedbbb2244998d569e470be9f0a3cad5467a95b9bd5f9d285bfa18608e4bcf02
strategies/H006/unique_01643/daily_evidence.parquet,2b696b861cb124123b41277763edb2898e94069e2fb5a86fcf16bcdfecfbfb4a
strategies/H006/unique_01643/README.md,f241f101e2459a19d86a7502857a7ce392286f213b752d6c72ebae8043655f77
strategies/H006/unique_01643/strategy_definition.json,5f15aef99ab1d1faa71c52a9a4a8c2c7a1fde5e3cfaa9ee3c7cef3b4df4a2655
strategies/H006/unique_01644/daily_evidence.parquet,9d9da192868dcfb3a453e44556b97292ff4fd8ea7ee4cebbb4f8f5c3923cd7a2
strategies/H006/unique_01644/README.md,bd5024bc72239101c1122c99aa1947671c9f1268e8026763ca820a4b1330a277
strategies/H006/unique_01644/strategy_definition.json,67d3743a57e8c57428a3cc9242ff7b04c9bad123b38a73a663dacab5137001dd
strategies/H006/unique_01645/daily_evidence.parquet,25ae77a74bf7791a6b26eb82be0c3a5fa58911c267b3bd4007a40f16908e51bc
strategies/H006/unique_01645/README.md,dd77d3fb25c1193727ca15ee77dc9df95ad87debcce42825926bfd26a8299492
strategies/H006/unique_01645/strategy_definition.json,6454aba5dea7eefc001d9d70fb3a435d1a888aa3849e5cf2eb2a4b60d9526dd7
strategies/H006/unique_01646/daily_evidence.parquet,5c01d24ccde797e051516f8eef2c3eebff66985b4a48454799c2aebc59b4b65f
strategies/H006/unique_01646/README.md,0d7b9b66143fc501526d86e1007aa9d3d503ddc61364a0e7b6fe725b63a06b44
strategies/H006/unique_01646/strategy_definition.json,4c32e9f8cada46f031d9508d93a821c44e399482baabe769d5052c47e0e1fe39
strategies/H006/unique_01647/daily_evidence.parquet,d0d8a2601515a542dc759294fede69ab9d06f10a5c7e7ff9f128004ac4af6057
strategies/H006/unique_01647/README.md,7d762e06ccd3b2dfe12dda0aeaa9e0e46a376c7679d2f251c17282246c005737
strategies/H006/unique_01647/strategy_definition.json,64d777805a81f9b20bd1ec8d68a9418359ce50b41727bb82a770552ae6eaa98b
strategies/H006/unique_01648/daily_evidence.parquet,8afa2a3c656a6b3794e074b1f46497898ed041fa444e3896ee8f45c45f1c6ff8
strategies/H006/unique_01648/README.md,5741a76667b19dd103017106174b83bf4e4f1027fe7727148efc4322ce5fdd69
strategies/H006/unique_01648/strategy_definition.json,36e5e4571b2b45467b124c8cf01d4110a37fa6dfcb6ecf836a1e8fa69c77472a
strategies/H006/unique_01649/daily_evidence.parquet,9b67e1402ea3de297a6105f4aab3cc5baf4c043fcc7670d54715580bb7533b2e
strategies/H006/unique_01649/README.md,bcb8629effcaa7bb2f6bd9efe01db5c2c1a9fad7077a72becd082f5a1093bff3
strategies/H006/unique_01649/strategy_definition.json,47da846328b150e06c580ab166ac6c84e6fc024f568582dfdb8cee7e310a15e4
strategies/H006/unique_01650/daily_evidence.parquet,2934bc8b0ae3b451d67db68e0697acaa28e027835ff4fc207d0b769008358f25
strategies/H006/unique_01650/README.md,8c6a6767b5ec106cb01cc25b9ecf682bfa11239ec1df72710e242b88827364a4
strategies/H006/unique_01650/strategy_definition.json,f9008993fe2336aec28bd752e7af731eea1bd796fa7fcf2abdcf379c95949926
strategies/H006/unique_01651/daily_evidence.parquet,feef2161f6b59e04bdd3c2b1a3ebff125201faa0820ff6b5746d51181ae17569
strategies/H006/unique_01651/README.md,e3797e126c0dc0865db44ceb3a52acbb17e7d1652d80b0a77933bd9b2b594fa9
strategies/H006/unique_01651/strategy_definition.json,1e1ea5b81f5f1cf2ea42874f6bda39f9ec8053b1a38a3c1b0e7e6dd83c991e5b
strategies/H006/unique_01652/daily_evidence.parquet,410d7d977147ec9d711916ab3be478da7b29c0206a6c5d888aada42be5f53b7f
strategies/H006/unique_01652/README.md,eb16c3eb0a6d2f1797312f854d2db6528e76925dc034fbe61bef36d1e7c45996
strategies/H006/unique_01652/strategy_definition.json,d8e6cc991e4c53af3cbd13339f46addfdea76868c96898f099b79e3ee07c5f6f
strategies/H006/unique_01653/daily_evidence.parquet,479039a38502db98b71f6eeb1773c2a50765828c680e6e069afd6dcb4d111637
strategies/H006/unique_01653/README.md,5e42237aa10abd086bf19e1e7d3c246eb26b8e4120af0a2e366ccd315ec9a8fb
strategies/H006/unique_01653/strategy_definition.json,3fb62a9c230a636d4d084b014fc3fb5bed707e21b40fd5f80bedac2d7be40c79
strategies/H006/unique_01654/daily_evidence.parquet,4bd3679703cd794aabcef9586db684a8ca771d07aaa0c5a14c1a80c3139cc5c5
strategies/H006/unique_01654/README.md,4fe87c8b1790e1c371a0c08da5b975988d6c31df0c8fb9dc3d5518de1e3e56f8
strategies/H006/unique_01654/strategy_definition.json,a78f4fac607402307d5fa54bb90cd718e27ab99bb8bdbada4707c1b32494db3e
strategies/H006/unique_01655/daily_evidence.parquet,283c8a6c72ee3a0c56fa09c93715c65ef6f17405109f8297832b7b9268e0779b
strategies/H006/unique_01655/README.md,94675b7f3c32f6d5493e448202741fa7fc7bdf3fd20723884166c1ebc1146319
strategies/H006/unique_01655/strategy_definition.json,99fdfbe23a2d09c7460a92774507f53d38830646e248ae982278c54e30b09e21
strategies/H006/unique_01656/daily_evidence.parquet,2f418d3ccbf8801d8172fdaef67a4cac62147a3ad3c2349db4346cda0c511714
strategies/H006/unique_01656/README.md,9d1309b05c7aacbb5491f55eae04f81e3ef9b91bc77c170c238478e250c4c214
strategies/H006/unique_01656/strategy_definition.json,67b3c6df9c423837f4b0ff978fa18d3da5a54591bb10407c9796f3e79abbd836
strategies/H006/unique_01657/daily_evidence.parquet,1d611fed49a05ca59b32eac2a9abbb6b342a52e7131b3b7370d0cae55888bd29
strategies/H006/unique_01657/README.md,e25e96d05b00a254d26666e1dcb98ae1fc5525ffa65b3717e0840a17c4d0d05d
strategies/H006/unique_01657/strategy_definition.json,b92a3288ccf16f864a37eaa49e9e292566ff8467794ad1fdeb392a02c165bd54
strategies/H006/unique_01658/daily_evidence.parquet,8518d52827f93f1796643fbe8caf677ac01581cc61519bbe51d4ef527a358f05
strategies/H006/unique_01658/README.md,caad2e1765f9a13dd913d78419b611eedabda3f43ba6c4dce078f478fea1ce8d
strategies/H006/unique_01658/strategy_definition.json,f6cff2ca6c969bd8d3653d012297273a480ec4cfa244841a74ed48411cedb5f3
strategies/H006/unique_01659/daily_evidence.parquet,e5cc49593d3cee928b7c3e209e211a6f35a1b16c27fec45966da8764eb57faf5
strategies/H006/unique_01659/README.md,a7b82ad72b0caad2d3b632897d9669a7f0168007d346ab45f635b4d3a006f7db
strategies/H006/unique_01659/strategy_definition.json,6715df8f68ddfe05ba3882ff7c70831aa05c11a102bb2d32f2cb974262e6d992
strategies/H006/unique_01660/daily_evidence.parquet,0b17f086881f47cf81d2eb8268b55df1145bb2f6806c54319d33c1b038e05d34
strategies/H006/unique_01660/README.md,7988fe42a12a1ca384abaccfaf3198c90ec662618ef6a6598997d2ea424231af
strategies/H006/unique_01660/strategy_definition.json,da878373bffba2ecb8b3210b9daf44e6848a6f14bf59f4674a8f9ba16d55d99b
strategies/H006/unique_01661/daily_evidence.parquet,b55fdd39bb551149a52d58bbfcbb18f8854d5eacac9b0583145ee5d2105e2b1b
strategies/H006/unique_01661/README.md,bf527c0304e102db561e7e085fe030a6c9351fb3846632dff1b86af61f98f0d7
strategies/H006/unique_01661/strategy_definition.json,c1b41d79e2a3f040e6a1e93d7d05f14abd41aac2464d499e3d30bb357e16d844
strategies/H006/unique_01662/daily_evidence.parquet,c1bb4ab0407d343527f7e1d9fff9f92953eec2a509058faeee9f74f103cc0fbd
strategies/H006/unique_01662/README.md,4905a79f96b6987a5600d22d013ea00f34ccea8d881ec4d7056987ce7524ce46
strategies/H006/unique_01662/strategy_definition.json,6884fd6823aae5681d8734ac03fcadb424ff0c65ca9254f52520307db404442a
strategies/H006/unique_01663/daily_evidence.parquet,7f7030c35d426780b5260a29f08bed9f23e6f0b4c3eca69f7f42beae33161835
strategies/H006/unique_01663/README.md,3fbe1558ed57f7e94ee8e969336bd5d6b69792f607e0fccaf039f9e8f0273034
strategies/H006/unique_01663/strategy_definition.json,83d042c40276d5c9b31d37b645cb39224c3bdaaed5c4a5d653eb37a51abf41e9
strategies/H006/unique_01664/daily_evidence.parquet,a4b4ab7cbe50561e519940b00bf36d835ee709b92ba3414fbb41be745a5e8e19
strategies/H006/unique_01664/README.md,d86108045b247dd3e6df2ba07b9e6b96e72aba44383b2c767705c2ac011cf051
strategies/H006/unique_01664/strategy_definition.json,465cac7eb658728d8d58592f5bfaeb034881825772da30b49a499fd4b79a3b07
strategies/H006/unique_01665/daily_evidence.parquet,ce286e809763718acf7f441f5c2b2271cf30de1f83be4370ded6ee28412a6457
strategies/H006/unique_01665/README.md,36401db5cef89e792b4e7756ab2c4031b5355d94e1adc751c87f9b0cc32eb9fb
strategies/H006/unique_01665/strategy_definition.json,9516725bc9cce20eeada08eb44682dc3d9871b8dd53e70e864efbd48cfc95fff
strategies/H006/unique_01666/daily_evidence.parquet,ad011bd4383fd18d2bf922b70f467c7ccb07c0f8ca70460bb05c73ef373cf4d1
strategies/H006/unique_01666/README.md,1c9698f7aaf8dd76e8033c7a64e10252953769ddf95c57be8be858ad88875b03
strategies/H006/unique_01666/strategy_definition.json,e82fe103485b4ccf45cb4dbd3f1068da04c60d463681595d00abb1dcd9a5da08
strategies/H006/unique_01667/daily_evidence.parquet,1dabb8fcc542d01852edbef8e77fd5ef0c5e9ee47ac049bf884bb4f3d1410a63
strategies/H006/unique_01667/README.md,9b7a6cdd0aecdb2250956dea69186b0dcba713a7291f6cc249a1f90a06f83852
strategies/H006/unique_01667/strategy_definition.json,19d93db840ee868076b2c9801ae41103e3fe8ee46b172c5b0e2e851d927d10f3
strategies/H006/unique_01668/daily_evidence.parquet,155781da44ed4d250ceaf30d7d6e3fbf28e15dd5ec3b6fc161aff9ce89d5774b
strategies/H006/unique_01668/README.md,6f30007401103198e99666c7fc1df924ec65802e9b280547f4608206a5fbca8a
strategies/H006/unique_01668/strategy_definition.json,4ff699d1e2e8a2dbedd02bd49e63a82603fb0508209daa8c2baa07ff675d3258
strategies/H006/unique_01669/daily_evidence.parquet,b84d28c773fb2b3a5cb62a0b5b8c3726dc1a3a46e0334b0218f665ec168d6816
strategies/H006/unique_01669/README.md,fbafa079bce47bee8817c297c143c81039e4608357025f4d89759b9c3f5cf1c6
strategies/H006/unique_01669/strategy_definition.json,58081706eb251891632482a8979547472f080886f731ec1e6adb6dd1b86e7891
strategies/H006/unique_01670/daily_evidence.parquet,44e325e5887ce1b16a03c31ee9045ebed06ddd67e686be694688352a4227c477
strategies/H006/unique_01670/README.md,fedb1d2ad11796dd939ef51fcc40c504934e385ec16540de3dd25139af5fa6cc
strategies/H006/unique_01670/strategy_definition.json,cc1d6177ce8ecca1236297a2756d24578ebfe7ee8faf0edfec4375ca67df1757
strategies/H006/unique_01671/daily_evidence.parquet,e421536ddc7d37b9cfd8a9364a57e65573b761b063b185255ff15e11470b3dff
strategies/H006/unique_01671/README.md,65fef26a7640cc04d3884f12e7c3c39eee20dfd0a9b953e772ca7c528ae52230
strategies/H006/unique_01671/strategy_definition.json,243d4178852b9e7b6f49abfab4b22eed5f0f6953c7e010d9fea78b2ae6484154
strategies/H006/unique_01672/daily_evidence.parquet,726720277c9c527331cd66794405a8337add112a63419404012883fb7c726739
strategies/H006/unique_01672/README.md,6c675b7b3a8637dc20698946199544817e3e5c4b2c4691cea342b36af679daca
strategies/H006/unique_01672/strategy_definition.json,255dcaf6966bad283998d9f2066dca76e01d07d5d03dd31449d1b753689eb6ac
strategies/H006/unique_01673/daily_evidence.parquet,4491e69ea34eed3d365a7a3f58c2ab9e00242213ab8a9004774dd6d6fc165cdb
strategies/H006/unique_01673/README.md,3efeb7d9b39dd91232da7bdb66ae4e98a1fa32b5d878044193c0234199efa26d
strategies/H006/unique_01673/strategy_definition.json,3391724c5629a9012ff958f30633d1b900ef362d19229d8521fda1ea1e953fb3
strategies/H006/unique_01674/daily_evidence.parquet,d21f83f9a03ad7895f11b31f406a6a67ef782015720ae111cf12c0a28c011b73
strategies/H006/unique_01674/README.md,e271c84a4e3b827da3408aae882b1b198ae37562cc14655a86bfe20dd7b23e0d
strategies/H006/unique_01674/strategy_definition.json,eb53af5c185d454c0633c9a82d5ff2d916c1b810080f8f3a7118e5494ca42071
strategies/H006/unique_01675/daily_evidence.parquet,157e3a213742cba6deec3fde22389fea91aaaf267eee2f2aa53bf47d0a35b960
strategies/H006/unique_01675/README.md,354f54a30c30c7a625efb0b7427c966f7895af8bf45f397ec3d5fadd188fafe2
strategies/H006/unique_01675/strategy_definition.json,7655ca91947323ef1a714d433638b9c2660315c49404bd4be4f53b7ce8aa3111
strategies/H006/unique_01676/daily_evidence.parquet,4e28e971fb783d6d0800f165e5bdb8414638aff015a822bd6a8e1db175b95312
strategies/H006/unique_01676/README.md,7e3b6a48b0049bd2ff2c412189a9d57a52c8798ed69b56d7e233d0ed4498018d
strategies/H006/unique_01676/strategy_definition.json,3ffd91742a1c3aa38c08c654bfacd332a8969813cc5c41745e88ca5ef8afbd2b
strategies/H006/unique_01677/daily_evidence.parquet,4eadf17ae7ae709c931e5c0ef0c98a4250eab88944f2257bdef3ecb4cdcf7f0f
strategies/H006/unique_01677/README.md,7a07c6ab94d5d54a1deaabd235067cac745e1a541900b23ed2f6aaa01b9cb61e
strategies/H006/unique_01677/strategy_definition.json,3b047b99437e525b37ae451b15fc996871e625981fce70147e7816b8b50b15a5
strategies/H006/unique_01678/daily_evidence.parquet,d9334ecab7b11a70c61c81b0cf87db0f6a31d69d482fd13bf9bb3dceb57df293
strategies/H006/unique_01678/README.md,a4e0f6a92d20bde1da05b73614803c19c84649c2ca75e309a4b46209dc314c84
strategies/H006/unique_01678/strategy_definition.json,08d453683d1ec5a9c243a962065f95edaca2cebf73bde3e1631ede42ddfedffd
strategies/H006/unique_01679/daily_evidence.parquet,a2911f4ee9f38d3d895e8ffb57ff2495f8b8da025c924359b9bfccd906112e09
strategies/H006/unique_01679/README.md,733d8851ac227cd4305b573af4b77d70d8fdeaf1912d7eb0a12ce9ca0c853df1
strategies/H006/unique_01679/strategy_definition.json,76c88697aaf63c615646510ba1e325c978028904f61049d1ecbb22f10fff7af3
strategies/H006/unique_01680/daily_evidence.parquet,13a1fdfb0dd3674be8b977c512e14e87e320a44a007a3ed000517d7fdd58f978
strategies/H006/unique_01680/README.md,615195f00fcd975a7f01747ccf4132befc4ac4c6f636c5747babc06c79a312b9
strategies/H006/unique_01680/strategy_definition.json,e4db744be0fb61637aa6da3fa784bd9b190f3f5399147a306ff3824f96f446c8
strategies/H006/unique_02281/daily_evidence.parquet,b04bd53b37eec91a1fb80a0277af5bb35ed6e4cf00003ad4f6698ace8098cf29
strategies/H006/unique_02281/README.md,f835f45877ae682ba628dd73f5edb06f83ec9bae26de1dfbcaad40b62d4a34ed
strategies/H006/unique_02281/strategy_definition.json,9ed2beffc63b3bd9d8e2611030c47b2af0eff22d4988184b604ec146d9cb870c
strategies/H006/unique_02282/daily_evidence.parquet,07e6e80a1a3a3ea9b2212f5d517cffe8ec90ded230bd39e5dd6e6423ecd76a4d
strategies/H006/unique_02282/README.md,db2cdb6bbd42a2d68994c9d2adf3d4aae872370fe4e11fdf2464ee46f2a77e7b
strategies/H006/unique_02282/strategy_definition.json,f55775294cd526794bab58ea735a3e4b84e7c294e36a54a162a7ba74ee109af3
strategies/H006/unique_02283/daily_evidence.parquet,0860b3473fe2f569eaedf0e6954206f62c939a8e8dfba05631e3c8ba7930d92f
strategies/H006/unique_02283/README.md,37052489ce761a5f3102c8eafcba89b2acb1183eef86a3c1762354919a406f62
strategies/H006/unique_02283/strategy_definition.json,11eb27bcb8cdb48fd7dda71ce8aa99d8de5c5b9a71c72cd87419f1f379ea84bb
strategies/H006/unique_02284/daily_evidence.parquet,f7d8c0cf803a0b40b067cc6b2911118b42ec831f3953691c007f24aadc944e1f
strategies/H006/unique_02284/README.md,cb0a5bba23ca2ca06b550e6881fa315c7b833c4ae9d76c2feff957c060afe865
strategies/H006/unique_02284/strategy_definition.json,c732de699346410171aac1a10a52a8531010d57c8253981d152a2ddc3334baf7
strategies/H006/unique_02285/daily_evidence.parquet,0d9f9460d0a29b05f76df7e987c34047e93d0452f2e161625bfdad40de84d3d9
strategies/H006/unique_02285/README.md,f69cac874b30e87194b53506127550a5899129d2bff6ffd6812e1056297244a3
strategies/H006/unique_02285/strategy_definition.json,6ff9b90e81a60c2a5af7b972cdbc27f2963ab4d3bbf58020a9854accf6c3cec0
strategies/H006/unique_02286/daily_evidence.parquet,45b80021fd8e2ee942370182e12bcc85d5f6fbfbe165862c98d5c55dc858cd2e
strategies/H006/unique_02286/README.md,eb6f0125918ae1dcfefe2703eb09cee49b84c74d674f2e40df21545fdd0302e7
strategies/H006/unique_02286/strategy_definition.json,ff3179d2e518fa3ab11f3d7151eb6569baf98c2f694fdf475da10b5e056d6b3e
strategies/H006/unique_02287/daily_evidence.parquet,1eddf0e51654b2716b79d0608ffb236dbf60fdf9c4d8809b9036c0350e716cc7
strategies/H006/unique_02287/README.md,c2cb47a67c75e9e36c0abe28b7473aab31073083b51329687ad586c4756de71f
strategies/H006/unique_02287/strategy_definition.json,5d65a1c45b8680b5b73b8c14e6187737344a6addc2c74842ed8c562f47af90d6
strategies/H006/unique_02288/daily_evidence.parquet,2b5dfee52f71782a0a2af4d1b914edcc6ffb2eb916bf15bac9fe74df265d8382
strategies/H006/unique_02288/README.md,89ea6f4c26c29e607fa6b2dc23e696c4708d4164d1c8e5d9c85f88a98e515ce1
strategies/H006/unique_02288/strategy_definition.json,4468888291e910cd75500ce456e0f7b119d38d355d096d792f5c185a81b90f32
strategies/H006/unique_02289/daily_evidence.parquet,ee28e4b6e93c037afa75cb4b0239686c23d58725cf8edad690e7d5fbad01c91b
strategies/H006/unique_02289/README.md,73594eca15ca5c4ff2f518098db05992da821cc715d3ac3fb325fa0163cb0241
strategies/H006/unique_02289/strategy_definition.json,ec58f270319f10689ccc38e92a22d549de6548907e48bcf081b5937527fd6a2a
strategies/H006/unique_02290/daily_evidence.parquet,77d83af24e25530de083b622e5da830ed0dc01f555b909d3ce83f1449e4de876
strategies/H006/unique_02290/README.md,7ae01c4659c23db5163c245cfe711c47448b0baf2cafa8471b9d490603c949b5
strategies/H006/unique_02290/strategy_definition.json,ed32d1f18f743f999ea45ec3793501966432d2f0362f00afefcffcf462bbda8d
strategies/H006/unique_02291/daily_evidence.parquet,60dfa0a79c7b6858f55da54bc143b55ce61c01df37cfb52d6aa753e29e3c1460
strategies/H006/unique_02291/README.md,c67442a1ff9807f0a9473341cfea82fe52cba60b39be575869d47b874ea7122d
strategies/H006/unique_02291/strategy_definition.json,7f0fc38d048e87658b8648ea5a09800b8796b5dce3ccc63f5669207bd25fcdbd
strategies/H006/unique_02292/daily_evidence.parquet,2e0d93797a2648ff7c2ae6f6e896117d044f1b700b8931268b8d6a4247e8a34e
strategies/H006/unique_02292/README.md,e6eb0376d596ac3853d7421cd116584ccc59025415c8c751c2235adfa80d72b5
strategies/H006/unique_02292/strategy_definition.json,65ba44946c121d63aab437f61f2fd44690bcf075eb7e6821927f6e5a3740ff3f
strategies/H006/unique_02293/daily_evidence.parquet,0df9a5456114009f00303fc57e851e8b83109bf2524bc508989cfada34f4674e
strategies/H006/unique_02293/README.md,0a019764fd3f8ba0846b30b74eee61f03fc634366c3f3cf3c3a70294bc1fa069
strategies/H006/unique_02293/strategy_definition.json,06b11450b88f574536e62b8906f0f904d88200483a9f18af22200755864a3838
strategies/H006/unique_02294/daily_evidence.parquet,fea6693b36f926fe39ff957a1efe953d39fdb1ae6b1de39ddb502c41da6353c2
strategies/H006/unique_02294/README.md,29863da620262c65e7d1d2e0d3b402134fa10f1090795d1a2d9fd1daa01a4f9e
strategies/H006/unique_02294/strategy_definition.json,f0b17a3fe4987019d4f8f05fea10f891a772bd350f47bb44051f6dacd2b6bf02
strategies/H006/unique_02295/daily_evidence.parquet,b3180b6098d7f15b377ae135e98a0deafeabef08625edb6e34dfe2f23d9cd4e0
strategies/H006/unique_02295/README.md,6b6ffb2e94377a3726194df27cc72bcae042b0065bfe9dfd0ea75db9093df282
strategies/H006/unique_02295/strategy_definition.json,c605d8024e28fdf9d39ec8f63d3f8af77906b493937ce9f4e6f80fd292be3463
strategies/H006/unique_02296/daily_evidence.parquet,b55076bb2c0b40006f570e8162f354d901b56f1acef37ea5818e2d9eede19b95
strategies/H006/unique_02296/README.md,acf1382c4f0ff1acd8f6bcac29414137ef69142e3f038ad9356fd1a8c5109ee5
strategies/H006/unique_02296/strategy_definition.json,42db8a7c46d812f6baec5b14c283a7b649b3f945b908eaee6068aab282bc863b
strategies/H006/unique_02297/daily_evidence.parquet,58ca90450559e60dbd99366e02ff58a997aba85d9593acda46a24dc5986c7b29
strategies/H006/unique_02297/README.md,3c160a52b6036affae7779c3097e2174ccc86b30bdff1da3ce145173a2ad10eb
strategies/H006/unique_02297/strategy_definition.json,79b955422627bab57e0e1a8b36b64bce964990f723bd405c214c6142f0334ce4
strategies/H006/unique_02298/daily_evidence.parquet,0d6099e5d7406d136f0087cee4e16500f671dd46554e7b915040b9d45fc20ca9
strategies/H006/unique_02298/README.md,a5953221d7593773193939eb3164cbae5d4b4f73d7a5a3205512d9fa1330baed
strategies/H006/unique_02298/strategy_definition.json,c156e61d22e4ef0d32f3511bab1b58029e1ccea1474035fea1e20af8597a1d0b
strategies/H006/unique_02299/daily_evidence.parquet,f6f59571a8f3e4f6d5156613d9f10209d7f7d5e5c90c1dbc18e89fcb98abb0c5
strategies/H006/unique_02299/README.md,fce3590fd81bccfe265a36725b94b3c88a5600d254a308e7b4090c62d0f6d1d7
strategies/H006/unique_02299/strategy_definition.json,8c48078284e15b7dfd3e867db6648020da7f8535d63f5cfa817b62411debb605
strategies/H006/unique_02300/daily_evidence.parquet,3d08deeb2689f526ef330f37d84c2d7a437cf0bc745e16dc13d781e70b3f2f9c
strategies/H006/unique_02300/README.md,1e529e663ae9e5f741958a24f9ea0d34acfa80f460e09961e244a799176e21da
strategies/H006/unique_02300/strategy_definition.json,018576e3017d4093c3a49b26c3e7e483ad10b80c91f2f4020157a35da85f3cd0
strategies/H006/unique_02301/daily_evidence.parquet,00300554f8c00e755c511b942f78ff69e4be9ac75664a244a621cbd4e7da5199
strategies/H006/unique_02301/README.md,2e51863159cb787b1fa80779cacdbb5a47ec4c088e5b78bb7f28524b0ee2533a
strategies/H006/unique_02301/strategy_definition.json,d8c2e24b9fb7c9e26afa338b1e87745cbc4077e612b62d70cfa77e29b04b1e33
strategies/H006/unique_02302/daily_evidence.parquet,2401f245c1d757c6ce1e94c4b879cf75d9a611312759e925fa9ec1c9d410e188
strategies/H006/unique_02302/README.md,74036f7a80b8511434caee412890ec93143c51b1a725d2fe91ec7720c9dc42f5
strategies/H006/unique_02302/strategy_definition.json,fc1cf902362c6520c5f60acbfb69f6bee3b3350fcb76916cb03fe01922e5f297
strategies/H006/unique_02303/daily_evidence.parquet,2e8c7c11e45664e19104541460cb4cfcdccde0a86efbc2dc6a2809a61a6eb771
strategies/H006/unique_02303/README.md,dab648084e3f5c174996f37b71d024bca03953bab841340d96604c92656133df
strategies/H006/unique_02303/strategy_definition.json,dee1542280a55cddeed09f6de8ee68512357ce37bda67c6dccdd101de6260d1d
strategies/H006/unique_02304/daily_evidence.parquet,07dc9200a37abb2d053104187506a86b77aabb8f980707edfa6af48b844bdb25
strategies/H006/unique_02304/README.md,0160de9e69f1edc64d937b58b9933b3fcd0bd07e4548e45df5fa5ac8e822989d
strategies/H006/unique_02304/strategy_definition.json,c08c67d3e1de0283ab468387b0c4f6851afeb94be767e0de86f7988e8879bd18
strategies/H006/unique_02305/daily_evidence.parquet,8e8a5ca7bd5375726a68c964f8a9f086cafd028900e01f889a2111322cb075e0
strategies/H006/unique_02305/README.md,83bfce4df66c86a25e874bd84feb561108112bae19f7cab1345f7ac2cc6e1d6b
strategies/H006/unique_02305/strategy_definition.json,9a7f112cfce336c78ff4fac180f59e601d5d56cb48715bbcccfa30e797009c01
strategies/H006/unique_02306/daily_evidence.parquet,0c2fce1196b0fc97e782b9c0546d9ce1b1f12506701516885541749558bab7bd
strategies/H006/unique_02306/README.md,6788c0fe17e48f123d337f2e713dbc9232b394d6dba4e8f40bcd7bd232ef8eb4
strategies/H006/unique_02306/strategy_definition.json,727b116afcfb91fb8d9a7b4db287e5ec6f2969243f2172445a22f388e131fbb4
strategies/H006/unique_02307/daily_evidence.parquet,192b21d4d855c527589f198ebe8003638235dc035f8892603492039fdbcf018a
strategies/H006/unique_02307/README.md,e0e71b92e8204df2a49a515e64770a4fb05c5b700c580fa6038221ad06ac4b23
strategies/H006/unique_02307/strategy_definition.json,e89a1027e0d9063cb4b7f99cce1e4a69d2f031257725614253e55d59d7d6be28
strategies/H006/unique_02308/daily_evidence.parquet,efa5bca906bd3bf9936ac0f784794246d64f3b2c29f3f3bce2ae5ed8123183e7
strategies/H006/unique_02308/README.md,2e8aaad5ba0569f4020f81a9da76a0dea4c004cb6623f13e9b31d66ce25e8e23
strategies/H006/unique_02308/strategy_definition.json,7a08d5e03ebf49bef73b676d690a2858046f90118860a9173ebdd00c43556a74
strategies/H006/unique_02309/daily_evidence.parquet,a9ec288100dfcaf2878f61743e4a29880cffa61b75356a7c4b6ee21c6d896f6d
strategies/H006/unique_02309/README.md,6d795b2aa5b81050e1650da6b30c2264c3ec64fccb8a5efc26a47e0a09365bd7
strategies/H006/unique_02309/strategy_definition.json,6c07ae69ae4bba021b62383ddb0dd91e78031c695fd53bddcfee477bbd0e165f
strategies/H006/unique_02310/daily_evidence.parquet,8141d4554af8bfcbb2c70e2820aa9a8d9bc99f67bff0a835d20c9487b4951c76
strategies/H006/unique_02310/README.md,9330517f21c0794cdff447c0e8205587922adab6a9654c9345a1873a8186eed5
strategies/H006/unique_02310/strategy_definition.json,9416d2f8a83dcaae810580fb64d576eaf48306b1a2dd8e0e5d33e1f013063b77
strategies/H006/unique_02311/daily_evidence.parquet,85f94d8af679f5a4d60f2f09869ab999405d3ded6da8e65bf96ca90ce7ec6633
strategies/H006/unique_02311/README.md,8124d18a14364640ae72a92e9b0268416fad7672c2e416e11d86228e11176469
strategies/H006/unique_02311/strategy_definition.json,3670a9c3d65d8f6d2189c754bb9c54bf09c23c4ed66c9ab57bdded35cfb2dfc5
strategies/H006/unique_02312/daily_evidence.parquet,b70c2edc62dc30a2bd8b796a29aee35d0afe11c7d026409e846b754dc24ca83c
strategies/H006/unique_02312/README.md,3af0c732e865050291bde12cbc6826dc20aec807c3bdf6bf4c32d1eb6a615149
strategies/H006/unique_02312/strategy_definition.json,fb747f7f9a269811bbcccffc6e8036df2770eaefa73f1f7efab606812e9b9e4a
strategies/H006/unique_02313/daily_evidence.parquet,e67cbda86db53a1c260196efe33fc1cefe5dd4ec8914e59f1cafb20fe7c33011
strategies/H006/unique_02313/README.md,904dd01381f3204e680e9d6427dca2140be95052e130c447a8ab61412528f221
strategies/H006/unique_02313/strategy_definition.json,a20420b96b755ba5cd18411343d4db4c455e021da1d7c4e2418e84f1118b3f03
strategies/H006/unique_02314/daily_evidence.parquet,3e90f98bf94626252697e11e421f250fb9902604b2d22203da38eda16ae89356
strategies/H006/unique_02314/README.md,3c554735c6fb323aecb4c0fc042ddfc055a3c15f493a90be180d64027a30dc61
strategies/H006/unique_02314/strategy_definition.json,5918dc7d2d121dd2585eeb278aca9225b341aeacefb5d489f8f1a342dc4ae01a
strategies/H006/unique_02315/daily_evidence.parquet,9228df208e4072f055508be2ad06ecd8c69f4a102a9a65e117e14c1edc8f1689
strategies/H006/unique_02315/README.md,c5c94c100e9e6e48dd75fc0902d4f135583bb33450b4bfa97d2c67bea0491f80
strategies/H006/unique_02315/strategy_definition.json,748e28a5a91c7525f20d3fc2509715a2c8cd08c00c54bc0475bb035a1676af8f
strategies/H006/unique_02316/daily_evidence.parquet,a68962f02c4e55da1ea9733a0dbe45d69e09c8488f6ef5542f8d74e8a7a6fb7d
strategies/H006/unique_02316/README.md,645a499f3cef6ba05978906f5dc8487fc66e3d326fb69a1f78315b3d40cf67a0
strategies/H006/unique_02316/strategy_definition.json,ec327cb0db89e1f22b2a63f12c29ae12f8b58d9ea32d9d03a514c2c4fbd97955
strategies/H006/unique_02317/daily_evidence.parquet,39df825596a012837721a5e53a8809b913bd69897c28e60392833ee99e3bbccc
strategies/H006/unique_02317/README.md,f4d5cb075b033a2f16ef2dfbfcd754f00fec948bae00dd080b3b1a49f71fa288
strategies/H006/unique_02317/strategy_definition.json,99fde333f98b5fa8613e6be349713b425b224503b7aa0e6d093a8985b0a91e67
strategies/H006/unique_02318/daily_evidence.parquet,e8a972744b025ffd112afb7054dc4b55b000e66dab1dbbabc75b4fbee6868c77
strategies/H006/unique_02318/README.md,6422f157909ffb07ab805943643d61fee03066dd607de06998c8ad338dd07ce6
strategies/H006/unique_02318/strategy_definition.json,f23bc39b8f5e6267945392b660f4ad06c6d4c663d36b39554d3a0c1f3100aa61
strategies/H006/unique_02319/daily_evidence.parquet,b5a2e194d848c413fe27c9e18c02449d6c81021b3e7f80ffb44dc0ead4c83ebd
strategies/H006/unique_02319/README.md,1816c10ffc1d971a5e2077304448425b0fb6de530f4b7c8b31a7d22b97bed116
strategies/H006/unique_02319/strategy_definition.json,17d9bfacf8b11b7a6439f77d5233e74c326e6c7260fabef12526c6747280ae81
strategies/H006/unique_02320/daily_evidence.parquet,a4380e7b658bd212da556a8082c8447a6d6316ded44332f7ced36eec837157d2
strategies/H006/unique_02320/README.md,e6132ae7f86d8d94c327f86e2bcc61d6219dc28a3576d992a157ddc309151f24
strategies/H006/unique_02320/strategy_definition.json,cffd56ed6e5703f525d42bfdcced6afa274849ce63f4599cb19f70f5c8fbdd88
strategies/H006/unique_02321/daily_evidence.parquet,1b86740133c291dfd8d1c57da1946aa02fa1afa3904e97f09119a866421efd69
strategies/H006/unique_02321/README.md,06b6ebbead07cc794aae33a1a203e786bc8a7af9a78c5673341fce46b363caf7
strategies/H006/unique_02321/strategy_definition.json,9fe4d8061e3cc5c9944953258c9e4e9a64c890ce09e02d464aa80b0c22e54341
strategies/H006/unique_02322/daily_evidence.parquet,ae04b9226e585bcd75803f1ec377b3bb695ac7ad764c72552a5831aaf648b8da
strategies/H006/unique_02322/README.md,fb5a14fb437ca538432238a20e35dd36941725b3626e69d0510276c91f70c72a
strategies/H006/unique_02322/strategy_definition.json,c849b3e7fa385661471f00222a242ee5da3702515c53ec25128e94630305ade0
strategies/H006/unique_02323/daily_evidence.parquet,d82a01395bdee55cd093b194ec7d3a28205310c718b45233f8ae87d8b1e6587e
strategies/H006/unique_02323/README.md,020afcc326433d6405c86abfbcc440e0500093f4b24a06be07df0669329b70f7
strategies/H006/unique_02323/strategy_definition.json,0485aef3bf92c68a11b33a3932a6df2197fe03b20f5bca261ae63f41621e1496
strategies/H006/unique_02324/daily_evidence.parquet,9dac381bdd89571719b41667d9bca54b3174b438d8fb8d6190cad5f5b20d3f1f
strategies/H006/unique_02324/README.md,41c89ea350466133e330fa05a4574ec0244bc58d938d8c88296a66d697aa39e5
strategies/H006/unique_02324/strategy_definition.json,ef66a22c3efc365b3f827ee99e21a5dd654b441776e47a64a4897f8d95b43ef3
strategies/H006/unique_02325/daily_evidence.parquet,bbf32f4772a7f3cf0f7e66a7d14c87e65103a030eb3804bb3e80d898f535b0d9
strategies/H006/unique_02325/README.md,9e179adf7d03f7a1ecb2f69072c2d59c8b63ee97b3afaad0a8aef1c2336fe502
strategies/H006/unique_02325/strategy_definition.json,92abd7e80d2c84e00d8c706aa3deb615a795f155e19984b184497bd03f847dc9
strategies/H006/unique_02326/daily_evidence.parquet,5c21b737663596973712c0c869257ed389696859fef2f6ac87a6f76e96a0d7e2
strategies/H006/unique_02326/README.md,5af3cd38fe73f7ca362c670bd440038b7ac5930f27ef8ac010888da9f786e713
strategies/H006/unique_02326/strategy_definition.json,1284627d94cce551024f015f00a25572f14c2301618a1ab98778611c8f78cf63
strategies/H006/unique_02327/daily_evidence.parquet,00e316e277bdc98bfcb775ae76f9948f04470cf0b75803cfc78e30025475f336
strategies/H006/unique_02327/README.md,bc1488fce468ec5ae1bb54a13df7fa9fcc4a90616678090beb66e80a4531e481
strategies/H006/unique_02327/strategy_definition.json,e1d3ab7dd50e165793aaf2de750c696b65b221c02b9ab6270d20bb9a29bf7efe
strategies/H006/unique_02328/daily_evidence.parquet,4fcf0d5fcd61088f7745d38457b7fc3669f1002fab08f1b19a2d6b852a49dac7
strategies/H006/unique_02328/README.md,16ba76f6d1be6450eb0eb31a12efb1202a62a536fbb4d28cfbdd83a2032dc9ba
strategies/H006/unique_02328/strategy_definition.json,bbd4c3f2d26d7618ea4e550a50ea28cdf238cb4d7a3e6e8e8e2e84caedf58b53
strategies/H006/unique_02329/daily_evidence.parquet,09672467318782c3c9881db0c0ba1879d97bdab0e1ed5a6ba531c69c22a02a64
strategies/H006/unique_02329/README.md,ad57a244ed6b36475894b4f3c27071e472dbf258ef20b4ea9f9151d03ed167f0
strategies/H006/unique_02329/strategy_definition.json,e014b79a5c37b51575c28efbc7666233240ecf225618221305a3eca6d8d135cb
strategies/H006/unique_02330/daily_evidence.parquet,acb675c3e1f54e912377188d072ea1d3200f8ba4518b2dac8aa44f279ce3f3d5
strategies/H006/unique_02330/README.md,d6e95ec78736c3751586e46e89f032a933e21bf166b5049453b89731cab833b4
strategies/H006/unique_02330/strategy_definition.json,54f888db329de27660bfd174576301b0973b74e2f24710dcef9b0ccaa58a6146
strategies/H006/unique_02331/daily_evidence.parquet,197295a2c4a3191b7d98851ad625983bb976243b688835e0b36510532cac9980
strategies/H006/unique_02331/README.md,9fa5fe3e04d97592c92b82e2c5ca3b6926bec33aba59b0055d25dd4d075f26d2
strategies/H006/unique_02331/strategy_definition.json,ac096a24e1d1821ad39fdbc4196ff1d51e189552acfe924417b5d64ae01eb9c4
strategies/H006/unique_02332/daily_evidence.parquet,58eae4dfbbe19eab4f4409763bbbea9e90def09b747d034b2105c811e70ac345
strategies/H006/unique_02332/README.md,b8d42ea9bf4c37449203dc39e56f312a7ae3427a90429320620adb189e70a50c
strategies/H006/unique_02332/strategy_definition.json,eaf13496de7823e034cc36a2ae81929f901d0437d2919760aca0287e6d35171f
strategies/H006/unique_02333/daily_evidence.parquet,24cc913bc8fe74e486b9d18bddd43f5ec1d601372297b0ff0a1edcbb79cacb9d
strategies/H006/unique_02333/README.md,6816dfe51ecde235054881fd9b2255a4a785728d9e6384895b576240902d61aa
strategies/H006/unique_02333/strategy_definition.json,d8398f0fbb392ff366d170dfca3ba5c925ff82b4e54b43fd9b01226c2c6d2868
strategies/H006/unique_02334/daily_evidence.parquet,158ddbfd9dd5040983d0a6710364bb59a58e8d9b93260ddb75447d2b6b04dca0
strategies/H006/unique_02334/README.md,2d0a8530db2742898753f7e359d2b43efffacf9f2035a744bd0e37d69c7bff69
strategies/H006/unique_02334/strategy_definition.json,8b47792617a7dffb81ce393b53c0c0e1804af9affc3778a8d274aa4d5008932c
strategies/H006/unique_02335/daily_evidence.parquet,a1276a8755c89505eb534318ec573c22a43c7b3ac7678599b115b1a3a4f442ce
strategies/H006/unique_02335/README.md,27af0c291b461cfff5cbc22216ea8346fe93023edb37fdbeadcd6876f5afc663
strategies/H006/unique_02335/strategy_definition.json,c370d89ac08f5dfc27a1296fa4a2a077caf6cc0453fa516b644ac1e4e1d6919b
strategies/H006/unique_02336/daily_evidence.parquet,217322ecff9083da251028c851ecb4ba5e860fc1827b83acb2e1a42755ef61c0
strategies/H006/unique_02336/README.md,537acf8b24efafedc1e8ed3513cfd0a86efb4bdb1d9bcf5271723e84918bf066
strategies/H006/unique_02336/strategy_definition.json,17064ac7081f879973e10f86e79257576b3bd230f3fa7c6c407597e311950f65
strategies/H006/unique_02337/daily_evidence.parquet,0cab587f18204a9f1c7d16d1d596b769ba7f73b3f3027c9078ac0ed7f71f848e
strategies/H006/unique_02337/README.md,77588d26723df2408a32b61fc4ada76e30ee08809506763afff931dd637c0583
strategies/H006/unique_02337/strategy_definition.json,c496eb1656371feaf5c63bf074dc795f36a0ba6839a467bc93e177dd1d5acee9
strategies/H006/unique_02338/daily_evidence.parquet,5e87306bdb3fe084635569f5c423cf901da3fcdf68e7ffadea73bd9dd5f3148b
strategies/H006/unique_02338/README.md,f0538b2270b23050b3f80433e598011c2f0a30961eb23ec8eb3f0d4f1efa20bd
strategies/H006/unique_02338/strategy_definition.json,ea274bc2777df5f296d29796640b86210ca01608326dffdf25e28f8849236df3
strategies/H006/unique_02339/daily_evidence.parquet,86944ecbc9c3db8437ab4b3ca9eb3ea90ec427fc9ef861c220966d552928454e
strategies/H006/unique_02339/README.md,3d08caf52c6eea6ca3ba17e213ec04a037d3c85763aeeeb392ba0569f6fa268e
strategies/H006/unique_02339/strategy_definition.json,b80db63280852670e66ad54669f6b6485aa53035a3da7ccf7ab440e7fd497331
strategies/H006/unique_02340/daily_evidence.parquet,622c02af16e42453e52c3251c39d52421c8c081466e834c632324e8ca510eeca
strategies/H006/unique_02340/README.md,f853a97e41c696bd94e67e8ead154c74f6074a981cdca41691480b3d773e856f
strategies/H006/unique_02340/strategy_definition.json,6e50e60bfddd1a1b94c434a00bc6f8df3b87f58ba70aafcd69049a2158939872
strategies/H006/unique_02341/daily_evidence.parquet,a8d7a9c54d7928a5ffc45225827597ee0d05ee7154de4e85a55621da85a60846
strategies/H006/unique_02341/README.md,1d1b085dca966341d6c8f7d8979f5e7a502ab2527bb3d01ace656f02ec83c4c8
strategies/H006/unique_02341/strategy_definition.json,81028c8d0e75d6e979bded86c3d23c88e148a0dbccf5aa36fdf7c059a902dcbd
strategies/H006/unique_02342/daily_evidence.parquet,0c332cd3100a65893ed4ba7ede7232c2ac52ba7e5d6ee3ea114a8167b4faeb34
strategies/H006/unique_02342/README.md,84bfc97e4cc591870a26e7b6ffde6058461be87c91ac634dcd7a8b5bafd8f50c
strategies/H006/unique_02342/strategy_definition.json,038a568bfe8fa4ced2f5d8fedc6074ecd1abe6c96f6a7df33a561eeadcfd6a17
strategies/H006/unique_02343/daily_evidence.parquet,260705f3f2b848bee3a5e7f5f39a6f39f1e2a31dc58fd2f4f7e76c1d1045e234
strategies/H006/unique_02343/README.md,4c0cd85738f89ec5c05c14599d47f3459c32f837f0418bf7fb3687e0ab874383
strategies/H006/unique_02343/strategy_definition.json,b35e497c9d962fc3248a843b1c140ab23684df7e5a75d45972c8975203fd2a2a
strategies/H006/unique_02344/daily_evidence.parquet,4872efb5ef45593da9d0f2467a7e69aa2d17f69e64412103d1b727a9a03d0dc7
strategies/H006/unique_02344/README.md,9ef7221abec09d5248e1bb2517f4250d107c51f80c34ff36820102caf346f3d8
strategies/H006/unique_02344/strategy_definition.json,0493d58324f2d8dff1546dba626e4ada9e4d4ede65a7d9c7d72e9d19f42b02c7
strategies/H006/unique_02345/daily_evidence.parquet,b6a45665f0da9fcf034b2abd5553f8459ed4bce81d2ca2293fcec4855d0526e5
strategies/H006/unique_02345/README.md,55530358ebc89559d894eddb5dd96d28cd02d3a4f1b658a9a336013f626eb59c
strategies/H006/unique_02345/strategy_definition.json,c7b8ffbc1afae54c9cd65d208e8ddfa58232cf5fff7b745e53b7876a69cf05d2
strategies/H006/unique_02346/daily_evidence.parquet,47700b376b4472e69ebe33a7bca8ad36d94ba8193697b7e12ee58d0b75ebb095
strategies/H006/unique_02346/README.md,b96f6425c6f22aafedf65f09e2ad1b0b87d688d115892f0a665e786ca389c5a4
strategies/H006/unique_02346/strategy_definition.json,31a22c0cb45ba7e82b0f1c18a38f1227c75dac7a9e93211cdc2c797c9dd8c8b4
strategies/H006/unique_02347/daily_evidence.parquet,6ea9197d79c80b6348f33119d652cc375b0c0a3619052840cef661f247671a97
strategies/H006/unique_02347/README.md,38608adab833ac2923c51dd2f6ed9bae3c5ee8f351971ca772d15931f740d066
strategies/H006/unique_02347/strategy_definition.json,4661197e10f2eafbecdda07390161c2f8ed255d8610a96d847d081be3a235845
strategies/H006/unique_02348/daily_evidence.parquet,23593b90e52e74f40367c656d95f31592edc1d4eafea287566b5c7f4208921a9
strategies/H006/unique_02348/README.md,860a7c515b489026958619f6cb3553b64771cf98fbd22ccede7fe2f71fae57d6
strategies/H006/unique_02348/strategy_definition.json,90d5e6f98bd49c10b57be82979b8b4e4387f1a595d4794f6f92035078a94fab9
strategies/H006/unique_02349/daily_evidence.parquet,45c92707bb5d7abd7d0474d9baccc53d06258e3ce53a3535b70354763fa534a4
strategies/H006/unique_02349/README.md,63460f4de3e16ddb56a9c8a3f0fa6a5a68d5b325b2ac0a979fb3588912a9bc7d
strategies/H006/unique_02349/strategy_definition.json,c194578aaf0d6d149182f22714ee96658ceb749a62f29292fd2a304d3eb499aa
strategies/H006/unique_02350/daily_evidence.parquet,e9d7abc0ca8ea7eec1df72db2802538c4af56f7d046af01f2b77f9694d32562d
strategies/H006/unique_02350/README.md,7cd6dc42fa84dbcbe7d4bc0b6c590c61f006933bebf9536a171c12484920cd16
strategies/H006/unique_02350/strategy_definition.json,836ea06dd51a5ece7fd6c04577e646b02fcab4909ac49d6461c730389df8e1db
strategies/H006/unique_02351/daily_evidence.parquet,30c8ddfa9f0426eceafc79056e3b77b641111878c522c719946c7af417b8712c
strategies/H006/unique_02351/README.md,873760529414581cc20052585693426a831e130c3613f11c01fbc8b2546a93cd
strategies/H006/unique_02351/strategy_definition.json,50a8eee05c799d78557574601b13f74119b2be861c867159433efbcd7aab8178
strategies/H006/unique_02352/daily_evidence.parquet,e3783069459cb173b98685fccca3cc19873ff11a61e328d31c946e93cc33589b
strategies/H006/unique_02352/README.md,b73fd62745584dbd0a657ca17226a27b919eb99bd6b292e99e1b8bfcea9a80aa
strategies/H006/unique_02352/strategy_definition.json,2591ba7b73283f7f676bc53150c7a02aebc5db486a9ffeb5fe22f05d8706bb62
strategies/H006/unique_02353/daily_evidence.parquet,7894f3378dfe129251bb1ddecff4a24cd446fd4844bb110061bf15c7b5613df2
strategies/H006/unique_02353/README.md,e97641c9d71455c777eda133c66f54c06258259f01139da44ac3ac6f018fc768
strategies/H006/unique_02353/strategy_definition.json,373a324a91d993d7c8deb172e07f70c22cc4ac15edc2bda4c629d38d53fd0b93
strategies/H006/unique_02354/daily_evidence.parquet,6f5900e6a1a4e608171880aff95e643242d36e4c6001f8d55f449cafcd7deb86
strategies/H006/unique_02354/README.md,4fdd39954a0bc133e9c6954b023ac29bc74178a01151e413777e85b626e4d35b
strategies/H006/unique_02354/strategy_definition.json,55af574c01239370433f9ab81ad835155120d8ce27840e8bf22b63ad0cafc9a4
strategies/H006/unique_02355/daily_evidence.parquet,77f1ac5a1d0e7b80f6ef564604bd2d5fea91b77a4163ab0124fab61ca7894a2d
strategies/H006/unique_02355/README.md,7586770da51b98f4ae9145cc69a7f00c950d3426a341d48e30735377bb6be1de
strategies/H006/unique_02355/strategy_definition.json,c48595d205292b016f9bbace19708cc16ece8c04bf0f3c304f79434f6688760a
strategies/H006/unique_02356/daily_evidence.parquet,c9f1425d1f1b6d32a806f240009073df8d4460f017c8ea6330930d21972bbaba
strategies/H006/unique_02356/README.md,0a46ca2641e18c1c7d500c06a6f0ba2163484f04932a6ba86d572fea92ca16a7
strategies/H006/unique_02356/strategy_definition.json,ea75ae79ccdee14051b975f698c8351f29fcbef41f759c0fcaea574b14d2d3e4
strategies/H006/unique_02357/daily_evidence.parquet,4e298e67aac7dca4239a972c04b6c352daea3bbcd73d48f2a3d1b358d30cdcc1
strategies/H006/unique_02357/README.md,3ead41c8586b0aca0f31d049bce327eea5a1afab5f87b6265af298ad49ebe7c0
strategies/H006/unique_02357/strategy_definition.json,aee68685b11cecb499c1106475efc8efcc9bcc1a4fc848a2dca8491a2f4abf2b
strategies/H006/unique_02358/daily_evidence.parquet,4af94941a985e6c086b903f34704126528b0afb2e879a147cb4dae90dccb1c7d
strategies/H006/unique_02358/README.md,9c1e10abb3037e210c2636e826318541e79c34193b4450ff8b04a2787f4a6814
strategies/H006/unique_02358/strategy_definition.json,19e4f97011b6e4a6d7695be2d63173b6137cc9ea6c3e68e041530f7ff56da942
strategies/H006/unique_02359/daily_evidence.parquet,28170ccf04a7bdaa4be1d4449be8942b06a5a537feaf1635168c31bb43dec955
strategies/H006/unique_02359/README.md,2a7f8aacbe1adffb39252100efa3ea20f819ac5780d06819cdcf9669ff0956cb
strategies/H006/unique_02359/strategy_definition.json,116bb463e34e00e8fa869a0749231aae82fc56f725c7193afe1e9af5d3835003
strategies/H006/unique_02360/daily_evidence.parquet,c87f613c0afa4c3bd8e47cd57d2adca4e4b50791acbc70c1c274525436a41581
strategies/H006/unique_02360/README.md,02e3b9e974c9b537734e8b2d842bd63ff291336e01ccb268cc45efac5a944f32
strategies/H006/unique_02360/strategy_definition.json,180e1fbd0c9e9cf494c042a946f7e7486d425208fa5bbb146e1acb17b5ba7dba
strategies/H006/unique_02361/daily_evidence.parquet,26a1da23ca41a35683cc183109024fdd51c53ff4daef82f2202d7b76a234ce44
strategies/H006/unique_02361/README.md,1ab404bb759c7fe20047dd598e9a414fe2f29c04270fba86d637b5de2c99af54
strategies/H006/unique_02361/strategy_definition.json,f31d8a224522ee0290d9c22fcc2acfefa5d07c18ff066b0de15a525fdbcf8d49
strategies/H006/unique_02362/daily_evidence.parquet,ef36b6e0afd7c0cf4a19edd98021bdc408a79036e56cff58a5c23e868323a27a
strategies/H006/unique_02362/README.md,059dd1a29b7ffd16e3deef929c237b464664a30111c7c63a4603f7840dfea0c9
strategies/H006/unique_02362/strategy_definition.json,a5d173d7f33899ea49001ebe6b8b121654ae31066b6a41a3be74ac0116ceb1c9
strategies/H006/unique_02363/daily_evidence.parquet,9bc3dbabb886702ef841e9d4af6ed08325c7f22c0787518673ded8be72efc971
strategies/H006/unique_02363/README.md,0f93da6de1708928752e051b0fb3aa7af253022133d2f96253dfa81ed80b4177
strategies/H006/unique_02363/strategy_definition.json,68ff81edaff64f4532ba0d2dc909b300b8963ab0296071a246629850afc66572
strategies/H006/unique_02364/daily_evidence.parquet,9b72ac3c44fda3bdc26a2b2873bb59ba0565fddf5090a82cb42872cca9d083cf
strategies/H006/unique_02364/README.md,008fe5e688f23a4d26f9a7335c726a50fe6b909e8e6cd8c887682a9dd4ebe16b
strategies/H006/unique_02364/strategy_definition.json,2f0c4fc660cb892e47ca0070355bbad3dc6981d39d6da8d3b1193234729d62cf
strategies/H006/unique_02365/daily_evidence.parquet,c4faedf95256236826a12fb261971b7920ea30da8eddc636f76faa40de2456c1
strategies/H006/unique_02365/README.md,0aa00b4b55d066ce19a48d7612369d3cd69405de55d01663e31f1d85aba15abf
strategies/H006/unique_02365/strategy_definition.json,a6e06da9e299c2986e9750e9949fbd301ea07804dd053e31b9cfd253a39ca43d
strategies/H006/unique_02366/daily_evidence.parquet,d4216d64967451a154397181271e6164595a9d9d513dc311e3a76ceebfec5020
strategies/H006/unique_02366/README.md,589c3ac50798ba109e9e1dfc8327710c29209a7b5a4c8a4326675557a0d09c9e
strategies/H006/unique_02366/strategy_definition.json,12da9a6587228fd6eb767f856ad42b48934353648dc8bb102a8f7d53cf1eecc5
strategies/H006/unique_02367/daily_evidence.parquet,a1c824e0fe3404c562caa0acab0ebdb33d91aa066ace073158f1334d71cf51c2
strategies/H006/unique_02367/README.md,693cc3277b93c56bd39f6292188265099ea50894a2cf4ca912205f3d1b5fd234
strategies/H006/unique_02367/strategy_definition.json,4340ee7eba3d3b26dbd51d25ca49bf0438ccbaeb17678c7d0066f49cdcbc5634
strategies/H006/unique_02368/daily_evidence.parquet,8d70e8b0ac5d9229514c53261f45daeae88a0ef8eaaf9dd73d472832e74efea7
strategies/H006/unique_02368/README.md,a507334b20899081faa2f93b1d147c31413482d30deba31870581c28580a99af
strategies/H006/unique_02368/strategy_definition.json,ad7f76f6c75d56d764a6ae87aedd37be4f943f0fd7621c5fc4124b5184287a0d
strategies/H006/unique_02369/daily_evidence.parquet,f9cc404919e55367639d65bea7805aeff71aa766a60eb96463355934485dc4df
strategies/H006/unique_02369/README.md,669276daa4fb56f08590818c49cde9cf94a812c5c08b848601ba4fb842ecbc2b
strategies/H006/unique_02369/strategy_definition.json,1085e85b15f69819567190e1a3e189b7a1dee974ddbb91e55c7cf77f16f49135
strategies/H006/unique_02370/daily_evidence.parquet,2d7069cb557d5b4ab89a18291ca19fdae674934330e96347fd1a5d451b001d0a
strategies/H006/unique_02370/README.md,ca214cc6f548a3fbce134adff52422a5adb7647aee8c9144cf9ac19dcacd8ad6
strategies/H006/unique_02370/strategy_definition.json,4f0c59d4ab20f40239a374130fcbf9b4afcec35c9117fd9d9c1ceb59cd3106c5
strategies/H006/unique_02371/daily_evidence.parquet,8e7ba289676e180e7fa5469ecf0eb9051ff894de36cd91097ef433bf3699f83b
strategies/H006/unique_02371/README.md,d2fc80e3bc23e23704b43b1d0453a2e3ce0add9044066c12aaa67a0b796a9b3b
strategies/H006/unique_02371/strategy_definition.json,c01c55291a00ae5eb433ea5c888dcda5e941bc0fe14bc3bb9f6be52ed0134c0c
strategies/H006/unique_02372/daily_evidence.parquet,31c1400a0b88e7ee8c7f62fc525718a87cbcbf8fab275833286010124419da4d
strategies/H006/unique_02372/README.md,3b2461c1dd82d2e1b2d881accf0b2d0f5f6696f00cac9d2a30eac9d4a516f245
strategies/H006/unique_02372/strategy_definition.json,c318fd5d771a0d9eb798cf23ecc7ee08e5d05a8e5d1725690eeb1c5ba07e17f0
strategies/H006/unique_02373/daily_evidence.parquet,7101292bd5c36903311b82ad57b6303630057c0ff83d4282edeab88f73b61eec
strategies/H006/unique_02373/README.md,1e0f0091986752e2ce148ec48993bdfcd3d4ee3baaf18918518b4f7a6e5187cc
strategies/H006/unique_02373/strategy_definition.json,0124bf4ec84da3b0ebaa8c67c405e47cea1046d8e18df77d5c91e22d3151766a
strategies/H006/unique_02374/daily_evidence.parquet,572182fc4f2b3b8fb89df2206acfece79226b403a9f30c8dbca6da17ad14e7c3
strategies/H006/unique_02374/README.md,d6eb186d6314894be5ed62ab0c4e30c921f842367a25b98827714939d98130af
strategies/H006/unique_02374/strategy_definition.json,cb65a865c3d393b250a25dba07a0b5969b95b419f8ec65a8d91cfbb3114e2082
strategies/H006/unique_02375/daily_evidence.parquet,f596f99f225aa687532e72be39cf39c1a7e78cbc4da9c960f9d36ea6216c6fbf
strategies/H006/unique_02375/README.md,1c3d66397e86c10e529044de99a86e7428adc7abfc1acfdbb1c55fedef5d48d8
strategies/H006/unique_02375/strategy_definition.json,1099d68b4da7dda1ff549d41b88285a2662eb1aec53a7352f3d08106c4d5c874
strategies/H006/unique_02376/daily_evidence.parquet,ff608413143d57f0710242dc48a69e73610adf5a589777fa1979e1fcaeebb97a
strategies/H006/unique_02376/README.md,1bde92508c833733a72ac778001b0aa69bb9cdcff5319f8f5165e8d46153764b
strategies/H006/unique_02376/strategy_definition.json,44bee0336a76eba17cbcd8c48fc7019894293398e209aa280479094c35f7281c
strategies/H006/unique_02377/daily_evidence.parquet,9e8e21847a2659532616fc198bd141538537073bbf406f9eb302b4767ef5d693
strategies/H006/unique_02377/README.md,d5541c8c0afc7cb9356485728c7b837a63e4040f45cf48e96e62a8bf018fdacc
strategies/H006/unique_02377/strategy_definition.json,aeed41d7397569fee8ef0146e5da646bb18f5250a4e5ab67cf02adad6f908074
strategies/H006/unique_02378/daily_evidence.parquet,6673421e145b9990f1b9c4b8f073b0494a5c8536cf2c3e2ce7a05a32e40e3c2b
strategies/H006/unique_02378/README.md,572fe39c2cf305e3ee45d4351f6d58b0e99d9e5e2ab1401d1e9df57cff036a28
strategies/H006/unique_02378/strategy_definition.json,464bea5bb92a9c3cae8db566bad26beb113d9a33e7668c2d20d1a46d23f15306
strategies/H006/unique_02379/daily_evidence.parquet,0e8be8339209c76bf2018369d6d45f2262417c7bb0c2030cd6c6e138b92ae234
strategies/H006/unique_02379/README.md,13cfda178694176e7713696615812721cc83bc16697191707fe157cbd5646140
strategies/H006/unique_02379/strategy_definition.json,d115dfb9990a5d085244649c1659f270de1dcc74d76b544a30215f7a00dd6f47
strategies/H006/unique_02380/daily_evidence.parquet,4e3a7d45ab338803f6c7c7f8ad5d5ac973562d77f54fced9bc0c30b05641ea3e
strategies/H006/unique_02380/README.md,dea1656c296c5e8c87d68d321466d6e43d9a23dccc91a4c8419a1742df487586
strategies/H006/unique_02380/strategy_definition.json,c38a6966a5fa91479168a71a7481257deae27b19e7719db8c0d661d5fd1dd6a3
strategies/H006/unique_02381/daily_evidence.parquet,11b8ef79b1a415e916ddf624a98a3639d5f1caa754bc7b25ff5299b63fd23111
strategies/H006/unique_02381/README.md,c598587c129a72af455554c735351d0c10999d90d875c53872f9ae43d514aa6d
strategies/H006/unique_02381/strategy_definition.json,d43747da825133a2953ffaaee17f4133e322f322ec508fdc119730d17570c394
strategies/H006/unique_02382/daily_evidence.parquet,6aa57786a75d3119257f7ddb9a5f36ecbdc1760b48212d4ea2478f158a863401
strategies/H006/unique_02382/README.md,6e04a372ceb151547758c78c3a105223dd39d9a92de6d8b1769ff8bd520ba099
strategies/H006/unique_02382/strategy_definition.json,68fc4d2c7b68e9cbff69f2aec44bbd1849b70390d10b47ba8bfd2c2172551cbd
strategies/H006/unique_02383/daily_evidence.parquet,26c3b91606ab6c101d62811ff662a0149d320d7675b2b6eeb898ab62b8905ddd
strategies/H006/unique_02383/README.md,100182bbd75c4fc074f8d9beafc98de902f7bbd5f66dd71465454f1a28ff3be5
strategies/H006/unique_02383/strategy_definition.json,043f20920385c0151deba75ca9bb0ba1c422534e92e98b7ea2c79b79bfebd2d5
strategies/H006/unique_02384/daily_evidence.parquet,ac5c19c548e7a6d13825ea137b26f2d8220b36974293c11cefbb1143b43c1eca
strategies/H006/unique_02384/README.md,3455bca313e071e4874319d32b488a5e8b10b142cdf51c75d5809e81ba924609
strategies/H006/unique_02384/strategy_definition.json,1c6cebea17a15416416ed3730535c8a70c0bb6cade3a74087e8c06865f24d66c
strategies/H006/unique_02385/daily_evidence.parquet,effcd6136ee2291bbf1a50bf994c66afc3e8f703e7440c55a36d294e788951eb
strategies/H006/unique_02385/README.md,8f9561d5fb3208c9e06b54c354f25100435e7e344266fffbb58e9cbe9c17e793
strategies/H006/unique_02385/strategy_definition.json,7f75eee4785c1dfd7842067aff47f540df774e099b711ef0952384c624e71b60
strategies/H006/unique_02386/daily_evidence.parquet,d51c1dcca9f3ad364311dd0f7586700ef11bd6f22e6a8fa9f88b13e0591c4aac
strategies/H006/unique_02386/README.md,f5db4c22bb94c4e360577a624f195c1c46a139fc56ecf356a4059c594e9b3348
strategies/H006/unique_02386/strategy_definition.json,7243f04092c6feb44b80642676ed81d442454de303b75cccf0fed88ecb8cf1e9
strategies/H006/unique_02387/daily_evidence.parquet,abdcd2115bea52cd9e102f079bb1c579c0cc812565bfef53733745547db5bfdf
strategies/H006/unique_02387/README.md,3bc03be853fdaa3ae7a51f6eae13003d938c86f258bb74badb17dc9e79d6e9d1
strategies/H006/unique_02387/strategy_definition.json,b6aaef05ca18091d3dbf60aa56387b4fa0fb8e5753132e4dc57f2e28c23eb0aa
strategies/H006/unique_02388/daily_evidence.parquet,6954f2b0041cfc002be7607dca3600090235fe34b5c7ea47f9b1c988261f27dc
strategies/H006/unique_02388/README.md,e813e5f36f1c645cb0a8806e23e4fcfad4cd4cfbd4e4711608c8985bf25ed9a3
strategies/H006/unique_02388/strategy_definition.json,40420f604887ae52cbf05a7c6ec7e480cb98bc4d39a650b4584ba1b4291bea07
strategies/H006/unique_02389/daily_evidence.parquet,ad0e7e487be45260c7c0c237ae88ec36e13b19b49d57715003862301481f36e8
strategies/H006/unique_02389/README.md,a745a0814d87ad670ecd19815f6a21c61f30d9854603c7574c637ae42738b52a
strategies/H006/unique_02389/strategy_definition.json,f3e1fea1f47a24e4a4ce44b26dad8427b6f7503620ce9247b2e5d7ca99049dfc
strategies/H006/unique_02390/daily_evidence.parquet,9dd7a5328d1677e501f458a1edf7fdb7e599e183c5d128b24cb26f4929bbd2e3
strategies/H006/unique_02390/README.md,a17a2caad5a1d123eff764f762c5de632cbeb3353fa06044c08acd01f9b8ecb0
strategies/H006/unique_02390/strategy_definition.json,314d9f3414afb834c818d658bda241ae9f90637148574d3570391108cef7b368
strategies/H006/unique_02391/daily_evidence.parquet,fe047b6f436ee734d31d67994fa816c02491d9f44fb217952fa32de1441a6cec
strategies/H006/unique_02391/README.md,b9a945671bb44cb6d812185eae4a6ac591db6a24a38dbcef8f2a22e793821948
strategies/H006/unique_02391/strategy_definition.json,07cedab38909d0ddcfbf579b922347f0bc34bad1ac72edf96ba666d95079750c
strategies/H006/unique_02392/daily_evidence.parquet,bb1fb01f697d29ed90cfde76e2e6e4e3359430dada3326e2e330c2f0d03fab11
strategies/H006/unique_02392/README.md,4463041da77551fcf3747f0f3a11b3830a21c0d491731aee7006b7f896987f0d
strategies/H006/unique_02392/strategy_definition.json,d6de23dc806b050bb9f6812c5cd1925af8c17af0140b6f5b38af7623455bebfa
strategies/H006/unique_02393/daily_evidence.parquet,881ca2fb06f4592f1849675beaaaa578b2e21cbb67fc1f7fbe158df4e9629dcd
strategies/H006/unique_02393/README.md,8b634cad0bd81d7b73bf18ced57de7c0210f751013d0d2048105fb25837fd82f
strategies/H006/unique_02393/strategy_definition.json,c4820868a62511c5f52d6cf709bf399867a14f4f7b667100fc404e4e2e1a467f
strategies/H006/unique_02394/daily_evidence.parquet,bdf2064f0a77cdd00ce4d4870f6564e8b336e781c9ac74177f8091454f515a7a
strategies/H006/unique_02394/README.md,8e6e0a85c1b1087c9e6969707937e3ce35b19a2d13ecc4403a908505fb81d97d
strategies/H006/unique_02394/strategy_definition.json,7c4dd89881add89149301b240a58426ecfa5c38516e81c3ab3c8f54628cb7554
strategies/H006/unique_02395/daily_evidence.parquet,f88e4699dc2c6dafb9840ee668827d60f468e0b6a9a334d15fe8c1d9de87b146
strategies/H006/unique_02395/README.md,c9756f9c71ace473a41b04153ebbea6998a57c11a9a59635c6aaa06da64877ab
strategies/H006/unique_02395/strategy_definition.json,04362c54e0fc2f929d90c0a062c017f9705fa30af4f4cf2492151d4f545a861d
strategies/H006/unique_02396/daily_evidence.parquet,7159a147f699f66c689b0d434ef3c45daa6abe812fd10fb6dbb53c13ec13908a
strategies/H006/unique_02396/README.md,585c396ee20b4e2539240be790c8585e71a4bd58cd4a3e97f671569cfe5e40ae
strategies/H006/unique_02396/strategy_definition.json,6c311e14d8ce4be50113e56763c24f7124b711d29a039c96c3b2e7809ef510d2
strategies/H006/unique_02397/daily_evidence.parquet,1e3e846edbf822ad1be973a48477ef0ef836f3dc2f430278d09f49b170c9044c
strategies/H006/unique_02397/README.md,bfb9895c14efc09c9feba6021c6026691b9ce5ca3fbb3ffe8cc31dea72588022
strategies/H006/unique_02397/strategy_definition.json,4301a69bea50727bddae347590ed9e59fa75dd01112fbbfca3457306fda475b2
strategies/H006/unique_02398/daily_evidence.parquet,c066b74fe3923f3c2e997367a8fd3bdcff82f85cf26cb62b542014a2507dda27
strategies/H006/unique_02398/README.md,56575c35399fc4367c4eb225de0e1bb8a9b397973dacee7c40f1f71ccefeeef2
strategies/H006/unique_02398/strategy_definition.json,a97f0a07d1e193d63f7fef15a39cbb2811009a8b60dc2272d7fe7c5ed0a1b65f
strategies/H006/unique_02399/daily_evidence.parquet,30198fb5a3d6bc0ad1ebb97e8b5cc96624a11b7fa22c0eef0bf09a1b44d48e15
strategies/H006/unique_02399/README.md,819a3ce9d393e7605d843c9b7ab147b7aedf4d1a40e6ba5eb05f4c795dd06d12
strategies/H006/unique_02399/strategy_definition.json,2b2e32a46304cefe96e0cab6855b16ac580b917ad58988c4d1e6e2b31904e8de
strategies/H006/unique_02400/daily_evidence.parquet,b7ff653fa8731f0e5b16cc69f8cd774f8bb1eb93be68cb36b88eee3d3d2c2828
strategies/H006/unique_02400/README.md,8232a32f906fb301693b04624ed4298dfffd08adf6b3f6a970f301c1a7efb65f
strategies/H006/unique_02400/strategy_definition.json,ba9ae3b99e468a33f8303acbcd0f3db62f70bdeedc7ab11ee4afe0551dfef0a6
strategy_index.csv,497eb9c2125dd614827f8010142cafea5638f13f4aa0423bd084d1aa6340a27e
