strategy,hypothesis_id,symbol,folder
unique_00001,H005,6E,strategies/H005/unique_00001
unique_00002,H005,6E,strategies/H005/unique_00002
unique_00003,H005,6E,strategies/H005/unique_00003
unique_00004,H005,6E,strategies/H005/unique_00004
unique_00005,H005,6J,strategies/H005/unique_00005
unique_00006,H005,6J,strategies/H005/unique_00006
unique_00007,H005,6J,strategies/H005/unique_00007
unique_00008,H005,6J,strategies/H005/unique_00008
unique_00009,H005,CL,strategies/H005/unique_00009
unique_00010,H005,CL,strategies/H005/unique_00010
unique_00011,H005,CL,strategies/H005/unique_00011
unique_00012,H005,CL,strategies/H005/unique_00012
unique_00013,H005,ES,strategies/H005/unique_00013
unique_00014,H005,ES,strategies/H005/unique_00014
unique_00015,H005,ES,strategies/H005/unique_00015
unique_00016,H005,ES,strategies/H005/unique_00016
unique_00017,H005,GC,strategies/H005/unique_00017
unique_00018,H005,GC,strategies/H005/unique_00018
unique_00019,H005,GC,strategies/H005/unique_00019
unique_00020,H005,GC,strategies/H005/unique_00020
unique_00021,H005,HG,strategies/H005/unique_00021
unique_00022,H005,HG,strategies/H005/unique_00022
unique_00023,H005,HG,strategies/H005/unique_00023
unique_00024,H005,HG,strategies/H005/unique_00024
unique_00025,H005,NG,strategies/H005/unique_00025
unique_00026,H005,NG,strategies/H005/unique_00026
unique_00027,H005,NG,strategies/H005/unique_00027
unique_00028,H005,NG,strategies/H005/unique_00028
unique_00029,H005,NKD,strategies/H005/unique_00029
unique_00030,H005,NKD,strategies/H005/unique_00030
unique_00031,H005,NKD,strategies/H005/unique_00031
unique_00032,H005,NKD,strategies/H005/unique_00032
unique_00033,H005,ZC,strategies/H005/unique_00033
unique_00034,H005,ZC,strategies/H005/unique_00034
unique_00035,H005,ZC,strategies/H005/unique_00035
unique_00036,H005,ZC,strategies/H005/unique_00036
unique_00037,H005,ZN,strategies/H005/unique_00037
unique_00038,H005,ZN,strategies/H005/unique_00038
unique_00039,H005,ZN,strategies/H005/unique_00039
unique_00040,H005,ZN,strategies/H005/unique_00040
unique_00041,H005,6E,strategies/H005/unique_00041
unique_00042,H005,6E,strategies/H005/unique_00042
unique_00043,H005,6E,strategies/H005/unique_00043
unique_00044,H005,6E,strategies/H005/unique_00044
unique_00045,H005,6J,strategies/H005/unique_00045
unique_00046,H005,6J,strategies/H005/unique_00046
unique_00047,H005,6J,strategies/H005/unique_00047
unique_00048,H005,6J,strategies/H005/unique_00048
unique_00049,H005,CL,strategies/H005/unique_00049
unique_00050,H005,CL,strategies/H005/unique_00050
unique_00051,H005,CL,strategies/H005/unique_00051
unique_00052,H005,CL,strategies/H005/unique_00052
unique_00053,H005,ES,strategies/H005/unique_00053
unique_00054,H005,ES,strategies/H005/unique_00054
unique_00055,H005,ES,strategies/H005/unique_00055
unique_00056,H005,ES,strategies/H005/unique_00056
unique_00057,H005,GC,strategies/H005/unique_00057
unique_00058,H005,GC,strategies/H005/unique_00058
unique_00059,H005,GC,strategies/H005/unique_00059
unique_00060,H005,GC,strategies/H005/unique_00060
unique_00061,H005,HG,strategies/H005/unique_00061
unique_00062,H005,HG,strategies/H005/unique_00062
unique_00063,H005,HG,strategies/H005/unique_00063
unique_00064,H005,HG,strategies/H005/unique_00064
unique_00065,H005,NG,strategies/H005/unique_00065
unique_00066,H005,NG,strategies/H005/unique_00066
unique_00067,H005,NG,strategies/H005/unique_00067
unique_00068,H005,NG,strategies/H005/unique_00068
unique_00069,H005,NKD,strategies/H005/unique_00069
unique_00070,H005,NKD,strategies/H005/unique_00070
unique_00071,H005,NKD,strategies/H005/unique_00071
unique_00072,H005,NKD,strategies/H005/unique_00072
unique_00073,H005,ZC,strategies/H005/unique_00073
unique_00074,H005,ZC,strategies/H005/unique_00074
unique_00075,H005,ZC,strategies/H005/unique_00075
unique_00076,H005,ZC,strategies/H005/unique_00076
unique_00077,H005,ZN,strategies/H005/unique_00077
unique_00078,H005,ZN,strategies/H005/unique_00078
unique_00079,H005,ZN,strategies/H005/unique_00079
unique_00080,H005,ZN,strategies/H005/unique_00080
unique_00081,H005,6E,strategies/H005/unique_00081
unique_00082,H005,6E,strategies/H005/unique_00082
unique_00083,H005,6E,strategies/H005/unique_00083
unique_00084,H005,6E,strategies/H005/unique_00084
unique_00085,H005,6J,strategies/H005/unique_00085
unique_00086,H005,6J,strategies/H005/unique_00086
unique_00087,H005,6J,strategies/H005/unique_00087
unique_00088,H005,6J,strategies/H005/unique_00088
unique_00089,H005,CL,strategies/H005/unique_00089
unique_00090,H005,CL,strategies/H005/unique_00090
unique_00091,H005,CL,strategies/H005/unique_00091
unique_00092,H005,CL,strategies/H005/unique_00092
unique_00093,H005,ES,strategies/H005/unique_00093
unique_00094,H005,ES,strategies/H005/unique_00094
unique_00095,H005,ES,strategies/H005/unique_00095
unique_00096,H005,ES,strategies/H005/unique_00096
unique_00097,H005,GC,strategies/H005/unique_00097
unique_00098,H005,GC,strategies/H005/unique_00098
unique_00099,H005,GC,strategies/H005/unique_00099
unique_00100,H005,GC,strategies/H005/unique_00100
unique_00101,H005,HG,strategies/H005/unique_00101
unique_00102,H005,HG,strategies/H005/unique_00102
unique_00103,H005,HG,strategies/H005/unique_00103
unique_00104,H005,HG,strategies/H005/unique_00104
unique_00105,H005,NG,strategies/H005/unique_00105
unique_00106,H005,NG,strategies/H005/unique_00106
unique_00107,H005,NG,strategies/H005/unique_00107
unique_00108,H005,NG,strategies/H005/unique_00108
unique_00109,H005,NKD,strategies/H005/unique_00109
unique_00110,H005,NKD,strategies/H005/unique_00110
unique_00111,H005,NKD,strategies/H005/unique_00111
unique_00112,H005,NKD,strategies/H005/unique_00112
unique_00113,H005,ZC,strategies/H005/unique_00113
unique_00114,H005,ZC,strategies/H005/unique_00114
unique_00115,H005,ZC,strategies/H005/unique_00115
unique_00116,H005,ZC,strategies/H005/unique_00116
unique_00117,H005,ZN,strategies/H005/unique_00117
unique_00118,H005,ZN,strategies/H005/unique_00118
unique_00119,H005,ZN,strategies/H005/unique_00119
unique_00120,H005,ZN,strategies/H005/unique_00120
unique_00121,H006,6E,strategies/H006/unique_00121
unique_00122,H006,6E,strategies/H006/unique_00122
unique_00123,H006,6E,strategies/H006/unique_00123
unique_00124,H006,6E,strategies/H006/unique_00124
unique_00125,H006,6J,strategies/H006/unique_00125
unique_00126,H006,6J,strategies/H006/unique_00126
unique_00127,H006,6J,strategies/H006/unique_00127
unique_00128,H006,6J,strategies/H006/unique_00128
unique_00129,H006,CL,strategies/H006/unique_00129
unique_00130,H006,CL,strategies/H006/unique_00130
unique_00131,H006,CL,strategies/H006/unique_00131
unique_00132,H006,CL,strategies/H006/unique_00132
unique_00133,H006,ES,strategies/H006/unique_00133
unique_00134,H006,ES,strategies/H006/unique_00134
unique_00135,H006,ES,strategies/H006/unique_00135
unique_00136,H006,ES,strategies/H006/unique_00136
unique_00137,H006,GC,strategies/H006/unique_00137
unique_00138,H006,GC,strategies/H006/unique_00138
unique_00139,H006,GC,strategies/H006/unique_00139
unique_00140,H006,GC,strategies/H006/unique_00140
unique_00141,H006,HG,strategies/H006/unique_00141
unique_00142,H006,HG,strategies/H006/unique_00142
unique_00143,H006,HG,strategies/H006/unique_00143
unique_00144,H006,HG,strategies/H006/unique_00144
unique_00145,H006,NG,strategies/H006/unique_00145
unique_00146,H006,NG,strategies/H006/unique_00146
unique_00147,H006,NG,strategies/H006/unique_00147
unique_00148,H006,NG,strategies/H006/unique_00148
unique_00149,H006,NKD,strategies/H006/unique_00149
unique_00150,H006,NKD,strategies/H006/unique_00150
unique_00151,H006,NKD,strategies/H006/unique_00151
unique_00152,H006,NKD,strategies/H006/unique_00152
unique_00153,H006,ZC,strategies/H006/unique_00153
unique_00154,H006,ZC,strategies/H006/unique_00154
unique_00155,H006,ZC,strategies/H006/unique_00155
unique_00156,H006,ZC,strategies/H006/unique_00156
unique_00157,H006,ZN,strategies/H006/unique_00157
unique_00158,H006,ZN,strategies/H006/unique_00158
unique_00159,H006,ZN,strategies/H006/unique_00159
unique_00160,H006,ZN,strategies/H006/unique_00160
unique_00161,H006,6E,strategies/H006/unique_00161
unique_00162,H006,6E,strategies/H006/unique_00162
unique_00163,H006,6E,strategies/H006/unique_00163
unique_00164,H006,6E,strategies/H006/unique_00164
unique_00165,H006,6J,strategies/H006/unique_00165
unique_00166,H006,6J,strategies/H006/unique_00166
unique_00167,H006,6J,strategies/H006/unique_00167
unique_00168,H006,6J,strategies/H006/unique_00168
unique_00169,H006,CL,strategies/H006/unique_00169
unique_00170,H006,CL,strategies/H006/unique_00170
unique_00171,H006,CL,strategies/H006/unique_00171
unique_00172,H006,CL,strategies/H006/unique_00172
unique_00173,H006,ES,strategies/H006/unique_00173
unique_00174,H006,ES,strategies/H006/unique_00174
unique_00175,H006,ES,strategies/H006/unique_00175
unique_00176,H006,ES,strategies/H006/unique_00176
unique_00177,H006,GC,strategies/H006/unique_00177
unique_00178,H006,GC,strategies/H006/unique_00178
unique_00179,H006,GC,strategies/H006/unique_00179
unique_00180,H006,GC,strategies/H006/unique_00180
unique_00181,H006,HG,strategies/H006/unique_00181
unique_00182,H006,HG,strategies/H006/unique_00182
unique_00183,H006,HG,strategies/H006/unique_00183
unique_00184,H006,HG,strategies/H006/unique_00184
unique_00185,H006,NG,strategies/H006/unique_00185
unique_00186,H006,NG,strategies/H006/unique_00186
unique_00187,H006,NG,strategies/H006/unique_00187
unique_00188,H006,NG,strategies/H006/unique_00188
unique_00189,H006,NKD,strategies/H006/unique_00189
unique_00190,H006,NKD,strategies/H006/unique_00190
unique_00191,H006,NKD,strategies/H006/unique_00191
unique_00192,H006,NKD,strategies/H006/unique_00192
unique_00193,H006,ZC,strategies/H006/unique_00193
unique_00194,H006,ZC,strategies/H006/unique_00194
unique_00195,H006,ZC,strategies/H006/unique_00195
unique_00196,H006,ZC,strategies/H006/unique_00196
unique_00197,H006,ZN,strategies/H006/unique_00197
unique_00198,H006,ZN,strategies/H006/unique_00198
unique_00199,H006,ZN,strategies/H006/unique_00199
unique_00200,H006,ZN,strategies/H006/unique_00200
unique_00201,H006,6E,strategies/H006/unique_00201
unique_00202,H006,6E,strategies/H006/unique_00202
unique_00203,H006,6E,strategies/H006/unique_00203
unique_00204,H006,6E,strategies/H006/unique_00204
unique_00205,H006,6J,strategies/H006/unique_00205
unique_00206,H006,6J,strategies/H006/unique_00206
unique_00207,H006,6J,strategies/H006/unique_00207
unique_00208,H006,6J,strategies/H006/unique_00208
unique_00209,H006,CL,strategies/H006/unique_00209
unique_00210,H006,CL,strategies/H006/unique_00210
unique_00211,H006,CL,strategies/H006/unique_00211
unique_00212,H006,CL,strategies/H006/unique_00212
unique_00213,H006,ES,strategies/H006/unique_00213
unique_00214,H006,ES,strategies/H006/unique_00214
unique_00215,H006,ES,strategies/H006/unique_00215
unique_00216,H006,ES,strategies/H006/unique_00216
unique_00217,H006,GC,strategies/H006/unique_00217
unique_00218,H006,GC,strategies/H006/unique_00218
unique_00219,H006,GC,strategies/H006/unique_00219
unique_00220,H006,GC,strategies/H006/unique_00220
unique_00221,H006,HG,strategies/H006/unique_00221
unique_00222,H006,HG,strategies/H006/unique_00222
unique_00223,H006,HG,strategies/H006/unique_00223
unique_00224,H006,HG,strategies/H006/unique_00224
unique_00225,H006,NG,strategies/H006/unique_00225
unique_00226,H006,NG,strategies/H006/unique_00226
unique_00227,H006,NG,strategies/H006/unique_00227
unique_00228,H006,NG,strategies/H006/unique_00228
unique_00229,H006,NKD,strategies/H006/unique_00229
unique_00230,H006,NKD,strategies/H006/unique_00230
unique_00231,H006,NKD,strategies/H006/unique_00231
unique_00232,H006,NKD,strategies/H006/unique_00232
unique_00233,H006,ZC,strategies/H006/unique_00233
unique_00234,H006,ZC,strategies/H006/unique_00234
unique_00235,H006,ZC,strategies/H006/unique_00235
unique_00236,H006,ZC,strategies/H006/unique_00236
unique_00237,H006,ZN,strategies/H006/unique_00237
unique_00238,H006,ZN,strategies/H006/unique_00238
unique_00239,H006,ZN,strategies/H006/unique_00239
unique_00240,H006,ZN,strategies/H006/unique_00240
unique_00241,H002,6E,strategies/H002/unique_00241
unique_00242,H002,6E,strategies/H002/unique_00242
unique_00243,H002,6E,strategies/H002/unique_00243
unique_00244,H002,6E,strategies/H002/unique_00244
unique_00245,H002,6E,strategies/H002/unique_00245
unique_00246,H002,6E,strategies/H002/unique_00246
unique_00247,H002,6E,strategies/H002/unique_00247
unique_00248,H002,6E,strategies/H002/unique_00248
unique_00249,H002,6E,strategies/H002/unique_00249
unique_00250,H002,6E,strategies/H002/unique_00250
unique_00251,H002,6E,strategies/H002/unique_00251
unique_00252,H002,6E,strategies/H002/unique_00252
unique_00253,H002,6E,strategies/H002/unique_00253
unique_00254,H002,6E,strategies/H002/unique_00254
unique_00255,H002,6E,strategies/H002/unique_00255
unique_00256,H002,6E,strategies/H002/unique_00256
unique_00257,H002,6E,strategies/H002/unique_00257
unique_00258,H002,6E,strategies/H002/unique_00258
unique_00259,H002,6E,strategies/H002/unique_00259
unique_00260,H002,6E,strategies/H002/unique_00260
unique_00261,H002,6E,strategies/H002/unique_00261
unique_00262,H002,6E,strategies/H002/unique_00262
unique_00263,H002,6E,strategies/H002/unique_00263
unique_00264,H002,6E,strategies/H002/unique_00264
unique_00265,H003,6E,strategies/H003/unique_00265
unique_00266,H003,6E,strategies/H003/unique_00266
unique_00267,H003,6E,strategies/H003/unique_00267
unique_00268,H003,6E,strategies/H003/unique_00268
unique_00269,H003,6E,strategies/H003/unique_00269
unique_00270,H003,6E,strategies/H003/unique_00270
unique_00271,H003,6E,strategies/H003/unique_00271
unique_00272,H003,6E,strategies/H003/unique_00272
unique_00273,H003,6E,strategies/H003/unique_00273
unique_00274,H003,6E,strategies/H003/unique_00274
unique_00275,H003,6E,strategies/H003/unique_00275
unique_00276,H003,6E,strategies/H003/unique_00276
unique_00277,H004,6E,strategies/H004/unique_00277
unique_00278,H004,6E,strategies/H004/unique_00278
unique_00279,H004,6E,strategies/H004/unique_00279
unique_00280,H004,6E,strategies/H004/unique_00280
unique_00281,H004,6E,strategies/H004/unique_00281
unique_00282,H004,6E,strategies/H004/unique_00282
unique_00283,H004,6E,strategies/H004/unique_00283
unique_00284,H004,6E,strategies/H004/unique_00284
unique_00285,H004,6E,strategies/H004/unique_00285
unique_00286,H004,6E,strategies/H004/unique_00286
unique_00287,H004,6E,strategies/H004/unique_00287
unique_00288,H004,6E,strategies/H004/unique_00288
unique_00289,H002,6J,strategies/H002/unique_00289
unique_00290,H002,6J,strategies/H002/unique_00290
unique_00291,H002,6J,strategies/H002/unique_00291
unique_00292,H002,6J,strategies/H002/unique_00292
unique_00293,H002,6J,strategies/H002/unique_00293
unique_00294,H002,6J,strategies/H002/unique_00294
unique_00295,H002,6J,strategies/H002/unique_00295
unique_00296,H002,6J,strategies/H002/unique_00296
unique_00297,H002,6J,strategies/H002/unique_00297
unique_00298,H002,6J,strategies/H002/unique_00298
unique_00299,H002,6J,strategies/H002/unique_00299
unique_00300,H002,6J,strategies/H002/unique_00300
unique_00301,H002,6J,strategies/H002/unique_00301
unique_00302,H002,6J,strategies/H002/unique_00302
unique_00303,H002,6J,strategies/H002/unique_00303
unique_00304,H002,6J,strategies/H002/unique_00304
unique_00305,H002,6J,strategies/H002/unique_00305
unique_00306,H002,6J,strategies/H002/unique_00306
unique_00307,H002,6J,strategies/H002/unique_00307
unique_00308,H002,6J,strategies/H002/unique_00308
unique_00309,H002,6J,strategies/H002/unique_00309
unique_00310,H002,6J,strategies/H002/unique_00310
unique_00311,H002,6J,strategies/H002/unique_00311
unique_00312,H002,6J,strategies/H002/unique_00312
unique_00313,H003,6J,strategies/H003/unique_00313
unique_00314,H003,6J,strategies/H003/unique_00314
unique_00315,H003,6J,strategies/H003/unique_00315
unique_00316,H003,6J,strategies/H003/unique_00316
unique_00317,H003,6J,strategies/H003/unique_00317
unique_00318,H003,6J,strategies/H003/unique_00318
unique_00319,H003,6J,strategies/H003/unique_00319
unique_00320,H003,6J,strategies/H003/unique_00320
unique_00321,H003,6J,strategies/H003/unique_00321
unique_00322,H003,6J,strategies/H003/unique_00322
unique_00323,H003,6J,strategies/H003/unique_00323
unique_00324,H003,6J,strategies/H003/unique_00324
unique_00325,H004,6J,strategies/H004/unique_00325
unique_00326,H004,6J,strategies/H004/unique_00326
unique_00327,H004,6J,strategies/H004/unique_00327
unique_00328,H004,6J,strategies/H004/unique_00328
unique_00329,H004,6J,strategies/H004/unique_00329
unique_00330,H004,6J,strategies/H004/unique_00330
unique_00331,H004,6J,strategies/H004/unique_00331
unique_00332,H004,6J,strategies/H004/unique_00332
unique_00333,H004,6J,strategies/H004/unique_00333
unique_00334,H004,6J,strategies/H004/unique_00334
unique_00335,H004,6J,strategies/H004/unique_00335
unique_00336,H004,6J,strategies/H004/unique_00336
unique_00337,H002,CL,strategies/H002/unique_00337
unique_00338,H002,CL,strategies/H002/unique_00338
unique_00339,H002,CL,strategies/H002/unique_00339
unique_00340,H002,CL,strategies/H002/unique_00340
unique_00341,H002,CL,strategies/H002/unique_00341
unique_00342,H002,CL,strategies/H002/unique_00342
unique_00343,H002,CL,strategies/H002/unique_00343
unique_00344,H002,CL,strategies/H002/unique_00344
unique_00345,H002,CL,strategies/H002/unique_00345
unique_00346,H002,CL,strategies/H002/unique_00346
unique_00347,H002,CL,strategies/H002/unique_00347
unique_00348,H002,CL,strategies/H002/unique_00348
unique_00349,H002,CL,strategies/H002/unique_00349
unique_00350,H002,CL,strategies/H002/unique_00350
unique_00351,H002,CL,strategies/H002/unique_00351
unique_00352,H002,CL,strategies/H002/unique_00352
unique_00353,H002,CL,strategies/H002/unique_00353
unique_00354,H002,CL,strategies/H002/unique_00354
unique_00355,H002,CL,strategies/H002/unique_00355
unique_00356,H002,CL,strategies/H002/unique_00356
unique_00357,H002,CL,strategies/H002/unique_00357
unique_00358,H002,CL,strategies/H002/unique_00358
unique_00359,H002,CL,strategies/H002/unique_00359
unique_00360,H002,CL,strategies/H002/unique_00360
unique_00361,H003,CL,strategies/H003/unique_00361
unique_00362,H003,CL,strategies/H003/unique_00362
unique_00363,H003,CL,strategies/H003/unique_00363
unique_00364,H003,CL,strategies/H003/unique_00364
unique_00365,H003,CL,strategies/H003/unique_00365
unique_00366,H003,CL,strategies/H003/unique_00366
unique_00367,H003,CL,strategies/H003/unique_00367
unique_00368,H003,CL,strategies/H003/unique_00368
unique_00369,H003,CL,strategies/H003/unique_00369
unique_00370,H003,CL,strategies/H003/unique_00370
unique_00371,H003,CL,strategies/H003/unique_00371
unique_00372,H003,CL,strategies/H003/unique_00372
unique_00373,H004,CL,strategies/H004/unique_00373
unique_00374,H004,CL,strategies/H004/unique_00374
unique_00375,H004,CL,strategies/H004/unique_00375
unique_00376,H004,CL,strategies/H004/unique_00376
unique_00377,H004,CL,strategies/H004/unique_00377
unique_00378,H004,CL,strategies/H004/unique_00378
unique_00379,H004,CL,strategies/H004/unique_00379
unique_00380,H004,CL,strategies/H004/unique_00380
unique_00381,H004,CL,strategies/H004/unique_00381
unique_00382,H004,CL,strategies/H004/unique_00382
unique_00383,H004,CL,strategies/H004/unique_00383
unique_00384,H004,CL,strategies/H004/unique_00384
unique_00385,H002,ES,strategies/H002/unique_00385
unique_00386,H002,ES,strategies/H002/unique_00386
unique_00387,H002,ES,strategies/H002/unique_00387
unique_00388,H002,ES,strategies/H002/unique_00388
unique_00389,H002,ES,strategies/H002/unique_00389
unique_00390,H002,ES,strategies/H002/unique_00390
unique_00391,H002,ES,strategies/H002/unique_00391
unique_00392,H002,ES,strategies/H002/unique_00392
unique_00393,H002,ES,strategies/H002/unique_00393
unique_00394,H002,ES,strategies/H002/unique_00394
unique_00395,H002,ES,strategies/H002/unique_00395
unique_00396,H002,ES,strategies/H002/unique_00396
unique_00397,H002,ES,strategies/H002/unique_00397
unique_00398,H002,ES,strategies/H002/unique_00398
unique_00399,H002,ES,strategies/H002/unique_00399
unique_00400,H002,ES,strategies/H002/unique_00400
unique_00401,H002,ES,strategies/H002/unique_00401
unique_00402,H002,ES,strategies/H002/unique_00402
unique_00403,H002,ES,strategies/H002/unique_00403
unique_00404,H002,ES,strategies/H002/unique_00404
unique_00405,H002,ES,strategies/H002/unique_00405
unique_00406,H002,ES,strategies/H002/unique_00406
unique_00407,H002,ES,strategies/H002/unique_00407
unique_00408,H002,ES,strategies/H002/unique_00408
unique_00409,H003,ES,strategies/H003/unique_00409
unique_00410,H003,ES,strategies/H003/unique_00410
unique_00411,H003,ES,strategies/H003/unique_00411
unique_00412,H003,ES,strategies/H003/unique_00412
unique_00413,H003,ES,strategies/H003/unique_00413
unique_00414,H003,ES,strategies/H003/unique_00414
unique_00415,H003,ES,strategies/H003/unique_00415
unique_00416,H003,ES,strategies/H003/unique_00416
unique_00417,H003,ES,strategies/H003/unique_00417
unique_00418,H003,ES,strategies/H003/unique_00418
unique_00419,H003,ES,strategies/H003/unique_00419
unique_00420,H003,ES,strategies/H003/unique_00420
unique_00421,H004,ES,strategies/H004/unique_00421
unique_00422,H004,ES,strategies/H004/unique_00422
unique_00423,H004,ES,strategies/H004/unique_00423
unique_00424,H004,ES,strategies/H004/unique_00424
unique_00425,H004,ES,strategies/H004/unique_00425
unique_00426,H004,ES,strategies/H004/unique_00426
unique_00427,H004,ES,strategies/H004/unique_00427
unique_00428,H004,ES,strategies/H004/unique_00428
unique_00429,H004,ES,strategies/H004/unique_00429
unique_00430,H004,ES,strategies/H004/unique_00430
unique_00431,H004,ES,strategies/H004/unique_00431
unique_00432,H004,ES,strategies/H004/unique_00432
unique_00433,H002,GC,strategies/H002/unique_00433
unique_00434,H002,GC,strategies/H002/unique_00434
unique_00435,H002,GC,strategies/H002/unique_00435
unique_00436,H002,GC,strategies/H002/unique_00436
unique_00437,H002,GC,strategies/H002/unique_00437
unique_00438,H002,GC,strategies/H002/unique_00438
unique_00439,H002,GC,strategies/H002/unique_00439
unique_00440,H002,GC,strategies/H002/unique_00440
unique_00441,H002,GC,strategies/H002/unique_00441
unique_00442,H002,GC,strategies/H002/unique_00442
unique_00443,H002,GC,strategies/H002/unique_00443
unique_00444,H002,GC,strategies/H002/unique_00444
unique_00445,H002,GC,strategies/H002/unique_00445
unique_00446,H002,GC,strategies/H002/unique_00446
unique_00447,H002,GC,strategies/H002/unique_00447
unique_00448,H002,GC,strategies/H002/unique_00448
unique_00449,H002,GC,strategies/H002/unique_00449
unique_00450,H002,GC,strategies/H002/unique_00450
unique_00451,H002,GC,strategies/H002/unique_00451
unique_00452,H002,GC,strategies/H002/unique_00452
unique_00453,H002,GC,strategies/H002/unique_00453
unique_00454,H002,GC,strategies/H002/unique_00454
unique_00455,H002,GC,strategies/H002/unique_00455
unique_00456,H002,GC,strategies/H002/unique_00456
unique_00457,H003,GC,strategies/H003/unique_00457
unique_00458,H003,GC,strategies/H003/unique_00458
unique_00459,H003,GC,strategies/H003/unique_00459
unique_00460,H003,GC,strategies/H003/unique_00460
unique_00461,H003,GC,strategies/H003/unique_00461
unique_00462,H003,GC,strategies/H003/unique_00462
unique_00463,H003,GC,strategies/H003/unique_00463
unique_00464,H003,GC,strategies/H003/unique_00464
unique_00465,H003,GC,strategies/H003/unique_00465
unique_00466,H003,GC,strategies/H003/unique_00466
unique_00467,H003,GC,strategies/H003/unique_00467
unique_00468,H003,GC,strategies/H003/unique_00468
unique_00469,H004,GC,strategies/H004/unique_00469
unique_00470,H004,GC,strategies/H004/unique_00470
unique_00471,H004,GC,strategies/H004/unique_00471
unique_00472,H004,GC,strategies/H004/unique_00472
unique_00473,H004,GC,strategies/H004/unique_00473
unique_00474,H004,GC,strategies/H004/unique_00474
unique_00475,H004,GC,strategies/H004/unique_00475
unique_00476,H004,GC,strategies/H004/unique_00476
unique_00477,H004,GC,strategies/H004/unique_00477
unique_00478,H004,GC,strategies/H004/unique_00478
unique_00479,H004,GC,strategies/H004/unique_00479
unique_00480,H004,GC,strategies/H004/unique_00480
unique_00481,H002,HG,strategies/H002/unique_00481
unique_00482,H002,HG,strategies/H002/unique_00482
unique_00483,H002,HG,strategies/H002/unique_00483
unique_00484,H002,HG,strategies/H002/unique_00484
unique_00485,H002,HG,strategies/H002/unique_00485
unique_00486,H002,HG,strategies/H002/unique_00486
unique_00487,H002,HG,strategies/H002/unique_00487
unique_00488,H002,HG,strategies/H002/unique_00488
unique_00489,H002,HG,strategies/H002/unique_00489
unique_00490,H002,HG,strategies/H002/unique_00490
unique_00491,H002,HG,strategies/H002/unique_00491
unique_00492,H002,HG,strategies/H002/unique_00492
unique_00493,H002,HG,strategies/H002/unique_00493
unique_00494,H002,HG,strategies/H002/unique_00494
unique_00495,H002,HG,strategies/H002/unique_00495
unique_00496,H002,HG,strategies/H002/unique_00496
unique_00497,H002,HG,strategies/H002/unique_00497
unique_00498,H002,HG,strategies/H002/unique_00498
unique_00499,H002,HG,strategies/H002/unique_00499
unique_00500,H002,HG,strategies/H002/unique_00500
unique_00501,H002,HG,strategies/H002/unique_00501
unique_00502,H002,HG,strategies/H002/unique_00502
unique_00503,H002,HG,strategies/H002/unique_00503
unique_00504,H002,HG,strategies/H002/unique_00504
unique_00505,H003,HG,strategies/H003/unique_00505
unique_00506,H003,HG,strategies/H003/unique_00506
unique_00507,H003,HG,strategies/H003/unique_00507
unique_00508,H003,HG,strategies/H003/unique_00508
unique_00509,H003,HG,strategies/H003/unique_00509
unique_00510,H003,HG,strategies/H003/unique_00510
unique_00511,H003,HG,strategies/H003/unique_00511
unique_00512,H003,HG,strategies/H003/unique_00512
unique_00513,H003,HG,strategies/H003/unique_00513
unique_00514,H003,HG,strategies/H003/unique_00514
unique_00515,H003,HG,strategies/H003/unique_00515
unique_00516,H003,HG,strategies/H003/unique_00516
unique_00517,H004,HG,strategies/H004/unique_00517
unique_00518,H004,HG,strategies/H004/unique_00518
unique_00519,H004,HG,strategies/H004/unique_00519
unique_00520,H004,HG,strategies/H004/unique_00520
unique_00521,H004,HG,strategies/H004/unique_00521
unique_00522,H004,HG,strategies/H004/unique_00522
unique_00523,H004,HG,strategies/H004/unique_00523
unique_00524,H004,HG,strategies/H004/unique_00524
unique_00525,H004,HG,strategies/H004/unique_00525
unique_00526,H004,HG,strategies/H004/unique_00526
unique_00527,H004,HG,strategies/H004/unique_00527
unique_00528,H004,HG,strategies/H004/unique_00528
unique_00529,H002,NG,strategies/H002/unique_00529
unique_00530,H002,NG,strategies/H002/unique_00530
unique_00531,H002,NG,strategies/H002/unique_00531
unique_00532,H002,NG,strategies/H002/unique_00532
unique_00533,H002,NG,strategies/H002/unique_00533
unique_00534,H002,NG,strategies/H002/unique_00534
unique_00535,H002,NG,strategies/H002/unique_00535
unique_00536,H002,NG,strategies/H002/unique_00536
unique_00537,H002,NG,strategies/H002/unique_00537
unique_00538,H002,NG,strategies/H002/unique_00538
unique_00539,H002,NG,strategies/H002/unique_00539
unique_00540,H002,NG,strategies/H002/unique_00540
unique_00541,H002,NG,strategies/H002/unique_00541
unique_00542,H002,NG,strategies/H002/unique_00542
unique_00543,H002,NG,strategies/H002/unique_00543
unique_00544,H002,NG,strategies/H002/unique_00544
unique_00545,H002,NG,strategies/H002/unique_00545
unique_00546,H002,NG,strategies/H002/unique_00546
unique_00547,H002,NG,strategies/H002/unique_00547
unique_00548,H002,NG,strategies/H002/unique_00548
unique_00549,H002,NG,strategies/H002/unique_00549
unique_00550,H002,NG,strategies/H002/unique_00550
unique_00551,H002,NG,strategies/H002/unique_00551
unique_00552,H002,NG,strategies/H002/unique_00552
unique_00553,H003,NG,strategies/H003/unique_00553
unique_00554,H003,NG,strategies/H003/unique_00554
unique_00555,H003,NG,strategies/H003/unique_00555
unique_00556,H003,NG,strategies/H003/unique_00556
unique_00557,H003,NG,strategies/H003/unique_00557
unique_00558,H003,NG,strategies/H003/unique_00558
unique_00559,H003,NG,strategies/H003/unique_00559
unique_00560,H003,NG,strategies/H003/unique_00560
unique_00561,H003,NG,strategies/H003/unique_00561
unique_00562,H003,NG,strategies/H003/unique_00562
unique_00563,H003,NG,strategies/H003/unique_00563
unique_00564,H003,NG,strategies/H003/unique_00564
unique_00565,H004,NG,strategies/H004/unique_00565
unique_00566,H004,NG,strategies/H004/unique_00566
unique_00567,H004,NG,strategies/H004/unique_00567
unique_00568,H004,NG,strategies/H004/unique_00568
unique_00569,H004,NG,strategies/H004/unique_00569
unique_00570,H004,NG,strategies/H004/unique_00570
unique_00571,H004,NG,strategies/H004/unique_00571
unique_00572,H004,NG,strategies/H004/unique_00572
unique_00573,H004,NG,strategies/H004/unique_00573
unique_00574,H004,NG,strategies/H004/unique_00574
unique_00575,H004,NG,strategies/H004/unique_00575
unique_00576,H004,NG,strategies/H004/unique_00576
unique_00577,H002,NKD,strategies/H002/unique_00577
unique_00578,H002,NKD,strategies/H002/unique_00578
unique_00579,H002,NKD,strategies/H002/unique_00579
unique_00580,H002,NKD,strategies/H002/unique_00580
unique_00581,H002,NKD,strategies/H002/unique_00581
unique_00582,H002,NKD,strategies/H002/unique_00582
unique_00583,H002,NKD,strategies/H002/unique_00583
unique_00584,H002,NKD,strategies/H002/unique_00584
unique_00585,H002,NKD,strategies/H002/unique_00585
unique_00586,H002,NKD,strategies/H002/unique_00586
unique_00587,H002,NKD,strategies/H002/unique_00587
unique_00588,H002,NKD,strategies/H002/unique_00588
unique_00589,H002,NKD,strategies/H002/unique_00589
unique_00590,H002,NKD,strategies/H002/unique_00590
unique_00591,H002,NKD,strategies/H002/unique_00591
unique_00592,H002,NKD,strategies/H002/unique_00592
unique_00593,H002,NKD,strategies/H002/unique_00593
unique_00594,H002,NKD,strategies/H002/unique_00594
unique_00595,H002,NKD,strategies/H002/unique_00595
unique_00596,H002,NKD,strategies/H002/unique_00596
unique_00597,H002,NKD,strategies/H002/unique_00597
unique_00598,H002,NKD,strategies/H002/unique_00598
unique_00599,H002,NKD,strategies/H002/unique_00599
unique_00600,H002,NKD,strategies/H002/unique_00600
unique_00601,H003,NKD,strategies/H003/unique_00601
unique_00602,H003,NKD,strategies/H003/unique_00602
unique_00603,H003,NKD,strategies/H003/unique_00603
unique_00604,H003,NKD,strategies/H003/unique_00604
unique_00605,H003,NKD,strategies/H003/unique_00605
unique_00606,H003,NKD,strategies/H003/unique_00606
unique_00607,H003,NKD,strategies/H003/unique_00607
unique_00608,H003,NKD,strategies/H003/unique_00608
unique_00609,H003,NKD,strategies/H003/unique_00609
unique_00610,H003,NKD,strategies/H003/unique_00610
unique_00611,H003,NKD,strategies/H003/unique_00611
unique_00612,H003,NKD,strategies/H003/unique_00612
unique_00613,H004,NKD,strategies/H004/unique_00613
unique_00614,H004,NKD,strategies/H004/unique_00614
unique_00615,H004,NKD,strategies/H004/unique_00615
unique_00616,H004,NKD,strategies/H004/unique_00616
unique_00617,H004,NKD,strategies/H004/unique_00617
unique_00618,H004,NKD,strategies/H004/unique_00618
unique_00619,H004,NKD,strategies/H004/unique_00619
unique_00620,H004,NKD,strategies/H004/unique_00620
unique_00621,H004,NKD,strategies/H004/unique_00621
unique_00622,H004,NKD,strategies/H004/unique_00622
unique_00623,H004,NKD,strategies/H004/unique_00623
unique_00624,H004,NKD,strategies/H004/unique_00624
unique_00625,H002,ZC,strategies/H002/unique_00625
unique_00626,H002,ZC,strategies/H002/unique_00626
unique_00627,H002,ZC,strategies/H002/unique_00627
unique_00628,H002,ZC,strategies/H002/unique_00628
unique_00629,H002,ZC,strategies/H002/unique_00629
unique_00630,H002,ZC,strategies/H002/unique_00630
unique_00631,H002,ZC,strategies/H002/unique_00631
unique_00632,H002,ZC,strategies/H002/unique_00632
unique_00633,H002,ZC,strategies/H002/unique_00633
unique_00634,H002,ZC,strategies/H002/unique_00634
unique_00635,H002,ZC,strategies/H002/unique_00635
unique_00636,H002,ZC,strategies/H002/unique_00636
unique_00637,H002,ZC,strategies/H002/unique_00637
unique_00638,H002,ZC,strategies/H002/unique_00638
unique_00639,H002,ZC,strategies/H002/unique_00639
unique_00640,H002,ZC,strategies/H002/unique_00640
unique_00641,H002,ZC,strategies/H002/unique_00641
unique_00642,H002,ZC,strategies/H002/unique_00642
unique_00643,H002,ZC,strategies/H002/unique_00643
unique_00644,H002,ZC,strategies/H002/unique_00644
unique_00645,H002,ZC,strategies/H002/unique_00645
unique_00646,H002,ZC,strategies/H002/unique_00646
unique_00647,H002,ZC,strategies/H002/unique_00647
unique_00648,H002,ZC,strategies/H002/unique_00648
unique_00649,H003,ZC,strategies/H003/unique_00649
unique_00650,H003,ZC,strategies/H003/unique_00650
unique_00651,H003,ZC,strategies/H003/unique_00651
unique_00652,H003,ZC,strategies/H003/unique_00652
unique_00653,H003,ZC,strategies/H003/unique_00653
unique_00654,H003,ZC,strategies/H003/unique_00654
unique_00655,H003,ZC,strategies/H003/unique_00655
unique_00656,H003,ZC,strategies/H003/unique_00656
unique_00657,H003,ZC,strategies/H003/unique_00657
unique_00658,H003,ZC,strategies/H003/unique_00658
unique_00659,H003,ZC,strategies/H003/unique_00659
unique_00660,H003,ZC,strategies/H003/unique_00660
unique_00661,H004,ZC,strategies/H004/unique_00661
unique_00662,H004,ZC,strategies/H004/unique_00662
unique_00663,H004,ZC,strategies/H004/unique_00663
unique_00664,H004,ZC,strategies/H004/unique_00664
unique_00665,H004,ZC,strategies/H004/unique_00665
unique_00666,H004,ZC,strategies/H004/unique_00666
unique_00667,H004,ZC,strategies/H004/unique_00667
unique_00668,H004,ZC,strategies/H004/unique_00668
unique_00669,H004,ZC,strategies/H004/unique_00669
unique_00670,H004,ZC,strategies/H004/unique_00670
unique_00671,H004,ZC,strategies/H004/unique_00671
unique_00672,H004,ZC,strategies/H004/unique_00672
unique_00673,H002,ZN,strategies/H002/unique_00673
unique_00674,H002,ZN,strategies/H002/unique_00674
unique_00675,H002,ZN,strategies/H002/unique_00675
unique_00676,H002,ZN,strategies/H002/unique_00676
unique_00677,H002,ZN,strategies/H002/unique_00677
unique_00678,H002,ZN,strategies/H002/unique_00678
unique_00679,H002,ZN,strategies/H002/unique_00679
unique_00680,H002,ZN,strategies/H002/unique_00680
unique_00681,H002,ZN,strategies/H002/unique_00681
unique_00682,H002,ZN,strategies/H002/unique_00682
unique_00683,H002,ZN,strategies/H002/unique_00683
unique_00684,H002,ZN,strategies/H002/unique_00684
unique_00685,H002,ZN,strategies/H002/unique_00685
unique_00686,H002,ZN,strategies/H002/unique_00686
unique_00687,H002,ZN,strategies/H002/unique_00687
unique_00688,H002,ZN,strategies/H002/unique_00688
unique_00689,H002,ZN,strategies/H002/unique_00689
unique_00690,H002,ZN,strategies/H002/unique_00690
unique_00691,H002,ZN,strategies/H002/unique_00691
unique_00692,H002,ZN,strategies/H002/unique_00692
unique_00693,H002,ZN,strategies/H002/unique_00693
unique_00694,H002,ZN,strategies/H002/unique_00694
unique_00695,H002,ZN,strategies/H002/unique_00695
unique_00696,H002,ZN,strategies/H002/unique_00696
unique_00697,H003,ZN,strategies/H003/unique_00697
unique_00698,H003,ZN,strategies/H003/unique_00698
unique_00699,H003,ZN,strategies/H003/unique_00699
unique_00700,H003,ZN,strategies/H003/unique_00700
unique_00701,H003,ZN,strategies/H003/unique_00701
unique_00702,H003,ZN,strategies/H003/unique_00702
unique_00703,H003,ZN,strategies/H003/unique_00703
unique_00704,H003,ZN,strategies/H003/unique_00704
unique_00705,H003,ZN,strategies/H003/unique_00705
unique_00706,H003,ZN,strategies/H003/unique_00706
unique_00707,H003,ZN,strategies/H003/unique_00707
unique_00708,H003,ZN,strategies/H003/unique_00708
unique_00709,H004,ZN,strategies/H004/unique_00709
unique_00710,H004,ZN,strategies/H004/unique_00710
unique_00711,H004,ZN,strategies/H004/unique_00711
unique_00712,H004,ZN,strategies/H004/unique_00712
unique_00713,H004,ZN,strategies/H004/unique_00713
unique_00714,H004,ZN,strategies/H004/unique_00714
unique_00715,H004,ZN,strategies/H004/unique_00715
unique_00716,H004,ZN,strategies/H004/unique_00716
unique_00717,H004,ZN,strategies/H004/unique_00717
unique_00718,H004,ZN,strategies/H004/unique_00718
unique_00719,H004,ZN,strategies/H004/unique_00719
unique_00720,H004,ZN,strategies/H004/unique_00720
unique_00721,H005,6E,strategies/H005/unique_00721
unique_00722,H005,6E,strategies/H005/unique_00722
unique_00723,H005,6E,strategies/H005/unique_00723
unique_00724,H005,6E,strategies/H005/unique_00724
unique_00725,H005,6J,strategies/H005/unique_00725
unique_00726,H005,6J,strategies/H005/unique_00726
unique_00727,H005,6J,strategies/H005/unique_00727
unique_00728,H005,6J,strategies/H005/unique_00728
unique_00729,H005,CL,strategies/H005/unique_00729
unique_00730,H005,CL,strategies/H005/unique_00730
unique_00731,H005,CL,strategies/H005/unique_00731
unique_00732,H005,CL,strategies/H005/unique_00732
unique_00733,H005,ES,strategies/H005/unique_00733
unique_00734,H005,ES,strategies/H005/unique_00734
unique_00735,H005,ES,strategies/H005/unique_00735
unique_00736,H005,ES,strategies/H005/unique_00736
unique_00737,H005,GC,strategies/H005/unique_00737
unique_00738,H005,GC,strategies/H005/unique_00738
unique_00739,H005,GC,strategies/H005/unique_00739
unique_00740,H005,GC,strategies/H005/unique_00740
unique_00741,H005,HG,strategies/H005/unique_00741
unique_00742,H005,HG,strategies/H005/unique_00742
unique_00743,H005,HG,strategies/H005/unique_00743
unique_00744,H005,HG,strategies/H005/unique_00744
unique_00745,H005,NG,strategies/H005/unique_00745
unique_00746,H005,NG,strategies/H005/unique_00746
unique_00747,H005,NG,strategies/H005/unique_00747
unique_00748,H005,NG,strategies/H005/unique_00748
unique_00749,H005,NKD,strategies/H005/unique_00749
unique_00750,H005,NKD,strategies/H005/unique_00750
unique_00751,H005,NKD,strategies/H005/unique_00751
unique_00752,H005,NKD,strategies/H005/unique_00752
unique_00753,H005,ZC,strategies/H005/unique_00753
unique_00754,H005,ZC,strategies/H005/unique_00754
unique_00755,H005,ZC,strategies/H005/unique_00755
unique_00756,H005,ZC,strategies/H005/unique_00756
unique_00757,H005,ZN,strategies/H005/unique_00757
unique_00758,H005,ZN,strategies/H005/unique_00758
unique_00759,H005,ZN,strategies/H005/unique_00759
unique_00760,H005,ZN,strategies/H005/unique_00760
unique_00761,H005,6E,strategies/H005/unique_00761
unique_00762,H005,6E,strategies/H005/unique_00762
unique_00763,H005,6E,strategies/H005/unique_00763
unique_00764,H005,6E,strategies/H005/unique_00764
unique_00765,H005,6J,strategies/H005/unique_00765
unique_00766,H005,6J,strategies/H005/unique_00766
unique_00767,H005,6J,strategies/H005/unique_00767
unique_00768,H005,6J,strategies/H005/unique_00768
unique_00769,H005,CL,strategies/H005/unique_00769
unique_00770,H005,CL,strategies/H005/unique_00770
unique_00771,H005,CL,strategies/H005/unique_00771
unique_00772,H005,CL,strategies/H005/unique_00772
unique_00773,H005,ES,strategies/H005/unique_00773
unique_00774,H005,ES,strategies/H005/unique_00774
unique_00775,H005,ES,strategies/H005/unique_00775
unique_00776,H005,ES,strategies/H005/unique_00776
unique_00777,H005,GC,strategies/H005/unique_00777
unique_00778,H005,GC,strategies/H005/unique_00778
unique_00779,H005,GC,strategies/H005/unique_00779
unique_00780,H005,GC,strategies/H005/unique_00780
unique_00781,H005,HG,strategies/H005/unique_00781
unique_00782,H005,HG,strategies/H005/unique_00782
unique_00783,H005,HG,strategies/H005/unique_00783
unique_00784,H005,HG,strategies/H005/unique_00784
unique_00785,H005,NG,strategies/H005/unique_00785
unique_00786,H005,NG,strategies/H005/unique_00786
unique_00787,H005,NG,strategies/H005/unique_00787
unique_00788,H005,NG,strategies/H005/unique_00788
unique_00789,H005,NKD,strategies/H005/unique_00789
unique_00790,H005,NKD,strategies/H005/unique_00790
unique_00791,H005,NKD,strategies/H005/unique_00791
unique_00792,H005,NKD,strategies/H005/unique_00792
unique_00793,H005,ZC,strategies/H005/unique_00793
unique_00794,H005,ZC,strategies/H005/unique_00794
unique_00795,H005,ZC,strategies/H005/unique_00795
unique_00796,H005,ZC,strategies/H005/unique_00796
unique_00797,H005,ZN,strategies/H005/unique_00797
unique_00798,H005,ZN,strategies/H005/unique_00798
unique_00799,H005,ZN,strategies/H005/unique_00799
unique_00800,H005,ZN,strategies/H005/unique_00800
unique_00801,H005,6E,strategies/H005/unique_00801
unique_00802,H005,6E,strategies/H005/unique_00802
unique_00803,H005,6E,strategies/H005/unique_00803
unique_00804,H005,6E,strategies/H005/unique_00804
unique_00805,H005,6J,strategies/H005/unique_00805
unique_00806,H005,6J,strategies/H005/unique_00806
unique_00807,H005,6J,strategies/H005/unique_00807
unique_00808,H005,6J,strategies/H005/unique_00808
unique_00809,H005,CL,strategies/H005/unique_00809
unique_00810,H005,CL,strategies/H005/unique_00810
unique_00811,H005,CL,strategies/H005/unique_00811
unique_00812,H005,CL,strategies/H005/unique_00812
unique_00813,H005,ES,strategies/H005/unique_00813
unique_00814,H005,ES,strategies/H005/unique_00814
unique_00815,H005,ES,strategies/H005/unique_00815
unique_00816,H005,ES,strategies/H005/unique_00816
unique_00817,H005,GC,strategies/H005/unique_00817
unique_00818,H005,GC,strategies/H005/unique_00818
unique_00819,H005,GC,strategies/H005/unique_00819
unique_00820,H005,GC,strategies/H005/unique_00820
unique_00821,H005,HG,strategies/H005/unique_00821
unique_00822,H005,HG,strategies/H005/unique_00822
unique_00823,H005,HG,strategies/H005/unique_00823
unique_00824,H005,HG,strategies/H005/unique_00824
unique_00825,H005,NG,strategies/H005/unique_00825
unique_00826,H005,NG,strategies/H005/unique_00826
unique_00827,H005,NG,strategies/H005/unique_00827
unique_00828,H005,NG,strategies/H005/unique_00828
unique_00829,H005,NKD,strategies/H005/unique_00829
unique_00830,H005,NKD,strategies/H005/unique_00830
unique_00831,H005,NKD,strategies/H005/unique_00831
unique_00832,H005,NKD,strategies/H005/unique_00832
unique_00833,H005,ZC,strategies/H005/unique_00833
unique_00834,H005,ZC,strategies/H005/unique_00834
unique_00835,H005,ZC,strategies/H005/unique_00835
unique_00836,H005,ZC,strategies/H005/unique_00836
unique_00837,H005,ZN,strategies/H005/unique_00837
unique_00838,H005,ZN,strategies/H005/unique_00838
unique_00839,H005,ZN,strategies/H005/unique_00839
unique_00840,H005,ZN,strategies/H005/unique_00840
unique_00841,H006,6E,strategies/H006/unique_00841
unique_00842,H006,6E,strategies/H006/unique_00842
unique_00843,H006,6E,strategies/H006/unique_00843
unique_00844,H006,6E,strategies/H006/unique_00844
unique_00845,H006,6J,strategies/H006/unique_00845
unique_00846,H006,6J,strategies/H006/unique_00846
unique_00847,H006,6J,strategies/H006/unique_00847
unique_00848,H006,6J,strategies/H006/unique_00848
unique_00849,H006,CL,strategies/H006/unique_00849
unique_00850,H006,CL,strategies/H006/unique_00850
unique_00851,H006,CL,strategies/H006/unique_00851
unique_00852,H006,CL,strategies/H006/unique_00852
unique_00853,H006,ES,strategies/H006/unique_00853
unique_00854,H006,ES,strategies/H006/unique_00854
unique_00855,H006,ES,strategies/H006/unique_00855
unique_00856,H006,ES,strategies/H006/unique_00856
unique_00857,H006,GC,strategies/H006/unique_00857
unique_00858,H006,GC,strategies/H006/unique_00858
unique_00859,H006,GC,strategies/H006/unique_00859
unique_00860,H006,GC,strategies/H006/unique_00860
unique_00861,H006,HG,strategies/H006/unique_00861
unique_00862,H006,HG,strategies/H006/unique_00862
unique_00863,H006,HG,strategies/H006/unique_00863
unique_00864,H006,HG,strategies/H006/unique_00864
unique_00865,H006,NG,strategies/H006/unique_00865
unique_00866,H006,NG,strategies/H006/unique_00866
unique_00867,H006,NG,strategies/H006/unique_00867
unique_00868,H006,NG,strategies/H006/unique_00868
unique_00869,H006,NKD,strategies/H006/unique_00869
unique_00870,H006,NKD,strategies/H006/unique_00870
unique_00871,H006,NKD,strategies/H006/unique_00871
unique_00872,H006,NKD,strategies/H006/unique_00872
unique_00873,H006,ZC,strategies/H006/unique_00873
unique_00874,H006,ZC,strategies/H006/unique_00874
unique_00875,H006,ZC,strategies/H006/unique_00875
unique_00876,H006,ZC,strategies/H006/unique_00876
unique_00877,H006,ZN,strategies/H006/unique_00877
unique_00878,H006,ZN,strategies/H006/unique_00878
unique_00879,H006,ZN,strategies/H006/unique_00879
unique_00880,H006,ZN,strategies/H006/unique_00880
unique_00881,H006,6E,strategies/H006/unique_00881
unique_00882,H006,6E,strategies/H006/unique_00882
unique_00883,H006,6E,strategies/H006/unique_00883
unique_00884,H006,6E,strategies/H006/unique_00884
unique_00885,H006,6J,strategies/H006/unique_00885
unique_00886,H006,6J,strategies/H006/unique_00886
unique_00887,H006,6J,strategies/H006/unique_00887
unique_00888,H006,6J,strategies/H006/unique_00888
unique_00889,H006,CL,strategies/H006/unique_00889
unique_00890,H006,CL,strategies/H006/unique_00890
unique_00891,H006,CL,strategies/H006/unique_00891
unique_00892,H006,CL,strategies/H006/unique_00892
unique_00893,H006,ES,strategies/H006/unique_00893
unique_00894,H006,ES,strategies/H006/unique_00894
unique_00895,H006,ES,strategies/H006/unique_00895
unique_00896,H006,ES,strategies/H006/unique_00896
unique_00897,H006,GC,strategies/H006/unique_00897
unique_00898,H006,GC,strategies/H006/unique_00898
unique_00899,H006,GC,strategies/H006/unique_00899
unique_00900,H006,GC,strategies/H006/unique_00900
unique_00901,H006,HG,strategies/H006/unique_00901
unique_00902,H006,HG,strategies/H006/unique_00902
unique_00903,H006,HG,strategies/H006/unique_00903
unique_00904,H006,HG,strategies/H006/unique_00904
unique_00905,H006,NG,strategies/H006/unique_00905
unique_00906,H006,NG,strategies/H006/unique_00906
unique_00907,H006,NG,strategies/H006/unique_00907
unique_00908,H006,NG,strategies/H006/unique_00908
unique_00909,H006,NKD,strategies/H006/unique_00909
unique_00910,H006,NKD,strategies/H006/unique_00910
unique_00911,H006,NKD,strategies/H006/unique_00911
unique_00912,H006,NKD,strategies/H006/unique_00912
unique_00913,H006,ZC,strategies/H006/unique_00913
unique_00914,H006,ZC,strategies/H006/unique_00914
unique_00915,H006,ZC,strategies/H006/unique_00915
unique_00916,H006,ZC,strategies/H006/unique_00916
unique_00917,H006,ZN,strategies/H006/unique_00917
unique_00918,H006,ZN,strategies/H006/unique_00918
unique_00919,H006,ZN,strategies/H006/unique_00919
unique_00920,H006,ZN,strategies/H006/unique_00920
unique_00921,H006,6E,strategies/H006/unique_00921
unique_00922,H006,6E,strategies/H006/unique_00922
unique_00923,H006,6E,strategies/H006/unique_00923
unique_00924,H006,6E,strategies/H006/unique_00924
unique_00925,H006,6J,strategies/H006/unique_00925
unique_00926,H006,6J,strategies/H006/unique_00926
unique_00927,H006,6J,strategies/H006/unique_00927
unique_00928,H006,6J,strategies/H006/unique_00928
unique_00929,H006,CL,strategies/H006/unique_00929
unique_00930,H006,CL,strategies/H006/unique_00930
unique_00931,H006,CL,strategies/H006/unique_00931
unique_00932,H006,CL,strategies/H006/unique_00932
unique_00933,H006,ES,strategies/H006/unique_00933
unique_00934,H006,ES,strategies/H006/unique_00934
unique_00935,H006,ES,strategies/H006/unique_00935
unique_00936,H006,ES,strategies/H006/unique_00936
unique_00937,H006,GC,strategies/H006/unique_00937
unique_00938,H006,GC,strategies/H006/unique_00938
unique_00939,H006,GC,strategies/H006/unique_00939
unique_00940,H006,GC,strategies/H006/unique_00940
unique_00941,H006,HG,strategies/H006/unique_00941
unique_00942,H006,HG,strategies/H006/unique_00942
unique_00943,H006,HG,strategies/H006/unique_00943
unique_00944,H006,HG,strategies/H006/unique_00944
unique_00945,H006,NG,strategies/H006/unique_00945
unique_00946,H006,NG,strategies/H006/unique_00946
unique_00947,H006,NG,strategies/H006/unique_00947
unique_00948,H006,NG,strategies/H006/unique_00948
unique_00949,H006,NKD,strategies/H006/unique_00949
unique_00950,H006,NKD,strategies/H006/unique_00950
unique_00951,H006,NKD,strategies/H006/unique_00951
unique_00952,H006,NKD,strategies/H006/unique_00952
unique_00953,H006,ZC,strategies/H006/unique_00953
unique_00954,H006,ZC,strategies/H006/unique_00954
unique_00955,H006,ZC,strategies/H006/unique_00955
unique_00956,H006,ZC,strategies/H006/unique_00956
unique_00957,H006,ZN,strategies/H006/unique_00957
unique_00958,H006,ZN,strategies/H006/unique_00958
unique_00959,H006,ZN,strategies/H006/unique_00959
unique_00960,H006,ZN,strategies/H006/unique_00960
unique_00961,H002,6E,strategies/H002/unique_00961
unique_00962,H002,6E,strategies/H002/unique_00962
unique_00963,H002,6E,strategies/H002/unique_00963
unique_00964,H002,6E,strategies/H002/unique_00964
unique_00965,H002,6E,strategies/H002/unique_00965
unique_00966,H002,6E,strategies/H002/unique_00966
unique_00967,H002,6E,strategies/H002/unique_00967
unique_00968,H002,6E,strategies/H002/unique_00968
unique_00969,H002,6E,strategies/H002/unique_00969
unique_00970,H002,6E,strategies/H002/unique_00970
unique_00971,H002,6E,strategies/H002/unique_00971
unique_00972,H002,6E,strategies/H002/unique_00972
unique_00973,H002,6E,strategies/H002/unique_00973
unique_00974,H002,6E,strategies/H002/unique_00974
unique_00975,H002,6E,strategies/H002/unique_00975
unique_00976,H002,6E,strategies/H002/unique_00976
unique_00977,H002,6E,strategies/H002/unique_00977
unique_00978,H002,6E,strategies/H002/unique_00978
unique_00979,H002,6E,strategies/H002/unique_00979
unique_00980,H002,6E,strategies/H002/unique_00980
unique_00981,H002,6E,strategies/H002/unique_00981
unique_00982,H002,6E,strategies/H002/unique_00982
unique_00983,H002,6E,strategies/H002/unique_00983
unique_00984,H002,6E,strategies/H002/unique_00984
unique_00985,H003,6E,strategies/H003/unique_00985
unique_00986,H003,6E,strategies/H003/unique_00986
unique_00987,H003,6E,strategies/H003/unique_00987
unique_00988,H003,6E,strategies/H003/unique_00988
unique_00989,H003,6E,strategies/H003/unique_00989
unique_00990,H003,6E,strategies/H003/unique_00990
unique_00991,H003,6E,strategies/H003/unique_00991
unique_00992,H003,6E,strategies/H003/unique_00992
unique_00993,H003,6E,strategies/H003/unique_00993
unique_00994,H003,6E,strategies/H003/unique_00994
unique_00995,H003,6E,strategies/H003/unique_00995
unique_00996,H003,6E,strategies/H003/unique_00996
unique_00997,H004,6E,strategies/H004/unique_00997
unique_00998,H004,6E,strategies/H004/unique_00998
unique_00999,H004,6E,strategies/H004/unique_00999
unique_01000,H004,6E,strategies/H004/unique_01000
unique_01001,H004,6E,strategies/H004/unique_01001
unique_01002,H004,6E,strategies/H004/unique_01002
unique_01003,H004,6E,strategies/H004/unique_01003
unique_01004,H004,6E,strategies/H004/unique_01004
unique_01005,H004,6E,strategies/H004/unique_01005
unique_01006,H004,6E,strategies/H004/unique_01006
unique_01007,H004,6E,strategies/H004/unique_01007
unique_01008,H004,6E,strategies/H004/unique_01008
unique_01009,H002,6J,strategies/H002/unique_01009
unique_01010,H002,6J,strategies/H002/unique_01010
unique_01011,H002,6J,strategies/H002/unique_01011
unique_01012,H002,6J,strategies/H002/unique_01012
unique_01013,H002,6J,strategies/H002/unique_01013
unique_01014,H002,6J,strategies/H002/unique_01014
unique_01015,H002,6J,strategies/H002/unique_01015
unique_01016,H002,6J,strategies/H002/unique_01016
unique_01017,H002,6J,strategies/H002/unique_01017
unique_01018,H002,6J,strategies/H002/unique_01018
unique_01019,H002,6J,strategies/H002/unique_01019
unique_01020,H002,6J,strategies/H002/unique_01020
unique_01021,H002,6J,strategies/H002/unique_01021
unique_01022,H002,6J,strategies/H002/unique_01022
unique_01023,H002,6J,strategies/H002/unique_01023
unique_01024,H002,6J,strategies/H002/unique_01024
unique_01025,H002,6J,strategies/H002/unique_01025
unique_01026,H002,6J,strategies/H002/unique_01026
unique_01027,H002,6J,strategies/H002/unique_01027
unique_01028,H002,6J,strategies/H002/unique_01028
unique_01029,H002,6J,strategies/H002/unique_01029
unique_01030,H002,6J,strategies/H002/unique_01030
unique_01031,H002,6J,strategies/H002/unique_01031
unique_01032,H002,6J,strategies/H002/unique_01032
unique_01033,H003,6J,strategies/H003/unique_01033
unique_01034,H003,6J,strategies/H003/unique_01034
unique_01035,H003,6J,strategies/H003/unique_01035
unique_01036,H003,6J,strategies/H003/unique_01036
unique_01037,H003,6J,strategies/H003/unique_01037
unique_01038,H003,6J,strategies/H003/unique_01038
unique_01039,H003,6J,strategies/H003/unique_01039
unique_01040,H003,6J,strategies/H003/unique_01040
unique_01041,H003,6J,strategies/H003/unique_01041
unique_01042,H003,6J,strategies/H003/unique_01042
unique_01043,H003,6J,strategies/H003/unique_01043
unique_01044,H003,6J,strategies/H003/unique_01044
unique_01045,H004,6J,strategies/H004/unique_01045
unique_01046,H004,6J,strategies/H004/unique_01046
unique_01047,H004,6J,strategies/H004/unique_01047
unique_01048,H004,6J,strategies/H004/unique_01048
unique_01049,H004,6J,strategies/H004/unique_01049
unique_01050,H004,6J,strategies/H004/unique_01050
unique_01051,H004,6J,strategies/H004/unique_01051
unique_01052,H004,6J,strategies/H004/unique_01052
unique_01053,H004,6J,strategies/H004/unique_01053
unique_01054,H004,6J,strategies/H004/unique_01054
unique_01055,H004,6J,strategies/H004/unique_01055
unique_01056,H004,6J,strategies/H004/unique_01056
unique_01057,H002,CL,strategies/H002/unique_01057
unique_01058,H002,CL,strategies/H002/unique_01058
unique_01059,H002,CL,strategies/H002/unique_01059
unique_01060,H002,CL,strategies/H002/unique_01060
unique_01061,H002,CL,strategies/H002/unique_01061
unique_01062,H002,CL,strategies/H002/unique_01062
unique_01063,H002,CL,strategies/H002/unique_01063
unique_01064,H002,CL,strategies/H002/unique_01064
unique_01065,H002,CL,strategies/H002/unique_01065
unique_01066,H002,CL,strategies/H002/unique_01066
unique_01067,H002,CL,strategies/H002/unique_01067
unique_01068,H002,CL,strategies/H002/unique_01068
unique_01069,H002,CL,strategies/H002/unique_01069
unique_01070,H002,CL,strategies/H002/unique_01070
unique_01071,H002,CL,strategies/H002/unique_01071
unique_01072,H002,CL,strategies/H002/unique_01072
unique_01073,H002,CL,strategies/H002/unique_01073
unique_01074,H002,CL,strategies/H002/unique_01074
unique_01075,H002,CL,strategies/H002/unique_01075
unique_01076,H002,CL,strategies/H002/unique_01076
unique_01077,H002,CL,strategies/H002/unique_01077
unique_01078,H002,CL,strategies/H002/unique_01078
unique_01079,H002,CL,strategies/H002/unique_01079
unique_01080,H002,CL,strategies/H002/unique_01080
unique_01081,H003,CL,strategies/H003/unique_01081
unique_01082,H003,CL,strategies/H003/unique_01082
unique_01083,H003,CL,strategies/H003/unique_01083
unique_01084,H003,CL,strategies/H003/unique_01084
unique_01085,H003,CL,strategies/H003/unique_01085
unique_01086,H003,CL,strategies/H003/unique_01086
unique_01087,H003,CL,strategies/H003/unique_01087
unique_01088,H003,CL,strategies/H003/unique_01088
unique_01089,H003,CL,strategies/H003/unique_01089
unique_01090,H003,CL,strategies/H003/unique_01090
unique_01091,H003,CL,strategies/H003/unique_01091
unique_01092,H003,CL,strategies/H003/unique_01092
unique_01093,H004,CL,strategies/H004/unique_01093
unique_01094,H004,CL,strategies/H004/unique_01094
unique_01095,H004,CL,strategies/H004/unique_01095
unique_01096,H004,CL,strategies/H004/unique_01096
unique_01097,H004,CL,strategies/H004/unique_01097
unique_01098,H004,CL,strategies/H004/unique_01098
unique_01099,H004,CL,strategies/H004/unique_01099
unique_01100,H004,CL,strategies/H004/unique_01100
unique_01101,H004,CL,strategies/H004/unique_01101
unique_01102,H004,CL,strategies/H004/unique_01102
unique_01103,H004,CL,strategies/H004/unique_01103
unique_01104,H004,CL,strategies/H004/unique_01104
unique_01105,H002,ES,strategies/H002/unique_01105
unique_01106,H002,ES,strategies/H002/unique_01106
unique_01107,H002,ES,strategies/H002/unique_01107
unique_01108,H002,ES,strategies/H002/unique_01108
unique_01109,H002,ES,strategies/H002/unique_01109
unique_01110,H002,ES,strategies/H002/unique_01110
unique_01111,H002,ES,strategies/H002/unique_01111
unique_01112,H002,ES,strategies/H002/unique_01112
unique_01113,H002,ES,strategies/H002/unique_01113
unique_01114,H002,ES,strategies/H002/unique_01114
unique_01115,H002,ES,strategies/H002/unique_01115
unique_01116,H002,ES,strategies/H002/unique_01116
unique_01117,H002,ES,strategies/H002/unique_01117
unique_01118,H002,ES,strategies/H002/unique_01118
unique_01119,H002,ES,strategies/H002/unique_01119
unique_01120,H002,ES,strategies/H002/unique_01120
unique_01121,H002,ES,strategies/H002/unique_01121
unique_01122,H002,ES,strategies/H002/unique_01122
unique_01123,H002,ES,strategies/H002/unique_01123
unique_01124,H002,ES,strategies/H002/unique_01124
unique_01125,H002,ES,strategies/H002/unique_01125
unique_01126,H002,ES,strategies/H002/unique_01126
unique_01127,H002,ES,strategies/H002/unique_01127
unique_01128,H002,ES,strategies/H002/unique_01128
unique_01129,H003,ES,strategies/H003/unique_01129
unique_01130,H003,ES,strategies/H003/unique_01130
unique_01131,H003,ES,strategies/H003/unique_01131
unique_01132,H003,ES,strategies/H003/unique_01132
unique_01133,H003,ES,strategies/H003/unique_01133
unique_01134,H003,ES,strategies/H003/unique_01134
unique_01135,H003,ES,strategies/H003/unique_01135
unique_01136,H003,ES,strategies/H003/unique_01136
unique_01137,H003,ES,strategies/H003/unique_01137
unique_01138,H003,ES,strategies/H003/unique_01138
unique_01139,H003,ES,strategies/H003/unique_01139
unique_01140,H003,ES,strategies/H003/unique_01140
unique_01141,H004,ES,strategies/H004/unique_01141
unique_01142,H004,ES,strategies/H004/unique_01142
unique_01143,H004,ES,strategies/H004/unique_01143
unique_01144,H004,ES,strategies/H004/unique_01144
unique_01145,H004,ES,strategies/H004/unique_01145
unique_01146,H004,ES,strategies/H004/unique_01146
unique_01147,H004,ES,strategies/H004/unique_01147
unique_01148,H004,ES,strategies/H004/unique_01148
unique_01149,H004,ES,strategies/H004/unique_01149
unique_01150,H004,ES,strategies/H004/unique_01150
unique_01151,H004,ES,strategies/H004/unique_01151
unique_01152,H004,ES,strategies/H004/unique_01152
unique_01153,H002,GC,strategies/H002/unique_01153
unique_01154,H002,GC,strategies/H002/unique_01154
unique_01155,H002,GC,strategies/H002/unique_01155
unique_01156,H002,GC,strategies/H002/unique_01156
unique_01157,H002,GC,strategies/H002/unique_01157
unique_01158,H002,GC,strategies/H002/unique_01158
unique_01159,H002,GC,strategies/H002/unique_01159
unique_01160,H002,GC,strategies/H002/unique_01160
unique_01161,H002,GC,strategies/H002/unique_01161
unique_01162,H002,GC,strategies/H002/unique_01162
unique_01163,H002,GC,strategies/H002/unique_01163
unique_01164,H002,GC,strategies/H002/unique_01164
unique_01165,H002,GC,strategies/H002/unique_01165
unique_01166,H002,GC,strategies/H002/unique_01166
unique_01167,H002,GC,strategies/H002/unique_01167
unique_01168,H002,GC,strategies/H002/unique_01168
unique_01169,H002,GC,strategies/H002/unique_01169
unique_01170,H002,GC,strategies/H002/unique_01170
unique_01171,H002,GC,strategies/H002/unique_01171
unique_01172,H002,GC,strategies/H002/unique_01172
unique_01173,H002,GC,strategies/H002/unique_01173
unique_01174,H002,GC,strategies/H002/unique_01174
unique_01175,H002,GC,strategies/H002/unique_01175
unique_01176,H002,GC,strategies/H002/unique_01176
unique_01177,H003,GC,strategies/H003/unique_01177
unique_01178,H003,GC,strategies/H003/unique_01178
unique_01179,H003,GC,strategies/H003/unique_01179
unique_01180,H003,GC,strategies/H003/unique_01180
unique_01181,H003,GC,strategies/H003/unique_01181
unique_01182,H003,GC,strategies/H003/unique_01182
unique_01183,H003,GC,strategies/H003/unique_01183
unique_01184,H003,GC,strategies/H003/unique_01184
unique_01185,H003,GC,strategies/H003/unique_01185
unique_01186,H003,GC,strategies/H003/unique_01186
unique_01187,H003,GC,strategies/H003/unique_01187
unique_01188,H003,GC,strategies/H003/unique_01188
unique_01189,H004,GC,strategies/H004/unique_01189
unique_01190,H004,GC,strategies/H004/unique_01190
unique_01191,H004,GC,strategies/H004/unique_01191
unique_01192,H004,GC,strategies/H004/unique_01192
unique_01193,H004,GC,strategies/H004/unique_01193
unique_01194,H004,GC,strategies/H004/unique_01194
unique_01195,H004,GC,strategies/H004/unique_01195
unique_01196,H004,GC,strategies/H004/unique_01196
unique_01197,H004,GC,strategies/H004/unique_01197
unique_01198,H004,GC,strategies/H004/unique_01198
unique_01199,H004,GC,strategies/H004/unique_01199
unique_01200,H004,GC,strategies/H004/unique_01200
unique_01201,H002,HG,strategies/H002/unique_01201
unique_01202,H002,HG,strategies/H002/unique_01202
unique_01203,H002,HG,strategies/H002/unique_01203
unique_01204,H002,HG,strategies/H002/unique_01204
unique_01205,H002,HG,strategies/H002/unique_01205
unique_01206,H002,HG,strategies/H002/unique_01206
unique_01207,H002,HG,strategies/H002/unique_01207
unique_01208,H002,HG,strategies/H002/unique_01208
unique_01209,H002,HG,strategies/H002/unique_01209
unique_01210,H002,HG,strategies/H002/unique_01210
unique_01211,H002,HG,strategies/H002/unique_01211
unique_01212,H002,HG,strategies/H002/unique_01212
unique_01213,H002,HG,strategies/H002/unique_01213
unique_01214,H002,HG,strategies/H002/unique_01214
unique_01215,H002,HG,strategies/H002/unique_01215
unique_01216,H002,HG,strategies/H002/unique_01216
unique_01217,H002,HG,strategies/H002/unique_01217
unique_01218,H002,HG,strategies/H002/unique_01218
unique_01219,H002,HG,strategies/H002/unique_01219
unique_01220,H002,HG,strategies/H002/unique_01220
unique_01221,H002,HG,strategies/H002/unique_01221
unique_01222,H002,HG,strategies/H002/unique_01222
unique_01223,H002,HG,strategies/H002/unique_01223
unique_01224,H002,HG,strategies/H002/unique_01224
unique_01225,H003,HG,strategies/H003/unique_01225
unique_01226,H003,HG,strategies/H003/unique_01226
unique_01227,H003,HG,strategies/H003/unique_01227
unique_01228,H003,HG,strategies/H003/unique_01228
unique_01229,H003,HG,strategies/H003/unique_01229
unique_01230,H003,HG,strategies/H003/unique_01230
unique_01231,H003,HG,strategies/H003/unique_01231
unique_01232,H003,HG,strategies/H003/unique_01232
unique_01233,H003,HG,strategies/H003/unique_01233
unique_01234,H003,HG,strategies/H003/unique_01234
unique_01235,H003,HG,strategies/H003/unique_01235
unique_01236,H003,HG,strategies/H003/unique_01236
unique_01237,H004,HG,strategies/H004/unique_01237
unique_01238,H004,HG,strategies/H004/unique_01238
unique_01239,H004,HG,strategies/H004/unique_01239
unique_01240,H004,HG,strategies/H004/unique_01240
unique_01241,H004,HG,strategies/H004/unique_01241
unique_01242,H004,HG,strategies/H004/unique_01242
unique_01243,H004,HG,strategies/H004/unique_01243
unique_01244,H004,HG,strategies/H004/unique_01244
unique_01245,H004,HG,strategies/H004/unique_01245
unique_01246,H004,HG,strategies/H004/unique_01246
unique_01247,H004,HG,strategies/H004/unique_01247
unique_01248,H004,HG,strategies/H004/unique_01248
unique_01249,H002,NG,strategies/H002/unique_01249
unique_01250,H002,NG,strategies/H002/unique_01250
unique_01251,H002,NG,strategies/H002/unique_01251
unique_01252,H002,NG,strategies/H002/unique_01252
unique_01253,H002,NG,strategies/H002/unique_01253
unique_01254,H002,NG,strategies/H002/unique_01254
unique_01255,H002,NG,strategies/H002/unique_01255
unique_01256,H002,NG,strategies/H002/unique_01256
unique_01257,H002,NG,strategies/H002/unique_01257
unique_01258,H002,NG,strategies/H002/unique_01258
unique_01259,H002,NG,strategies/H002/unique_01259
unique_01260,H002,NG,strategies/H002/unique_01260
unique_01261,H002,NG,strategies/H002/unique_01261
unique_01262,H002,NG,strategies/H002/unique_01262
unique_01263,H002,NG,strategies/H002/unique_01263
unique_01264,H002,NG,strategies/H002/unique_01264
unique_01265,H002,NG,strategies/H002/unique_01265
unique_01266,H002,NG,strategies/H002/unique_01266
unique_01267,H002,NG,strategies/H002/unique_01267
unique_01268,H002,NG,strategies/H002/unique_01268
unique_01269,H002,NG,strategies/H002/unique_01269
unique_01270,H002,NG,strategies/H002/unique_01270
unique_01271,H002,NG,strategies/H002/unique_01271
unique_01272,H002,NG,strategies/H002/unique_01272
unique_01273,H003,NG,strategies/H003/unique_01273
unique_01274,H003,NG,strategies/H003/unique_01274
unique_01275,H003,NG,strategies/H003/unique_01275
unique_01276,H003,NG,strategies/H003/unique_01276
unique_01277,H003,NG,strategies/H003/unique_01277
unique_01278,H003,NG,strategies/H003/unique_01278
unique_01279,H003,NG,strategies/H003/unique_01279
unique_01280,H003,NG,strategies/H003/unique_01280
unique_01281,H003,NG,strategies/H003/unique_01281
unique_01282,H003,NG,strategies/H003/unique_01282
unique_01283,H003,NG,strategies/H003/unique_01283
unique_01284,H003,NG,strategies/H003/unique_01284
unique_01285,H004,NG,strategies/H004/unique_01285
unique_01286,H004,NG,strategies/H004/unique_01286
unique_01287,H004,NG,strategies/H004/unique_01287
unique_01288,H004,NG,strategies/H004/unique_01288
unique_01289,H004,NG,strategies/H004/unique_01289
unique_01290,H004,NG,strategies/H004/unique_01290
unique_01291,H004,NG,strategies/H004/unique_01291
unique_01292,H004,NG,strategies/H004/unique_01292
unique_01293,H004,NG,strategies/H004/unique_01293
unique_01294,H004,NG,strategies/H004/unique_01294
unique_01295,H004,NG,strategies/H004/unique_01295
unique_01296,H004,NG,strategies/H004/unique_01296
unique_01297,H002,NKD,strategies/H002/unique_01297
unique_01298,H002,NKD,strategies/H002/unique_01298
unique_01299,H002,NKD,strategies/H002/unique_01299
unique_01300,H002,NKD,strategies/H002/unique_01300
unique_01301,H002,NKD,strategies/H002/unique_01301
unique_01302,H002,NKD,strategies/H002/unique_01302
unique_01303,H002,NKD,strategies/H002/unique_01303
unique_01304,H002,NKD,strategies/H002/unique_01304
unique_01305,H002,NKD,strategies/H002/unique_01305
unique_01306,H002,NKD,strategies/H002/unique_01306
unique_01307,H002,NKD,strategies/H002/unique_01307
unique_01308,H002,NKD,strategies/H002/unique_01308
unique_01309,H002,NKD,strategies/H002/unique_01309
unique_01310,H002,NKD,strategies/H002/unique_01310
unique_01311,H002,NKD,strategies/H002/unique_01311
unique_01312,H002,NKD,strategies/H002/unique_01312
unique_01313,H002,NKD,strategies/H002/unique_01313
unique_01314,H002,NKD,strategies/H002/unique_01314
unique_01315,H002,NKD,strategies/H002/unique_01315
unique_01316,H002,NKD,strategies/H002/unique_01316
unique_01317,H002,NKD,strategies/H002/unique_01317
unique_01318,H002,NKD,strategies/H002/unique_01318
unique_01319,H002,NKD,strategies/H002/unique_01319
unique_01320,H002,NKD,strategies/H002/unique_01320
unique_01321,H003,NKD,strategies/H003/unique_01321
unique_01322,H003,NKD,strategies/H003/unique_01322
unique_01323,H003,NKD,strategies/H003/unique_01323
unique_01324,H003,NKD,strategies/H003/unique_01324
unique_01325,H003,NKD,strategies/H003/unique_01325
unique_01326,H003,NKD,strategies/H003/unique_01326
unique_01327,H003,NKD,strategies/H003/unique_01327
unique_01328,H003,NKD,strategies/H003/unique_01328
unique_01329,H003,NKD,strategies/H003/unique_01329
unique_01330,H003,NKD,strategies/H003/unique_01330
unique_01331,H003,NKD,strategies/H003/unique_01331
unique_01332,H003,NKD,strategies/H003/unique_01332
unique_01333,H004,NKD,strategies/H004/unique_01333
unique_01334,H004,NKD,strategies/H004/unique_01334
unique_01335,H004,NKD,strategies/H004/unique_01335
unique_01336,H004,NKD,strategies/H004/unique_01336
unique_01337,H004,NKD,strategies/H004/unique_01337
unique_01338,H004,NKD,strategies/H004/unique_01338
unique_01339,H004,NKD,strategies/H004/unique_01339
unique_01340,H004,NKD,strategies/H004/unique_01340
unique_01341,H004,NKD,strategies/H004/unique_01341
unique_01342,H004,NKD,strategies/H004/unique_01342
unique_01343,H004,NKD,strategies/H004/unique_01343
unique_01344,H004,NKD,strategies/H004/unique_01344
unique_01345,H002,ZC,strategies/H002/unique_01345
unique_01346,H002,ZC,strategies/H002/unique_01346
unique_01347,H002,ZC,strategies/H002/unique_01347
unique_01348,H002,ZC,strategies/H002/unique_01348
unique_01349,H002,ZC,strategies/H002/unique_01349
unique_01350,H002,ZC,strategies/H002/unique_01350
unique_01351,H002,ZC,strategies/H002/unique_01351
unique_01352,H002,ZC,strategies/H002/unique_01352
unique_01353,H002,ZC,strategies/H002/unique_01353
unique_01354,H002,ZC,strategies/H002/unique_01354
unique_01355,H002,ZC,strategies/H002/unique_01355
unique_01356,H002,ZC,strategies/H002/unique_01356
unique_01357,H002,ZC,strategies/H002/unique_01357
unique_01358,H002,ZC,strategies/H002/unique_01358
unique_01359,H002,ZC,strategies/H002/unique_01359
unique_01360,H002,ZC,strategies/H002/unique_01360
unique_01361,H002,ZC,strategies/H002/unique_01361
unique_01362,H002,ZC,strategies/H002/unique_01362
unique_01363,H002,ZC,strategies/H002/unique_01363
unique_01364,H002,ZC,strategies/H002/unique_01364
unique_01365,H002,ZC,strategies/H002/unique_01365
unique_01366,H002,ZC,strategies/H002/unique_01366
unique_01367,H002,ZC,strategies/H002/unique_01367
unique_01368,H002,ZC,strategies/H002/unique_01368
unique_01369,H003,ZC,strategies/H003/unique_01369
unique_01370,H003,ZC,strategies/H003/unique_01370
unique_01371,H003,ZC,strategies/H003/unique_01371
unique_01372,H003,ZC,strategies/H003/unique_01372
unique_01373,H003,ZC,strategies/H003/unique_01373
unique_01374,H003,ZC,strategies/H003/unique_01374
unique_01375,H003,ZC,strategies/H003/unique_01375
unique_01376,H003,ZC,strategies/H003/unique_01376
unique_01377,H003,ZC,strategies/H003/unique_01377
unique_01378,H003,ZC,strategies/H003/unique_01378
unique_01379,H003,ZC,strategies/H003/unique_01379
unique_01380,H003,ZC,strategies/H003/unique_01380
unique_01381,H004,ZC,strategies/H004/unique_01381
unique_01382,H004,ZC,strategies/H004/unique_01382
unique_01383,H004,ZC,strategies/H004/unique_01383
unique_01384,H004,ZC,strategies/H004/unique_01384
unique_01385,H004,ZC,strategies/H004/unique_01385
unique_01386,H004,ZC,strategies/H004/unique_01386
unique_01387,H004,ZC,strategies/H004/unique_01387
unique_01388,H004,ZC,strategies/H004/unique_01388
unique_01389,H004,ZC,strategies/H004/unique_01389
unique_01390,H004,ZC,strategies/H004/unique_01390
unique_01391,H004,ZC,strategies/H004/unique_01391
unique_01392,H004,ZC,strategies/H004/unique_01392
unique_01393,H002,ZN,strategies/H002/unique_01393
unique_01394,H002,ZN,strategies/H002/unique_01394
unique_01395,H002,ZN,strategies/H002/unique_01395
unique_01396,H002,ZN,strategies/H002/unique_01396
unique_01397,H002,ZN,strategies/H002/unique_01397
unique_01398,H002,ZN,strategies/H002/unique_01398
unique_01399,H002,ZN,strategies/H002/unique_01399
unique_01400,H002,ZN,strategies/H002/unique_01400
unique_01401,H002,ZN,strategies/H002/unique_01401
unique_01402,H002,ZN,strategies/H002/unique_01402
unique_01403,H002,ZN,strategies/H002/unique_01403
unique_01404,H002,ZN,strategies/H002/unique_01404
unique_01405,H002,ZN,strategies/H002/unique_01405
unique_01406,H002,ZN,strategies/H002/unique_01406
unique_01407,H002,ZN,strategies/H002/unique_01407
unique_01408,H002,ZN,strategies/H002/unique_01408
unique_01409,H002,ZN,strategies/H002/unique_01409
unique_01410,H002,ZN,strategies/H002/unique_01410
unique_01411,H002,ZN,strategies/H002/unique_01411
unique_01412,H002,ZN,strategies/H002/unique_01412
unique_01413,H002,ZN,strategies/H002/unique_01413
unique_01414,H002,ZN,strategies/H002/unique_01414
unique_01415,H002,ZN,strategies/H002/unique_01415
unique_01416,H002,ZN,strategies/H002/unique_01416
unique_01417,H003,ZN,strategies/H003/unique_01417
unique_01418,H003,ZN,strategies/H003/unique_01418
unique_01419,H003,ZN,strategies/H003/unique_01419
unique_01420,H003,ZN,strategies/H003/unique_01420
unique_01421,H003,ZN,strategies/H003/unique_01421
unique_01422,H003,ZN,strategies/H003/unique_01422
unique_01423,H003,ZN,strategies/H003/unique_01423
unique_01424,H003,ZN,strategies/H003/unique_01424
unique_01425,H003,ZN,strategies/H003/unique_01425
unique_01426,H003,ZN,strategies/H003/unique_01426
unique_01427,H003,ZN,strategies/H003/unique_01427
unique_01428,H003,ZN,strategies/H003/unique_01428
unique_01429,H004,ZN,strategies/H004/unique_01429
unique_01430,H004,ZN,strategies/H004/unique_01430
unique_01431,H004,ZN,strategies/H004/unique_01431
unique_01432,H004,ZN,strategies/H004/unique_01432
unique_01433,H004,ZN,strategies/H004/unique_01433
unique_01434,H004,ZN,strategies/H004/unique_01434
unique_01435,H004,ZN,strategies/H004/unique_01435
unique_01436,H004,ZN,strategies/H004/unique_01436
unique_01437,H004,ZN,strategies/H004/unique_01437
unique_01438,H004,ZN,strategies/H004/unique_01438
unique_01439,H004,ZN,strategies/H004/unique_01439
unique_01440,H004,ZN,strategies/H004/unique_01440
unique_01441,H005,6E,strategies/H005/unique_01441
unique_01442,H005,6E,strategies/H005/unique_01442
unique_01443,H005,6E,strategies/H005/unique_01443
unique_01444,H005,6E,strategies/H005/unique_01444
unique_01445,H005,6J,strategies/H005/unique_01445
unique_01446,H005,6J,strategies/H005/unique_01446
unique_01447,H005,6J,strategies/H005/unique_01447
unique_01448,H005,6J,strategies/H005/unique_01448
unique_01449,H005,CL,strategies/H005/unique_01449
unique_01450,H005,CL,strategies/H005/unique_01450
unique_01451,H005,CL,strategies/H005/unique_01451
unique_01452,H005,CL,strategies/H005/unique_01452
unique_01453,H005,ES,strategies/H005/unique_01453
unique_01454,H005,ES,strategies/H005/unique_01454
unique_01455,H005,ES,strategies/H005/unique_01455
unique_01456,H005,ES,strategies/H005/unique_01456
unique_01457,H005,GC,strategies/H005/unique_01457
unique_01458,H005,GC,strategies/H005/unique_01458
unique_01459,H005,GC,strategies/H005/unique_01459
unique_01460,H005,GC,strategies/H005/unique_01460
unique_01461,H005,HG,strategies/H005/unique_01461
unique_01462,H005,HG,strategies/H005/unique_01462
unique_01463,H005,HG,strategies/H005/unique_01463
unique_01464,H005,HG,strategies/H005/unique_01464
unique_01465,H005,NG,strategies/H005/unique_01465
unique_01466,H005,NG,strategies/H005/unique_01466
unique_01467,H005,NG,strategies/H005/unique_01467
unique_01468,H005,NG,strategies/H005/unique_01468
unique_01469,H005,NKD,strategies/H005/unique_01469
unique_01470,H005,NKD,strategies/H005/unique_01470
unique_01471,H005,NKD,strategies/H005/unique_01471
unique_01472,H005,NKD,strategies/H005/unique_01472
unique_01473,H005,ZC,strategies/H005/unique_01473
unique_01474,H005,ZC,strategies/H005/unique_01474
unique_01475,H005,ZC,strategies/H005/unique_01475
unique_01476,H005,ZC,strategies/H005/unique_01476
unique_01477,H005,ZN,strategies/H005/unique_01477
unique_01478,H005,ZN,strategies/H005/unique_01478
unique_01479,H005,ZN,strategies/H005/unique_01479
unique_01480,H005,ZN,strategies/H005/unique_01480
unique_01481,H005,6E,strategies/H005/unique_01481
unique_01482,H005,6E,strategies/H005/unique_01482
unique_01483,H005,6E,strategies/H005/unique_01483
unique_01484,H005,6E,strategies/H005/unique_01484
unique_01485,H005,6J,strategies/H005/unique_01485
unique_01486,H005,6J,strategies/H005/unique_01486
unique_01487,H005,6J,strategies/H005/unique_01487
unique_01488,H005,6J,strategies/H005/unique_01488
unique_01489,H005,CL,strategies/H005/unique_01489
unique_01490,H005,CL,strategies/H005/unique_01490
unique_01491,H005,CL,strategies/H005/unique_01491
unique_01492,H005,CL,strategies/H005/unique_01492
unique_01493,H005,ES,strategies/H005/unique_01493
unique_01494,H005,ES,strategies/H005/unique_01494
unique_01495,H005,ES,strategies/H005/unique_01495
unique_01496,H005,ES,strategies/H005/unique_01496
unique_01497,H005,GC,strategies/H005/unique_01497
unique_01498,H005,GC,strategies/H005/unique_01498
unique_01499,H005,GC,strategies/H005/unique_01499
unique_01500,H005,GC,strategies/H005/unique_01500
unique_01501,H005,HG,strategies/H005/unique_01501
unique_01502,H005,HG,strategies/H005/unique_01502
unique_01503,H005,HG,strategies/H005/unique_01503
unique_01504,H005,HG,strategies/H005/unique_01504
unique_01505,H005,NG,strategies/H005/unique_01505
unique_01506,H005,NG,strategies/H005/unique_01506
unique_01507,H005,NG,strategies/H005/unique_01507
unique_01508,H005,NG,strategies/H005/unique_01508
unique_01509,H005,NKD,strategies/H005/unique_01509
unique_01510,H005,NKD,strategies/H005/unique_01510
unique_01511,H005,NKD,strategies/H005/unique_01511
unique_01512,H005,NKD,strategies/H005/unique_01512
unique_01513,H005,ZC,strategies/H005/unique_01513
unique_01514,H005,ZC,strategies/H005/unique_01514
unique_01515,H005,ZC,strategies/H005/unique_01515
unique_01516,H005,ZC,strategies/H005/unique_01516
unique_01517,H005,ZN,strategies/H005/unique_01517
unique_01518,H005,ZN,strategies/H005/unique_01518
unique_01519,H005,ZN,strategies/H005/unique_01519
unique_01520,H005,ZN,strategies/H005/unique_01520
unique_01521,H005,6E,strategies/H005/unique_01521
unique_01522,H005,6E,strategies/H005/unique_01522
unique_01523,H005,6E,strategies/H005/unique_01523
unique_01524,H005,6E,strategies/H005/unique_01524
unique_01525,H005,6J,strategies/H005/unique_01525
unique_01526,H005,6J,strategies/H005/unique_01526
unique_01527,H005,6J,strategies/H005/unique_01527
unique_01528,H005,6J,strategies/H005/unique_01528
unique_01529,H005,CL,strategies/H005/unique_01529
unique_01530,H005,CL,strategies/H005/unique_01530
unique_01531,H005,CL,strategies/H005/unique_01531
unique_01532,H005,CL,strategies/H005/unique_01532
unique_01533,H005,ES,strategies/H005/unique_01533
unique_01534,H005,ES,strategies/H005/unique_01534
unique_01535,H005,ES,strategies/H005/unique_01535
unique_01536,H005,ES,strategies/H005/unique_01536
unique_01537,H005,GC,strategies/H005/unique_01537
unique_01538,H005,GC,strategies/H005/unique_01538
unique_01539,H005,GC,strategies/H005/unique_01539
unique_01540,H005,GC,strategies/H005/unique_01540
unique_01541,H005,HG,strategies/H005/unique_01541
unique_01542,H005,HG,strategies/H005/unique_01542
unique_01543,H005,HG,strategies/H005/unique_01543
unique_01544,H005,HG,strategies/H005/unique_01544
unique_01545,H005,NG,strategies/H005/unique_01545
unique_01546,H005,NG,strategies/H005/unique_01546
unique_01547,H005,NG,strategies/H005/unique_01547
unique_01548,H005,NG,strategies/H005/unique_01548
unique_01549,H005,NKD,strategies/H005/unique_01549
unique_01550,H005,NKD,strategies/H005/unique_01550
unique_01551,H005,NKD,strategies/H005/unique_01551
unique_01552,H005,NKD,strategies/H005/unique_01552
unique_01553,H005,ZC,strategies/H005/unique_01553
unique_01554,H005,ZC,strategies/H005/unique_01554
unique_01555,H005,ZC,strategies/H005/unique_01555
unique_01556,H005,ZC,strategies/H005/unique_01556
unique_01557,H005,ZN,strategies/H005/unique_01557
unique_01558,H005,ZN,strategies/H005/unique_01558
unique_01559,H005,ZN,strategies/H005/unique_01559
unique_01560,H005,ZN,strategies/H005/unique_01560
unique_01561,H006,6E,strategies/H006/unique_01561
unique_01562,H006,6E,strategies/H006/unique_01562
unique_01563,H006,6E,strategies/H006/unique_01563
unique_01564,H006,6E,strategies/H006/unique_01564
unique_01565,H006,6J,strategies/H006/unique_01565
unique_01566,H006,6J,strategies/H006/unique_01566
unique_01567,H006,6J,strategies/H006/unique_01567
unique_01568,H006,6J,strategies/H006/unique_01568
unique_01569,H006,CL,strategies/H006/unique_01569
unique_01570,H006,CL,strategies/H006/unique_01570
unique_01571,H006,CL,strategies/H006/unique_01571
unique_01572,H006,CL,strategies/H006/unique_01572
unique_01573,H006,ES,strategies/H006/unique_01573
unique_01574,H006,ES,strategies/H006/unique_01574
unique_01575,H006,ES,strategies/H006/unique_01575
unique_01576,H006,ES,strategies/H006/unique_01576
unique_01577,H006,GC,strategies/H006/unique_01577
unique_01578,H006,GC,strategies/H006/unique_01578
unique_01579,H006,GC,strategies/H006/unique_01579
unique_01580,H006,GC,strategies/H006/unique_01580
unique_01581,H006,HG,strategies/H006/unique_01581
unique_01582,H006,HG,strategies/H006/unique_01582
unique_01583,H006,HG,strategies/H006/unique_01583
unique_01584,H006,HG,strategies/H006/unique_01584
unique_01585,H006,NG,strategies/H006/unique_01585
unique_01586,H006,NG,strategies/H006/unique_01586
unique_01587,H006,NG,strategies/H006/unique_01587
unique_01588,H006,NG,strategies/H006/unique_01588
unique_01589,H006,NKD,strategies/H006/unique_01589
unique_01590,H006,NKD,strategies/H006/unique_01590
unique_01591,H006,NKD,strategies/H006/unique_01591
unique_01592,H006,NKD,strategies/H006/unique_01592
unique_01593,H006,ZC,strategies/H006/unique_01593
unique_01594,H006,ZC,strategies/H006/unique_01594
unique_01595,H006,ZC,strategies/H006/unique_01595
unique_01596,H006,ZC,strategies/H006/unique_01596
unique_01597,H006,ZN,strategies/H006/unique_01597
unique_01598,H006,ZN,strategies/H006/unique_01598
unique_01599,H006,ZN,strategies/H006/unique_01599
unique_01600,H006,ZN,strategies/H006/unique_01600
unique_01601,H006,6E,strategies/H006/unique_01601
unique_01602,H006,6E,strategies/H006/unique_01602
unique_01603,H006,6E,strategies/H006/unique_01603
unique_01604,H006,6E,strategies/H006/unique_01604
unique_01605,H006,6J,strategies/H006/unique_01605
unique_01606,H006,6J,strategies/H006/unique_01606
unique_01607,H006,6J,strategies/H006/unique_01607
unique_01608,H006,6J,strategies/H006/unique_01608
unique_01609,H006,CL,strategies/H006/unique_01609
unique_01610,H006,CL,strategies/H006/unique_01610
unique_01611,H006,CL,strategies/H006/unique_01611
unique_01612,H006,CL,strategies/H006/unique_01612
unique_01613,H006,ES,strategies/H006/unique_01613
unique_01614,H006,ES,strategies/H006/unique_01614
unique_01615,H006,ES,strategies/H006/unique_01615
unique_01616,H006,ES,strategies/H006/unique_01616
unique_01617,H006,GC,strategies/H006/unique_01617
unique_01618,H006,GC,strategies/H006/unique_01618
unique_01619,H006,GC,strategies/H006/unique_01619
unique_01620,H006,GC,strategies/H006/unique_01620
unique_01621,H006,HG,strategies/H006/unique_01621
unique_01622,H006,HG,strategies/H006/unique_01622
unique_01623,H006,HG,strategies/H006/unique_01623
unique_01624,H006,HG,strategies/H006/unique_01624
unique_01625,H006,NG,strategies/H006/unique_01625
unique_01626,H006,NG,strategies/H006/unique_01626
unique_01627,H006,NG,strategies/H006/unique_01627
unique_01628,H006,NG,strategies/H006/unique_01628
unique_01629,H006,NKD,strategies/H006/unique_01629
unique_01630,H006,NKD,strategies/H006/unique_01630
unique_01631,H006,NKD,strategies/H006/unique_01631
unique_01632,H006,NKD,strategies/H006/unique_01632
unique_01633,H006,ZC,strategies/H006/unique_01633
unique_01634,H006,ZC,strategies/H006/unique_01634
unique_01635,H006,ZC,strategies/H006/unique_01635
unique_01636,H006,ZC,strategies/H006/unique_01636
unique_01637,H006,ZN,strategies/H006/unique_01637
unique_01638,H006,ZN,strategies/H006/unique_01638
unique_01639,H006,ZN,strategies/H006/unique_01639
unique_01640,H006,ZN,strategies/H006/unique_01640
unique_01641,H006,6E,strategies/H006/unique_01641
unique_01642,H006,6E,strategies/H006/unique_01642
unique_01643,H006,6E,strategies/H006/unique_01643
unique_01644,H006,6E,strategies/H006/unique_01644
unique_01645,H006,6J,strategies/H006/unique_01645
unique_01646,H006,6J,strategies/H006/unique_01646
unique_01647,H006,6J,strategies/H006/unique_01647
unique_01648,H006,6J,strategies/H006/unique_01648
unique_01649,H006,CL,strategies/H006/unique_01649
unique_01650,H006,CL,strategies/H006/unique_01650
unique_01651,H006,CL,strategies/H006/unique_01651
unique_01652,H006,CL,strategies/H006/unique_01652
unique_01653,H006,ES,strategies/H006/unique_01653
unique_01654,H006,ES,strategies/H006/unique_01654
unique_01655,H006,ES,strategies/H006/unique_01655
unique_01656,H006,ES,strategies/H006/unique_01656
unique_01657,H006,GC,strategies/H006/unique_01657
unique_01658,H006,GC,strategies/H006/unique_01658
unique_01659,H006,GC,strategies/H006/unique_01659
unique_01660,H006,GC,strategies/H006/unique_01660
unique_01661,H006,HG,strategies/H006/unique_01661
unique_01662,H006,HG,strategies/H006/unique_01662
unique_01663,H006,HG,strategies/H006/unique_01663
unique_01664,H006,HG,strategies/H006/unique_01664
unique_01665,H006,NG,strategies/H006/unique_01665
unique_01666,H006,NG,strategies/H006/unique_01666
unique_01667,H006,NG,strategies/H006/unique_01667
unique_01668,H006,NG,strategies/H006/unique_01668
unique_01669,H006,NKD,strategies/H006/unique_01669
unique_01670,H006,NKD,strategies/H006/unique_01670
unique_01671,H006,NKD,strategies/H006/unique_01671
unique_01672,H006,NKD,strategies/H006/unique_01672
unique_01673,H006,ZC,strategies/H006/unique_01673
unique_01674,H006,ZC,strategies/H006/unique_01674
unique_01675,H006,ZC,strategies/H006/unique_01675
unique_01676,H006,ZC,strategies/H006/unique_01676
unique_01677,H006,ZN,strategies/H006/unique_01677
unique_01678,H006,ZN,strategies/H006/unique_01678
unique_01679,H006,ZN,strategies/H006/unique_01679
unique_01680,H006,ZN,strategies/H006/unique_01680
unique_01681,H002,6E,strategies/H002/unique_01681
unique_01682,H002,6E,strategies/H002/unique_01682
unique_01683,H002,6E,strategies/H002/unique_01683
unique_01684,H002,6E,strategies/H002/unique_01684
unique_01685,H002,6E,strategies/H002/unique_01685
unique_01686,H002,6E,strategies/H002/unique_01686
unique_01687,H002,6E,strategies/H002/unique_01687
unique_01688,H002,6E,strategies/H002/unique_01688
unique_01689,H002,6E,strategies/H002/unique_01689
unique_01690,H002,6E,strategies/H002/unique_01690
unique_01691,H002,6E,strategies/H002/unique_01691
unique_01692,H002,6E,strategies/H002/unique_01692
unique_01693,H002,6E,strategies/H002/unique_01693
unique_01694,H002,6E,strategies/H002/unique_01694
unique_01695,H002,6E,strategies/H002/unique_01695
unique_01696,H002,6E,strategies/H002/unique_01696
unique_01697,H002,6E,strategies/H002/unique_01697
unique_01698,H002,6E,strategies/H002/unique_01698
unique_01699,H002,6E,strategies/H002/unique_01699
unique_01700,H002,6E,strategies/H002/unique_01700
unique_01701,H002,6E,strategies/H002/unique_01701
unique_01702,H002,6E,strategies/H002/unique_01702
unique_01703,H002,6E,strategies/H002/unique_01703
unique_01704,H002,6E,strategies/H002/unique_01704
unique_01705,H003,6E,strategies/H003/unique_01705
unique_01706,H003,6E,strategies/H003/unique_01706
unique_01707,H003,6E,strategies/H003/unique_01707
unique_01708,H003,6E,strategies/H003/unique_01708
unique_01709,H003,6E,strategies/H003/unique_01709
unique_01710,H003,6E,strategies/H003/unique_01710
unique_01711,H003,6E,strategies/H003/unique_01711
unique_01712,H003,6E,strategies/H003/unique_01712
unique_01713,H003,6E,strategies/H003/unique_01713
unique_01714,H003,6E,strategies/H003/unique_01714
unique_01715,H003,6E,strategies/H003/unique_01715
unique_01716,H003,6E,strategies/H003/unique_01716
unique_01717,H004,6E,strategies/H004/unique_01717
unique_01718,H004,6E,strategies/H004/unique_01718
unique_01719,H004,6E,strategies/H004/unique_01719
unique_01720,H004,6E,strategies/H004/unique_01720
unique_01721,H004,6E,strategies/H004/unique_01721
unique_01722,H004,6E,strategies/H004/unique_01722
unique_01723,H004,6E,strategies/H004/unique_01723
unique_01724,H004,6E,strategies/H004/unique_01724
unique_01725,H004,6E,strategies/H004/unique_01725
unique_01726,H004,6E,strategies/H004/unique_01726
unique_01727,H004,6E,strategies/H004/unique_01727
unique_01728,H004,6E,strategies/H004/unique_01728
unique_01729,H002,6J,strategies/H002/unique_01729
unique_01730,H002,6J,strategies/H002/unique_01730
unique_01731,H002,6J,strategies/H002/unique_01731
unique_01732,H002,6J,strategies/H002/unique_01732
unique_01733,H002,6J,strategies/H002/unique_01733
unique_01734,H002,6J,strategies/H002/unique_01734
unique_01735,H002,6J,strategies/H002/unique_01735
unique_01736,H002,6J,strategies/H002/unique_01736
unique_01737,H002,6J,strategies/H002/unique_01737
unique_01738,H002,6J,strategies/H002/unique_01738
unique_01739,H002,6J,strategies/H002/unique_01739
unique_01740,H002,6J,strategies/H002/unique_01740
unique_01741,H002,6J,strategies/H002/unique_01741
unique_01742,H002,6J,strategies/H002/unique_01742
unique_01743,H002,6J,strategies/H002/unique_01743
unique_01744,H002,6J,strategies/H002/unique_01744
unique_01745,H002,6J,strategies/H002/unique_01745
unique_01746,H002,6J,strategies/H002/unique_01746
unique_01747,H002,6J,strategies/H002/unique_01747
unique_01748,H002,6J,strategies/H002/unique_01748
unique_01749,H002,6J,strategies/H002/unique_01749
unique_01750,H002,6J,strategies/H002/unique_01750
unique_01751,H002,6J,strategies/H002/unique_01751
unique_01752,H002,6J,strategies/H002/unique_01752
unique_01753,H003,6J,strategies/H003/unique_01753
unique_01754,H003,6J,strategies/H003/unique_01754
unique_01755,H003,6J,strategies/H003/unique_01755
unique_01756,H003,6J,strategies/H003/unique_01756
unique_01757,H003,6J,strategies/H003/unique_01757
unique_01758,H003,6J,strategies/H003/unique_01758
unique_01759,H003,6J,strategies/H003/unique_01759
unique_01760,H003,6J,strategies/H003/unique_01760
unique_01761,H003,6J,strategies/H003/unique_01761
unique_01762,H003,6J,strategies/H003/unique_01762
unique_01763,H003,6J,strategies/H003/unique_01763
unique_01764,H003,6J,strategies/H003/unique_01764
unique_01765,H004,6J,strategies/H004/unique_01765
unique_01766,H004,6J,strategies/H004/unique_01766
unique_01767,H004,6J,strategies/H004/unique_01767
unique_01768,H004,6J,strategies/H004/unique_01768
unique_01769,H004,6J,strategies/H004/unique_01769
unique_01770,H004,6J,strategies/H004/unique_01770
unique_01771,H004,6J,strategies/H004/unique_01771
unique_01772,H004,6J,strategies/H004/unique_01772
unique_01773,H004,6J,strategies/H004/unique_01773
unique_01774,H004,6J,strategies/H004/unique_01774
unique_01775,H004,6J,strategies/H004/unique_01775
unique_01776,H004,6J,strategies/H004/unique_01776
unique_01777,H002,CL,strategies/H002/unique_01777
unique_01778,H002,CL,strategies/H002/unique_01778
unique_01779,H002,CL,strategies/H002/unique_01779
unique_01780,H002,CL,strategies/H002/unique_01780
unique_01781,H002,CL,strategies/H002/unique_01781
unique_01782,H002,CL,strategies/H002/unique_01782
unique_01783,H002,CL,strategies/H002/unique_01783
unique_01784,H002,CL,strategies/H002/unique_01784
unique_01785,H002,CL,strategies/H002/unique_01785
unique_01786,H002,CL,strategies/H002/unique_01786
unique_01787,H002,CL,strategies/H002/unique_01787
unique_01788,H002,CL,strategies/H002/unique_01788
unique_01789,H002,CL,strategies/H002/unique_01789
unique_01790,H002,CL,strategies/H002/unique_01790
unique_01791,H002,CL,strategies/H002/unique_01791
unique_01792,H002,CL,strategies/H002/unique_01792
unique_01793,H002,CL,strategies/H002/unique_01793
unique_01794,H002,CL,strategies/H002/unique_01794
unique_01795,H002,CL,strategies/H002/unique_01795
unique_01796,H002,CL,strategies/H002/unique_01796
unique_01797,H002,CL,strategies/H002/unique_01797
unique_01798,H002,CL,strategies/H002/unique_01798
unique_01799,H002,CL,strategies/H002/unique_01799
unique_01800,H002,CL,strategies/H002/unique_01800
unique_01801,H003,CL,strategies/H003/unique_01801
unique_01802,H003,CL,strategies/H003/unique_01802
unique_01803,H003,CL,strategies/H003/unique_01803
unique_01804,H003,CL,strategies/H003/unique_01804
unique_01805,H003,CL,strategies/H003/unique_01805
unique_01806,H003,CL,strategies/H003/unique_01806
unique_01807,H003,CL,strategies/H003/unique_01807
unique_01808,H003,CL,strategies/H003/unique_01808
unique_01809,H003,CL,strategies/H003/unique_01809
unique_01810,H003,CL,strategies/H003/unique_01810
unique_01811,H003,CL,strategies/H003/unique_01811
unique_01812,H003,CL,strategies/H003/unique_01812
unique_01813,H004,CL,strategies/H004/unique_01813
unique_01814,H004,CL,strategies/H004/unique_01814
unique_01815,H004,CL,strategies/H004/unique_01815
unique_01816,H004,CL,strategies/H004/unique_01816
unique_01817,H004,CL,strategies/H004/unique_01817
unique_01818,H004,CL,strategies/H004/unique_01818
unique_01819,H004,CL,strategies/H004/unique_01819
unique_01820,H004,CL,strategies/H004/unique_01820
unique_01821,H004,CL,strategies/H004/unique_01821
unique_01822,H004,CL,strategies/H004/unique_01822
unique_01823,H004,CL,strategies/H004/unique_01823
unique_01824,H004,CL,strategies/H004/unique_01824
unique_01825,H002,ES,strategies/H002/unique_01825
unique_01826,H002,ES,strategies/H002/unique_01826
unique_01827,H002,ES,strategies/H002/unique_01827
unique_01828,H002,ES,strategies/H002/unique_01828
unique_01829,H002,ES,strategies/H002/unique_01829
unique_01830,H002,ES,strategies/H002/unique_01830
unique_01831,H002,ES,strategies/H002/unique_01831
unique_01832,H002,ES,strategies/H002/unique_01832
unique_01833,H002,ES,strategies/H002/unique_01833
unique_01834,H002,ES,strategies/H002/unique_01834
unique_01835,H002,ES,strategies/H002/unique_01835
unique_01836,H002,ES,strategies/H002/unique_01836
unique_01837,H002,ES,strategies/H002/unique_01837
unique_01838,H002,ES,strategies/H002/unique_01838
unique_01839,H002,ES,strategies/H002/unique_01839
unique_01840,H002,ES,strategies/H002/unique_01840
unique_01841,H002,ES,strategies/H002/unique_01841
unique_01842,H002,ES,strategies/H002/unique_01842
unique_01843,H002,ES,strategies/H002/unique_01843
unique_01844,H002,ES,strategies/H002/unique_01844
unique_01845,H002,ES,strategies/H002/unique_01845
unique_01846,H002,ES,strategies/H002/unique_01846
unique_01847,H002,ES,strategies/H002/unique_01847
unique_01848,H002,ES,strategies/H002/unique_01848
unique_01849,H003,ES,strategies/H003/unique_01849
unique_01850,H003,ES,strategies/H003/unique_01850
unique_01851,H003,ES,strategies/H003/unique_01851
unique_01852,H003,ES,strategies/H003/unique_01852
unique_01853,H003,ES,strategies/H003/unique_01853
unique_01854,H003,ES,strategies/H003/unique_01854
unique_01855,H003,ES,strategies/H003/unique_01855
unique_01856,H003,ES,strategies/H003/unique_01856
unique_01857,H003,ES,strategies/H003/unique_01857
unique_01858,H003,ES,strategies/H003/unique_01858
unique_01859,H003,ES,strategies/H003/unique_01859
unique_01860,H003,ES,strategies/H003/unique_01860
unique_01861,H004,ES,strategies/H004/unique_01861
unique_01862,H004,ES,strategies/H004/unique_01862
unique_01863,H004,ES,strategies/H004/unique_01863
unique_01864,H004,ES,strategies/H004/unique_01864
unique_01865,H004,ES,strategies/H004/unique_01865
unique_01866,H004,ES,strategies/H004/unique_01866
unique_01867,H004,ES,strategies/H004/unique_01867
unique_01868,H004,ES,strategies/H004/unique_01868
unique_01869,H004,ES,strategies/H004/unique_01869
unique_01870,H004,ES,strategies/H004/unique_01870
unique_01871,H004,ES,strategies/H004/unique_01871
unique_01872,H004,ES,strategies/H004/unique_01872
unique_01873,H002,GC,strategies/H002/unique_01873
unique_01874,H002,GC,strategies/H002/unique_01874
unique_01875,H002,GC,strategies/H002/unique_01875
unique_01876,H002,GC,strategies/H002/unique_01876
unique_01877,H002,GC,strategies/H002/unique_01877
unique_01878,H002,GC,strategies/H002/unique_01878
unique_01879,H002,GC,strategies/H002/unique_01879
unique_01880,H002,GC,strategies/H002/unique_01880
unique_01881,H002,GC,strategies/H002/unique_01881
unique_01882,H002,GC,strategies/H002/unique_01882
unique_01883,H002,GC,strategies/H002/unique_01883
unique_01884,H002,GC,strategies/H002/unique_01884
unique_01885,H002,GC,strategies/H002/unique_01885
unique_01886,H002,GC,strategies/H002/unique_01886
unique_01887,H002,GC,strategies/H002/unique_01887
unique_01888,H002,GC,strategies/H002/unique_01888
unique_01889,H002,GC,strategies/H002/unique_01889
unique_01890,H002,GC,strategies/H002/unique_01890
unique_01891,H002,GC,strategies/H002/unique_01891
unique_01892,H002,GC,strategies/H002/unique_01892
unique_01893,H002,GC,strategies/H002/unique_01893
unique_01894,H002,GC,strategies/H002/unique_01894
unique_01895,H002,GC,strategies/H002/unique_01895
unique_01896,H002,GC,strategies/H002/unique_01896
unique_01897,H003,GC,strategies/H003/unique_01897
unique_01898,H003,GC,strategies/H003/unique_01898
unique_01899,H003,GC,strategies/H003/unique_01899
unique_01900,H003,GC,strategies/H003/unique_01900
unique_01901,H003,GC,strategies/H003/unique_01901
unique_01902,H003,GC,strategies/H003/unique_01902
unique_01903,H003,GC,strategies/H003/unique_01903
unique_01904,H003,GC,strategies/H003/unique_01904
unique_01905,H003,GC,strategies/H003/unique_01905
unique_01906,H003,GC,strategies/H003/unique_01906
unique_01907,H003,GC,strategies/H003/unique_01907
unique_01908,H003,GC,strategies/H003/unique_01908
unique_01909,H004,GC,strategies/H004/unique_01909
unique_01910,H004,GC,strategies/H004/unique_01910
unique_01911,H004,GC,strategies/H004/unique_01911
unique_01912,H004,GC,strategies/H004/unique_01912
unique_01913,H004,GC,strategies/H004/unique_01913
unique_01914,H004,GC,strategies/H004/unique_01914
unique_01915,H004,GC,strategies/H004/unique_01915
unique_01916,H004,GC,strategies/H004/unique_01916
unique_01917,H004,GC,strategies/H004/unique_01917
unique_01918,H004,GC,strategies/H004/unique_01918
unique_01919,H004,GC,strategies/H004/unique_01919
unique_01920,H004,GC,strategies/H004/unique_01920
unique_01921,H002,HG,strategies/H002/unique_01921
unique_01922,H002,HG,strategies/H002/unique_01922
unique_01923,H002,HG,strategies/H002/unique_01923
unique_01924,H002,HG,strategies/H002/unique_01924
unique_01925,H002,HG,strategies/H002/unique_01925
unique_01926,H002,HG,strategies/H002/unique_01926
unique_01927,H002,HG,strategies/H002/unique_01927
unique_01928,H002,HG,strategies/H002/unique_01928
unique_01929,H002,HG,strategies/H002/unique_01929
unique_01930,H002,HG,strategies/H002/unique_01930
unique_01931,H002,HG,strategies/H002/unique_01931
unique_01932,H002,HG,strategies/H002/unique_01932
unique_01933,H002,HG,strategies/H002/unique_01933
unique_01934,H002,HG,strategies/H002/unique_01934
unique_01935,H002,HG,strategies/H002/unique_01935
unique_01936,H002,HG,strategies/H002/unique_01936
unique_01937,H002,HG,strategies/H002/unique_01937
unique_01938,H002,HG,strategies/H002/unique_01938
unique_01939,H002,HG,strategies/H002/unique_01939
unique_01940,H002,HG,strategies/H002/unique_01940
unique_01941,H002,HG,strategies/H002/unique_01941
unique_01942,H002,HG,strategies/H002/unique_01942
unique_01943,H002,HG,strategies/H002/unique_01943
unique_01944,H002,HG,strategies/H002/unique_01944
unique_01945,H003,HG,strategies/H003/unique_01945
unique_01946,H003,HG,strategies/H003/unique_01946
unique_01947,H003,HG,strategies/H003/unique_01947
unique_01948,H003,HG,strategies/H003/unique_01948
unique_01949,H003,HG,strategies/H003/unique_01949
unique_01950,H003,HG,strategies/H003/unique_01950
unique_01951,H003,HG,strategies/H003/unique_01951
unique_01952,H003,HG,strategies/H003/unique_01952
unique_01953,H003,HG,strategies/H003/unique_01953
unique_01954,H003,HG,strategies/H003/unique_01954
unique_01955,H003,HG,strategies/H003/unique_01955
unique_01956,H003,HG,strategies/H003/unique_01956
unique_01957,H004,HG,strategies/H004/unique_01957
unique_01958,H004,HG,strategies/H004/unique_01958
unique_01959,H004,HG,strategies/H004/unique_01959
unique_01960,H004,HG,strategies/H004/unique_01960
unique_01961,H004,HG,strategies/H004/unique_01961
unique_01962,H004,HG,strategies/H004/unique_01962
unique_01963,H004,HG,strategies/H004/unique_01963
unique_01964,H004,HG,strategies/H004/unique_01964
unique_01965,H004,HG,strategies/H004/unique_01965
unique_01966,H004,HG,strategies/H004/unique_01966
unique_01967,H004,HG,strategies/H004/unique_01967
unique_01968,H004,HG,strategies/H004/unique_01968
unique_01969,H002,NG,strategies/H002/unique_01969
unique_01970,H002,NG,strategies/H002/unique_01970
unique_01971,H002,NG,strategies/H002/unique_01971
unique_01972,H002,NG,strategies/H002/unique_01972
unique_01973,H002,NG,strategies/H002/unique_01973
unique_01974,H002,NG,strategies/H002/unique_01974
unique_01975,H002,NG,strategies/H002/unique_01975
unique_01976,H002,NG,strategies/H002/unique_01976
unique_01977,H002,NG,strategies/H002/unique_01977
unique_01978,H002,NG,strategies/H002/unique_01978
unique_01979,H002,NG,strategies/H002/unique_01979
unique_01980,H002,NG,strategies/H002/unique_01980
unique_01981,H002,NG,strategies/H002/unique_01981
unique_01982,H002,NG,strategies/H002/unique_01982
unique_01983,H002,NG,strategies/H002/unique_01983
unique_01984,H002,NG,strategies/H002/unique_01984
unique_01985,H002,NG,strategies/H002/unique_01985
unique_01986,H002,NG,strategies/H002/unique_01986
unique_01987,H002,NG,strategies/H002/unique_01987
unique_01988,H002,NG,strategies/H002/unique_01988
unique_01989,H002,NG,strategies/H002/unique_01989
unique_01990,H002,NG,strategies/H002/unique_01990
unique_01991,H002,NG,strategies/H002/unique_01991
unique_01992,H002,NG,strategies/H002/unique_01992
unique_01993,H003,NG,strategies/H003/unique_01993
unique_01994,H003,NG,strategies/H003/unique_01994
unique_01995,H003,NG,strategies/H003/unique_01995
unique_01996,H003,NG,strategies/H003/unique_01996
unique_01997,H003,NG,strategies/H003/unique_01997
unique_01998,H003,NG,strategies/H003/unique_01998
unique_01999,H003,NG,strategies/H003/unique_01999
unique_02000,H003,NG,strategies/H003/unique_02000
unique_02001,H003,NG,strategies/H003/unique_02001
unique_02002,H003,NG,strategies/H003/unique_02002
unique_02003,H003,NG,strategies/H003/unique_02003
unique_02004,H003,NG,strategies/H003/unique_02004
unique_02005,H004,NG,strategies/H004/unique_02005
unique_02006,H004,NG,strategies/H004/unique_02006
unique_02007,H004,NG,strategies/H004/unique_02007
unique_02008,H004,NG,strategies/H004/unique_02008
unique_02009,H004,NG,strategies/H004/unique_02009
unique_02010,H004,NG,strategies/H004/unique_02010
unique_02011,H004,NG,strategies/H004/unique_02011
unique_02012,H004,NG,strategies/H004/unique_02012
unique_02013,H004,NG,strategies/H004/unique_02013
unique_02014,H004,NG,strategies/H004/unique_02014
unique_02015,H004,NG,strategies/H004/unique_02015
unique_02016,H004,NG,strategies/H004/unique_02016
unique_02017,H002,NKD,strategies/H002/unique_02017
unique_02018,H002,NKD,strategies/H002/unique_02018
unique_02019,H002,NKD,strategies/H002/unique_02019
unique_02020,H002,NKD,strategies/H002/unique_02020
unique_02021,H002,NKD,strategies/H002/unique_02021
unique_02022,H002,NKD,strategies/H002/unique_02022
unique_02023,H002,NKD,strategies/H002/unique_02023
unique_02024,H002,NKD,strategies/H002/unique_02024
unique_02025,H002,NKD,strategies/H002/unique_02025
unique_02026,H002,NKD,strategies/H002/unique_02026
unique_02027,H002,NKD,strategies/H002/unique_02027
unique_02028,H002,NKD,strategies/H002/unique_02028
unique_02029,H002,NKD,strategies/H002/unique_02029
unique_02030,H002,NKD,strategies/H002/unique_02030
unique_02031,H002,NKD,strategies/H002/unique_02031
unique_02032,H002,NKD,strategies/H002/unique_02032
unique_02033,H002,NKD,strategies/H002/unique_02033
unique_02034,H002,NKD,strategies/H002/unique_02034
unique_02035,H002,NKD,strategies/H002/unique_02035
unique_02036,H002,NKD,strategies/H002/unique_02036
unique_02037,H002,NKD,strategies/H002/unique_02037
unique_02038,H002,NKD,strategies/H002/unique_02038
unique_02039,H002,NKD,strategies/H002/unique_02039
unique_02040,H002,NKD,strategies/H002/unique_02040
unique_02041,H003,NKD,strategies/H003/unique_02041
unique_02042,H003,NKD,strategies/H003/unique_02042
unique_02043,H003,NKD,strategies/H003/unique_02043
unique_02044,H003,NKD,strategies/H003/unique_02044
unique_02045,H003,NKD,strategies/H003/unique_02045
unique_02046,H003,NKD,strategies/H003/unique_02046
unique_02047,H003,NKD,strategies/H003/unique_02047
unique_02048,H003,NKD,strategies/H003/unique_02048
unique_02049,H003,NKD,strategies/H003/unique_02049
unique_02050,H003,NKD,strategies/H003/unique_02050
unique_02051,H003,NKD,strategies/H003/unique_02051
unique_02052,H003,NKD,strategies/H003/unique_02052
unique_02053,H004,NKD,strategies/H004/unique_02053
unique_02054,H004,NKD,strategies/H004/unique_02054
unique_02055,H004,NKD,strategies/H004/unique_02055
unique_02056,H004,NKD,strategies/H004/unique_02056
unique_02057,H004,NKD,strategies/H004/unique_02057
unique_02058,H004,NKD,strategies/H004/unique_02058
unique_02059,H004,NKD,strategies/H004/unique_02059
unique_02060,H004,NKD,strategies/H004/unique_02060
unique_02061,H004,NKD,strategies/H004/unique_02061
unique_02062,H004,NKD,strategies/H004/unique_02062
unique_02063,H004,NKD,strategies/H004/unique_02063
unique_02064,H004,NKD,strategies/H004/unique_02064
unique_02065,H002,ZC,strategies/H002/unique_02065
unique_02066,H002,ZC,strategies/H002/unique_02066
unique_02067,H002,ZC,strategies/H002/unique_02067
unique_02068,H002,ZC,strategies/H002/unique_02068
unique_02069,H002,ZC,strategies/H002/unique_02069
unique_02070,H002,ZC,strategies/H002/unique_02070
unique_02071,H002,ZC,strategies/H002/unique_02071
unique_02072,H002,ZC,strategies/H002/unique_02072
unique_02073,H002,ZC,strategies/H002/unique_02073
unique_02074,H002,ZC,strategies/H002/unique_02074
unique_02075,H002,ZC,strategies/H002/unique_02075
unique_02076,H002,ZC,strategies/H002/unique_02076
unique_02077,H002,ZC,strategies/H002/unique_02077
unique_02078,H002,ZC,strategies/H002/unique_02078
unique_02079,H002,ZC,strategies/H002/unique_02079
unique_02080,H002,ZC,strategies/H002/unique_02080
unique_02081,H002,ZC,strategies/H002/unique_02081
unique_02082,H002,ZC,strategies/H002/unique_02082
unique_02083,H002,ZC,strategies/H002/unique_02083
unique_02084,H002,ZC,strategies/H002/unique_02084
unique_02085,H002,ZC,strategies/H002/unique_02085
unique_02086,H002,ZC,strategies/H002/unique_02086
unique_02087,H002,ZC,strategies/H002/unique_02087
unique_02088,H002,ZC,strategies/H002/unique_02088
unique_02089,H003,ZC,strategies/H003/unique_02089
unique_02090,H003,ZC,strategies/H003/unique_02090
unique_02091,H003,ZC,strategies/H003/unique_02091
unique_02092,H003,ZC,strategies/H003/unique_02092
unique_02093,H003,ZC,strategies/H003/unique_02093
unique_02094,H003,ZC,strategies/H003/unique_02094
unique_02095,H003,ZC,strategies/H003/unique_02095
unique_02096,H003,ZC,strategies/H003/unique_02096
unique_02097,H003,ZC,strategies/H003/unique_02097
unique_02098,H003,ZC,strategies/H003/unique_02098
unique_02099,H003,ZC,strategies/H003/unique_02099
unique_02100,H003,ZC,strategies/H003/unique_02100
unique_02101,H004,ZC,strategies/H004/unique_02101
unique_02102,H004,ZC,strategies/H004/unique_02102
unique_02103,H004,ZC,strategies/H004/unique_02103
unique_02104,H004,ZC,strategies/H004/unique_02104
unique_02105,H004,ZC,strategies/H004/unique_02105
unique_02106,H004,ZC,strategies/H004/unique_02106
unique_02107,H004,ZC,strategies/H004/unique_02107
unique_02108,H004,ZC,strategies/H004/unique_02108
unique_02109,H004,ZC,strategies/H004/unique_02109
unique_02110,H004,ZC,strategies/H004/unique_02110
unique_02111,H004,ZC,strategies/H004/unique_02111
unique_02112,H004,ZC,strategies/H004/unique_02112
unique_02113,H002,ZN,strategies/H002/unique_02113
unique_02114,H002,ZN,strategies/H002/unique_02114
unique_02115,H002,ZN,strategies/H002/unique_02115
unique_02116,H002,ZN,strategies/H002/unique_02116
unique_02117,H002,ZN,strategies/H002/unique_02117
unique_02118,H002,ZN,strategies/H002/unique_02118
unique_02119,H002,ZN,strategies/H002/unique_02119
unique_02120,H002,ZN,strategies/H002/unique_02120
unique_02121,H002,ZN,strategies/H002/unique_02121
unique_02122,H002,ZN,strategies/H002/unique_02122
unique_02123,H002,ZN,strategies/H002/unique_02123
unique_02124,H002,ZN,strategies/H002/unique_02124
unique_02125,H002,ZN,strategies/H002/unique_02125
unique_02126,H002,ZN,strategies/H002/unique_02126
unique_02127,H002,ZN,strategies/H002/unique_02127
unique_02128,H002,ZN,strategies/H002/unique_02128
unique_02129,H002,ZN,strategies/H002/unique_02129
unique_02130,H002,ZN,strategies/H002/unique_02130
unique_02131,H002,ZN,strategies/H002/unique_02131
unique_02132,H002,ZN,strategies/H002/unique_02132
unique_02133,H002,ZN,strategies/H002/unique_02133
unique_02134,H002,ZN,strategies/H002/unique_02134
unique_02135,H002,ZN,strategies/H002/unique_02135
unique_02136,H002,ZN,strategies/H002/unique_02136
unique_02137,H003,ZN,strategies/H003/unique_02137
unique_02138,H003,ZN,strategies/H003/unique_02138
unique_02139,H003,ZN,strategies/H003/unique_02139
unique_02140,H003,ZN,strategies/H003/unique_02140
unique_02141,H003,ZN,strategies/H003/unique_02141
unique_02142,H003,ZN,strategies/H003/unique_02142
unique_02143,H003,ZN,strategies/H003/unique_02143
unique_02144,H003,ZN,strategies/H003/unique_02144
unique_02145,H003,ZN,strategies/H003/unique_02145
unique_02146,H003,ZN,strategies/H003/unique_02146
unique_02147,H003,ZN,strategies/H003/unique_02147
unique_02148,H003,ZN,strategies/H003/unique_02148
unique_02149,H004,ZN,strategies/H004/unique_02149
unique_02150,H004,ZN,strategies/H004/unique_02150
unique_02151,H004,ZN,strategies/H004/unique_02151
unique_02152,H004,ZN,strategies/H004/unique_02152
unique_02153,H004,ZN,strategies/H004/unique_02153
unique_02154,H004,ZN,strategies/H004/unique_02154
unique_02155,H004,ZN,strategies/H004/unique_02155
unique_02156,H004,ZN,strategies/H004/unique_02156
unique_02157,H004,ZN,strategies/H004/unique_02157
unique_02158,H004,ZN,strategies/H004/unique_02158
unique_02159,H004,ZN,strategies/H004/unique_02159
unique_02160,H004,ZN,strategies/H004/unique_02160
unique_02161,H005,6E,strategies/H005/unique_02161
unique_02162,H005,6E,strategies/H005/unique_02162
unique_02163,H005,6E,strategies/H005/unique_02163
unique_02164,H005,6E,strategies/H005/unique_02164
unique_02165,H005,6J,strategies/H005/unique_02165
unique_02166,H005,6J,strategies/H005/unique_02166
unique_02167,H005,6J,strategies/H005/unique_02167
unique_02168,H005,6J,strategies/H005/unique_02168
unique_02169,H005,CL,strategies/H005/unique_02169
unique_02170,H005,CL,strategies/H005/unique_02170
unique_02171,H005,CL,strategies/H005/unique_02171
unique_02172,H005,CL,strategies/H005/unique_02172
unique_02173,H005,ES,strategies/H005/unique_02173
unique_02174,H005,ES,strategies/H005/unique_02174
unique_02175,H005,ES,strategies/H005/unique_02175
unique_02176,H005,ES,strategies/H005/unique_02176
unique_02177,H005,GC,strategies/H005/unique_02177
unique_02178,H005,GC,strategies/H005/unique_02178
unique_02179,H005,GC,strategies/H005/unique_02179
unique_02180,H005,GC,strategies/H005/unique_02180
unique_02181,H005,HG,strategies/H005/unique_02181
unique_02182,H005,HG,strategies/H005/unique_02182
unique_02183,H005,HG,strategies/H005/unique_02183
unique_02184,H005,HG,strategies/H005/unique_02184
unique_02185,H005,NG,strategies/H005/unique_02185
unique_02186,H005,NG,strategies/H005/unique_02186
unique_02187,H005,NG,strategies/H005/unique_02187
unique_02188,H005,NG,strategies/H005/unique_02188
unique_02189,H005,NKD,strategies/H005/unique_02189
unique_02190,H005,NKD,strategies/H005/unique_02190
unique_02191,H005,NKD,strategies/H005/unique_02191
unique_02192,H005,NKD,strategies/H005/unique_02192
unique_02193,H005,ZC,strategies/H005/unique_02193
unique_02194,H005,ZC,strategies/H005/unique_02194
unique_02195,H005,ZC,strategies/H005/unique_02195
unique_02196,H005,ZC,strategies/H005/unique_02196
unique_02197,H005,ZN,strategies/H005/unique_02197
unique_02198,H005,ZN,strategies/H005/unique_02198
unique_02199,H005,ZN,strategies/H005/unique_02199
unique_02200,H005,ZN,strategies/H005/unique_02200
unique_02201,H005,6E,strategies/H005/unique_02201
unique_02202,H005,6E,strategies/H005/unique_02202
unique_02203,H005,6E,strategies/H005/unique_02203
unique_02204,H005,6E,strategies/H005/unique_02204
unique_02205,H005,6J,strategies/H005/unique_02205
unique_02206,H005,6J,strategies/H005/unique_02206
unique_02207,H005,6J,strategies/H005/unique_02207
unique_02208,H005,6J,strategies/H005/unique_02208
unique_02209,H005,CL,strategies/H005/unique_02209
unique_02210,H005,CL,strategies/H005/unique_02210
unique_02211,H005,CL,strategies/H005/unique_02211
unique_02212,H005,CL,strategies/H005/unique_02212
unique_02213,H005,ES,strategies/H005/unique_02213
unique_02214,H005,ES,strategies/H005/unique_02214
unique_02215,H005,ES,strategies/H005/unique_02215
unique_02216,H005,ES,strategies/H005/unique_02216
unique_02217,H005,GC,strategies/H005/unique_02217
unique_02218,H005,GC,strategies/H005/unique_02218
unique_02219,H005,GC,strategies/H005/unique_02219
unique_02220,H005,GC,strategies/H005/unique_02220
unique_02221,H005,HG,strategies/H005/unique_02221
unique_02222,H005,HG,strategies/H005/unique_02222
unique_02223,H005,HG,strategies/H005/unique_02223
unique_02224,H005,HG,strategies/H005/unique_02224
unique_02225,H005,NG,strategies/H005/unique_02225
unique_02226,H005,NG,strategies/H005/unique_02226
unique_02227,H005,NG,strategies/H005/unique_02227
unique_02228,H005,NG,strategies/H005/unique_02228
unique_02229,H005,NKD,strategies/H005/unique_02229
unique_02230,H005,NKD,strategies/H005/unique_02230
unique_02231,H005,NKD,strategies/H005/unique_02231
unique_02232,H005,NKD,strategies/H005/unique_02232
unique_02233,H005,ZC,strategies/H005/unique_02233
unique_02234,H005,ZC,strategies/H005/unique_02234
unique_02235,H005,ZC,strategies/H005/unique_02235
unique_02236,H005,ZC,strategies/H005/unique_02236
unique_02237,H005,ZN,strategies/H005/unique_02237
unique_02238,H005,ZN,strategies/H005/unique_02238
unique_02239,H005,ZN,strategies/H005/unique_02239
unique_02240,H005,ZN,strategies/H005/unique_02240
unique_02241,H005,6E,strategies/H005/unique_02241
unique_02242,H005,6E,strategies/H005/unique_02242
unique_02243,H005,6E,strategies/H005/unique_02243
unique_02244,H005,6E,strategies/H005/unique_02244
unique_02245,H005,6J,strategies/H005/unique_02245
unique_02246,H005,6J,strategies/H005/unique_02246
unique_02247,H005,6J,strategies/H005/unique_02247
unique_02248,H005,6J,strategies/H005/unique_02248
unique_02249,H005,CL,strategies/H005/unique_02249
unique_02250,H005,CL,strategies/H005/unique_02250
unique_02251,H005,CL,strategies/H005/unique_02251
unique_02252,H005,CL,strategies/H005/unique_02252
unique_02253,H005,ES,strategies/H005/unique_02253
unique_02254,H005,ES,strategies/H005/unique_02254
unique_02255,H005,ES,strategies/H005/unique_02255
unique_02256,H005,ES,strategies/H005/unique_02256
unique_02257,H005,GC,strategies/H005/unique_02257
unique_02258,H005,GC,strategies/H005/unique_02258
unique_02259,H005,GC,strategies/H005/unique_02259
unique_02260,H005,GC,strategies/H005/unique_02260
unique_02261,H005,HG,strategies/H005/unique_02261
unique_02262,H005,HG,strategies/H005/unique_02262
unique_02263,H005,HG,strategies/H005/unique_02263
unique_02264,H005,HG,strategies/H005/unique_02264
unique_02265,H005,NG,strategies/H005/unique_02265
unique_02266,H005,NG,strategies/H005/unique_02266
unique_02267,H005,NG,strategies/H005/unique_02267
unique_02268,H005,NG,strategies/H005/unique_02268
unique_02269,H005,NKD,strategies/H005/unique_02269
unique_02270,H005,NKD,strategies/H005/unique_02270
unique_02271,H005,NKD,strategies/H005/unique_02271
unique_02272,H005,NKD,strategies/H005/unique_02272
unique_02273,H005,ZC,strategies/H005/unique_02273
unique_02274,H005,ZC,strategies/H005/unique_02274
unique_02275,H005,ZC,strategies/H005/unique_02275
unique_02276,H005,ZC,strategies/H005/unique_02276
unique_02277,H005,ZN,strategies/H005/unique_02277
unique_02278,H005,ZN,strategies/H005/unique_02278
unique_02279,H005,ZN,strategies/H005/unique_02279
unique_02280,H005,ZN,strategies/H005/unique_02280
unique_02281,H006,6E,strategies/H006/unique_02281
unique_02282,H006,6E,strategies/H006/unique_02282
unique_02283,H006,6E,strategies/H006/unique_02283
unique_02284,H006,6E,strategies/H006/unique_02284
unique_02285,H006,6J,strategies/H006/unique_02285
unique_02286,H006,6J,strategies/H006/unique_02286
unique_02287,H006,6J,strategies/H006/unique_02287
unique_02288,H006,6J,strategies/H006/unique_02288
unique_02289,H006,CL,strategies/H006/unique_02289
unique_02290,H006,CL,strategies/H006/unique_02290
unique_02291,H006,CL,strategies/H006/unique_02291
unique_02292,H006,CL,strategies/H006/unique_02292
unique_02293,H006,ES,strategies/H006/unique_02293
unique_02294,H006,ES,strategies/H006/unique_02294
unique_02295,H006,ES,strategies/H006/unique_02295
unique_02296,H006,ES,strategies/H006/unique_02296
unique_02297,H006,GC,strategies/H006/unique_02297
unique_02298,H006,GC,strategies/H006/unique_02298
unique_02299,H006,GC,strategies/H006/unique_02299
unique_02300,H006,GC,strategies/H006/unique_02300
unique_02301,H006,HG,strategies/H006/unique_02301
unique_02302,H006,HG,strategies/H006/unique_02302
unique_02303,H006,HG,strategies/H006/unique_02303
unique_02304,H006,HG,strategies/H006/unique_02304
unique_02305,H006,NG,strategies/H006/unique_02305
unique_02306,H006,NG,strategies/H006/unique_02306
unique_02307,H006,NG,strategies/H006/unique_02307
unique_02308,H006,NG,strategies/H006/unique_02308
unique_02309,H006,NKD,strategies/H006/unique_02309
unique_02310,H006,NKD,strategies/H006/unique_02310
unique_02311,H006,NKD,strategies/H006/unique_02311
unique_02312,H006,NKD,strategies/H006/unique_02312
unique_02313,H006,ZC,strategies/H006/unique_02313
unique_02314,H006,ZC,strategies/H006/unique_02314
unique_02315,H006,ZC,strategies/H006/unique_02315
unique_02316,H006,ZC,strategies/H006/unique_02316
unique_02317,H006,ZN,strategies/H006/unique_02317
unique_02318,H006,ZN,strategies/H006/unique_02318
unique_02319,H006,ZN,strategies/H006/unique_02319
unique_02320,H006,ZN,strategies/H006/unique_02320
unique_02321,H006,6E,strategies/H006/unique_02321
unique_02322,H006,6E,strategies/H006/unique_02322
unique_02323,H006,6E,strategies/H006/unique_02323
unique_02324,H006,6E,strategies/H006/unique_02324
unique_02325,H006,6J,strategies/H006/unique_02325
unique_02326,H006,6J,strategies/H006/unique_02326
unique_02327,H006,6J,strategies/H006/unique_02327
unique_02328,H006,6J,strategies/H006/unique_02328
unique_02329,H006,CL,strategies/H006/unique_02329
unique_02330,H006,CL,strategies/H006/unique_02330
unique_02331,H006,CL,strategies/H006/unique_02331
unique_02332,H006,CL,strategies/H006/unique_02332
unique_02333,H006,ES,strategies/H006/unique_02333
unique_02334,H006,ES,strategies/H006/unique_02334
unique_02335,H006,ES,strategies/H006/unique_02335
unique_02336,H006,ES,strategies/H006/unique_02336
unique_02337,H006,GC,strategies/H006/unique_02337
unique_02338,H006,GC,strategies/H006/unique_02338
unique_02339,H006,GC,strategies/H006/unique_02339
unique_02340,H006,GC,strategies/H006/unique_02340
unique_02341,H006,HG,strategies/H006/unique_02341
unique_02342,H006,HG,strategies/H006/unique_02342
unique_02343,H006,HG,strategies/H006/unique_02343
unique_02344,H006,HG,strategies/H006/unique_02344
unique_02345,H006,NG,strategies/H006/unique_02345
unique_02346,H006,NG,strategies/H006/unique_02346
unique_02347,H006,NG,strategies/H006/unique_02347
unique_02348,H006,NG,strategies/H006/unique_02348
unique_02349,H006,NKD,strategies/H006/unique_02349
unique_02350,H006,NKD,strategies/H006/unique_02350
unique_02351,H006,NKD,strategies/H006/unique_02351
unique_02352,H006,NKD,strategies/H006/unique_02352
unique_02353,H006,ZC,strategies/H006/unique_02353
unique_02354,H006,ZC,strategies/H006/unique_02354
unique_02355,H006,ZC,strategies/H006/unique_02355
unique_02356,H006,ZC,strategies/H006/unique_02356
unique_02357,H006,ZN,strategies/H006/unique_02357
unique_02358,H006,ZN,strategies/H006/unique_02358
unique_02359,H006,ZN,strategies/H006/unique_02359
unique_02360,H006,ZN,strategies/H006/unique_02360
unique_02361,H006,6E,strategies/H006/unique_02361
unique_02362,H006,6E,strategies/H006/unique_02362
unique_02363,H006,6E,strategies/H006/unique_02363
unique_02364,H006,6E,strategies/H006/unique_02364
unique_02365,H006,6J,strategies/H006/unique_02365
unique_02366,H006,6J,strategies/H006/unique_02366
unique_02367,H006,6J,strategies/H006/unique_02367
unique_02368,H006,6J,strategies/H006/unique_02368
unique_02369,H006,CL,strategies/H006/unique_02369
unique_02370,H006,CL,strategies/H006/unique_02370
unique_02371,H006,CL,strategies/H006/unique_02371
unique_02372,H006,CL,strategies/H006/unique_02372
unique_02373,H006,ES,strategies/H006/unique_02373
unique_02374,H006,ES,strategies/H006/unique_02374
unique_02375,H006,ES,strategies/H006/unique_02375
unique_02376,H006,ES,strategies/H006/unique_02376
unique_02377,H006,GC,strategies/H006/unique_02377
unique_02378,H006,GC,strategies/H006/unique_02378
unique_02379,H006,GC,strategies/H006/unique_02379
unique_02380,H006,GC,strategies/H006/unique_02380
unique_02381,H006,HG,strategies/H006/unique_02381
unique_02382,H006,HG,strategies/H006/unique_02382
unique_02383,H006,HG,strategies/H006/unique_02383
unique_02384,H006,HG,strategies/H006/unique_02384
unique_02385,H006,NG,strategies/H006/unique_02385
unique_02386,H006,NG,strategies/H006/unique_02386
unique_02387,H006,NG,strategies/H006/unique_02387
unique_02388,H006,NG,strategies/H006/unique_02388
unique_02389,H006,NKD,strategies/H006/unique_02389
unique_02390,H006,NKD,strategies/H006/unique_02390
unique_02391,H006,NKD,strategies/H006/unique_02391
unique_02392,H006,NKD,strategies/H006/unique_02392
unique_02393,H006,ZC,strategies/H006/unique_02393
unique_02394,H006,ZC,strategies/H006/unique_02394
unique_02395,H006,ZC,strategies/H006/unique_02395
unique_02396,H006,ZC,strategies/H006/unique_02396
unique_02397,H006,ZN,strategies/H006/unique_02397
unique_02398,H006,ZN,strategies/H006/unique_02398
unique_02399,H006,ZN,strategies/H006/unique_02399
unique_02400,H006,ZN,strategies/H006/unique_02400
unique_02401,H002,6E,strategies/H002/unique_02401
unique_02402,H002,6E,strategies/H002/unique_02402
unique_02403,H002,6E,strategies/H002/unique_02403
unique_02404,H002,6E,strategies/H002/unique_02404
unique_02405,H002,6E,strategies/H002/unique_02405
unique_02406,H002,6E,strategies/H002/unique_02406
unique_02407,H002,6E,strategies/H002/unique_02407
unique_02408,H002,6E,strategies/H002/unique_02408
unique_02409,H002,6E,strategies/H002/unique_02409
unique_02410,H002,6E,strategies/H002/unique_02410
unique_02411,H002,6E,strategies/H002/unique_02411
unique_02412,H002,6E,strategies/H002/unique_02412
unique_02413,H002,6E,strategies/H002/unique_02413
unique_02414,H002,6E,strategies/H002/unique_02414
unique_02415,H002,6E,strategies/H002/unique_02415
unique_02416,H002,6E,strategies/H002/unique_02416
unique_02417,H002,6E,strategies/H002/unique_02417
unique_02418,H002,6E,strategies/H002/unique_02418
unique_02419,H002,6E,strategies/H002/unique_02419
unique_02420,H002,6E,strategies/H002/unique_02420
unique_02421,H002,6E,strategies/H002/unique_02421
unique_02422,H002,6E,strategies/H002/unique_02422
unique_02423,H002,6E,strategies/H002/unique_02423
unique_02424,H002,6E,strategies/H002/unique_02424
unique_02425,H003,6E,strategies/H003/unique_02425
unique_02426,H003,6E,strategies/H003/unique_02426
unique_02427,H003,6E,strategies/H003/unique_02427
unique_02428,H003,6E,strategies/H003/unique_02428
unique_02429,H003,6E,strategies/H003/unique_02429
unique_02430,H003,6E,strategies/H003/unique_02430
unique_02431,H003,6E,strategies/H003/unique_02431
unique_02432,H003,6E,strategies/H003/unique_02432
unique_02433,H003,6E,strategies/H003/unique_02433
unique_02434,H003,6E,strategies/H003/unique_02434
unique_02435,H003,6E,strategies/H003/unique_02435
unique_02436,H003,6E,strategies/H003/unique_02436
unique_02437,H004,6E,strategies/H004/unique_02437
unique_02438,H004,6E,strategies/H004/unique_02438
unique_02439,H004,6E,strategies/H004/unique_02439
unique_02440,H004,6E,strategies/H004/unique_02440
unique_02441,H004,6E,strategies/H004/unique_02441
unique_02442,H004,6E,strategies/H004/unique_02442
unique_02443,H004,6E,strategies/H004/unique_02443
unique_02444,H004,6E,strategies/H004/unique_02444
unique_02445,H004,6E,strategies/H004/unique_02445
unique_02446,H004,6E,strategies/H004/unique_02446
unique_02447,H004,6E,strategies/H004/unique_02447
unique_02448,H004,6E,strategies/H004/unique_02448
unique_02449,H002,6J,strategies/H002/unique_02449
unique_02450,H002,6J,strategies/H002/unique_02450
unique_02451,H002,6J,strategies/H002/unique_02451
unique_02452,H002,6J,strategies/H002/unique_02452
unique_02453,H002,6J,strategies/H002/unique_02453
unique_02454,H002,6J,strategies/H002/unique_02454
unique_02455,H002,6J,strategies/H002/unique_02455
unique_02456,H002,6J,strategies/H002/unique_02456
unique_02457,H002,6J,strategies/H002/unique_02457
unique_02458,H002,6J,strategies/H002/unique_02458
unique_02459,H002,6J,strategies/H002/unique_02459
unique_02460,H002,6J,strategies/H002/unique_02460
unique_02461,H002,6J,strategies/H002/unique_02461
unique_02462,H002,6J,strategies/H002/unique_02462
unique_02463,H002,6J,strategies/H002/unique_02463
unique_02464,H002,6J,strategies/H002/unique_02464
unique_02465,H002,6J,strategies/H002/unique_02465
unique_02466,H002,6J,strategies/H002/unique_02466
unique_02467,H002,6J,strategies/H002/unique_02467
unique_02468,H002,6J,strategies/H002/unique_02468
unique_02469,H002,6J,strategies/H002/unique_02469
unique_02470,H002,6J,strategies/H002/unique_02470
unique_02471,H002,6J,strategies/H002/unique_02471
unique_02472,H002,6J,strategies/H002/unique_02472
unique_02473,H003,6J,strategies/H003/unique_02473
unique_02474,H003,6J,strategies/H003/unique_02474
unique_02475,H003,6J,strategies/H003/unique_02475
unique_02476,H003,6J,strategies/H003/unique_02476
unique_02477,H003,6J,strategies/H003/unique_02477
unique_02478,H003,6J,strategies/H003/unique_02478
unique_02479,H003,6J,strategies/H003/unique_02479
unique_02480,H003,6J,strategies/H003/unique_02480
unique_02481,H003,6J,strategies/H003/unique_02481
unique_02482,H003,6J,strategies/H003/unique_02482
unique_02483,H003,6J,strategies/H003/unique_02483
unique_02484,H003,6J,strategies/H003/unique_02484
unique_02485,H004,6J,strategies/H004/unique_02485
unique_02486,H004,6J,strategies/H004/unique_02486
unique_02487,H004,6J,strategies/H004/unique_02487
unique_02488,H004,6J,strategies/H004/unique_02488
unique_02489,H004,6J,strategies/H004/unique_02489
unique_02490,H004,6J,strategies/H004/unique_02490
unique_02491,H004,6J,strategies/H004/unique_02491
unique_02492,H004,6J,strategies/H004/unique_02492
unique_02493,H004,6J,strategies/H004/unique_02493
unique_02494,H004,6J,strategies/H004/unique_02494
unique_02495,H004,6J,strategies/H004/unique_02495
unique_02496,H004,6J,strategies/H004/unique_02496
unique_02497,H002,CL,strategies/H002/unique_02497
unique_02498,H002,CL,strategies/H002/unique_02498
unique_02499,H002,CL,strategies/H002/unique_02499
unique_02500,H002,CL,strategies/H002/unique_02500
unique_02501,H002,CL,strategies/H002/unique_02501
unique_02502,H002,CL,strategies/H002/unique_02502
unique_02503,H002,CL,strategies/H002/unique_02503
unique_02504,H002,CL,strategies/H002/unique_02504
unique_02505,H002,CL,strategies/H002/unique_02505
unique_02506,H002,CL,strategies/H002/unique_02506
unique_02507,H002,CL,strategies/H002/unique_02507
unique_02508,H002,CL,strategies/H002/unique_02508
unique_02509,H002,CL,strategies/H002/unique_02509
unique_02510,H002,CL,strategies/H002/unique_02510
unique_02511,H002,CL,strategies/H002/unique_02511
unique_02512,H002,CL,strategies/H002/unique_02512
unique_02513,H002,CL,strategies/H002/unique_02513
unique_02514,H002,CL,strategies/H002/unique_02514
unique_02515,H002,CL,strategies/H002/unique_02515
unique_02516,H002,CL,strategies/H002/unique_02516
unique_02517,H002,CL,strategies/H002/unique_02517
unique_02518,H002,CL,strategies/H002/unique_02518
unique_02519,H002,CL,strategies/H002/unique_02519
unique_02520,H002,CL,strategies/H002/unique_02520
unique_02521,H003,CL,strategies/H003/unique_02521
unique_02522,H003,CL,strategies/H003/unique_02522
unique_02523,H003,CL,strategies/H003/unique_02523
unique_02524,H003,CL,strategies/H003/unique_02524
unique_02525,H003,CL,strategies/H003/unique_02525
unique_02526,H003,CL,strategies/H003/unique_02526
unique_02527,H003,CL,strategies/H003/unique_02527
unique_02528,H003,CL,strategies/H003/unique_02528
unique_02529,H003,CL,strategies/H003/unique_02529
unique_02530,H003,CL,strategies/H003/unique_02530
unique_02531,H003,CL,strategies/H003/unique_02531
unique_02532,H003,CL,strategies/H003/unique_02532
unique_02533,H004,CL,strategies/H004/unique_02533
unique_02534,H004,CL,strategies/H004/unique_02534
unique_02535,H004,CL,strategies/H004/unique_02535
unique_02536,H004,CL,strategies/H004/unique_02536
unique_02537,H004,CL,strategies/H004/unique_02537
unique_02538,H004,CL,strategies/H004/unique_02538
unique_02539,H004,CL,strategies/H004/unique_02539
unique_02540,H004,CL,strategies/H004/unique_02540
unique_02541,H004,CL,strategies/H004/unique_02541
unique_02542,H004,CL,strategies/H004/unique_02542
unique_02543,H004,CL,strategies/H004/unique_02543
unique_02544,H004,CL,strategies/H004/unique_02544
unique_02545,H002,ES,strategies/H002/unique_02545
unique_02546,H002,ES,strategies/H002/unique_02546
unique_02547,H002,ES,strategies/H002/unique_02547
unique_02548,H002,ES,strategies/H002/unique_02548
unique_02549,H002,ES,strategies/H002/unique_02549
unique_02550,H002,ES,strategies/H002/unique_02550
unique_02551,H002,ES,strategies/H002/unique_02551
unique_02552,H002,ES,strategies/H002/unique_02552
unique_02553,H002,ES,strategies/H002/unique_02553
unique_02554,H002,ES,strategies/H002/unique_02554
unique_02555,H002,ES,strategies/H002/unique_02555
unique_02556,H002,ES,strategies/H002/unique_02556
unique_02557,H002,ES,strategies/H002/unique_02557
unique_02558,H002,ES,strategies/H002/unique_02558
unique_02559,H002,ES,strategies/H002/unique_02559
unique_02560,H002,ES,strategies/H002/unique_02560
unique_02561,H002,ES,strategies/H002/unique_02561
unique_02562,H002,ES,strategies/H002/unique_02562
unique_02563,H002,ES,strategies/H002/unique_02563
unique_02564,H002,ES,strategies/H002/unique_02564
unique_02565,H002,ES,strategies/H002/unique_02565
unique_02566,H002,ES,strategies/H002/unique_02566
unique_02567,H002,ES,strategies/H002/unique_02567
unique_02568,H002,ES,strategies/H002/unique_02568
unique_02569,H003,ES,strategies/H003/unique_02569
unique_02570,H003,ES,strategies/H003/unique_02570
unique_02571,H003,ES,strategies/H003/unique_02571
unique_02572,H003,ES,strategies/H003/unique_02572
unique_02573,H003,ES,strategies/H003/unique_02573
unique_02574,H003,ES,strategies/H003/unique_02574
unique_02575,H003,ES,strategies/H003/unique_02575
unique_02576,H003,ES,strategies/H003/unique_02576
unique_02577,H003,ES,strategies/H003/unique_02577
unique_02578,H003,ES,strategies/H003/unique_02578
unique_02579,H003,ES,strategies/H003/unique_02579
unique_02580,H003,ES,strategies/H003/unique_02580
unique_02581,H004,ES,strategies/H004/unique_02581
unique_02582,H004,ES,strategies/H004/unique_02582
unique_02583,H004,ES,strategies/H004/unique_02583
unique_02584,H004,ES,strategies/H004/unique_02584
unique_02585,H004,ES,strategies/H004/unique_02585
unique_02586,H004,ES,strategies/H004/unique_02586
unique_02587,H004,ES,strategies/H004/unique_02587
unique_02588,H004,ES,strategies/H004/unique_02588
unique_02589,H004,ES,strategies/H004/unique_02589
unique_02590,H004,ES,strategies/H004/unique_02590
unique_02591,H004,ES,strategies/H004/unique_02591
unique_02592,H004,ES,strategies/H004/unique_02592
unique_02593,H002,GC,strategies/H002/unique_02593
unique_02594,H002,GC,strategies/H002/unique_02594
unique_02595,H002,GC,strategies/H002/unique_02595
unique_02596,H002,GC,strategies/H002/unique_02596
unique_02597,H002,GC,strategies/H002/unique_02597
unique_02598,H002,GC,strategies/H002/unique_02598
unique_02599,H002,GC,strategies/H002/unique_02599
unique_02600,H002,GC,strategies/H002/unique_02600
unique_02601,H002,GC,strategies/H002/unique_02601
unique_02602,H002,GC,strategies/H002/unique_02602
unique_02603,H002,GC,strategies/H002/unique_02603
unique_02604,H002,GC,strategies/H002/unique_02604
unique_02605,H002,GC,strategies/H002/unique_02605
unique_02606,H002,GC,strategies/H002/unique_02606
unique_02607,H002,GC,strategies/H002/unique_02607
unique_02608,H002,GC,strategies/H002/unique_02608
unique_02609,H002,GC,strategies/H002/unique_02609
unique_02610,H002,GC,strategies/H002/unique_02610
unique_02611,H002,GC,strategies/H002/unique_02611
unique_02612,H002,GC,strategies/H002/unique_02612
unique_02613,H002,GC,strategies/H002/unique_02613
unique_02614,H002,GC,strategies/H002/unique_02614
unique_02615,H002,GC,strategies/H002/unique_02615
unique_02616,H002,GC,strategies/H002/unique_02616
unique_02617,H003,GC,strategies/H003/unique_02617
unique_02618,H003,GC,strategies/H003/unique_02618
unique_02619,H003,GC,strategies/H003/unique_02619
unique_02620,H003,GC,strategies/H003/unique_02620
unique_02621,H003,GC,strategies/H003/unique_02621
unique_02622,H003,GC,strategies/H003/unique_02622
unique_02623,H003,GC,strategies/H003/unique_02623
unique_02624,H003,GC,strategies/H003/unique_02624
unique_02625,H003,GC,strategies/H003/unique_02625
unique_02626,H003,GC,strategies/H003/unique_02626
unique_02627,H003,GC,strategies/H003/unique_02627
unique_02628,H003,GC,strategies/H003/unique_02628
unique_02629,H004,GC,strategies/H004/unique_02629
unique_02630,H004,GC,strategies/H004/unique_02630
unique_02631,H004,GC,strategies/H004/unique_02631
unique_02632,H004,GC,strategies/H004/unique_02632
unique_02633,H004,GC,strategies/H004/unique_02633
unique_02634,H004,GC,strategies/H004/unique_02634
unique_02635,H004,GC,strategies/H004/unique_02635
unique_02636,H004,GC,strategies/H004/unique_02636
unique_02637,H004,GC,strategies/H004/unique_02637
unique_02638,H004,GC,strategies/H004/unique_02638
unique_02639,H004,GC,strategies/H004/unique_02639
unique_02640,H004,GC,strategies/H004/unique_02640
unique_02641,H002,HG,strategies/H002/unique_02641
unique_02642,H002,HG,strategies/H002/unique_02642
unique_02643,H002,HG,strategies/H002/unique_02643
unique_02644,H002,HG,strategies/H002/unique_02644
unique_02645,H002,HG,strategies/H002/unique_02645
unique_02646,H002,HG,strategies/H002/unique_02646
unique_02647,H002,HG,strategies/H002/unique_02647
unique_02648,H002,HG,strategies/H002/unique_02648
unique_02649,H002,HG,strategies/H002/unique_02649
unique_02650,H002,HG,strategies/H002/unique_02650
unique_02651,H002,HG,strategies/H002/unique_02651
unique_02652,H002,HG,strategies/H002/unique_02652
unique_02653,H002,HG,strategies/H002/unique_02653
unique_02654,H002,HG,strategies/H002/unique_02654
unique_02655,H002,HG,strategies/H002/unique_02655
unique_02656,H002,HG,strategies/H002/unique_02656
unique_02657,H002,HG,strategies/H002/unique_02657
unique_02658,H002,HG,strategies/H002/unique_02658
unique_02659,H002,HG,strategies/H002/unique_02659
unique_02660,H002,HG,strategies/H002/unique_02660
unique_02661,H002,HG,strategies/H002/unique_02661
unique_02662,H002,HG,strategies/H002/unique_02662
unique_02663,H002,HG,strategies/H002/unique_02663
unique_02664,H002,HG,strategies/H002/unique_02664
unique_02665,H003,HG,strategies/H003/unique_02665
unique_02666,H003,HG,strategies/H003/unique_02666
unique_02667,H003,HG,strategies/H003/unique_02667
unique_02668,H003,HG,strategies/H003/unique_02668
unique_02669,H003,HG,strategies/H003/unique_02669
unique_02670,H003,HG,strategies/H003/unique_02670
unique_02671,H003,HG,strategies/H003/unique_02671
unique_02672,H003,HG,strategies/H003/unique_02672
unique_02673,H003,HG,strategies/H003/unique_02673
unique_02674,H003,HG,strategies/H003/unique_02674
unique_02675,H003,HG,strategies/H003/unique_02675
unique_02676,H003,HG,strategies/H003/unique_02676
unique_02677,H004,HG,strategies/H004/unique_02677
unique_02678,H004,HG,strategies/H004/unique_02678
unique_02679,H004,HG,strategies/H004/unique_02679
unique_02680,H004,HG,strategies/H004/unique_02680
unique_02681,H004,HG,strategies/H004/unique_02681
unique_02682,H004,HG,strategies/H004/unique_02682
unique_02683,H004,HG,strategies/H004/unique_02683
unique_02684,H004,HG,strategies/H004/unique_02684
unique_02685,H004,HG,strategies/H004/unique_02685
unique_02686,H004,HG,strategies/H004/unique_02686
unique_02687,H004,HG,strategies/H004/unique_02687
unique_02688,H004,HG,strategies/H004/unique_02688
unique_02689,H002,NG,strategies/H002/unique_02689
unique_02690,H002,NG,strategies/H002/unique_02690
unique_02691,H002,NG,strategies/H002/unique_02691
unique_02692,H002,NG,strategies/H002/unique_02692
unique_02693,H002,NG,strategies/H002/unique_02693
unique_02694,H002,NG,strategies/H002/unique_02694
unique_02695,H002,NG,strategies/H002/unique_02695
unique_02696,H002,NG,strategies/H002/unique_02696
unique_02697,H002,NG,strategies/H002/unique_02697
unique_02698,H002,NG,strategies/H002/unique_02698
unique_02699,H002,NG,strategies/H002/unique_02699
unique_02700,H002,NG,strategies/H002/unique_02700
unique_02701,H002,NG,strategies/H002/unique_02701
unique_02702,H002,NG,strategies/H002/unique_02702
unique_02703,H002,NG,strategies/H002/unique_02703
unique_02704,H002,NG,strategies/H002/unique_02704
unique_02705,H002,NG,strategies/H002/unique_02705
unique_02706,H002,NG,strategies/H002/unique_02706
unique_02707,H002,NG,strategies/H002/unique_02707
unique_02708,H002,NG,strategies/H002/unique_02708
unique_02709,H002,NG,strategies/H002/unique_02709
unique_02710,H002,NG,strategies/H002/unique_02710
unique_02711,H002,NG,strategies/H002/unique_02711
unique_02712,H002,NG,strategies/H002/unique_02712
unique_02713,H003,NG,strategies/H003/unique_02713
unique_02714,H003,NG,strategies/H003/unique_02714
unique_02715,H003,NG,strategies/H003/unique_02715
unique_02716,H003,NG,strategies/H003/unique_02716
unique_02717,H003,NG,strategies/H003/unique_02717
unique_02718,H003,NG,strategies/H003/unique_02718
unique_02719,H003,NG,strategies/H003/unique_02719
unique_02720,H003,NG,strategies/H003/unique_02720
unique_02721,H003,NG,strategies/H003/unique_02721
unique_02722,H003,NG,strategies/H003/unique_02722
unique_02723,H003,NG,strategies/H003/unique_02723
unique_02724,H003,NG,strategies/H003/unique_02724
unique_02725,H004,NG,strategies/H004/unique_02725
unique_02726,H004,NG,strategies/H004/unique_02726
unique_02727,H004,NG,strategies/H004/unique_02727
unique_02728,H004,NG,strategies/H004/unique_02728
unique_02729,H004,NG,strategies/H004/unique_02729
unique_02730,H004,NG,strategies/H004/unique_02730
unique_02731,H004,NG,strategies/H004/unique_02731
unique_02732,H004,NG,strategies/H004/unique_02732
unique_02733,H004,NG,strategies/H004/unique_02733
unique_02734,H004,NG,strategies/H004/unique_02734
unique_02735,H004,NG,strategies/H004/unique_02735
unique_02736,H004,NG,strategies/H004/unique_02736
unique_02737,H002,NKD,strategies/H002/unique_02737
unique_02738,H002,NKD,strategies/H002/unique_02738
unique_02739,H002,NKD,strategies/H002/unique_02739
unique_02740,H002,NKD,strategies/H002/unique_02740
unique_02741,H002,NKD,strategies/H002/unique_02741
unique_02742,H002,NKD,strategies/H002/unique_02742
unique_02743,H002,NKD,strategies/H002/unique_02743
unique_02744,H002,NKD,strategies/H002/unique_02744
unique_02745,H002,NKD,strategies/H002/unique_02745
unique_02746,H002,NKD,strategies/H002/unique_02746
unique_02747,H002,NKD,strategies/H002/unique_02747
unique_02748,H002,NKD,strategies/H002/unique_02748
unique_02749,H002,NKD,strategies/H002/unique_02749
unique_02750,H002,NKD,strategies/H002/unique_02750
unique_02751,H002,NKD,strategies/H002/unique_02751
unique_02752,H002,NKD,strategies/H002/unique_02752
unique_02753,H002,NKD,strategies/H002/unique_02753
unique_02754,H002,NKD,strategies/H002/unique_02754
unique_02755,H002,NKD,strategies/H002/unique_02755
unique_02756,H002,NKD,strategies/H002/unique_02756
unique_02757,H002,NKD,strategies/H002/unique_02757
unique_02758,H002,NKD,strategies/H002/unique_02758
unique_02759,H002,NKD,strategies/H002/unique_02759
unique_02760,H002,NKD,strategies/H002/unique_02760
unique_02761,H003,NKD,strategies/H003/unique_02761
unique_02762,H003,NKD,strategies/H003/unique_02762
unique_02763,H003,NKD,strategies/H003/unique_02763
unique_02764,H003,NKD,strategies/H003/unique_02764
unique_02765,H003,NKD,strategies/H003/unique_02765
unique_02766,H003,NKD,strategies/H003/unique_02766
unique_02767,H003,NKD,strategies/H003/unique_02767
unique_02768,H003,NKD,strategies/H003/unique_02768
unique_02769,H003,NKD,strategies/H003/unique_02769
unique_02770,H003,NKD,strategies/H003/unique_02770
unique_02771,H003,NKD,strategies/H003/unique_02771
unique_02772,H003,NKD,strategies/H003/unique_02772
unique_02773,H004,NKD,strategies/H004/unique_02773
unique_02774,H004,NKD,strategies/H004/unique_02774
unique_02775,H004,NKD,strategies/H004/unique_02775
unique_02776,H004,NKD,strategies/H004/unique_02776
unique_02777,H004,NKD,strategies/H004/unique_02777
unique_02778,H004,NKD,strategies/H004/unique_02778
unique_02779,H004,NKD,strategies/H004/unique_02779
unique_02780,H004,NKD,strategies/H004/unique_02780
unique_02781,H004,NKD,strategies/H004/unique_02781
unique_02782,H004,NKD,strategies/H004/unique_02782
unique_02783,H004,NKD,strategies/H004/unique_02783
unique_02784,H004,NKD,strategies/H004/unique_02784
unique_02785,H002,ZC,strategies/H002/unique_02785
unique_02786,H002,ZC,strategies/H002/unique_02786
unique_02787,H002,ZC,strategies/H002/unique_02787
unique_02788,H002,ZC,strategies/H002/unique_02788
unique_02789,H002,ZC,strategies/H002/unique_02789
unique_02790,H002,ZC,strategies/H002/unique_02790
unique_02791,H002,ZC,strategies/H002/unique_02791
unique_02792,H002,ZC,strategies/H002/unique_02792
unique_02793,H002,ZC,strategies/H002/unique_02793
unique_02794,H002,ZC,strategies/H002/unique_02794
unique_02795,H002,ZC,strategies/H002/unique_02795
unique_02796,H002,ZC,strategies/H002/unique_02796
unique_02797,H002,ZC,strategies/H002/unique_02797
unique_02798,H002,ZC,strategies/H002/unique_02798
unique_02799,H002,ZC,strategies/H002/unique_02799
unique_02800,H002,ZC,strategies/H002/unique_02800
unique_02801,H002,ZC,strategies/H002/unique_02801
unique_02802,H002,ZC,strategies/H002/unique_02802
unique_02803,H002,ZC,strategies/H002/unique_02803
unique_02804,H002,ZC,strategies/H002/unique_02804
unique_02805,H002,ZC,strategies/H002/unique_02805
unique_02806,H002,ZC,strategies/H002/unique_02806
unique_02807,H002,ZC,strategies/H002/unique_02807
unique_02808,H002,ZC,strategies/H002/unique_02808
unique_02809,H003,ZC,strategies/H003/unique_02809
unique_02810,H003,ZC,strategies/H003/unique_02810
unique_02811,H003,ZC,strategies/H003/unique_02811
unique_02812,H003,ZC,strategies/H003/unique_02812
unique_02813,H003,ZC,strategies/H003/unique_02813
unique_02814,H003,ZC,strategies/H003/unique_02814
unique_02815,H003,ZC,strategies/H003/unique_02815
unique_02816,H003,ZC,strategies/H003/unique_02816
unique_02817,H003,ZC,strategies/H003/unique_02817
unique_02818,H003,ZC,strategies/H003/unique_02818
unique_02819,H003,ZC,strategies/H003/unique_02819
unique_02820,H003,ZC,strategies/H003/unique_02820
unique_02821,H004,ZC,strategies/H004/unique_02821
unique_02822,H004,ZC,strategies/H004/unique_02822
unique_02823,H004,ZC,strategies/H004/unique_02823
unique_02824,H004,ZC,strategies/H004/unique_02824
unique_02825,H004,ZC,strategies/H004/unique_02825
unique_02826,H004,ZC,strategies/H004/unique_02826
unique_02827,H004,ZC,strategies/H004/unique_02827
unique_02828,H004,ZC,strategies/H004/unique_02828
unique_02829,H004,ZC,strategies/H004/unique_02829
unique_02830,H004,ZC,strategies/H004/unique_02830
unique_02831,H004,ZC,strategies/H004/unique_02831
unique_02832,H004,ZC,strategies/H004/unique_02832
unique_02833,H002,ZN,strategies/H002/unique_02833
unique_02834,H002,ZN,strategies/H002/unique_02834
unique_02835,H002,ZN,strategies/H002/unique_02835
unique_02836,H002,ZN,strategies/H002/unique_02836
unique_02837,H002,ZN,strategies/H002/unique_02837
unique_02838,H002,ZN,strategies/H002/unique_02838
unique_02839,H002,ZN,strategies/H002/unique_02839
unique_02840,H002,ZN,strategies/H002/unique_02840
unique_02841,H002,ZN,strategies/H002/unique_02841
unique_02842,H002,ZN,strategies/H002/unique_02842
unique_02843,H002,ZN,strategies/H002/unique_02843
unique_02844,H002,ZN,strategies/H002/unique_02844
unique_02845,H002,ZN,strategies/H002/unique_02845
unique_02846,H002,ZN,strategies/H002/unique_02846
unique_02847,H002,ZN,strategies/H002/unique_02847
unique_02848,H002,ZN,strategies/H002/unique_02848
unique_02849,H002,ZN,strategies/H002/unique_02849
unique_02850,H002,ZN,strategies/H002/unique_02850
unique_02851,H002,ZN,strategies/H002/unique_02851
unique_02852,H002,ZN,strategies/H002/unique_02852
unique_02853,H002,ZN,strategies/H002/unique_02853
unique_02854,H002,ZN,strategies/H002/unique_02854
unique_02855,H002,ZN,strategies/H002/unique_02855
unique_02856,H002,ZN,strategies/H002/unique_02856
unique_02857,H003,ZN,strategies/H003/unique_02857
unique_02858,H003,ZN,strategies/H003/unique_02858
unique_02859,H003,ZN,strategies/H003/unique_02859
unique_02860,H003,ZN,strategies/H003/unique_02860
unique_02861,H003,ZN,strategies/H003/unique_02861
unique_02862,H003,ZN,strategies/H003/unique_02862
unique_02863,H003,ZN,strategies/H003/unique_02863
unique_02864,H003,ZN,strategies/H003/unique_02864
unique_02865,H003,ZN,strategies/H003/unique_02865
unique_02866,H003,ZN,strategies/H003/unique_02866
unique_02867,H003,ZN,strategies/H003/unique_02867
unique_02868,H003,ZN,strategies/H003/unique_02868
unique_02869,H004,ZN,strategies/H004/unique_02869
unique_02870,H004,ZN,strategies/H004/unique_02870
unique_02871,H004,ZN,strategies/H004/unique_02871
unique_02872,H004,ZN,strategies/H004/unique_02872
unique_02873,H004,ZN,strategies/H004/unique_02873
unique_02874,H004,ZN,strategies/H004/unique_02874
unique_02875,H004,ZN,strategies/H004/unique_02875
unique_02876,H004,ZN,strategies/H004/unique_02876
unique_02877,H004,ZN,strategies/H004/unique_02877
unique_02878,H004,ZN,strategies/H004/unique_02878
unique_02879,H004,ZN,strategies/H004/unique_02879
unique_02880,H004,ZN,strategies/H004/unique_02880
